frequency_hz,s1_real,s1_imag,s2_real,s2_imag
1.000000000000000000e+06,-7.003110394772621428e-02,5.379056026739548435e-05,9.954745951898855694e-01,-2.232390432798622790e-03
5.999000000000000000e+06,-7.003117705362651990e-02,3.227118573827442768e-04,9.953891717564576913e-01,-1.339176711615359082e-02
1.099800000000000000e+07,-7.003135207503542736e-02,5.917286224569897300e-04,9.951817276286152314e-01,-2.454967347350090270e-02
1.599700000000000000e+07,-7.003162272618422557e-02,8.609202450873986627e-04,9.948522773291856858e-01,-3.570488417640006740e-02
2.099600000000000000e+07,-7.003197903218937037e-02,1.130365824948196922e-03,9.944008439365019658e-01,-4.685617372446891638e-02
2.599500000000000000e+07,-7.003240734038422566e-02,1.400144040367289240e-03,9.938274591019339299e-01,-5.800231636795449147e-02
3.099400000000000000e+07,-7.003289033582474343e-02,1.670333017300028788e-03,9.931321630738696449e-01,-6.914208603110816309e-02
3.599300000000000000e+07,-7.003340706096826407e-02,1.941010198823671894e-03,9.923150047281349417e-01,-8.027425623661496590e-02
4.099200000000000000e+07,-7.003393293950539722e-02,2.212252215275553081e-03,9.913760416047900925e-01,-9.139760003132577082e-02
4.599100000000000000e+07,-7.003443980432350058e-02,2.484134755158312873e-03,9.903153399512710786e-01,-1.025108899135397655e-01
5.099000000000000000e+07,-7.003489592958218879e-02,2.756732436933756122e-03,9.891329747718101695e-01,-1.136128977620824154e-01
5.598900000000000000e+07,-7.003526606687351941e-02,3.030118681827630427e-03,9.878290298830764149e-01,-1.247023947674225225e-01
6.098800000000000000e+07,-7.003551148543564475e-02,3.304365587766143995e-03,9.864035979759546713e-01,-1.357781513650708205e-01
6.598700000000000000e+07,-7.003559001639066139e-02,3.579543804563978075e-03,9.848567806833954386e-01,-1.468389371714962643e-01
7.098600000000000000e+07,-7.003545610096538476e-02,3.855722410484034145e-03,9.831886886542301474e-01,-1.578835209227987812e-01
7.598500000000000000e+07,-7.003506084266145071e-02,4.132968790286318042e-03,9.813994416328716275e-01,-1.689106704163692296e-01
8.098400000000000000e+07,-7.003435206332551954e-02,4.411348514883704948e-03,9.794891685447750795e-01,-1.799191524557679223e-01
8.598300000000000000e+07,-7.003327436307997533e-02,4.690925222721159527e-03,9.774580075875675123e-01,-1.909077327990450768e-01
9.098200000000000000e+07,-7.003176918405652762e-02,4.971760502992944586e-03,9.753061063277099763e-01,-2.018751761107291376e-01
9.598100000000000000e+07,-7.002977487789172062e-02,5.253913780811308651e-03,9.730336218025713579e-01,-2.128202459176970762e-01
1.009800000000000000e+08,-7.002722677691487763e-02,5.537442204440030935e-03,9.706407206277785082e-01,-2.237417045691434125e-01
1.059790000000000000e+08,-7.002405726898221217e-02,5.822400534702260044e-03,9.681275791096953798e-01,-2.346383132008543204e-01
1.109780000000000000e+08,-7.002019587588376170e-02,6.108841036673800552e-03,9.654943833628923944e-01,-2.455088317039955392e-01
1.159770000000000000e+08,-7.001556933526983939e-02,6.396813373767204144e-03,9.627413294324353998e-01,-2.563520186986077976e-01
1.209760000000000000e+08,-7.001010168601669303e-02,6.686364504315558260e-03,9.598686234208447798e-01,-2.671666315120095336e-01
1.259750000000000000e+08,-7.000371435696940703e-02,6.977538580757121356e-03,9.568764816195464151e-01,-2.779514261622915705e-01
1.309740000000000000e+08,-6.999632625898177807e-02,7.270376851526508429e-03,9.537651306446430777e-01,-2.887051573470878485e-01
1.359730000000000000e+08,-6.998785388018208264e-02,7.564917565749468970e-03,9.505348075768234040e-01,-2.994265784378023487e-01
1.409720000000000000e+08,-6.997821138437566868e-02,7.861195880842698769e-03,9.471857601052176001e-01,-3.101144414794579363e-01
1.459710000000000000e+08,-6.996731071251297007e-02,8.159243773112384926e-03,9.437182466750145826e-01,-3.207674971963371258e-01
1.509700000000000000e+08,-6.995506168712557760e-02,8.459089951447949438e-03,9.401325366386285021e-01,-3.313844950035704229e-01
1.559690000000000000e+08,-6.994137211965258116e-02,8.760759774200762434e-03,9.364289104102245798e-01,-3.419641830248257297e-01
1.609680000000000000e+08,-6.992614792055497352e-02,9.064275169339221574e-03,9.326076596233836558e-01,-3.525053081162408675e-01
1.659670000000000000e+08,-6.990929321213698588e-02,9.369654557965553798e-03,9.286690872916951722e-01,-3.630066158967443224e-01
1.709660000000000000e+08,-6.989071044396456822e-02,9.676912781280569073e-03,9.246135079720634309e-01,-3.734668507848864505e-01
1.759650000000000000e+08,-6.987030051079373694e-02,9.986061031076904140e-03,9.204412479304937555e-01,-3.838847560423115923e-01
1.809640000000000000e+08,-6.984796287289958550e-02,1.029710678384146254e-02,9.161526453101432876e-01,-3.942590738239870052e-01
1.859630000000000000e+08,-6.982359567870571881e-02,1.061005373854311505e-02,9.117480503013942750e-01,-4.045885452352938616e-01
1.909620000000000000e+08,-6.979709588960668343e-02,1.092490175817961706e-02,9.072278253137215920e-01,-4.148719103960867849e-01
1.959610000000000000e+08,-6.976835940687663162e-02,1.124164681515447094e-02,9.025923451491117966e-01,-4.251079085118136258e-01
2.009600000000000000e+08,-6.973728120055071311e-02,1.156028094055370353e-02,8.978419971767930274e-01,-4.352952779517784698e-01
2.059590000000000000e+08,-6.970375544016926828e-02,1.188079217738425945e-02,8.929771815090350451e-01,-4.454327563346352492e-01
2.109580000000000000e+08,-6.966767562726837448e-02,1.220316453783978905e-02,8.879983111777630667e-01,-4.555190806211691923e-01
2.159570000000000000e+08,-6.962893472950039409e-02,1.252737796465091223e-02,8.829058123117466961e-01,-4.655529872144416603e-01
2.209560000000000000e+08,-6.958742531626493921e-02,1.285340829657573465e-02,8.777001243141007158e-01,-4.755332120673406160e-01
2.259550000000000000e+08,-6.954303969573268074e-02,1.318122723808376300e-02,8.723817000398541577e-01,-4.854584907975919572e-01
2.309540000000000000e+08,-6.949567005313543600e-02,1.351080233328234848e-02,8.669510059733243068e-01,-4.953275588102636351e-01
2.359530000000000000e+08,-6.944520859020032744e-02,1.384209694413157492e-02,8.614085224050458400e-01,-5.051391514277950856e-01
2.409520000000000000e+08,-6.939154766560520771e-02,1.417507023299004361e-02,8.557547436079900871e-01,-5.148920040275691834e-01
2.459510000000000000e+08,-6.933457993632297089e-02,1.450967714953044045e-02,8.499901780128208406e-01,-5.245848521870465353e-01
2.509500000000000000e+08,-6.927419849973140420e-02,1.484586842206058778e-02,8.441153483819257008e-01,-5.342164318364576170e-01
2.559490000000000000e+08,-6.921029703635518671e-02,1.518359055328250169e-02,8.381307919819656060e-01,-5.437854794190578600e-01
2.609480000000000000e+08,-6.914276995311001428e-02,1.552278582051601526e-02,8.320370607546780928e-01,-5.532907320589255384e-01
2.659470000000000000e+08,-6.907151252691939858e-02,1.586339228041409866e-02,8.258347214856801566e-01,-5.627309277362883000e-01
2.709460000000000000e+08,-6.899642104856523739e-02,1.620534377818898600e-02,8.195243559710102543e-01,-5.721048054703454788e-01
2.759450000000000000e+08,-6.891739296664516068e-02,1.654856996136630856e-02,8.131065611811481020e-01,-5.814111055095514402e-01
2.809440000000000000e+08,-6.883432703149421072e-02,1.689299629808245842e-02,8.065819494222642438e-01,-5.906485695293139937e-01
2.859430000000000000e+08,-6.874712343894293087e-02,1.723854409993226880e-02,7.999511484944304973e-01,-5.998159408370529189e-01
2.909420000000000000e+08,-6.865568397376872745e-02,1.758513054937535514e-02,7.932148018465513539e-01,-6.089119645845608719e-01
2.959410000000000000e+08,-6.855991215270784700e-02,1.793266873169997028e-02,7.863735687277511044e-01,-6.179353879875917332e-01
3.009400000000000000e+08,-6.845971336688924658e-02,1.828106767154632356e-02,7.794281243349775457e-01,-6.268849605526052304e-01
3.059390000000000000e+08,-6.835499502355447954e-02,1.863023237397844548e-02,7.723791599565646981e-01,-6.357594343105760215e-01
3.109380000000000000e+08,-6.824566668692086391e-02,1.898006387009954637e-02,7.652273831115159464e-01,-6.445575640577775323e-01
3.159370000000000000e+08,-6.813164021805796777e-02,1.933045926719223137e-02,7.579735176842606892e-01,-6.532781076034388512e-01
3.209360000000000000e+08,-6.801282991363251373e-02,1.968131180337066508e-02,7.506183040546492435e-01,-6.619198260241677678e-01
3.259350000000000000e+08,-6.788915264338672706e-02,2.003251090671775633e-02,7.431624992229384219e-01,-6.704814839250153868e-01
3.309340000000000000e+08,-6.776052798621523543e-02,2.038394225888441602e-02,7.356068769295542875e-01,-6.789618497070756264e-01
3.359330000000000000e+08,-6.762687836469737090e-02,2.073548786312071415e-02,7.279522277693808441e-01,-6.873596958414672775e-01
3.409320000000000000e+08,-6.748812917795349309e-02,2.108702611670312463e-02,7.201993593003639393e-01,-6.956737991495781648e-01
3.459310000000000000e+08,-6.734420893268770747e-02,2.143843188772143540e-02,7.123490961462022319e-01,-7.039029410894178662e-01
3.509300000000000000e+08,-6.719504937228035213e-02,2.178957659618255618e-02,7.044022800929112815e-01,-7.120459080479271119e-01
3.559290000000000000e+08,-6.704058560379713705e-02,2.214032829938447980e-02,6.963597701790459338e-01,-7.201014916390904297e-01
3.609280000000000000e+08,-6.688075622277987742e-02,2.249055178151176948e-02,6.882224427793718347e-01,-7.280684890076769555e-01
3.659270000000000000e+08,-6.671550343568892483e-02,2.284010864739571128e-02,6.799911916817868995e-01,-7.359457031384500914e-01
3.709260000000000000e+08,-6.654477317986154383e-02,2.318885742038446357e-02,6.716669281572913430e-01,-7.437319431706567174e-01
3.759250000000000000e+08,-6.636851524086090359e-02,2.353665364425637854e-02,6.632505810228123133e-01,-7.514260247176174357e-01
3.809240000000000000e+08,-6.618668336708234679e-02,2.388334998911482987e-02,6.547430966967012766e-01,-7.590267701912287723e-01
3.859230000000000000e+08,-6.599923538149339575e-02,2.422879636119237151e-02,6.461454392467150809e-01,-7.665330091311753913e-01
3.909220000000000000e+08,-6.580613329037994508e-02,2.457284001648807684e-02,6.374585904303089468e-01,-7.739435785386580280e-01
3.959210000000000000e+08,-6.560734338897313001e-02,2.491532567816562294e-02,6.286835497270686357e-01,-7.812573232144249813e-01
4.009200000000000000e+08,-6.540283636384108812e-02,2.525609565762277839e-02,6.198213343631221450e-01,-7.884730961008967753e-01
4.059190000000000000e+08,-6.519258739191549634e-02,2.559498997915522073e-02,6.108729793273618425e-01,-7.955897586281657219e-01
4.109180000000000000e+08,-6.497657623604574662e-02,2.593184650811690764e-02,6.018395373793413716e-01,-8.026061810636516691e-01
4.159170000000000000e+08,-6.475478733695635980e-02,2.626650108249060922e-02,5.927220790486850133e-01,-8.095212428651805681e-01
4.209160000000000000e+08,-6.452720990149996005e-02,2.659878764776761606e-02,5.835216926258811609e-01,-8.163338330372604812e-01
4.259150000000000000e+08,-6.429383798709038811e-02,2.692853839503854541e-02,5.742394841443260178e-01,-8.230428504903185560e-01
4.309140000000000000e+08,-6.405467058221205046e-02,2.725558390218896232e-02,5.648765773534875079e-01,-8.296472044026541592e-01
4.359130000000000000e+08,-6.380971168289401030e-02,2.757975327809565960e-02,5.554341136830758252e-01,-8.361458145848716939e-01
4.409120000000000000e+08,-6.355897036505279984e-02,2.790087430970919144e-02,5.459132521981027164e-01,-8.425376118465384145e-01
4.459110000000000000e+08,-6.330246085259660926e-02,2.821877361190988989e-02,5.363151695447337941e-01,-8.488215383648251011e-01
4.509100000000000000e+08,-6.304020258119837072e-02,2.853327678001959036e-02,5.266410598868278559e-01,-8.549965480548668006e-01
4.559090000000000000e+08,-6.277222025764289670e-02,2.884420854484890523e-02,5.168921348330719479e-01,-8.610616069415910623e-01
4.609080000000000000e+08,-6.249854391465569509e-02,2.915139293015412553e-02,5.070696233546427845e-01,-8.670156935327530956e-01
4.659070000000000000e+08,-6.221920896112565630e-02,2.945465341237679321e-02,4.971747716932957140e-01,-8.728577991929135083e-01
4.709060000000000000e+08,-6.193425622764130167e-02,2.975381308253887552e-02,4.872088432598364882e-01,-8.785869285180964994e-01
4.759050000000000000e+08,-6.164373200725471041e-02,3.004869481015540189e-02,4.771731185228973438e-01,-8.842020997108550606e-01
4.809040000000000000e+08,-6.134768809139756057e-02,3.033912140903183285e-02,4.670688948879730962e-01,-8.897023449554816166e-01
4.859030000000000000e+08,-6.104618180088017265e-02,3.062491580480664055e-02,4.568974865666662333e-01,-8.950867107930845501e-01
4.909020000000000000e+08,-6.073927601189648556e-02,3.090590120409764802e-02,4.466602244361074781e-01,-9.003542584962624939e-01
4.959010000000000000e+08,-6.042703917697519328e-02,3.118190126510771501e-02,4.363584558885159614e-01,-9.055040644431010533e-01
5.009000000000000000e+08,-6.010954534081298234e-02,3.145274026954341523e-02,4.259935446708794093e-01,-9.105352204902129598e-01
5.058990000000000000e+08,-5.978687415093195817e-02,3.171824329569790379e-02,4.155668707147361918e-01,-9.154468343445477663e-01
5.108980000000000000e+08,-5.945911086310791405e-02,3.197823639254696731e-02,4.050798299560535720e-01,-9.202380299336946345e-01
5.158970000000000000e+08,-5.912634634152175162e-02,3.223254675470575009e-02,3.945338341452017117e-01,-9.249079477743923361e-01
5.208960000000000000e+08,-5.878867705358460649e-02,3.248100289808736330e-02,3.839303106470273730e-01,-9.294557453389772350e-01
5.258950000000000000e+08,-5.844620505940267829e-02,3.272343483611133558e-02,3.732707022310493006e-01,-9.338805974194815951e-01
5.308940000000000000e+08,-5.809903799583857054e-02,3.295967425629899028e-02,3.625564668517922695e-01,-9.381816964891094290e-01
5.358930000000000000e+08,-5.774728905514361910e-02,3.318955469709527345e-02,3.517890774192903858e-01,-9.423582530608038965e-01
5.408920000000000000e+08,-5.739107695812819404e-02,3.341291172475668175e-02,3.409700215598066020e-01,-9.464094960426340242e-01
5.458910000000000000e+08,-5.703052592185461900e-02,3.362958311013980461e-02,3.301008013668003671e-01,-9.503346730897176409e-01
5.508900000000000000e+08,-5.666576562182854687e-02,3.383940900522482143e-02,3.191829331422103566e-01,-9.541330509524047487e-01
5.558890000000000000e+08,-5.629693114867832110e-02,3.404223211920986980e-02,3.082179471281059069e-01,-9.578039158204428860e-01
5.608880000000000000e+08,-5.592416295931816606e-02,3.423789789400729505e-02,2.972073872287780416e-01,-9.613465736628520331e-01
5.658870000000000000e+08,-5.554760682258411825e-02,3.442625467897170166e-02,2.861528107233496376e-01,-9.647603505632288412e-01
5.708860000000000000e+08,-5.516741375935323849e-02,3.460715390469535496e-02,2.750557879689825569e-01,-9.680445930502149521e-01
5.758850000000000000e+08,-5.478373997714515442e-02,3.478045025569598270e-02,2.639179020947808874e-01,-9.711986684228491873e-01
5.808840000000000000e+08,-5.439674679922621575e-02,3.494600184183095648e-02,2.527407486864852171e-01,-9.742219650705397083e-01
5.858830000000000000e+08,-5.400660058822445708e-02,3.510367036826320813e-02,2.415259354620638843e-01,-9.771138927873866953e-01
5.908820000000000000e+08,-5.361347266428492103e-02,3.525332130381201440e-02,2.302750819383201919e-01,-9.798738830805923117e-01
5.958810000000000000e+08,-5.321753921778847596e-02,3.539482404751358863e-02,2.189898190886330753e-01,-9.825013894726885022e-01
6.008800000000000000e+08,-5.281898121666790680e-02,3.552805209322378033e-02,2.076717889919605931e-01,-9.849958877973300497e-01
6.058790000000000000e+08,-5.241798430836028949e-02,3.565288319209070772e-02,1.963226444732464882e-01,-9.873568764883886573e-01
6.108780000000000000e+08,-5.201473871643569336e-02,3.576919951272641840e-02,1.849440487353675722e-01,-9.895838768620983661e-01
6.158770000000000000e+08,-5.160943913195437799e-02,3.587688779890936541e-02,1.735376749827776677e-01,-9.916764333919939611e-01
6.208760000000000000e+08,-5.120228459960265294e-02,3.597583952464728646e-02,1.621052060370047065e-01,-9.936341139764003350e-01
6.258750000000000000e+08,-5.079347839866744929e-02,3.606595104643191968e-02,1.506483339441648250e-01,-9.954565101982237874e-01
6.308740000000000000e+08,-5.038322791891606395e-02,3.614712375252060461e-02,1.391687595746675943e-01,-9.971432375768040091e-01
6.358730000000000000e+08,-4.997174453144714174e-02,3.621926420907446015e-02,1.276681922152901605e-01,-9.986939358115891618e-01
6.408720000000000000e+08,-4.955924345458623953e-02,3.628228430299219182e-02,1.161483491538066321e-01,-1.000108269017402574e+00
6.458710000000000000e+08,-4.914594361491476937e-02,3.633610138127507660e-02,1.046109552563686124e-01,-1.001385925951066014e+00
6.508700000000000000e+08,-4.873206750350655980e-02,3.638063838675938827e-02,9.305774253782940486e-02,-1.002526620229161614e+00
6.558690000000000000e+08,-4.831784102746988774e-02,3.641582399005949267e-02,8.149044972522746788e-02,-1.003530090536703057e+00
6.608680000000000000e+08,-4.790349335688763588e-02,3.644159271756124835e-02,6.991082181463577350e-02,-1.004396100826506100e+00
6.658670000000000000e+08,-4.748925676725741785e-02,3.645788507531066980e-02,5.832060962159787976e-02,-1.005124440509046257e+00
6.708660000000000000e+08,-4.707536647754002185e-02,3.646464766864620372e-02,4.672156932538076846e-02,-1.005714924632594931e+00
6.758650000000000000e+08,-4.666206048392134570e-02,3.646183331741965905e-02,3.511546200726968492e-02,-1.006167394053435027e+00
6.808640000000000000e+08,-4.624957938941223756e-02,3.644940116666092050e-02,2.350405318315109543e-02,-1.006481715595957560e+00
6.858630000000000000e+08,-4.583816622940112273e-02,3.642731679254064547e-02,1.188911233062334843e-02,-1.006657782202455387e+00
6.908620000000000000e+08,-4.542806629328895868e-02,3.639555230348490850e-02,2.724124108900698865e-04,-1.006695513072421111e+00
6.958610000000000000e+08,-4.501952694233864183e-02,3.635408643630787945e-02,-1.134427061431077417e-02,-1.006594853791178634e+00
7.008600000000000000e+08,-4.461279742387088548e-02,3.630290464722079474e-02,-2.295915827047510099e-02,-1.006355776447667827e+00
7.058590000000000000e+08,-4.420812868195416606e-02,3.624199919759023281e-02,-3.457047006253358146e-02,-1.005978279741231107e+00
7.108580000000000000e+08,-4.380577316472785560e-02,3.617136923431082951e-02,-4.617642397120669956e-02,-1.005462389077217633e+00
7.158570000000000000e+08,-4.340598462851304185e-02,3.609102086467251558e-02,-5.777523695323863451e-02,-1.004808156651282314e+00
7.208560000000000000e+08,-4.300901793886462154e-02,3.600096722559786161e-02,-6.936512544522110968e-02,-1.004015661522205782e+00
7.258550000000000000e+08,-4.261512886872641931e-02,3.590122854713435202e-02,-8.094430587071922700e-02,-1.003085009673118089e+00
7.308540000000000000e+08,-4.222457389384686594e-02,3.579183221008717941e-02,-9.251099515040196730e-02,-1.002016334060979785e+00
7.358530000000000000e+08,-4.183760998563192113e-02,3.567281279768638041e-02,-1.040634112148782070e-01,-1.000809794654203833e+00
7.408520000000000000e+08,-4.145449440159957449e-02,3.554421214118302919e-02,-1.155997735199328497e-01,-9.994655784582966440e-01
7.458510000000000000e+08,-4.107548447361882016e-02,3.540607935927685135e-02,-1.271183035638510928e-01,-9.979838995294156856e-01
7.508500000000000000e+08,-4.070083739410709084e-02,3.525847089128026496e-02,-1.386172254065195786e-01,-9.963649989757323855e-01
7.558490000000000000e+08,-4.033081000037671421e-02,3.510145052393186943e-02,-1.500947661899834085e-01,-9.946091449465201961e-01
7.608480000000000000e+08,-3.996565855731069178e-02,3.493508941177398547e-02,-1.615491566601361673e-01,-9.927166326088693316e-01
7.658470000000000000e+08,-3.960563853856516325e-02,3.475946609101730755e-02,-1.729786316892163445e-01,-9.906877841119636763e-01
7.708460000000000000e+08,-3.925100440649044453e-02,3.457466648682002569e-02,-1.843814307987808321e-01,-9.885229485388418169e-01
7.758450000000000000e+08,-3.890200939096867538e-02,3.438078391391478222e-02,-1.957557986828172281e-01,-9.862225018455956782e-01
7.808440000000000000e+08,-3.855890526736685531e-02,3.417791907052132594e-02,-2.070999857306649039e-01,-9.837868467879409273e-01
7.858430000000000000e+08,-3.822194213381377437e-02,3.396618002549126741e-02,-2.184122485493933952e-01,-9.812164128351350545e-01
7.908420000000000000e+08,-3.789136818800309392e-02,3.374568219863510743e-02,-2.296908504853047428e-01,-9.785116560711951683e-01
7.958410000000000000e+08,-3.756742950373190282e-02,3.351654833418970386e-02,-2.409340621442052355e-01,-9.756730590834095107e-01
8.008400000000000000e+08,-3.725036980738894582e-02,3.327890846738811026e-02,-2.521401619101048541e-01,-9.727011308381177113e-01
8.058390000000000000e+08,-3.694043025460151675e-02,3.303289988410342687e-02,-2.633074364619867880e-01,-9.695964065437623347e-01
8.108380000000000000e+08,-3.663784920726238098e-02,3.277866707354341186e-02,-2.744341812882979958e-01,-9.663594475012194929e-01
8.158370000000000000e+08,-3.634286201114832193e-02,3.251636167397759652e-02,-2.855187011988046253e-01,-9.629908409414219550e-01
8.208360000000000000e+08,-3.605570077435186344e-02,3.224614241148851534e-02,-2.965593108334567685e-01,-9.594911998503083961e-01
8.258350000000000000e+08,-3.577659414674802529e-02,3.196817503174362307e-02,-3.075543351679042026e-01,-9.558611627811293143e-01
8.308340000000000000e+08,-3.550576710071347980e-02,3.168263222479132668e-02,-3.185021100153057616e-01,-9.521013936541626865e-01
8.358330000000000000e+08,-3.524344071332434492e-02,3.138969354289299768e-02,-3.294009825240725720e-01,-9.482125815438956495e-01
8.408320000000000000e+08,-3.498983195025345827e-02,3.108954531140811772e-02,-3.402493116711881593e-01,-9.441954404537452605e-01
8.458310000000000000e+08,-3.474515345159087665e-02,3.078238053275855757e-02,-3.510454687507428839e-01,-9.400507090783905007e-01
8.508300000000000000e+08,-3.450961331981362151e-02,3.046839878350461606e-02,-3.617878378573282094e-01,-9.357791505538186616e-01
8.558290000000000000e+08,-3.428341491012663889e-02,3.014780610457182958e-02,-3.724748163639287069e-01,-9.313815521951721577e-01
8.608280000000000000e+08,-3.406675662339591487e-02,2.982081488467652405e-02,-3.831048153939580203e-01,-9.268587252225258810e-01
8.658270000000000000e+08,-3.385983170190497854e-02,2.948764373700473590e-02,-3.936762602870815808e-01,-9.222115044747060120e-01
8.708260000000000000e+08,-3.366282802814791336e-02,2.914851736920571340e-02,-4.041875910584719067e-01,-9.174407481112920593e-01
8.758250000000000000e+08,-3.347592792688828395e-02,2.880366644677049073e-02,-4.146372628511471037e-01,-9.125473373029444613e-01
8.808240000000000000e+08,-3.329930797069838994e-02,2.845332744987180001e-02,-4.250237463810377925e-01,-9.075321759102226160e-01
8.858230000000000000e+08,-3.313313878920068345e-02,2.809774252374921955e-02,-4.353455283744430693e-01,-9.023961901510496597e-01
8.908220000000000000e+08,-3.297758488222898160e-02,2.773715932273326107e-02,-4.456011119975256118e-01,-8.971403282570177273e-01
8.958210000000000000e+08,-3.283280443712374708e-02,2.737183084800489871e-02,-4.557890172775100335e-01,-8.917655601187153280e-01
9.008200000000000000e+08,-3.269894915037240696e-02,2.700201527919986189e-02,-4.659077815152451452e-01,-8.862728769202848911e-01
9.058190000000000000e+08,-3.257616405380876767e-02,2.662797579996957487e-02,-4.759559596888024990e-01,-8.806632907634198704e-01
9.108180000000000000e+08,-3.246458734557678555e-02,2.624998041762188067e-02,-4.859321248477800892e-01,-8.749378342810300024e-01
9.158170000000000000e+08,-3.236435022606444500e-02,2.586830177696899241e-02,-4.958348684979915211e-01,-8.690975602408104184e-01
9.208160000000000000e+08,-3.227557673900657842e-02,2.548321696851884796e-02,-5.056628009762247355e-01,-8.631435411389580814e-01
9.258150000000000000e+08,-3.219838361795818171e-02,2.509500733115397481e-02,-5.154145518147572602e-01,-8.570768687842967859e-01
9.308140000000000000e+08,-3.213288013832949624e-02,2.470395824944564625e-02,-5.250887700953266179e-01,-8.508986538730831661e-01
9.358130000000000000e+08,-3.207916797517283702e-02,2.431035894576296513e-02,-5.346841247922551332e-01,-8.446100255547601687e-01
9.408120000000000000e+08,-3.203734106690716427e-02,2.391450226733943252e-02,-5.441993051044416996e-01,-8.382121309889672967e-01
9.458110000000000000e+08,-3.200748548516165609e-02,2.351668446846758020e-02,-5.536330207759373456e-01,-8.317061348940911758e-01
9.508100000000000000e+08,-3.198967931091362821e-02,2.311720498799958029e-02,-5.629840024048243796e-01,-8.250932190876765215e-01
9.558090000000000000e+08,-3.198399251708965163e-02,2.271636622233777492e-02,-5.722510017401417626e-01,-8.183745820190165832e-01
9.608080000000000000e+08,-3.199048685780161300e-02,2.231447329410436373e-02,-5.814327919665879252e-01,-8.115514382942552452e-01
9.658070000000000000e+08,-3.200921576436785432e-02,2.191183381668788954e-02,-5.905281679767619973e-01,-8.046250181943367386e-01
9.708060000000000000e+08,-3.204022424828448234e-02,2.150875765486764957e-02,-5.995359466306946494e-01,-7.975965671861589001e-01
9.758050000000000000e+08,-3.208354881128410580e-02,2.110555668172550345e-02,-6.084549670024487211e-01,-7.904673454272886923e-01
9.808040000000000000e+08,-3.213921736263231771e-02,2.070254453205829306e-02,-6.172840906135599326e-01,-7.832386272646001402e-01
9.858030000000000000e+08,-3.220724914379095860e-02,2.030003635250981001e-02,-6.260222016531170608e-01,-7.759117007272270383e-01
9.908020000000000000e+08,-3.228765466057906264e-02,1.989834854864867483e-02,-6.346682071842799644e-01,-7.684878670141978008e-01
9.958010000000000000e+08,-3.238043562295454120e-02,1.949779852922001178e-02,-6.432210373370506051e-01,-7.609684399771630137e-01
1.000800000000000000e+09,-3.248558489252430237e-02,1.909870444780634169e-02,-6.516796454871205402e-01,-7.533547455986010499e-01
1.005799000000000000e+09,-3.260308643789721489e-02,1.870138494213717875e-02,-6.600430084206325709e-01,-7.456481214659246293e-01
1.010798000000000000e+09,-3.273291529797404953e-02,1.830615887129038999e-02,-6.683101264847102208e-01,-7.378499162418925561e-01
1.015797000000000000e+09,-3.287503755326809385e-02,1.791334505103248792e-02,-6.764800237236114899e-01,-7.299614891317570686e-01
1.020796000000000000e+09,-3.302941030533645267e-02,1.752326198755093864e-02,-6.845517480003840971e-01,-7.219842093475666855e-01
1.025795000000000000e+09,-3.319598166440435039e-02,1.713622760983155718e-02,-6.925243711039169581e-01,-7.139194555700695277e-01
1.030794000000000000e+09,-3.337469074523925772e-02,1.675255900094115361e-02,-7.003969888412787670e-01,-7.057686154086459940e-01
1.035793000000000000e+09,-3.356546767134493264e-02,1.637257212847581869e-02,-7.081687211152718486e-01,-6.975330848597237621e-01
1.040792000000000000e+09,-3.376823358751399051e-02,1.599658157444014059e-02,-7.158387119871237880e-01,-6.892142677641199811e-01
1.045791000000000000e+09,-3.398290068079250908e-02,1.562490026482096957e-02,-7.234061297242618815e-01,-6.808135752637609617e-01
1.050790000000000000e+09,-3.420937220987691624e-02,1.525783919913057535e-02,-7.308701668331375467e-01,-6.723324252582482119e-01
1.055789000000000000e+09,-3.444754254297676538e-02,1.489570718018276736e-02,-7.382300400770623883e-01,-6.637722418617136855e-01
1.060788000000000000e+09,-3.469729720415444529e-02,1.453881054437917812e-02,-7.454849904790540327e-01,-6.551344548604404183e-01
1.065787000000000000e+09,-3.495851292814452366e-02,1.418745289277806992e-02,-7.526342833096973939e-01,-6.464204991717079629e-01
1.070786000000000000e+09,-3.523105772365679733e-02,1.384193482321868784e-02,-7.596772080600289190e-01,-6.376318143043263609e-01
1.075785000000000000e+09,-3.551479094514185808e-02,1.350255366377692626e-02,-7.666130783994932196e-01,-6.287698438213303875e-01
1.080784000000000000e+09,-3.580956337300518488e-02,1.316960320782985076e-02,-7.734412321190137218e-01,-6.198360348052986968e-01
1.085783000000000000e+09,-3.611521730223328508e-02,1.284337345099855962e-02,-7.801610310592461683e-01,-6.108318373267672685e-01
1.090782000000000000e+09,-3.643158663939331798e-02,1.252415033025229205e-02,-7.867718610240942434e-01,-6.017587039162005658e-01
1.095781000000000000e+09,-3.675849700795804503e-02,1.221221546543974426e-02,-7.932731316795910148e-01,-5.926180890399916912e-01
1.100780000000000000e+09,-3.709576586189503727e-02,1.190784590352678141e-02,-7.996642764382545510e-01,-5.834114485809505091e-01
1.105779000000000000e+09,-3.744320260745313822e-02,1.161131386580914471e-02,-8.059447523290460547e-01,-5.741402393237440283e-01
1.110778000000000000e+09,-3.780060873306897301e-02,1.132288649837166761e-02,-8.121140398530795057e-01,-5.648059184457481230e-01
1.115777000000000000e+09,-3.816777794730492196e-02,1.104282562606032081e-02,-8.181716428252426843e-01,-5.554099430137634519e-01
1.120776000000000000e+09,-3.854449632472838755e-02,1.077138751023528317e-02,-8.241170882019028809e-01,-5.459537694870506552e-01
1.125775000000000000e+09,-3.893054245961855009e-02,1.050882261056566847e-02,-8.299499258948941360e-01,-5.364388532271275878e-01
1.130774000000000000e+09,-3.932568762739611923e-02,1.025537535112671858e-02,-8.356697285719909551e-01,-5.268666480147750075e-01
1.135773000000000000e+09,-3.972969595364869710e-02,1.001128389105717699e-02,-8.412760914440891025e-01,-5.172386055746800437e-01
1.140772000000000000e+09,-4.014232459061936598e-02,9.776779900027961212e-03,-8.467686320393392752e-01,-5.075561751081546502e-01
1.145771000000000000e+09,-4.056332390102188046e-02,9.552088338772919685e-03,-8.521469899644799062e-01,-4.978208028343454328e-01
1.150770000000000000e+09,-4.099243764903248710e-02,9.337427244924052100e-03,-8.574108266536391021e-01,-4.880339315403529055e-01
1.155769000000000000e+09,-4.142940319829994250e-02,9.133007524395546362e-03,-8.625598251048938181e-01,-4.781970001406695148e-01
1.160768000000000000e+09,-4.187395171681058265e-02,8.939032748548091101e-03,-8.675936896048725977e-01,-4.683114432463265642e-01
1.165767000000000000e+09,-4.232580838843449239e-02,8.755698957363630339e-03,-8.725121454417288369e-01,-4.583786907441543823e-01
1.170766000000000000e+09,-4.278469263097148256e-02,8.583194468859418891e-03,-8.773149386067934374e-01,-4.484001673865173343e-01
1.175765000000000000e+09,-4.325031832050801189e-02,8.421699694956673310e-03,-8.820018354852626752e-01,-4.383772923919157516e-01
1.180764000000000000e+09,-4.372239402188815571e-02,8.271386964017114762e-03,-8.865726225362570156e-01,-4.283114790567860153e-01
1.185763000000000000e+09,-4.420062322509842739e-02,8.132420350254956562e-03,-8.910271059626289070e-01,-4.182041343788760468e-01
1.190762000000000000e+09,-4.468470458734915413e-02,8.004955510225716941e-03,-8.953651113708958054e-01,-4.080566586925133965e-01
1.195761000000000000e+09,-4.517433218064149936e-02,7.889139526584062687e-03,-8.995864834216776851e-01,-3.978704453160934462e-01
1.200760000000000000e+09,-4.566919574459221698e-02,7.785110759296170677e-03,-9.036910854710589192e-01,-3.876468802121071366e-01
1.205759000000000000e+09,-4.616898094428670968e-02,7.692998704487388067e-03,-9.076787992032671060e-01,-3.773873416599957120e-01
1.210758000000000000e+09,-4.667336963292360169e-02,7.612923861097858555e-03,-9.115495242551171495e-01,-3.670931999421281344e-01
1.215757000000000000e+09,-4.718204011900785366e-02,7.544997605507978294e-03,-9.153031778326284895e-01,-3.567658170431665665e-01
1.220756000000000000e+09,-4.769466743784566559e-02,7.489322074291348760e-03,-9.189396943202835510e-01,-3.464065463630753294e-01
1.225755000000000000e+09,-4.821092362708580270e-02,7.445990055243533259e-03,-9.224590248833691719e-01,-3.360167324440221370e-01
1.230754000000000000e+09,-4.873047800605036922e-02,7.415084886825948352e-03,-9.258611370638649696e-01,-3.255977107113924851e-01
1.235753000000000000e+09,-4.925299745859114398e-02,7.396680366159011193e-03,-9.291460143703544894e-01,-3.151508072291335227e-01
1.240752000000000000e+09,-4.977814671920429562e-02,7.390840665682425932e-03,-9.323136558624393055e-01,-3.046773384696213061e-01
1.245751000000000000e+09,-5.030558866213068192e-02,7.397620258603977358e-03,-9.353640757301354691e-01,-2.941786110982292923e-01
1.250750000000000000e+09,-5.083498459316665441e-02,7.417063853237267947e-03,-9.382973028687582318e-01,-2.836559217727715465e-01
1.255749000000000000e+09,-5.136599454390625846e-02,7.449206336326504724e-03,-9.411133804497846533e-01,-2.731105569579522774e-01
1.260748000000000000e+09,-5.189827756813219367e-02,7.494072725447792176e-03,-9.438123654882069058e-01,-2.625437927549680861e-01
1.265747000000000000e+09,-5.243149204006865294e-02,7.551678130563218259e-03,-9.463943284068865314e-01,-2.519568947463652342e-01
1.270746000000000000e+09,-5.296529595421091419e-02,7.622027724798191052e-03,-9.488593525984233557e-01,-2.413511178562524340e-01
1.275745000000000000e+09,-5.349934722643640700e-02,7.705116724501701389e-03,-9.512075339850613043e-01,-2.307277062259489309e-01
1.280744000000000000e+09,-5.403330399611111501e-02,7.800930378640163684e-03,-9.534389805771539272e-01,-2.200878931051246656e-01
1.285743000000000000e+09,-5.456682492889031177e-02,7.909443967567958422e-03,-9.555538120307137673e-01,-2.094329007584796176e-01
1.290742000000000000e+09,-5.509956951992382029e-02,8.030622811201485606e-03,-9.575521592045793673e-01,-1.987639403879869204e-01
1.295741000000000000e+09,-5.563119839716480081e-02,8.164422286624381520e-03,-9.594341637177216109e-01,-1.880822120707068001e-01
1.300740000000000000e+09,-5.616137362448744841e-02,8.310787855135330637e-03,-9.611999775072278540e-01,-1.773889047121581519e-01
1.305739000000000000e+09,-5.668975900431441617e-02,8.469655098739358248e-03,-9.628497623874903155e-01,-1.666851960152264112e-01
1.310738000000000000e+09,-5.721602037945618807e-02,8.640949766077821170e-03,-9.643836896111286361e-01,-1.559722524645503205e-01
1.315737000000000000e+09,-5.773982593386400852e-02,8.824587827784356742e-03,-9.658019394321841755e-01,-1.452512293263354126e-01
1.320736000000000000e+09,-5.826084649200059806e-02,9.020475541234314332e-03,-9.671047006721018580e-01,-1.345232706634973963e-01
1.325735000000000000e+09,-5.877875581652986653e-02,9.228509524662269550e-03,-9.682921702890346927e-01,-1.237895093660484197e-01
1.330734000000000000e+09,-5.929323090403218477e-02,9.448576840595121484e-03,-9.693645529509949954e-01,-1.130510671965937325e-01
1.335733000000000000e+09,-5.980395227844988865e-02,9.680555088553434093e-03,-9.703220606133610149e-01,-1.023090548508131803e-01
1.340732000000000000e+09,-6.031060428196956952e-02,9.924312506955683399e-03,-9.711649121012704278e-01,-9.156457203276589796e-02
1.345731000000000000e+09,-6.081287536305390179e-02,1.017970808415202301e-02,-9.718933326973959730e-01,-8.081870754484668518e-02
1.350730000000000000e+09,-6.131045836133204585e-02,1.044659167851109786e-02,-9.725075537356231425e-01,-7.007253939220792205e-02
1.355729000000000000e+09,-6.180305078906167537e-02,1.072480414746666832e-02,-9.730078122011166508e-01,-5.932713490143493029e-02
1.360728000000000000e+09,-6.229035510888542015e-02,1.101417748542484788e-02,-9.733943503372795014e-01,-4.858355085325127137e-02
1.365727000000000000e+09,-6.277207900759410042e-02,1.131453497042578422e-02,-9.736674152600863774e-01,-3.784283362901681713e-02
1.370726000000000000e+09,-6.324793566562775249e-02,1.162569131944240185e-02,-9.738272585802671966e-01,-2.710601937075311427e-02
1.375725000000000000e+09,-6.371764402203512756e-02,1.194745285219286565e-02,-9.738741360338198927e-01,-1.637413415442522113e-02
1.380724000000000000e+09,-6.418092903462795096e-02,1.227961766332851500e-02,-9.738083071213049502e-01,-5.648194176192737961e-03
1.385723000000000000e+09,-6.463752193506101806e-02,1.262197580286251314e-02,-9.736300347563762170e-01,5.070794048687986798e-03
1.390722000000000000e+09,-6.508716047858065235e-02,1.297430946468269668e-02,-9.733395849239997455e-01,1.578183347461844035e-02
1.395721000000000000e+09,-6.552958918818264922e-02,1.333639318299439935e-02,-9.729372263487767736e-01,2.648393630242541069e-02
1.400720000000000000e+09,-6.596455959293062721e-02,1.370799403652594312e-02,-9.724232301738073847e-01,3.717612374447178819e-02
1.405719000000000000e+09,-6.639183046018815038e-02,1.408887186032234742e-02,-9.717978696504930847e-01,4.785742577850557455e-02
1.410718000000000000e+09,-6.681116802152334277e-02,1.447877946494909550e-02,-9.710614198396856356e-01,5.852688089059941007e-02
1.415717000000000000e+09,-6.722234619205126605e-02,1.487746286291248728e-02,-9.702141573245595119e-01,6.918353580760722155e-02
1.420716000000000000e+09,-6.762514678298335580e-02,1.528466150210548366e-02,-9.692563599355870085e-01,7.982644521951896832e-02
1.425715000000000000e+09,-6.801935970716101176e-02,1.570010850607298988e-02,-9.681883064879728273e-01,9.045467149215996594e-02
1.430714000000000000e+09,-6.840478317735539104e-02,1.612353092088789422e-02,-9.670102765318918658e-01,1.010672843706522522e-01
1.435713000000000000e+09,-6.878122389712156004e-02,1.655464996842285694e-02,-9.657225501158654968e-01,1.116633606740993767e-01
1.440712000000000000e+09,-6.914849724400290443e-02,1.699318130579030930e-02,-9.643254075635904199e-01,1.222419839819422899e-01
1.445711000000000000e+09,-6.950642744488473579e-02,1.743883529072814617e-02,-9.628191292645227328e-01,1.328022443124671215e-01
1.450710000000000000e+09,-6.985484774331054969e-02,1.789131725269050774e-02,-9.612039954785043250e-01,1.433432377939400648e-01
1.455709000000000000e+09,-7.019360055857072622e-02,1.835032776940407478e-02,-9.594802861546998241e-01,1.538640663288632360e-01
1.460708000000000000e+09,-7.052253763638824391e-02,1.881556294864224904e-02,-9.576482807651031104e-01,1.643638372518578250e-01
1.465707000000000000e+09,-7.084152019103483189e-02,1.928671471496961817e-02,-9.557082581528437704e-01,1.748416629816737233e-01
1.470706000000000000e+09,-7.115041903870626683e-02,1.976347110118933936e-02,-9.536604963955240821e-01,1.852966606678646544e-01
1.475705000000000000e+09,-7.144911472201216640e-02,2.024551654424114333e-02,-9.515052726837842645e-01,1.957279518326363599e-01
1.480704000000000000e+09,-7.173749762542130926e-02,2.073253218527426264e-02,-9.492428632152827284e-01,2.061346620084233694e-01
1.485703000000000000e+09,-7.201546808153444501e-02,2.122419617362879263e-02,-9.468735431042621942e-01,2.165159203717209602e-01
1.490702000000000000e+09,-7.228293646804165307e-02,2.172018397444426541e-02,-9.443975863068544419e-01,2.268708593737399637e-01
1.495701000000000000e+09,-7.253982329524842620e-02,2.222016867961760372e-02,-9.418152655622520353e-01,2.371986143684202408e-01
1.500700000000000000e+09,-7.278605928405322556e-02,2.272382132182362499e-02,-9.391268523498603749e-01,2.474983232383878018e-01
1.505699000000000000e+09,-7.302158543426455484e-02,2.323081119131015226e-02,-9.363326168625364376e-01,2.577691260193987199e-01
1.510698000000000000e+09,-7.324635308316673754e-02,2.374080615517635065e-02,-9.334328279959751562e-01,2.680101645238651131e-01
1.515697000000000000e+09,-7.346032395423625350e-02,2.425347297883517772e-02,-9.304277533543130474e-01,2.782205819640146127e-01
1.520696000000000000e+09,-7.366347019593383338e-02,2.476847764936594004e-02,-9.273176592719826195e-01,2.883995225752817304e-01
1.525695000000000000e+09,-7.385577441049216707e-02,2.528548570045130103e-02,-9.241028108518382078e-01,2.985461312404963929e-01
1.530694000000000000e+09,-7.403722967264367294e-02,2.580416253859702663e-02,-9.207834720195485767e-01,3.086595531154647798e-01
1.535693000000000000e+09,-7.420783953822326917e-02,2.632417377032540001e-02,-9.173599055942449620e-01,3.187389332565144784e-01
1.540692000000000000e+09,-7.436761804260846875e-02,2.684518553003649791e-02,-9.138323733753744849e-01,3.287834162505998137e-01
1.545691000000000000e+09,-7.451658968895516488e-02,2.736686480822210499e-02,-9.102011362457091970e-01,3.387921458485442239e-01
1.550690000000000000e+09,-7.465478942619951930e-02,2.788887977972452289e-02,-9.064664542904203870e-01,3.487642646020090442e-01
1.555689000000000000e+09,-7.478226261681188147e-02,2.841090013172160172e-02,-9.026285869321299948e-01,3.586989135047651822e-01
1.560688000000000000e+09,-7.489906499428862496e-02,2.893259739112587561e-02,-8.986877930818133464e-01,3.685952316388554917e-01
1.565687000000000000e+09,-7.500526261038366338e-02,2.945364525108014331e-02,-8.946443313054123214e-01,3.784523558262273824e-01
1.570686000000000000e+09,-7.510093177208755633e-02,2.997371989623192484e-02,-8.904984600060090738e-01,3.882694202863988808e-01
1.575685000000000000e+09,-7.518615896837266277e-02,3.049250032647042238e-02,-8.862504376213657942e-01,3.980455563007476161e-01
1.580684000000000000e+09,-7.526104078673304110e-02,3.100966867880561653e-02,-8.819005228366528781e-01,4.077798918839733444e-01
1.585683000000000000e+09,-7.532568381955549730e-02,3.152491054707622781e-02,-8.774489748121235833e-01,4.174715514633098312e-01
1.590682000000000000e+09,-7.538020456036961803e-02,3.203791529916314579e-02,-8.728960534255143511e-01,4.271196555660292660e-01
1.595681000000000000e+09,-7.542472929002982940e-02,3.254837639139500360e-02,-8.682420195289073384e-01,4.367233205158044806e-01
1.600680000000000000e+09,-7.545939395290228446e-02,3.305599167982931769e-02,-8.634871352197753813e-01,4.462816581384519421e-01
1.605679000000000000e+09,-7.548434402312380331e-02,3.356046372809137063e-02,-8.586316641259122973e-01,4.557937754776128503e-01
1.610678000000000000e+09,-7.549973436102587476e-02,3.406150011145954448e-02,-8.536758717039435451e-01,4.652587745208779380e-01
1.615677000000000000e+09,-7.550572905981250971e-02,3.455881371688278997e-02,-8.486200255510653045e-01,4.746757519368907663e-01
1.620676000000000000e+09,-7.550250128260145577e-02,3.505212303862106221e-02,-8.434643957296760197e-01,4.840437988239231215e-01
1.625675000000000000e+09,-7.549023308993874082e-02,3.554115246919816590e-02,-8.382092551045144946e-01,4.933620004704304951e-01
1.630674000000000000e+09,-7.546911525791405451e-02,3.602563258536343321e-02,-8.328548796919248431e-01,5.026294361280655432e-01
1.635673000000000000e+09,-7.543934708700850145e-02,3.650530042875625714e-02,-8.274015490208362911e-01,5.118451787976339151e-01
1.640672000000000000e+09,-7.540113620181741749e-02,3.697989978097473290e-02,-8.218495465050313920e-01,5.210082950284404824e-01
1.645671000000000000e+09,-7.535469834180384685e-02,3.744918143275029893e-02,-8.161991598262590131e-01,5.301178447314899289e-01
1.650670000000000000e+09,-7.530025714324113661e-02,3.791290344693568071e-02,-8.104506813277442268e-01,5.391728810069670308e-01
1.655669000000000000e+09,-7.523804391252131296e-02,3.837083141501464179e-02,-8.046044084175963951e-01,5.481724499864240041e-01
1.660668000000000000e+09,-7.516829739100343299e-02,3.882273870684928296e-02,-7.986606439816450465e-01,5.571155906900719934e-01
1.665667000000000000e+09,-7.509126351160222423e-02,3.926840671338317074e-02,-7.926196968051865133e-01,5.660013348995843740e-01
1.670666000000000000e+09,-7.500719514730840032e-02,3.970762508202359958e-02,-7.864818820031127533e-01,5.748287070467659188e-01
1.675665000000000000e+09,-7.491635185185455126e-02,4.014019194443107369e-02,-7.802475214578946661e-01,5.835967241184621956e-01
1.680664000000000000e+09,-7.481899959274529444e-02,4.056591413645173338e-02,-7.739169442648594632e-01,5.923043955780417091e-01
1.685663000000000000e+09,-7.471541047687675630e-02,4.098460740992932588e-02,-7.674904871841999876e-01,6.009507233037737484e-01
1.690662000000000000e+09,-7.460586246898516516e-02,4.139609663614512991e-02,-7.609684950991335572e-01,6.095347015444120276e-01
1.695661000000000000e+09,-7.449063910316949810e-02,4.180021600063552750e-02,-7.543513214796211397e-01,6.180553168922583440e-01
1.700660000000000000e+09,-7.437002918773817639e-02,4.219680918914692214e-02,-7.476393288510378987e-01,6.265115482739873620e-01
1.705659000000000000e+09,-7.424432650364985731e-02,4.258572956449236530e-02,-7.408328892671849353e-01,6.349023669594595631e-01
1.710658000000000000e+09,-7.411382949681623311e-02,4.296684033408282311e-02,-7.339323847870092843e-01,6.432267365887683885e-01
1.715657000000000000e+09,-7.397884096454393488e-02,4.334001470791436217e-02,-7.269382079544003394e-01,6.514836132177022066e-01
1.720656000000000000e+09,-7.383966773640965320e-02,4.370513604679623909e-02,-7.198507622804112271e-01,6.596719453818291612e-01
1.725655000000000000e+09,-7.369662034985771659e-02,4.406209800061860332e-02,-7.126704627272555381e-01,6.677906741793356860e-01
1.730654000000000000e+09,-7.355001272082974106e-02,4.441080463646459447e-02,-7.053977361934065105e-01,6.758387333727908786e-01
1.735653000000000000e+09,-7.340016180973403526e-02,4.475117055637742314e-02,-6.980330219991425222e-01,6.838150495099178938e-01
1.740652000000000000e+09,-7.324738728307295110e-02,4.508312100460788729e-02,-6.905767723718398976e-01,6.917185420634918147e-01
1.745651000000000000e+09,-7.309201117105691703e-02,4.540659196417293902e-02,-6.830294529303543305e-01,6.995481235904111861e-01
1.750650000000000000e+09,-7.293435752153400176e-02,4.572153024256683101e-02,-6.753915431677839365e-01,7.073026999100076040e-01
1.755649000000000000e+09,-7.277475205057920560e-02,4.602789354647635056e-02,-6.676635369319242619e-01,7.149811703015906961e-01
1.760648000000000000e+09,-7.261352179008066787e-02,4.632565054536302157e-02,-6.598459429027309087e-01,7.225824277212515856e-01
1.765647000000000000e+09,-7.245099473268526435e-02,4.661478092378337768e-02,-6.519392850660761241e-01,7.301053590378639990e-01
1.770646000000000000e+09,-7.228749947444974844e-02,4.689527542233220408e-02,-6.439441031831100171e-01,7.375488452882604795e-01
1.775645000000000000e+09,-7.212336485556894439e-02,4.716713586710112593e-02,-6.358609532545195231e-01,7.449117619514836752e-01
1.780644000000000000e+09,-7.195891959954284212e-02,4.743037518756069992e-02,-6.276904079789908941e-01,7.521929792420105620e-01
1.785643000000000000e+09,-7.179449195115863991e-02,4.768501742278217354e-02,-6.194330572051670591e-01,7.593913624218336933e-01
1.790642000000000000e+09,-7.163040931366224107e-02,4.793109771592855145e-02,-6.110895083764157354e-01,7.665057721312207306e-01
1.795641000000000000e+09,-7.146699788550206489e-02,4.816866229695642571e-02,-6.026603869676997460e-01,7.735350647379986011e-01
1.800640000000000000e+09,-7.130458229702633932e-02,4.839776845348384149e-02,-5.941463369138745287e-01,7.804780927051283568e-01
1.805639000000000000e+09,-7.114348524752966973e-02,4.861848448978792203e-02,-5.855480210287090648e-01,7.873337049763617923e-01
1.810638000000000000e+09,-7.098402714302473604e-02,4.883088967391502333e-02,-5.768661214139750859e-01,7.941007473797011551e-01
1.815637000000000000e+09,-7.082652573514952588e-02,4.903507417289279524e-02,-5.681013398579072282e-01,8.007780630484012674e-01
1.820636000000000000e+09,-7.067129576159161819e-02,4.923113897605151806e-02,-5.592543982223902033e-01,8.073644928591816594e-01
1.825635000000000000e+09,-7.051864858843309714e-02,4.941919580647206878e-02,-5.503260388182039664e-01,8.138588758873379625e-01
1.830634000000000000e+09,-7.036889185480929565e-02,4.959936702059437180e-02,-5.413170247676901692e-01,8.202600498783717553e-01
1.835633000000000000e+09,-7.022232912028515683e-02,4.977178549603021585e-02,-5.322281403541997413e-01,8.265668517357788181e-01
1.840632000000000000e+09,-7.007925951533838793e-02,4.993659450764172808e-02,-5.230601913577023199e-01,8.327781180245659165e-01
1.845631000000000000e+09,-6.993997739535788571e-02,5.009394759195819058e-02,-5.138140053759444603e-01,8.388926854900825569e-01
1.850630000000000000e+09,-6.980477199854652481e-02,5.024400840001685270e-02,-5.044904321305666572e-01,8.449093915917015307e-01
1.855629000000000000e+09,-6.967392710812614354e-02,5.038695053873313429e-02,-4.950903437575872590e-01,8.508270750508746261e-01
1.860628000000000000e+09,-6.954772071924077148e-02,5.052295740090964604e-02,-4.856146350817036050e-01,8.566445764130637963e-01
1.865627000000000000e+09,-6.942642471094517820e-02,5.065222198401829468e-02,-4.760642238738400089e-01,8.623607386230176530e-01
1.870626000000000000e+09,-6.931030452367076267e-02,5.077494669789541643e-02,-4.664400510914371023e-01,8.679744076128581565e-01
1.875625000000000000e+09,-6.919961884255258766e-02,5.089134316150837473e-02,-4.567430811009458580e-01,8.734844329024035181e-01
1.880624000000000000e+09,-6.909461928699683897e-02,5.100163198896454780e-02,-4.469743018820476754e-01,8.788896682111474457e-01
1.885623000000000000e+09,-6.899555010686662937e-02,5.110604256494791914e-02,-4.371347252131240757e-01,8.841889720812794451e-01
1.890622000000000000e+09,-6.890264788565926557e-02,5.120481280978032151e-02,-4.272253868375192054e-01,8.893812085111358900e-01
1.895621000000000000e+09,-6.881614125103606427e-02,5.129818893432296772e-02,-4.172473466101757067e-01,8.944652475984219420e-01
1.900620000000000000e+09,-6.873625059306792684e-02,5.138642518494102723e-02,-4.072016886242184053e-01,8.994399661925551737e-01
1.905619000000000000e+09,-6.866318779055030630e-02,5.146978357877171617e-02,-3.970895213171280469e-01,9.043042485554512178e-01
1.910618000000000000e+09,-6.859715594572809994e-02,5.154853362955001683e-02,-3.869119775561149499e-01,9.090569870300527766e-01
1.915617000000000000e+09,-6.853834912777484467e-02,5.162295206425495525e-02,-3.766702147023858194e-01,9.136970827158998887e-01
1.920616000000000000e+09,-6.848695212535177435e-02,5.169332253085629630e-02,-3.663654146539716550e-01,9.182234461510199175e-01
1.925615000000000000e+09,-6.844314020856784309e-02,5.175993529745290950e-02,-3.559987838668520199e-01,9.226349979993968553e-01
1.930614000000000000e+09,-6.840707890065617081e-02,5.182308694310407138e-02,-3.455715533541016682e-01,9.269306697432787567e-01
1.935613000000000000e+09,-6.837892375965982927e-02,5.188308004067181817e-02,-3.350849786628480875e-01,9.311094043795603570e-01
1.940612000000000000e+09,-6.835882017043157233e-02,5.194022283199739576e-02,-3.245403398288213559e-01,9.351701571194803719e-01
1.945611000000000000e+09,-6.834690314721460214e-02,5.199482889575330474e-02,-3.139389413083367719e-01,9.391118960908476643e-01
1.950610000000000000e+09,-6.834329714708332892e-02,5.204721680831700392e-02,-3.032821118875566047e-01,9.429336030420238934e-01
1.955609000000000000e+09,-6.834811589449674152e-02,5.209770979802878094e-02,-2.925712045689209395e-01,9.466342740468585149e-01
1.960608000000000000e+09,-6.836146221721169092e-02,5.214663539320006647e-02,-2.818075964346556939e-01,9.502129202097937544e-01
1.965607000000000000e+09,-6.838342789378913655e-02,5.219432506425440710e-02,-2.709926884873097852e-01,9.536685683703267635e-01
1.970606000000000000e+09,-6.841409351291108387e-02,5.224111386038887000e-02,-2.601279054672809843e-01,9.570002618060409194e-01
1.975605000000000000e+09,-6.845352834471803150e-02,5.228734004115207640e-02,-2.492146956473484665e-01,9.602070609333794859e-01
1.980604000000000000e+09,-6.850179022435488874e-02,5.233334470334597560e-02,-2.382545306042337663e-01,9.632880440053819271e-01
1.985603000000000000e+09,-6.855892544790807841e-02,5.237947140366597254e-02,-2.272489049672566097e-01,9.662423078055555337e-01
1.990602000000000000e+09,-6.862496868089455748e-02,5.242606577749491653e-02,-2.161993361441834349e-01,9.690689683370919960e-01
1.995601000000000000e+09,-6.869994287945431488e-02,5.247347515428724823e-02,-2.051073640243802620e-01,9.717671615066233448e-01
2.000600000000000000e+09,-6.878385922437564581e-02,5.252204816996786790e-02,-1.939745506594404423e-01,9.743360438017222291e-01
2.005599000000000000e+09,-6.887671706807728389e-02,5.257213437679150031e-02,-1.828024799214483798e-01,9.767747929613567193e-01
2.010598000000000000e+09,-6.897850389464710297e-02,5.262408385110228792e-02,-1.715927571391160644e-01,9.790826086385147065e-01
2.015597000000000000e+09,-6.908919529302223750e-02,5.267824679944852623e-02,-1.603470087120094922e-01,9.812587130542212988e-01
2.020596000000000000e+09,-6.920875494338583900e-02,5.273497316349560343e-02,-1.490668817031581828e-01,9.833023516421806054e-01
2.025595000000000000e+09,-6.933713461683117807e-02,5.279461222420246680e-02,-1.377540434103303735e-01,9.852127936832909549e-01
2.030594000000000000e+09,-6.947427418833235224e-02,5.285751220571385106e-02,-1.264101809163114820e-01,9.869893329292801498e-01
2.035593000000000000e+09,-6.962010166304351266e-02,5.292401987943134989e-02,-1.150370006185367638e-01,9.886312882147308967e-01
2.040592000000000000e+09,-6.977453321593002356e-02,5.299448016872218559e-02,-1.036362277384637182e-01,9.901380040567783203e-01
2.045591000000000000e+09,-6.993747324472149307e-02,5.306923575472975024e-02,-9.220960581108500476e-02,9.915088512417731259e-01
2.050590000000000000e+09,-7.010881443615409048e-02,5.314862668374963073e-02,-8.075889615503735464e-02,9.927432273982191857e-01
2.055589000000000000e+09,-7.028843784546244533e-02,5.323298997662701676e-02,-6.928587732373360508e-02,9.938405575553181936e-01
2.060588000000000000e+09,-7.047621298905384912e-02,5.332265924064152895e-02,-5.779234453804226596e-02,9.948002946864630269e-01
2.065587000000000000e+09,-7.067199795028630827e-02,5.341796428433337462e-02,-4.628010910098763475e-02,9.956219202370418797e-01
2.070586000000000000e+09,-7.087563949825789744e-02,5.351923073573019995e-02,-3.475099779503061648e-02,9.963049446359469874e-01
2.075585000000000000e+09,-7.108697321949206116e-02,5.362677966442147559e-02,-2.320685226245928004e-02,9.968489077901772077e-01
2.080584000000000000e+09,-7.130582366238999437e-02,5.374092720793429562e-02,-1.164952836949033170e-02,9.972533795619782371e-01
2.085583000000000000e+09,-7.153200449430836827e-02,5.386198420285081417e-02,-8.089555465534235682e-05,9.975179602279506952e-01
2.090582000000000000e+09,-7.176531867109714469e-02,5.399025582110722477e-02,1.149716383790488732e-02,9.976422809196138219e-01
2.095581000000000000e+09,-7.200555861892325715e-02,5.412604121190552064e-02,2.308275523959631842e-02,9.976260040449056454e-01
2.100580000000000000e+09,-7.225250642818724367e-02,5.426963314966724850e-02,3.467397255234708209e-02,9.974688236901523286e-01
2.105579000000000000e+09,-7.250593405932281854e-02,5.442131768844422207e-02,4.626889885670825570e-02,9.971704660020395128e-01
2.110578000000000000e+09,-7.276560356025814358e-02,5.458137382320229353e-02,5.786560713242570181e-02,9.967306895491658825e-01
2.115577000000000000e+09,-7.303126729530219630e-02,5.475007315837839006e-02,6.946216099076311934e-02,9.961492856627680581e-01
2.120576000000000000e+09,-7.330266818519823313e-02,5.492767958410756796e-02,8.105661541788342084e-02,9.954260787562448920e-01
2.125575000000000000e+09,-7.357953995808445835e-02,5.511444896050222281e-02,9.264701752855124262e-02,9.945609266231282275e-01
2.130574000000000000e+09,-7.386160741107761218e-02,5.531062881036469259e-02,1.042314073294418747e-01,9.935537207131804882e-01
2.135573000000000000e+09,-7.414858668218614335e-02,5.551645802069092583e-02,1.158078184912951780e-01,9.924043863863255543e-01
2.140572000000000000e+09,-7.444018553224907020e-02,5.573216655332808439e-02,1.273742791291850307e-01,9.911128831441400333e-01
2.145571000000000000e+09,-7.473610363657715028e-02,5.595797516511973047e-02,1.389288125901203264e-01,9.896792048386756635e-01
2.150570000000000000e+09,-7.503603288596955023e-02,5.619409513787924221e-02,1.504694382472449576e-01,9.881033798583986894e-01
2.155569000000000000e+09,-7.533965769676115309e-02,5.644072801850230636e-02,1.619941722998358424e-01,9.863854712910652411e-01
2.160568000000000000e+09,-7.564665532954827076e-02,5.669806536953099496e-02,1.735010285783544770e-01,9.845255770633802861e-01
2.165567000000000000e+09,-7.595669621622508361e-02,5.696628853045937468e-02,1.849880193537526141e-01,9.825238300573192474e-01
2.170566000000000000e+09,-7.626944429496348987e-02,5.724556839006189612e-02,1.964531561502773638e-01,9.803803982030108166e-01
2.175565000000000000e+09,-7.658455735274587173e-02,5.753606517001141202e-02,2.078944505609760240e-01,9.780954845481231175e-01
2.180564000000000000e+09,-7.690168737506022922e-02,5.783792822003749889e-02,2.193099150651481033e-01,9.756693273037060354e-01
2.185563000000000000e+09,-7.722048090236020845e-02,5.815129582486598669e-02,2.306975638469483392e-01,9.731021998664841632e-01
2.190562000000000000e+09,-7.754057939287631318e-02,5.847629502315938171e-02,2.420554136143851232e-01,9.703944108176170147e-01
2.195561000000000000e+09,-7.786161959136504718e-02,5.881304143867060324e-02,2.533814844179426151e-01,9.675463038979695840e-01
2.200560000000000000e+09,-7.818323390337181267e-02,5.916163912379966000e-02,2.646738004680568856e-01,9.645582579599677464e-01
2.205559000000000000e+09,-7.850505077458118375e-02,5.952218041573725110e-02,2.759303909507074826e-01,9.614306868961350894e-01
2.210558000000000000e+09,-7.882669507481648852e-02,5.989474580534989018e-02,2.871492908403560085e-01,9.581640395444406266e-01
2.215557000000000000e+09,-7.914778848625307617e-02,6.027940381896351035e-02,2.983285417095132841e-01,9.547587995705982822e-01
2.220556000000000000e+09,-7.946794989539833487e-02,6.067621091317036697e-02,3.094661925341775643e-01,9.512154853275096578e-01
2.225555000000000000e+09,-7.978679578839566189e-02,6.108521138277511753e-02,3.205603004944567735e-01,9.475346496920382666e-01
2.230554000000000000e+09,-8.010394064919607038e-02,6.150643728198707666e-02,3.316089317696310212e-01,9.437168798793454938e-01
2.235553000000000000e+09,-8.041899736015029054e-02,6.193990835893279506e-02,3.426101623269849350e-01,9.397627972350374170e-01
2.240552000000000000e+09,-8.073157760456098342e-02,6.238563200356730259e-02,3.535620787037029866e-01,9.356730570053952700e-01
2.245551000000000000e+09,-8.104129227074427511e-02,6.284360320902800112e-02,3.644627787811791642e-01,9.314483480859789832e-01
2.250550000000000000e+09,-8.134775185713727375e-02,6.331380454647315970e-02,3.753103725510574806e-01,9.270893927489254338e-01
2.255549000000000000e+09,-8.165056687800124890e-02,6.379620615342197765e-02,3.861029828723858137e-01,9.225969463492714739e-01
2.260548000000000000e+09,-8.194934826925562299e-02,6.429076573560517371e-02,3.968387462192352610e-01,9.179717970106637814e-01
2.265547000000000000e+09,-8.224370779399352294e-02,6.479742858231113400e-02,4.075158134181945391e-01,9.132147652908249036e-01
2.270546000000000000e+09,-8.253325844721903781e-02,6.531612759520252776e-02,4.181323503751222526e-01,9.083267038271768401e-01
2.275545000000000000e+09,-8.281761485935665301e-02,6.584678333056409594e-02,4.286865387906058644e-01,9.033084969630233996e-01
2.280544000000000000e+09,-8.309639369808094478e-02,6.638930405491935693e-02,4.391765768635439993e-01,8.981610603547324212e-01
2.285543000000000000e+09,-8.336921406802004497e-02,6.694358581394967145e-02,4.496006799823332734e-01,8.928853405603468518e-01
2.290542000000000000e+09,-8.363569790788741298e-02,6.750951251462275482e-02,4.599570814031188060e-01,8.874823146100985216e-01
2.295541000000000000e+09,-8.389547038460477835e-02,6.808695602043293715e-02,4.702440329146215237e-01,8.819529895592888025e-01
2.300540000000000000e+09,-8.414816028397888170e-02,6.867577625963450227e-02,4.804598054890484859e-01,8.762984020240222049e-01
2.305539000000000000e+09,-8.439340039750282962e-02,6.927582134633700206e-02,4.906026899186224366e-01,8.705196177003015068e-01
2.310538000000000000e+09,-8.463082790485661200e-02,6.988692771431882778e-02,5.006709974372973715e-01,8.646177308669801276e-01
2.315537000000000000e+09,-8.486008475168736742e-02,7.050892026339818097e-02,5.106630603272193092e-01,8.585938638731120953e-01
2.320536000000000000e+09,-8.508081802225991863e-02,7.114161251819114962e-02,5.205772325095410213e-01,8.524491666102113063e-01
2.325535000000000000e+09,-8.529268030656417254e-02,7.178480679906996953e-02,5.304118901192039770e-01,8.461848159699770777e-01
2.330534000000000000e+09,-8.549533006149001579e-02,7.243829440512292162e-02,5.401654320633262341e-01,8.398020152880202316e-01
2.335533000000000000e+09,-8.568843196567076104e-02,7.310185580890417312e-02,5.498362805628435046e-01,8.333019937741623639e-01
2.340532000000000000e+09,-8.587165726761529505e-02,7.377526086275180972e-02,5.594228816770977497e-01,8.266860059298523078e-01
2.345531000000000000e+09,-8.604468412675199407e-02,7.445826901643480544e-02,5.689237058110535594e-01,8.199553309532843226e-01
2.350530000000000000e+09,-8.620719794701985073e-02,7.515062954588379307e-02,5.783372482048810825e-01,8.131112721327787840e-01
2.355529000000000000e+09,-8.635889170264432479e-02,7.585208179274642581e-02,5.876620294056223992e-01,8.061551562290130146e-01
2.360528000000000000e+09,-8.649946625575596904e-02,7.656235541449761539e-02,5.968965957207186257e-01,7.990883328466743540e-01
2.365527000000000000e+09,-8.662863066550681446e-02,7.728117064482283027e-02,6.060395196531631612e-01,7.919121737961255514e-01
2.370526000000000000e+09,-8.674610248835579185e-02,7.800823856398259037e-02,6.150894003180942260e-01,7.846280724456622391e-01
2.375525000000000000e+09,-8.685160806920971810e-02,7.874326137886010490e-02,6.240448638406245196e-01,7.772374430649581223e-01
2.380524000000000000e+09,-8.694488282310224025e-02,7.948593271237942848e-02,6.329045637347714415e-01,7.697417201602698711e-01
2.385523000000000000e+09,-8.702567150711836008e-02,8.023593790197271203e-02,6.416671812633168992e-01,7.621423578020088963e-01
2.390522000000000000e+09,-8.709372848227477093e-02,8.099295430676933805e-02,6.503314257784970076e-01,7.544408289452462224e-01
2.395521000000000000e+09,-8.714881796507825684e-02,8.175665162317001522e-02,6.588960350434004409e-01,7.466386247437544199e-01
2.400520000000000000e+09,-8.719071426850139028e-02,8.252669220845706977e-02,6.673597755339855109e-01,7.387372538581524761e-01
2.405519000000000000e+09,-8.721920203211276645e-02,8.330273141209075527e-02,6.757214427216670094e-01,7.307382417587491297e-01
2.410518000000000000e+09,-8.723407644113030657e-02,8.408441791432687273e-02,6.839798613363887725e-01,7.226431300236546562e-01
2.415517000000000000e+09,-8.723514343415655903e-02,8.487139407179017381e-02,6.921338856101725279e-01,7.144534756327366454e-01
2.420516000000000000e+09,-8.722221989938541697e-02,8.566329626962801425e-02,7.001823995011117185e-01,7.061708502579926439e-01
2.425515000000000000e+09,-8.719513385906764447e-02,8.645975527986038411e-02,7.081243168978136326e-01,6.977968395509022148e-01
2.430514000000000000e+09,-8.715372464204519665e-02,8.726039662554269105e-02,7.159585818042949468e-01,6.893330424273296231e-01
2.435513000000000000e+09,-8.709784304416900991e-02,8.806484095034616821e-02,7.236841685053703177e-01,6.807810703505141614e-01
2.440512000000000000e+09,-8.702735147643260449e-02,8.887270439315408943e-02,7.313000817125677733e-01,6.721425466127235460e-01
2.445511000000000000e+09,-8.694212410066418095e-02,8.968359896727921832e-02,7.388053566906419567e-01,6.634191056160948508e-01
2.450510000000000000e+09,-8.684204695263150753e-02,9.049713294388560259e-02,7.461990593647437331e-01,6.546123921532132073e-01
2.455509000000000000e+09,-8.672701805243022977e-02,9.131291123920599884e-02,7.534802864083477436e-01,6.457240606879556255e-01
2.460508000000000000e+09,-8.659694750203637825e-02,9.213053580514111995e-02,7.606481653120232833e-01,6.367557746371311778e-01
2.465507000000000000e+09,-8.645175756991410609e-02,9.294960602281755746e-02,7.677018544331799532e-01,6.277092056534233633e-01
2.470506000000000000e+09,-8.629138276259321061e-02,9.376971909868409005e-02,7.746405430268967773e-01,6.185860329101703359e-01
2.475505000000000000e+09,-8.611576988312961978e-02,9.459047046272024695e-02,7.814634512579845538e-01,6.093879423884515090e-01
2.480504000000000000e+09,-8.592487807638672648e-02,9.541145416832842729e-02,7.881698301944272123e-01,6.001166261670195512e-01
2.485503000000000000e+09,-8.571867886108291978e-02,9.623226329348251451e-02,7.947589617823657138e-01,5.907737817155246374e-01
2.490502000000000000e+09,-8.549715614856817636e-02,9.705249034269734787e-02,8.012301588027963550e-01,5.813611111915460983e-01
2.495501000000000000e+09,-8.526030624829790405e-02,9.787172764938997793e-02,8.075827648101676637e-01,5.718803207418857726e-01
2.500500000000000000e+09,-8.500813785999668248e-02,9.868956777819712367e-02,8.138161540530685079e-01,5.623331198085890215e-01
2.505499000000000000e+09,-8.474067205251084589e-02,9.950560392681230548e-02,8.199297313772144769e-01,5.527212204401631412e-01
2.510498000000000000e+09,-8.445794222936008067e-02,1.003194303269143439e-01,8.259229321109419208e-01,5.430463366084206100e-01
2.515497000000000000e+09,-8.415999408102063650e-02,1.011306426437423023e-01,8.317952219334363573e-01,5.333101835314166816e-01
2.520496000000000000e+09,-8.384688552397856487e-02,1.019388383738941556e-01,8.375460967259262812e-01,5.235144770028798966e-01
2.525495000000000000e+09,-8.351868662660462406e-02,1.027436172409064291e-01,8.431750824060796345e-01,5.136609327285924786e-01
2.530494000000000000e+09,-8.317547952192536065e-02,1.035445815881872039e-01,8.486817347458606164e-01,5.037512656701070846e-01
2.535493000000000000e+09,-8.281735830736480786e-02,1.043413367688738602e-01,8.540656391730903074e-01,4.937871893962347825e-01
2.540492000000000000e+09,-8.244442893155662366e-02,1.051334915321776864e-01,8.593264105569936584e-01,4.837704154426756831e-01
2.545491000000000000e+09,-8.205680906832998889e-02,1.059206584058022815e-01,8.644636929779893064e-01,4.737026526802108894e-01
2.550490000000000000e+09,-8.165462797799774575e-02,1.067024540739997390e-01,8.694771594820179805e-01,4.635856066918122576e-01
2.555489000000000000e+09,-8.123802635607695055e-02,1.074784997508512197e-01,8.743665118196780606e-01,4.534209791590669281e-01
2.560488000000000000e+09,-8.080715616959063818e-02,1.082484215483529022e-01,8.791314801704849247e-01,4.432104672582629079e-01
2.565487000000000000e+09,-8.036218048111679058e-02,1.090118508388917551e-01,8.837718228525383024e-01,4.329557630665128998e-01
2.570486000000000000e+09,-7.990327326075463699e-02,1.097684246117058143e-01,8.882873260179117159e-01,4.226585529782450057e-01
2.575485000000000000e+09,-7.943061918620314410e-02,1.105177858229196841e-01,8.926778033340831975e-01,4.123205171324245133e-01
2.580484000000000000e+09,-7.894441343114705356e-02,1.112595837387606035e-01,8.969430956517187026e-01,4.019433288508187929e-01
2.585483000000000000e+09,-7.844486144217066581e-02,1.119934742715569531e-01,9.010830706591427264e-01,3.915286540876464771e-01
2.590482000000000000e+09,-7.793217870442556428e-02,1.127191203081315402e-01,9.050976225238253070e-01,3.810781508909159010e-01
2.595481000000000000e+09,-7.740659049629226851e-02,1.134361920302108667e-01,9.089866715212314707e-01,3.705934688757734352e-01
2.600480000000000000e+09,-7.686833163329154228e-02,1.141443672264685766e-01,9.127501636513640770e-01,3.600762487101566434e-01
2.605479000000000000e+09,-7.631764620151197664e-02,1.148433315958408418e-01,9.163880702433661041e-01,3.495281216130363133e-01
2.610478000000000000e+09,-7.575478728083304136e-02,1.155327790417485095e-01,9.199003875485336490e-01,3.389507088655541733e-01
2.615477000000000000e+09,-7.518001665823267898e-02,1.162124119568736375e-01,9.232871363220949146e-01,3.283456213353083686e-01
2.620476000000000000e+09,-7.459360453148779213e-02,1.168819414981488447e-01,9.265483613941331020e-01,3.177144590140735247e-01
2.625475000000000000e+09,-7.399582920358398208e-02,1.175410878516158497e-01,9.296841312300229143e-01,3.070588105692051983e-01
2.630474000000000000e+09,-7.338697676815704452e-02,1.181895804868352412e-01,9.326945374807532607e-01,2.963802529089851201e-01
2.635473000000000000e+09,-7.276734078631194591e-02,1.188271584005240050e-01,9.355796945235357320e-01,2.856803507621492044e-01
2.640472000000000000e+09,-7.213722195517048574e-02,1.194535703491137746e-01,9.383397389930657750e-01,2.749606562718375224e-01
2.645471000000000000e+09,-7.149692776850812004e-02,1.200685750699371779e-01,9.409748293038543432e-01,2.642227086041848416e-01
2.650470000000000000e+09,-7.084677216985463266e-02,1.206719414907505422e-01,9.434851451640143827e-01,2.534680335717836019e-01
2.655469000000000000e+09,-7.018707519844598341e-02,1.212634489273225341e-01,9.458708870809158231e-01,2.426981432722109255e-01
2.660468000000000000e+09,-6.951816262841931104e-02,1.218428872688241266e-01,9.481322758591139710e-01,2.319145357418450071e-01
2.665467000000000000e+09,-6.884036560166106877e-02,1.224100571507682755e-01,9.502695520909723026e-01,2.211186946251348651e-01
2.670466000000000000e+09,-6.815402025471761771e-02,1.229647701152634248e-01,9.522829756403969892e-01,2.103120888595362559e-01
2.675465000000000000e+09,-6.745946734020182023e-02,1.235068487583531743e-01,9.541728251201119226e-01,1.994961723762588290e-01
2.680464000000000000e+09,-6.675705184312540064e-02,1.240361268642317383e-01,9.559393973628960151e-01,1.886723838170199508e-01
2.685463000000000000e+09,-6.604712259259527818e-02,1.245524495261369768e-01,9.575830068872382972e-01,1.778421462669305952e-01
2.690462000000000000e+09,-6.533003186934173423e-02,1.250556732537379534e-01,9.591039853578301466e-01,1.670068670036872482e-01
2.695461000000000000e+09,-6.460613500952022692e-02,1.255456660668473889e-01,9.605026810413490601e-01,1.561679372631802343e-01
2.700460000000000000e+09,-6.387579000526566464e-02,1.260223075753039157e-01,9.617794582579904938e-01,1.453267320216701797e-01
2.705459000000000000e+09,-6.313935710247363386e-02,1.264854890448894875e-01,9.629346968291918607e-01,1.344846097946251484e-01
2.710458000000000000e+09,-6.239719839628168202e-02,1.269351134491537858e-01,9.639687915220148673e-01,1.236429124523405892e-01
2.715457000000000000e+09,-6.164967742475280232e-02,1.273710955070427031e-01,9.648821514906457120e-01,1.128029650524296212e-01
2.720456000000000000e+09,-6.089715876124000143e-02,1.277933617062421978e-01,9.656751997154879863e-01,1.019660756892704356e-01
2.725455000000000000e+09,-6.014000760593970346e-02,1.282018503121581110e-01,9.663483724403117980e-01,9.113353536048342252e-02
2.730454000000000000e+09,-5.937858937713634544e-02,1.285965113624819023e-01,9.669021186079418406e-01,8.030661785049404700e-02
2.735453000000000000e+09,-5.861326930264409291e-02,1.289773066473009488e-01,9.673368992949602507e-01,6.948657963124633963e-02
2.740452000000000000e+09,-5.784441201195480303e-02,1.293442096747316750e-01,9.676531871459116418e-01,5.867465978008704758e-02
2.745451000000000000e+09,-5.707238112961119519e-02,1.296972056220746516e-01,9.678514658074950372e-01,4.787207991485602915e-02
2.750450000000000000e+09,-5.629753887031770099e-02,1.300362912725026021e-01,9.679322293632299790e-01,3.708004414620104383e-02
2.755449000000000000e+09,-5.552024563630612863e-02,1.303614749373205040e-01,9.678959817690964140e-01,2.629973904710503421e-02
2.760448000000000000e+09,-5.474085961747992418e-02,1.306727763638447226e-01,9.677432362906394081e-01,1.553233363963293576e-02
2.765447000000000000e+09,-5.395973639484823170e-02,1.309702266289748673e-01,9.674745149420357349e-01,4.778979398844849548e-03
2.770446000000000000e+09,-5.317722854777395813e-02,1.312538680185465489e-01,9.670903479276251602e-01,-5.959189726129533390e-03
2.775445000000000000e+09,-5.239368526555348432e-02,1.315237538925749239e-01,9.665912730864099078e-01,-1.668105727393549842e-02
2.780444000000000000e+09,-5.160945196383871780e-02,1.317799485365163115e-01,9.659778353400200190e-01,-2.738552421579368637e-02
2.785443000000000000e+09,-5.082486990641974650e-02,1.320225269986941286e-01,9.652505861446524227e-01,-3.807150888337971356e-02
2.790442000000000000e+09,-5.004027583287504188e-02,1.322515749140579788e-01,9.644100829474899772e-01,-4.873794687982418994e-02
2.795441000000000000e+09,-4.925600159259561212e-02,1.324671883144584450e-01,9.634568886481027494e-01,-5.938379097398640422e-02
2.800440000000000000e+09,-4.847237378568294147e-02,1.326694734256417263e-01,9.623915710653399014e-01,-7.000801097809065954e-02
2.805439000000000000e+09,-4.768971341121781837e-02,1.328585464511941039e-01,9.612147024102110082e-01,-8.060959360890287972e-02
2.810438000000000000e+09,-4.690833552338884160e-02,1.330345333436700195e-01,9.599268587652707296e-01,-9.118754233255639552e-02
2.815437000000000000e+09,-4.612854889596001290e-02,1.331975695631708034e-01,9.585286195709987744e-01,-1.017408771932270528e-01
2.820436000000000000e+09,-4.535065569555430526e-02,1.333477998236569373e-01,9.570205671196826414e-01,-1.122686346258364026e-01
2.825435000000000000e+09,-4.457495116421827247e-02,1.334853778272853120e-01,9.554032860572944097e-01,-1.227698672529752427e-01
2.830434000000000000e+09,-4.380172331172099004e-02,1.336104659870963884e-01,9.536773628938651770e-01,-1.332436436662636781e-01
2.835433000000000000e+09,-4.303125261803812662e-02,1.337232351383804418e-01,9.518433855228445317e-01,-1.436890481923869534e-01
2.840432000000000000e+09,-4.226381174645090638e-02,1.338238642390844890e-01,9.499019427499250101e-01,-1.541051806440507099e-01
2.845431000000000000e+09,-4.149966526768550379e-02,1.339125400596178073e-01,9.478536238318338025e-01,-1.644911560561169994e-01
2.850430000000000000e+09,-4.073906939550547140e-02,1.339894568624587501e-01,9.456990180255467893e-01,-1.748461044072014414e-01
2.855429000000000000e+09,-3.998227173415275226e-02,1.340548160719562676e-01,9.434387141484192885e-01,-1.851691703270145484e-01
2.860428000000000000e+09,-3.922951103801949196e-02,1.341088259347489875e-01,9.410733001496797145e-01,-1.954595127897966467e-01
2.865427000000000000e+09,-3.848101698392486503e-02,1.341517011712448915e-01,9.386033626937623220e-01,-2.057163047941216738e-01
2.870426000000000000e+09,-3.773700995634596267e-02,1.341836626186038717e-01,9.360294867559206811e-01,-2.159387330294503526e-01
2.875425000000000000e+09,-3.699770084594457276e-02,1.342049368656969277e-01,9.333522552305713038e-01,-2.261259975297700842e-01
2.880424000000000000e+09,-3.626329086170718141e-02,1.342157558805199824e-01,9.305722485527960774e-01,-2.362773113147159931e-01
2.885423000000000000e+09,-3.553397135700782361e-02,1.342163566305539513e-01,9.276900443334443747e-01,-2.463919000185460506e-01
2.890422000000000000e+09,-3.480992366987448183e-02,1.342069806965872636e-01,9.247062170082299692e-01,-2.564690015073740059e-01
2.895421000000000000e+09,-3.409131897773046843e-02,1.341878738805085125e-01,9.216213375012513032e-01,-2.665078654850953632e-01
2.900420000000000000e+09,-3.337831816686096659e-02,1.341592858076095240e-01,9.184359729033115816e-01,-2.765077530884337831e-01
2.905419000000000000e+09,-3.267107171682719080e-02,1.341214695239383581e-01,9.151506861654352676e-01,-2.864679364715519982e-01
2.910418000000000000e+09,-3.196971960004888619e-02,1.340746810892516072e-01,9.117660358079450189e-01,-2.963876983807024468e-01
2.915417000000000000e+09,-3.127439119673056794e-02,1.340191791661333176e-01,9.082825756454641075e-01,-3.062663317193822232e-01
2.920416000000000000e+09,-3.058520522531379959e-02,1.339552246058448859e-01,9.047008545281768344e-01,-3.161031391045084904e-01
2.925415000000000000e+09,-2.990226968858750861e-02,1.338830800314887992e-01,9.010214160997011001e-01,-3.258974324140870293e-01
2.930414000000000000e+09,-2.922568183559418747e-02,1.338030094190685582e-01,8.972447985718581265e-01,-3.356485323269240428e-01
2.935413000000000000e+09,-2.855552813942596746e-02,1.337152776770363094e-01,8.933715345166781674e-01,-3.453557678548893617e-01
2.940412000000000000e+09,-2.789188429099450500e-02,1.336201502249257378e-01,8.894021506758948981e-01,-3.550184758682957131e-01
2.945411000000000000e+09,-2.723481520883277995e-02,1.335178925716702658e-01,8.853371677882169166e-01,-3.646360006149261257e-01
2.950410000000000000e+09,-2.658437506496217489e-02,1.334087698942092171e-01,8.811771004346319325e-01,-3.742076932332908945e-01
2.955409000000000000e+09,-2.594060732683641651e-02,1.332930466169914563e-01,8.769224569019697935e-01,-3.837329112607015813e-01
2.960408000000000000e+09,-2.530354481535522157e-02,1.331709859929829376e-01,8.725737390649422887e-01,-3.932110181367206581e-01
2.965407000000000000e+09,-2.467320977890410591e-02,1.330428496867897548e-01,8.681314422868786629e-01,-4.026413827026115722e-01
2.970406000000000000e+09,-2.404961398337499348e-02,1.329088973604984347e-01,8.635960553393168260e-01,-4.120233786973763190e-01
2.975405000000000000e+09,-2.343275881807318703e-02,1.327693862628544497e-01,8.589680603406270043e-01,-4.213563842510192337e-01
2.980404000000000000e+09,-2.282263541741298696e-02,1.326245708223686981e-01,8.542479327138110534e-01,-4.306397813756328574e-01
2.985403000000000000e+09,-2.221922479827535130e-02,1.324747022449653533e-01,8.494361411635964476e-01,-4.398729554549542509e-01
2.990402000000000000e+09,-2.162249801287143350e-02,1.323200281167679626e-01,8.445331476729368569e-01,-4.490552947330225808e-01
2.995401000000000000e+09,-2.103241631693528527e-02,1.321607920126134650e-01,8.395394075189971383e-01,-4.581861898025886282e-01
3.000400000000000000e+09,-2.044893135305948448e-02,1.319972331108853481e-01,8.344553693086920187e-01,-4.672650330939113750e-01
3.005399000000000000e+09,-1.987198534894087446e-02,1.318295858152456201e-01,8.292814750338175500e-01,-4.762912183646099140e-01
3.010398000000000000e+09,-1.930151133030005850e-02,1.316580793838406926e-01,8.240181601458033134e-01,-4.852641401912129449e-01
3.015397000000000000e+09,-1.873743334820861250e-02,1.314829375665412248e-01,8.186658536500736050e-01,-4.941831934630847578e-01
3.020396000000000000e+09,-1.817966672053725197e-02,1.313043782507797574e-01,8.132249782200118293e-01,-5.030477728793740777e-01
3.025395000000000000e+09,-1.762811828721711979e-02,1.311226131165222908e-01,8.076959503304753651e-01,-5.118572724496567306e-01
3.030394000000000000e+09,-1.708268667898297719e-02,1.309378473009108201e-01,8.020791804108007295e-01,-5.206110849989471490e-01
3.035393000000000000e+09,-1.654326259925084988e-02,1.307502790731043529e-01,7.963750730172074466e-01,-5.293086016777317493e-01
3.040392000000000000e+09,-1.600972911875791702e-02,1.305600995198171743e-01,7.905840270245059198e-01,-5.379492114776993628e-01
3.045391000000000000e+09,-1.548196198257793116e-02,1.303674922420599291e-01,7.847064358369566506e-01,-5.465323007538226419e-01
3.050390000000000000e+09,-1.495982992909657486e-02,1.301726330635556983e-01,7.787426876181527957e-01,-5.550572527534834988e-01
3.055389000000000000e+09,-1.444319502053023098e-02,1.299756897513068277e-01,7.726931655397297760e-01,-5.635234471532614142e-01
3.060388000000000000e+09,-1.393191298452907401e-02,1.297768217487529907e-01,7.665582480487236339e-01,-5.719302596040779507e-01
3.065387000000000000e+09,-1.342583356641550638e-02,1.295761799219616039e-01,7.603383091533459925e-01,-5.802770612853259680e-01
3.070386000000000000e+09,-1.292480089156677371e-02,1.293739063192652361e-01,7.540337187269403607e-01,-5.885632184686608870e-01
3.075385000000000000e+09,-1.242865383745460871e-02,1.291701339447416663e-01,7.476448428298583249e-01,-5.967880920920635157e-01
3.080384000000000000e+09,-1.193722641482762928e-02,1.289649865459223110e-01,7.411720440489696360e-01,-6.049510373448419021e-01
3.085383000000000000e+09,-1.145034815750905176e-02,1.287585784160886204e-01,7.346156818545013234e-01,-6.130514032641801725e-01
3.090382000000000000e+09,-1.096784452027615119e-02,1.285510142114963394e-01,7.279761129738760994e-01,-6.210885323438782857e-01
3.095381000000000000e+09,-1.048953728426345322e-02,1.283423887838528177e-01,7.212536917822056637e-01,-6.290617601558794458e-01
3.100380000000000000e+09,-1.001524496932959182e-02,1.281327870283477943e-01,7.144487707090620976e-01,-6.369704149852010167e-01
3.105379000000000000e+09,-9.544783252807401142e-03,1.279222837475199881e-01,7.075617006611547577e-01,-6.448138174788580201e-01
3.110378000000000000e+09,-9.077965394054336376e-03,1.277109435312162589e-01,7.005928314604704665e-01,-6.525912803093765202e-01
3.115377000000000000e+09,-8.614602664203776031e-03,1.274988206528845092e-01,6.935425122974838708e-01,-6.603021078534582200e-01
3.120376000000000000e+09,-8.154504780512598916e-03,1.272859589824134885e-01,6.864110921989540204e-01,-6.679455958863673715e-01
3.125375000000000000e+09,-7.697480344688606251e-03,1.270723919157161763e-01,6.791989205098613036e-01,-6.755210312925862270e-01
3.130374000000000000e+09,-7.243337284581267271e-03,1.268581423212246928e-01,6.719063473889734794e-01,-6.830276917932860403e-01
3.135373000000000000e+09,-6.791883298600654914e-03,1.266432225034471726e-01,6.645337243175514219e-01,-6.904648456911203214e-01
3.140372000000000000e+09,-6.342926302236649369e-03,1.264276341837121953e-01,6.570814046206576720e-01,-6.978317516328703674e-01
3.145371000000000000e+09,-5.896274876034863534e-03,1.262113684982012762e-01,6.495497440005160161e-01,-7.051276583904266815e-01
3.150370000000000000e+09,-5.451738714391482846e-03,1.259944060133492694e-01,6.419391010813727538e-01,-7.123518046605826770e-01
3.155369000000000000e+09,-5.009129074513158850e-03,1.257767167586692214e-01,6.342498379652709017e-01,-7.195034188841230582e-01
3.160368000000000000e+09,-4.568259224904234854e-03,1.255582602770309308e-01,6.264823207981364828e-01,-7.265817190846244333e-01
3.165367000000000000e+09,-4.128944892719720906e-03,1.253389856924046475e-01,6.186369203455709398e-01,-7.335859127274358960e-01
3.170366000000000000e+09,-3.691004709340192386e-03,1.251188317950532036e-01,6.107140125777104078e-01,-7.405151965992190499e-01
3.175365000000000000e+09,-3.254260653519208072e-03,1.248977271441339271e-01,6.027139792625151316e-01,-7.473687567084619232e-01
3.180364000000000000e+09,-2.818538491448184004e-03,1.246755901876501066e-01,5.946372085668182317e-01,-7.541457682073317015e-01
3.185363000000000000e+09,-2.383668213092861310e-03,1.244523293996622759e-01,5.864840956644673531e-01,-7.608453953352400934e-01
3.190362000000000000e+09,-1.949484464160319364e-03,1.242278434346567734e-01,5.782550433508584220e-01,-7.674667913844364087e-01
3.195361000000000000e+09,-1.515826973047346973e-03,1.240020212989345061e-01,5.699504626631642923e-01,-7.740090986879661905e-01
3.200360000000000000e+09,-1.082540972139182630e-03,1.237747425388653344e-01,5.615707735055553984e-01,-7.804714486302741783e-01
3.205359000000000000e+09,-6.494776128225777066e-04,1.235458774458346037e-01,5.531164052786367025e-01,-7.868529616807475868e-01
3.210358000000000000e+09,-2.164943735838487972e-04,1.233152872776752673e-01,5.445877975124265857e-01,-7.931527474504355135e-01
3.215357000000000000e+09,2.165445394213835566e-04,1.230828244963662887e-01,5.359854005020597834e-01,-7.993699047721902762e-01
3.220356000000000000e+09,6.497677999462266518e-04,1.228483330217541164e-01,5.273096759455006000e-01,-8.055035218044287459e-01
3.225355000000000000e+09,1.083296577983795025e-03,1.226116485010219220e-01,5.185610975824493929e-01,-8.115526761587186222e-01
3.230354000000000000e+09,1.517244165442510227e-03,1.223725985936281319e-01,5.097401518336946991e-01,-8.175164350513340894e-01
3.235353000000000000e+09,1.951715611760440183e-03,1.221310032713959770e-01,5.008473384400961015e-01,-8.233938554789344000e-01
3.240352000000000000e+09,2.386807370027293432e-03,1.218866751334302251e-01,4.918831711003923690e-01,-8.291839844184853980e-01
3.245351000000000000e+09,2.822606954188383761e-03,1.216394197354986745e-01,4.828481781070439460e-01,-8.348858590514947053e-01
3.250350000000000000e+09,3.259192607880722920e-03,1.213890359335179497e-01,4.737429029792684099e-01,-8.404985070126625990e-01
3.255349000000000000e+09,3.696632985445447075e-03,1.211353162407463463e-01,4.645679050924673703e-01,-8.460209466629530217e-01
3.260348000000000000e+09,4.134986845643425293e-03,1.208780471982659893e-01,4.553237603031896064e-01,-8.514521873871390145e-01
3.265347000000000000e+09,4.574302758599329763e-03,1.206170097583363493e-01,4.460110615688128721e-01,-8.567912299157814937e-01
3.270346000000000000e+09,5.014618826466080669e-03,1.203519796801555131e-01,4.366304195610957728e-01,-8.620370666716290486e-01
3.275345000000000000e+09,5.455962418302998974e-03,1.200827279375729084e-01,4.271824632727552751e-01,-8.671886821403633760e-01
3.280344000000000000e+09,5.898349919644569478e-03,1.198090211382590864e-01,4.176678406162194768e-01,-8.722450532656151889e-01
3.285343000000000000e+09,6.341786497204897344e-03,1.195306219538339043e-01,4.080872190137032063e-01,-8.772051498681197046e-01
3.290342000000000000e+09,6.786265879173465458e-03,1.192472895604308053e-01,3.984412859777555216e-01,-8.820679350888822601e-01
3.295341000000000000e+09,7.231770151514821734e-03,1.189587800891601932e-01,3.887307496814368379e-01,-8.868323658561726441e-01
3.300340000000000000e+09,7.678269570681310954e-03,1.186648470859229948e-01,3.789563395172299010e-01,-8.914973933761618508e-01
3.305339000000000000e+09,8.125722393131275950e-03,1.183652419799983146e-01,3.691188066438873538e-01,-8.960619636469577820e-01
3.310338000000000000e+09,8.574074722016883018e-03,1.180597145608303783e-01,3.592189245203091241e-01,-9.005250179958015355e-01
3.315337000000000000e+09,9.023260371395471630e-03,1.177480134624126901e-01,3.492574894256416651e-01,-9.048854936391199644e-01
3.320336000000000000e+09,9.473200748296073739e-03,1.174298866546574366e-01,3.392353209647101520e-01,-9.091423242651484049e-01
3.325335000000000000e+09,9.923804752951667640e-03,1.171050819411302429e-01,3.291532625579747240e-01,-9.132944406387432101e-01
3.330334000000000000e+09,1.037496869748429779e-02,1.167733474625050616e-01,3.190121819151519045e-01,-9.173407712280484683e-01
3.335333000000000000e+09,1.082657624332284026e-02,1.164344322050976793e-01,3.088129714916582613e-01,-9.212802428525883602e-01
3.340332000000000000e+09,1.127849835758698398e-02,1.160880865138129991e-01,2.985565489270748940e-01,-9.251117813523694888e-01
3.345331000000000000e+09,1.173059328868046418e-02,1.157340626088313312e-01,2.882438574647885332e-01,-9.288343122775136740e-01
3.350330000000000000e+09,1.218270656128419074e-02,1.153721151053588578e-01,2.778758663520068395e-01,-9.324467615979482593e-01
3.355329000000000000e+09,1.263467099093833722e-02,1.150020015357428177e-01,2.674535712193454318e-01,-9.359480564326163599e-01
3.360328000000000000e+09,1.308630671836977233e-02,1.146234828732552447e-01,2.569779944391892279e-01,-9.393371257976638189e-01
3.365327000000000000e+09,1.353742126369844069e-02,1.142363240568363414e-01,2.464501854620576582e-01,-9.426129013730071282e-01
3.370326000000000000e+09,1.398780960063602911e-02,1.138402945160760932e-01,2.358712211302068096e-01,-9.457743182866825693e-01
3.375325000000000000e+09,1.443725425076225477e-02,1.134351686957184580e-01,2.252422059676877364e-01,-9.488203159163275391e-01
3.380324000000000000e+09,1.488552539793964666e-02,1.130207265789475862e-01,2.145642724461623574e-01,-9.517498387071104959e-01
3.385323000000000000e+09,1.533238102290743546e-02,1.125967542087324968e-01,2.038385812257316743e-01,-9.545618370054229640e-01
3.390322000000000000e+09,1.577756705806103790e-02,1.121630442064866090e-01,1.930663213700743452e-01,-9.572552679075829740e-01
3.395321000000000000e+09,1.622081756240806305e-02,1.117193962872891910e-01,1.822487105352013081e-01,-9.598290961227921025e-01
3.400320000000000000e+09,1.666185491665884977e-02,1.112656177709371585e-01,1.713869951311851048e-01,-9.622822948495538542e-01
3.405319000000000000e+09,1.710039003838325494e-02,1.108015240880692170e-01,1.604824504561798149e-01,-9.646138466647313781e-01
3.410318000000000000e+09,1.753612261714454501e-02,1.103269392806130456e-01,1.495363808021544227e-01,-9.668227444243798763e-01
3.415317000000000000e+09,1.796874136949446615e-02,1.098416964958033870e-01,1.385501195316896084e-01,-9.689079921754937264e-01
3.420316000000000000e+09,1.839792431366516282e-02,1.093456384730275427e-01,1.275250291253027801e-01,-9.708686060777382831e-01
3.425315000000000000e+09,1.882333906381439617e-02,1.088386180227379207e-01,1.164625011987278635e-01,-9.727036153342475400e-01
3.430314000000000000e+09,1.924464314359423597e-02,1.083204984966942702e-01,1.053639564896564351e-01,-9.744120631305086544e-01
3.435313000000000000e+09,1.966148431883360526e-02,1.077911542487828833e-01,9.423084481339229213e-02,-9.759930075803542326e-01
3.440312000000000000e+09,2.007350094906724947e-02,1.072504710856822668e-01,8.306464498703226840e-02,-9.774455226780401906e-01
3.445311000000000000e+09,2.048032235764092601e-02,1.066983467066257157e-01,7.186686472167196083e-02,-9.787686992553692455e-01
3.450310000000000000e+09,2.088156922006445884e-02,1.061346911315480951e-01,6.063904048228425936e-02,-9.799616459427944459e-01
3.455309000000000000e+09,2.127685397028765066e-02,1.055594271168808634e-01,4.938273731487636403e-02,-9.810234901334147217e-01
3.460308000000000000e+09,2.166578122452606642e-02,1.049724905582880841e-01,3.809954864061847885e-02,-9.819533789487470132e-01
3.465307000000000000e+09,2.204794822224276363e-02,1.043738308796327841e-01,2.679109601663917650e-02,-9.827504802051441057e-01
3.470306000000000000e+09,2.242294528386026484e-02,1.037634114074870717e-01,1.545902886322154945e-02,-9.834139833797082009e-01
3.475305000000000000e+09,2.279035628476364442e-02,1.031412097304868630e-01,4.105024157213360905e-03,-9.839431005745168379e-01
3.480304000000000000e+09,2.314975914510024671e-02,1.025072180428759777e-01,-7.269213908559644249e-03,-9.843370674779776675e-01
3.485303000000000000e+09,2.350072633488906743e-02,1.018614434715665734e-01,-1.866195429997574359e-02,-9.845951443221080401e-01
3.490302000000000000e+09,2.384282539389251734e-02,1.012039083860809124e-01,-3.007143955052242121e-02,-9.847166168345019566e-01
3.495301000000000000e+09,2.417561946570766229e-02,1.005346506907395243e-01,-4.149588620444709386e-02,-9.847007971837574702e-01
3.500300000000000000e+09,2.449866784547262769e-02,9.985372409848691788e-02,-5.293348529416200959e-02,-9.845470249171150989e-01
3.505299000000000000e+09,2.481152654059759835e-02,9.916119838575737644e-02,-6.438240285186644374e-02,-9.842546678890410350e-01
3.510298000000000000e+09,2.511374884387080827e-02,9.845715962780697550e-02,-7.584078045529568657e-02,-9.838231231794832832e-01
3.515297000000000000e+09,2.540488591827702591e-02,9.774171041395836312e-02,-8.730673580744996443e-02,-9.832518180005334063e-01
3.520296000000000000e+09,2.568448739285332863e-02,9.701497004221419640e-02,-9.877836335013306934e-02,-9.825402105901984706e-01
3.525295000000000000e+09,2.595210196885549062e-02,9.627707469274016105e-02,-1.102537349110399439e-01,-9.816877910920024375e-01
3.530294000000000000e+09,2.620727803551626059e-02,9.552817757971601709e-02,-1.217309003841459819e-01,-9.806940824191304751e-01
3.535293000000000000e+09,2.644956429462765740e-02,9.476844908109897936e-02,-1.332078884430132337e-01,-9.795586411018145645e-01
3.540292000000000000e+09,2.667851039317037376e-02,9.399807684585656520e-02,-1.446827072866674613e-01,-9.782810581166897501e-01
3.545291000000000000e+09,2.689366756319840068e-02,9.321726587825418520e-02,-1.561533454175773605e-01,-9.768609596968278463e-01
3.550290000000000000e+09,2.709458926814175411e-02,9.242623859881700377e-02,-1.676177724512643574e-01,-9.752980081211719554e-01
3.555289000000000000e+09,2.728083185470226574e-02,9.162523488160868868e-02,-1.790739399569738766e-01,-9.735919024821175771e-01
3.560288000000000000e+09,2.745195520947755694e-02,9.081451206749943661e-02,-1.905197823288286851e-01,-9.717423794299590023e-01
3.565287000000000000e+09,2.760752341943097793e-02,8.999434495312903792e-02,-2.019532176868113482e-01,-9.697492138929840744e-01
3.570286000000000000e+09,2.774710543532556487e-02,8.916502575529978991e-02,-2.133721488068544558e-01,-9.676122197719706497e-01
3.575285000000000000e+09,2.787027573720504345e-02,8.832686405056992818e-02,-2.247744640793105653e-01,-9.653312506078861599e-01
3.580284000000000000e+09,2.797661500100112608e-02,8.748018668985048374e-02,-2.361580384949473199e-01,-9.629062002215982297e-01
3.585283000000000000e+09,2.806571076533290535e-02,8.662533768783729771e-02,-2.475207346576602241e-01,-9.603370033244176263e-01
3.590282000000000000e+09,2.813715809755016825e-02,8.576267808715817842e-02,-2.588604038229429527e-01,-9.576236360983646501e-01
3.595281000000000000e+09,2.819056025806262675e-02,8.489258579713405972e-02,-2.701748869611702575e-01,-9.547661167449945641e-01
3.600280000000000000e+09,2.822552936198433754e-02,8.401545540710661508e-02,-2.814620158446635156e-01,-9.517645060017609904e-01
3.605279000000000000e+09,2.824168703713143130e-02,8.313169797431123331e-02,-2.927196141575020283e-01,-9.486189076248059404e-01
3.610278000000000000e+09,2.823866507737412407e-02,8.224174078631073248e-02,-3.039454986269212733e-01,-9.453294688372106958e-01
3.615277000000000000e+09,2.821610609037475056e-02,8.134602709805605070e-02,-3.151374801751703481e-01,-9.418963807416912415e-01
3.620276000000000000e+09,2.817366413871537356e-02,8.044501584366627045e-02,-3.262933650905930905e-01,-9.383198786968344196e-01
3.625275000000000000e+09,2.811100537342285655e-02,7.953918132306334043e-02,-3.374109562167069143e-01,-9.346002426559464338e-01
3.630274000000000000e+09,2.802780865891438961e-02,7.862901286363983833e-02,-3.484880541579423729e-01,-9.307377974676920296e-01
3.635273000000000000e+09,2.792376618836212021e-02,7.771501445717761414e-02,-3.595224585007364970e-01,-9.267329131376987883e-01
3.640272000000000000e+09,2.779858408850004528e-02,7.679770437226850210e-02,-3.705119690485730866e-01,-9.225860050503874588e-01
3.645271000000000000e+09,2.765198301289828117e-02,7.587761474253554295e-02,-3.814543870695691896e-01,-9.182975341503119004e-01
3.650270000000000000e+09,2.748369872272380526e-02,7.495529113099407004e-02,-3.923475165551318922e-01,-9.138680070823700374e-01
3.655269000000000000e+09,2.729348265403275589e-02,7.403129207092810915e-02,-4.031891654882043818e-01,-9.092979762902843044e-01
3.660268000000000000e+09,2.708110247064264217e-02,7.310618858369050121e-02,-4.139771471195768937e-01,-9.045880400728227855e-01
3.665267000000000000e+09,2.684634260163726305e-02,7.218056367390131289e-02,-4.247092812507060056e-01,-8.997388425972712156e-01
3.670266000000000000e+09,2.658900476258778747e-02,7.125501180252237499e-02,-4.353833955214553852e-01,-8.947510738697472821e-01
3.675265000000000000e+09,2.630890845957333316e-02,7.033013833835330408e-02,-4.459973267011512754e-01,-8.896254696620153890e-01
3.680264000000000000e+09,2.600589147511372934e-02,6.940655898852360339e-02,-4.565489219813442801e-01,-8.843628113944798086e-01
3.685263000000000000e+09,2.567981033514257772e-02,6.848489920858698288e-02,-4.670360402685949652e-01,-8.789639259751725886e-01
3.690262000000000000e+09,2.533054075615944964e-02,6.756579359287312458e-02,-4.774565534756357033e-01,-8.734296855945434812e-01
3.695261000000000000e+09,2.495797807174886945e-02,6.664988524577825091e-02,-4.878083478092327674e-01,-8.677610074759924963e-01
3.700260000000000000e+09,2.456203763764675668e-02,6.573782513472492539e-02,-4.980893250530445404e-01,-8.619588535821017805e-01
3.705259000000000000e+09,2.414265521458775279e-02,6.483027142553446365e-02,-5.082974038437952924e-01,-8.560242302766319922e-01
3.710258000000000000e+09,2.369978732817389772e-02,6.392788880102130700e-02,-5.184305209390337454e-01,-8.499581879424001896e-01
3.715257000000000000e+09,2.323341160505902614e-02,6.303134776361667135e-02,-5.284866324747978794e-01,-8.437618205552279704e-01
3.720256000000000000e+09,2.274352708473476384e-02,6.214132392288319873e-02,-5.384637152114829517e-01,-8.374362652142268715e-01
3.725255000000000000e+09,2.223015450629578504e-02,6.125849726881602009e-02,-5.483597677661796732e-01,-8.309827016287543167e-01
3.730254000000000000e+09,2.169333656952411246e-02,6.038355143182690815e-02,-5.581728118298453500e-01,-8.244023515624520071e-01
3.735253000000000000e+09,2.113313816973618614e-02,5.951717293037368794e-02,-5.679008933675787629e-01,-8.176964782348433713e-01
3.740252000000000000e+09,2.054964660582131800e-02,5.866005040718753200e-02,-5.775420838003836321e-01,-8.108663856810301995e-01
3.745251000000000000e+09,1.994297176096845522e-02,5.781287385510593124e-02,-5.870944811667305752e-01,-8.039134180701378307e-01
3.750250000000000000e+09,1.931324625560828720e-02,5.697633383352117276e-02,-5.965562112623226110e-01,-7.968389589831716968e-01
3.755249000000000000e+09,1.866062557212450762e-02,5.615112067648082850e-02,-6.059254287564688202e-01,-7.896444306510624900e-01
3.760248000000000000e+09,1.798528815095917430e-02,5.533792369350724882e-02,-6.152003182834714368e-01,-7.823312931537325099e-01
3.765247000000000000e+09,1.728743545774882179e-02,5.453743036419950174e-02,-6.243790955075166904e-01,-7.749010435810753661e-01
3.770246000000000000e+09,1.656729202118787173e-02,5.375032552772598254e-02,-6.334600081595312959e-01,-7.673552151568251434e-01
3.775245000000000000e+09,1.582510544135792840e-02,5.297729056829469235e-02,-6.424413370445872795e-01,-7.596953763263201154e-01
3.780244000000000000e+09,1.506114636829644637e-02,5.221900259774043401e-02,-6.513213970183777679e-01,-7.519231298092973192e-01
3.785243000000000000e+09,1.427570845064167655e-02,5.147613363633961325e-02,-6.600985379314132651e-01,-7.440401116188259945e-01
3.790242000000000000e+09,1.346910825420789132e-02,5.074934979300239207e-02,-6.687711455395991544e-01,-7.360479900476358806e-01
3.795241000000000000e+09,1.264168515042979508e-02,5.003931044598218525e-02,-6.773376423799019053e-01,-7.279484646230784950e-01
3.800240000000000000e+09,1.179380117461565486e-02,4.934666742524330962e-02,-6.857964886098826263e-01,-7.197432650320844116e-01
3.805239000000000000e+09,1.092584085403489925e-02,4.867206419765306852e-02,-6.941461828099027009e-01,-7.114341500174622412e-01
3.810238000000000000e+09,1.003821100588883630e-02,4.801613505613094857e-02,-7.023852627469021614e-01,-7.030229062470032542e-01
3.815237000000000000e+09,9.131340505266620153e-03,4.737950431391710349e-02,-7.105123060986682226e-01,-6.945113471568449270e-01
3.820236000000000000e+09,8.205680023228301145e-03,4.676278550509917198e-02,-7.185259311376152036e-01,-6.859013117706400653e-01
3.825235000000000000e+09,7.261701735228431702e-03,4.616658059253713614e-02,-7.264247973731294827e-01,-6.771946634960807065e-01
3.830234000000000000e+09,6.299899000093375258e-03,4.559147918431468577e-02,-7.342076061516014107e-01,-6.683932889004011724e-01
3.835233000000000000e+09,5.320786009849532740e-03,4.503805775985279120e-02,-7.418731012133781277e-01,-6.594990964664900757e-01
3.840232000000000000e+09,4.324897410740663126e-03,4.450687890676947867e-02,-7.494200692058518021e-01,-6.505140153312842788e-01
3.845231000000000000e+09,3.312787895787977846e-03,4.399849056961074173e-02,-7.568473401520775523e-01,-6.414399940081770835e-01
3.850230000000000000e+09,2.285031769324799913e-03,4.351342531150981935e-02,-7.641537878742827861e-01,-6.322789990951422912e-01
3.855229000000000000e+09,1.242222483953063896e-03,4.305219958985630202e-02,-7.713383303718041040e-01,-6.230330139703451620e-01
3.860228000000000000e+09,1.849721504407582839e-04,4.261531304700207079e-02,-7.783999301529523906e-01,-6.137040374770217355e-01
3.865227000000000000e+09,-8.860889789271911982e-04,4.220324781704085787e-02,-7.853375945204827957e-01,-6.042940825994165266e-01
3.870226000000000000e+09,-1.970313052933012152e-03,4.181646784965897812e-02,-7.921503758103753956e-01,-5.948051751315690527e-01
3.875225000000000000e+09,-3.067035189350250397e-03,4.145541825202488789e-02,-7.988373715836775135e-01,-5.852393523407940501e-01
3.880224000000000000e+09,-4.175574067533458465e-03,4.112052464967896198e-02,-8.053977247713157706e-01,-5.755986616276566048e-01
3.885223000000000000e+09,-5.295232544993735448e-03,4.081219256734490430e-02,-8.118306237717708429e-01,-5.658851591842715134e-01
3.890222000000000000e+09,-6.425298297223975760e-03,4.053080683054884059e-02,-8.181353025016756542e-01,-5.561009086527588519e-01
3.895221000000000000e+09,-7.565044480020184994e-03,4.027673098892328718e-02,-8.243110403993774149e-01,-5.462479797856507613e-01
3.900220000000000000e+09,-8.713730413498391170e-03,4.005030676202012835e-02,-8.303571623816734526e-01,-5.363284471101135154e-01
3.905219000000000000e+09,-9.870602286992243360e-03,3.985185350844061558e-02,-8.362730387539274446e-01,-5.263443885977264758e-01
3.910218000000000000e+09,-1.103489388397048063e-02,3.968166771903927637e-02,-8.420580850739062262e-01,-5.162978843416314856e-01
3.915217000000000000e+09,-1.220582732610915946e-02,3.954002253495050856e-02,-8.477117619697092099e-01,-5.061910152428434895e-01
3.920216000000000000e+09,-1.338261383559428454e-02,3.942716729112356183e-02,-8.532335749122582635e-01,-4.960258617074253529e-01
3.925215000000000000e+09,-1.456445451474794664e-02,3.934332708602945872e-02,-8.586230739428669656e-01,-4.858045023562963527e-01
3.930214000000000000e+09,-1.575054114200606648e-02,3.928870237816808192e-02,-8.638798533565189564e-01,-4.755290127493286279e-01
3.935213000000000000e+09,-1.694005698329376086e-02,3.926346860996125787e-02,-8.690035513414848811e-01,-4.652014641254409444e-01
3.940212000000000000e+09,-1.813217761779618506e-02,3.926777585957295230e-02,-8.739938495760480874e-01,-4.548239221602943250e-01
3.945211000000000000e+09,-1.932607177711500798e-02,3.930174852118393375e-02,-8.788504727831074614e-01,-4.443984457432059720e-01
3.950210000000000000e+09,-2.052090219680482650e-02,3.936548501416880369e-02,-8.835731882435593487e-01,-4.339270857748268595e-01
3.955209000000000000e+09,-2.171582647922599626e-02,3.945905752162897490e-02,-8.881618052693319720e-01,-4.234118839871116591e-01
3.960208000000000000e+09,-2.290999796668400507e-02,3.958251175865357824e-02,-8.926161746370930850e-01,-4.128548717870680340e-01
3.965207000000000000e+09,-2.410256662378408576e-02,3.973586677068226963e-02,-8.969361879836645901e-01,-4.022580691256941177e-01
3.970206000000000000e+09,-2.529267992794062905e-02,3.991911476225534772e-02,-9.011217771642003882e-01,-3.916234833934987281e-01
3.975205000000000000e+09,-2.647948376695214920e-02,4.013222095645384985e-02,-9.051729135743185051e-01,-3.809531083439500199e-01
3.980204000000000000e+09,-2.766212334257375435e-02,4.037512348523380340e-02,-9.090896074373558955e-01,-3.702489230461062930e-01
3.985203000000000000e+09,-2.883974407898878822e-02,4.064773331086734415e-02,-9.128719070579733863e-01,-3.595128908676852308e-01
3.990202000000000000e+09,-3.001149253509784523e-02,4.094993417864187940e-02,-9.165198980434166032e-01,-3.487469584897259223e-01
3.995201000000000000e+09,-3.117651731953189134e-02,4.128158260091809029e-02,-9.200337024937508268e-01,-3.379530549539688233e-01
4.000200000000000000e+09,-3.233397000729966442e-02,4.164250787264214826e-02,-9.234134781624159238e-01,-3.271330907440214708e-01
4.005199000000000000e+09,-3.348300605698415616e-02,4.203251211834103940e-02,-9.266594175885303208e-01,-3.162889569012834468e-01
4.010198000000000000e+09,-3.462278572740244698e-02,4.245137037059699969e-02,-9.297717472023371288e-01,-3.054225241765880505e-01
4.015197000000000000e+09,-3.575247499263832507e-02,4.289883067997208449e-02,-9.327507264052901093e-01,-2.945356422184561285e-01
4.020196000000000000e+09,-3.687124645439788378e-02,4.337461425630540629e-02,-9.355966466262571890e-01,-2.836301387987392730e-01
4.025195000000000000e+09,-3.797828025059247353e-02,4.387841564127668847e-02,-9.383098303553348840e-01,-2.727078190764254395e-01
4.030194000000000000e+09,-3.907276495910739361e-02,4.440990291208327806e-02,-9.408906301568451536e-01,-2.617704649003140260e-01
4.035193000000000000e+09,-4.015389849569868386e-02,4.496871791606039948e-02,-9.433394276630491238e-01,-2.508198341511573282e-01
4.040192000000000000e+09,-4.122088900498832587e-02,4.555447653602920366e-02,-9.456566325501523096e-01,-2.398576601238563699e-01
4.045191000000000000e+09,-4.227295574350720814e-02,4.616676898611593582e-02,-9.478426814981869564e-01,-2.288856509501860370e-01
4.050190000000000000e+09,-4.330932995379938033e-02,4.680516013777862028e-02,-9.498980371363715536e-01,-2.179054890625113095e-01
4.055189000000000000e+09,-4.432925572855811458e-02,4.746918987572151805e-02,-9.518231869755673369e-01,-2.069188306988545833e-01
4.060188000000000000e+09,-4.533199086381832499e-02,4.815837348334916362e-02,-9.536186423294031878e-01,-1.959273054496022959e-01
4.065187000000000000e+09,-4.631680770023371280e-02,4.887220205740958057e-02,-9.552849372257267158e-01,-1.849325158461359864e-01
4.070186000000000000e+09,-4.728299395146330630e-02,4.961014295140087765e-02,-9.568226273099730284e-01,-1.739360369915285143e-01
4.075185000000000000e+09,-4.822985351873940174e-02,5.037164024732998513e-02,-9.582322887420784419e-01,-1.629394162334621698e-01
4.080184000000000000e+09,-4.915670729069439998e-02,5.115611525535627285e-02,-9.595145170885286401e-01,-1.519441728793733681e-01
4.085183000000000000e+09,-5.006289392751184925e-02,5.196296704084746310e-02,-9.606699262111676463e-01,-1.409517979538890409e-01
4.090182000000000000e+09,-5.094777062854068811e-02,5.279157297832164086e-02,-9.616991471543565595e-01,-1.299637539984304369e-01
4.095181000000000000e+09,-5.181071388248145032e-02,5.364128933176191133e-02,-9.626028270320458047e-01,-1.189814749128983717e-01
4.100180000000000000e+09,-5.265112019929463899e-02,5.451145186072841459e-02,-9.633816279163600615e-01,-1.080063658392234199e-01
4.105179000000000000e+09,-5.346840682299814490e-02,5.540137645168750902e-02,-9.640362257292405257e-01,-9.703980308658140264e-02
4.110178000000000000e+09,-5.426201242453298351e-02,5.631035977396380704e-02,-9.645673091386733899e-01,-8.608313409795152749e-02
4.115177000000000000e+09,-5.503139777389896153e-02,5.723767995967599803e-02,-9.649755784610304366e-01,-7.513767745766754269e-02
4.120176000000000000e+09,-5.577604639080200460e-02,5.818259730700664489e-02,-9.652617445710383048e-01,-6.420472293956221155e-02
4.125175000000000000e+09,-5.649546517302386772e-02,5.914435500615174840e-02,-9.654265278208182810e-01,-5.328553159524579419e-02
4.130174000000000000e+09,-5.718918500181190828e-02,6.012217988723840556e-02,-9.654706569694777585e-01,-4.238133588200863888e-02
4.135173000000000000e+09,-5.785676132355267731e-02,6.111528318951977429e-02,-9.653948681246633523e-01,-3.149333982979063418e-02
4.140172000000000000e+09,-5.849777470703704241e-02,6.212286135110521579e-02,-9.651999036974794333e-01,-2.062271924658686320e-02
4.145171000000000000e+09,-5.911183137565469842e-02,6.314409681849320055e-02,-9.648865113721546427e-01,-9.770621961669667677e-03
4.150170000000000000e+09,-5.969856371385256349e-02,6.417815887512402784e-02,-9.644554430917509080e-01,1.061831894112700387e-03
4.155169000000000000e+09,-6.025763074723020085e-02,6.522420448818878891e-02,-9.639074540612942998e-01,1.187354957167847426e-02
4.160168000000000000e+09,-6.078871859566078312e-02,6.628137917288372261e-02,-9.632433017695399835e-01,2.266346535151509203e-02
4.165167000000000000e+09,-6.129154089885992945e-02,6.734881787329391467e-02,-9.624637450306192665e-01,3.343054015675998858e-02
4.170166000000000000e+09,-6.176583921381324088e-02,6.842564585908629538e-02,-9.615695430468450544e-01,4.417376113242060115e-02
4.175165000000000000e+09,-6.221138338353895958e-02,6.951097963715326122e-02,-9.605614544937199906e-01,5.489214119168181472e-02
4.180164000000000000e+09,-6.262797187665243570e-02,7.060392787734182107e-02,-9.594402366284082717e-01,6.558471853022219966e-02
4.185163000000000000e+09,-6.301543209722919314e-02,7.170359235140690013e-02,-9.582066444226704505e-01,7.625055610952863328e-02
4.190162000000000000e+09,-6.337362066449585274e-02,7.280906888427381152e-02,-9.568614297213670072e-01,8.688874111023602020e-02
4.195161000000000000e+09,-6.370242366188681726e-02,7.391944831672221661e-02,-9.554053404275317796e-01,9.749838435656524305e-02
4.200160000000000000e+09,-6.400175685502940137e-02,7.503381747855507322e-02,-9.538391197149778122e-01,1.080786197128944803e-01
4.205159000000000000e+09,-6.427156587826221568e-02,7.615126017132829717e-02,-9.521635052693946388e-01,1.186286034536375711e-01
4.210158000000000000e+09,-6.451182638927767388e-02,7.727085815968307014e-02,-9.503792285588051891e-01,1.291475136075262986e-01
4.215157000000000000e+09,-6.472254419154029048e-02,7.839169217031773107e-02,-9.484870141342263139e-01,1.396345492775099839e-01
4.220156000000000000e+09,-6.490375532414388582e-02,7.951284289763577151e-02,-9.464875789613713675e-01,1.500889299374346120e-01
4.225155000000000000e+09,-6.505552611877084279e-02,8.063339201505734244e-02,-9.443816317841193797e-01,1.605098947067451209e-01
4.230154000000000000e+09,-6.517795322348686471e-02,8.175242319101057309e-02,-9.421698725204809000e-01,1.708967016044496690e-01
4.235153000000000000e+09,-6.527116359309553806e-02,8.286902310858251797e-02,-9.398529916917307547e-01,1.812486267836087572e-01
4.240152000000000000e+09,-6.533531444579887548e-02,8.398228248778853711e-02,-9.374316698853401020e-01,1.915649637476523615e-01
4.245151000000000000e+09,-6.537059318598316404e-02,8.509129710944138281e-02,-9.349065772522830997e-01,2.018450225498001349e-01
4.250150000000000000e+09,-6.537721729290155159e-02,8.619516883954427000e-02,-9.322783730392318891e-01,2.120881289769388778e-01
4.255149000000000000e+09,-6.535543417512752751e-02,8.729300665316513941e-02,-9.295477051561736870e-01,2.222936237192814357e-01
4.260148000000000000e+09,-6.530552099062957028e-02,8.838392765668791340e-02,-9.267152097798324606e-01,2.324608615271580581e-01
4.265147000000000000e+09,-6.522778443235799362e-02,8.946705810738660170e-02,-9.237815109933253943e-01,2.425892103563206947e-01
4.270146000000000000e+09,-6.512256047929802782e-02,9.054153442918838612e-02,-9.207472204624008727e-01,2.526780505030999380e-01
4.275145000000000000e+09,-6.499021411289657157e-02,9.160650422354582600e-02,-9.176129371485127750e-01,2.627267737308812690e-01
4.280144000000000000e+09,-6.483113899890080578e-02,9.266112727427931739e-02,-9.143792470590373922e-01,2.727347823891930201e-01
4.285143000000000000e+09,-6.464575713459042028e-02,9.370457654526921643e-02,-9.110467230347772949e-01,2.827014885268994693e-01
4.290142000000000000e+09,-6.443451846146640294e-02,9.473603916984621454e-02,-9.076159245749292337e-01,2.926263130008781577e-01
4.295141000000000000e+09,-6.419790044347599423e-02,9.575471743075923692e-02,-9.040873976996328665e-01,3.025086845815647685e-01
4.300140000000000000e+09,-6.393640761089759705e-02,9.675982972953520167e-02,-9.004616748501054202e-01,3.123480390568531551e-01
4.305139000000000000e+09,-6.365057107002608516e-02,9.775061154408483388e-02,-8.967392748263990354e-01,3.221438183356866158e-01
4.310138000000000000e+09,-6.334094797886063999e-02,9.872631637337954402e-02,-8.929207027627318327e-01,3.318954695528488208e-01
4.315137000000000000e+09,-6.300812098900362979e-02,9.968621666803055559e-02,-8.890064501402766828e-01,3.416024441763012010e-01
4.320136000000000000e+09,-6.265269765405141744e-02,1.006296047455807058e-01,-8.849969948372679029e-01,3.512641971185168077e-01
4.325135000000000000e+09,-6.227530980475579764e-02,1.015557936893306673e-01,-8.808928012162321464e-01,3.608801858532186824e-01
4.330134000000000000e+09,-6.187661289131736464e-02,1.024641182295167319e-01,-8.766943202481007891e-01,3.704498695389207286e-01
4.335133000000000000e+09,-6.145728529318304767e-02,1.033539356056331071e-01,-8.724019896728590906e-01,3.799727081506882875e-01
4.340132000000000000e+09,-6.101802759675976906e-02,1.042246264087424157e-01,-8.680162341964664519e-01,3.894481616214670039e-01
4.345131000000000000e+09,-6.055956184152774119e-02,1.050755954025534011e-01,-8.635374657235640461e-01,3.988756889943986805e-01
4.350130000000000000e+09,-6.008263073504609142e-02,1.059062723220918489e-01,-8.589660836255736953e-01,4.082547475874768739e-01
4.355129000000000000e+09,-5.958799683740541309e-02,1.067161126487944089e-01,-8.543024750436630788e-01,4.175847921718796596e-01
4.360128000000000000e+09,-5.907644171572953851e-02,1.075045983608226424e-01,-8.495470152260394814e-01,4.268652741653293226e-01
4.365127000000000000e+09,-5.854876506934939689e-02,1.082712386574534030e-01,-8.447000678989702305e-01,4.360956408417832053e-01
4.370126000000000000e+09,-5.800578382636086688e-02,1.090155706563616378e-01,-8.397619856708772312e-01,4.452753345587751599e-01
4.375125000000000000e+09,-5.744833121227657657e-02,1.097371600626507598e-01,-8.347331104688147096e-01,4.544037920036548273e-01
4.380124000000000000e+09,-5.687725579157178191e-02,1.104356018084995394e-01,-8.296137740065713251e-01,4.634804434599990031e-01
4.385123000000000000e+09,-5.629342048292518969e-02,1.111105206622850228e-01,-8.244042982836332634e-01,4.725047120954213864e-01
4.390122000000000000e+09,-5.569770154907240783e-02,1.117615718060811641e-01,-8.191049961141099178e-01,4.814760132719628771e-01
4.395121000000000000e+09,-5.509098756214680231e-02,1.123884413804388943e-01,-8.137161716848048121e-01,4.903937538802553564e-01
4.400120000000000000e+09,-5.447417834552294169e-02,1.129908469953744277e-01,-8.082381211414363387e-01,4.992573316986024801e-01
4.405119000000000000e+09,-5.384818389316035903e-02,1.135685382065182991e-01,-8.026711332020535217e-01,5.080661347780613957e-01
4.410118000000000000e+09,-5.321392326751281376e-02,1.141212969554119411e-01,-7.970154897966336138e-01,5.168195408546285563e-01
4.415117000000000000e+09,-5.257232347715330018e-02,1.146489379729263847e-01,-7.912714667317577444e-01,5.255169167895316074e-01
4.420116000000000000e+09,-5.192431833523639823e-02,1.151513091448742587e-01,-7.854393343792798188e-01,5.341576180386957695e-01
4.425115000000000000e+09,-5.127084730004762697e-02,1.156282918388549241e-01,-7.795193583878426979e-01,5.427409881522445856e-01
4.430114000000000000e+09,-5.061285429888823933e-02,1.160798011914335320e-01,-7.735118004159984295e-01,5.512663583050295690e-01
4.435113000000000000e+09,-4.995128653659507145e-02,1.165057863548101119e-01,-7.674169188857693502e-01,5.597330468590493435e-01
4.440112000000000000e+09,-4.928709329006832757e-02,1.169062307021317554e-01,-7.612349697553212335e-01,5.681403589585450886e-01
4.445111000000000000e+09,-4.862122469019298371e-02,1.172811519906822031e-01,-7.549662073094647319e-01,5.764875861585897487e-01
4.450110000000000000e+09,-4.795463049259329064e-02,1.176306024822127427e-01,-7.486108849666678333e-01,5.847740060879113022e-01
4.455109000000000000e+09,-4.728825883872549846e-02,1.179546690197196823e-01,-7.421692561011263845e-01,5.929988821465507209e-01
4.460108000000000000e+09,-4.662305500881590292e-02,1.182534730600216799e-01,-7.356415748786035991e-01,6.011614632390906987e-01
4.465107000000000000e+09,-4.595996016821457530e-02,1.185271706615834003e-01,-7.290280971045051128e-01,6.092609835439286581e-01
4.470106000000000000e+09,-4.529991010878067076e-02,1.187759524270127348e-01,-7.223290810827613928e-01,6.172966623191674662e-01
4.475105000000000000e+09,-4.464383398693409777e-02,1.190000433997789736e-01,-7.155447884840603345e-01,6.252677037455390829e-01
4.480104000000000000e+09,-4.399265306003923015e-02,1.191997029147466441e-01,-7.086754852218798417e-01,6.331732968067961265e-01
4.485103000000000000e+09,-4.334727942284596208e-02,1.193752244021487052e-01,-7.017214423348153707e-01,6.410126152078552408e-01
4.490102000000000000e+09,-4.270861474570998573e-02,1.195269351447327405e-01,-6.946829368736435750e-01,6.487848173310224453e-01
4.495101000000000000e+09,-4.207754901636488049e-02,1.196551959878448951e-01,-6.875602527915719575e-01,6.564890462304620034e-01
4.500100000000000000e+09,-4.145495928703585992e-02,1.197604010023108762e-01,-6.803536818361105576e-01,6.641244296650837819e-01
4.505099000000000000e+09,-4.084170842869662421e-02,1.198429771000119604e-01,-6.730635244409185480e-01,6.716900801699032808e-01
4.510098000000000000e+09,-4.023864389430775734e-02,1.199033836021784483e-01,-6.656900906161596909e-01,6.791850951659141877e-01
4.515097000000000000e+09,-3.964659649287872317e-02,1.199421117604243664e-01,-6.582337008356266006e-01,6.866085571083909711e-01
4.520096000000000000e+09,-3.906637917621282735e-02,1.199596842306969030e-01,-6.506946869191481131e-01,6.939595336735353559e-01
4.525095000000000000e+09,-3.849878584019798128e-02,1.199566545003406537e-01,-6.430733929086392964e-01,7.012370779832283185e-01
4.530094000000000000e+09,-3.794459014252184181e-02,1.199336062685758542e-01,-6.353701759361903845e-01,7.084402288676779902e-01
4.535093000000000000e+09,-3.740454433868115741e-02,1.198911527807566130e-01,-6.275854070826906161e-01,7.155680111656027576e-01
4.540092000000000000e+09,-3.687937813816187516e-02,1.198299361168822241e-01,-6.197194722252922228e-01,7.226194360615647572e-01
4.545091000000000000e+09,-3.636979758266122714e-02,1.197506264348732474e-01,-6.117727728722860414e-01,7.295935014600100077e-01
4.550090000000000000e+09,-3.587648394820112246e-02,1.196539211692476817e-01,-6.037457269837822604e-01,7.364891923954384190e-01
4.555089000000000000e+09,-3.540009267299044221e-02,1.195405441858868462e-01,-5.956387697766882816e-01,7.433054814781476782e-01
4.560088000000000000e+09,-3.494125231286308864e-02,1.194112448936730242e-01,-5.874523545125074353e-01,7.500413293748625643e-01
4.565087000000000000e+09,-3.450056352609149474e-02,1.192667973138585719e-01,-5.791869532664938314e-01,7.566956853235154989e-01
4.570086000000000000e+09,-3.407859808937665352e-02,1.191079991081131495e-01,-5.708430576767118403e-01,7.632674876814020681e-01
4.575085000000000000e+09,-3.367589794674723941e-02,1.189356705662753255e-01,-5.624211796716229728e-01,7.697556645058186708e-01
4.580084000000000000e+09,-3.329297429311289802e-02,1.187506535549015946e-01,-5.539218521748373592e-01,7.761591341662873456e-01
4.585083000000000000e+09,-3.293030669413533895e-02,1.185538104278085758e-01,-5.453456297856752455e-01,7.824768059873642434e-01
4.590082000000000000e+09,-3.258834224408399538e-02,1.183460228998658575e-01,-5.366930894343237002e-01,7.887075809210057908e-01
4.595081000000000000e+09,-3.226749476323736293e-02,1.181281908853699936e-01,-5.279648310102812436e-01,7.948503522473626681e-01
4.600080000000000000e+09,-3.196814403643764846e-02,1.179012313024201397e-01,-5.191614779629717402e-01,8.009040063028874945e-01
4.605079000000000000e+09,-3.169063509422100078e-02,1.176660768447787969e-01,-5.102836778733645939e-01,8.068674232344965613e-01
4.610078000000000000e+09,-3.143527753804582769e-02,1.174236747227613009e-01,-5.013321029955279950e-01,8.127394777785876823e-01
4.615077000000000000e+09,-3.120234491091630757e-02,1.171749853747970360e-01,-4.923074507671009181e-01,8.185190400635332653e-01
4.620076000000000000e+09,-3.099207411478951263e-02,1.169209811513373248e-01,-4.832104442877314665e-01,8.242049764343765128e-01
4.625075000000000000e+09,-3.080466487595826322e-02,1.166626449728579012e-01,-4.740418327645684604e-01,8.297961502982651449e-01
4.630074000000000000e+09,-3.064027925963081281e-02,1.164009689637823530e-01,-4.648023919240004687e-01,8.352914229892306475e-01
4.635073000000000000e+09,-3.049904123477912080e-02,1.161369530641806896e-01,-4.554929243888204971e-01,8.406896546508285661e-01
4.640072000000000000e+09,-3.038103629029956579e-02,1.158716036211741851e-01,-4.461142600202134267e-01,8.459897051351572550e-01
4.645071000000000000e+09,-3.028631110343773733e-02,1.156059319620040965e-01,-4.366672562238300692e-01,8.511904349166721229e-01
4.650070000000000000e+09,-3.021487326132670653e-02,1.153409529508017950e-01,-4.271527982194598949e-01,8.562907060192932462e-01
4.655069000000000000e+09,-3.016669103643430244e-02,1.150776835310826501e-01,-4.175717992737970619e-01,8.612893829552163982e-01
4.660068000000000000e+09,-3.014169321661714848e-02,1.148171412561098947e-01,-4.079252008958917930e-01,8.661853336737563858e-01
4.665067000000000000e+09,-3.013976899036033275e-02,1.145603428092169529e-01,-3.982139729949391582e-01,8.709774305187534260e-01
4.670066000000000000e+09,-3.016076788776358292e-02,1.143083025162578287e-01,-3.884391140001625664e-01,8.756645511927493297e-01
4.675065000000000000e+09,-3.020449977764752547e-02,1.140620308523870169e-01,-3.786016509425725318e-01,8.802455797264056025e-01
4.680064000000000000e+09,-3.027073492115706435e-02,1.138225329453569357e-01,-3.687026394985426503e-01,8.847194074515348783e-01
4.685063000000000000e+09,-3.035920408206019966e-02,1.135908070775612233e-01,-3.587431639951026985e-01,8.890849339760065195e-01
4.690062000000000000e+09,-3.046959869390600262e-02,1.133678431890585425e-01,-3.487243373770825827e-01,8.933410681590232549e-01
4.695061000000000000e+09,-3.060157108408749840e-02,1.131546213838178910e-01,-3.386473011360769947e-01,8.974867290850515600e-01
4.700060000000000000e+09,-3.075473475474881785e-02,1.129521104414172306e-01,-3.285132252015899867e-01,9.015208470347970682e-01
4.705059000000000000e+09,-3.092866472039291353e-02,1.127612663364666451e-01,-3.183233077945415990e-01,9.054423644517171077e-01
4.710058000000000000e+09,-3.112289790196392722e-02,1.125830307679475811e-01,-3.080787752434099303e-01,9.092502369023530706e-01
4.715057000000000000e+09,-3.133693357705875926e-02,1.124183297007274318e-01,-2.977808817635713146e-01,9.129434340290545347e-01
4.720056000000000000e+09,-3.157023388582499285e-02,1.122680719214441125e-01,-2.874309092001952615e-01,9.165209404934739901e-01
4.725055000000000000e+09,-3.182222439205335124e-02,1.121331476109379416e-01,-2.770301667352989550e-01,9.199817569093751146e-01
4.730054000000000000e+09,-3.209229469882286107e-02,1.120144269354058225e-01,-2.665799905595445662e-01,9.233249007633088645e-01
4.735053000000000000e+09,-3.237979911801922017e-02,1.119127586584182654e-01,-2.560817435094919770e-01,9.265494073216511417e-01
4.740052000000000000e+09,-3.268405739289974299e-02,1.118289687758592804e-01,-2.455368146710599775e-01,9.296543305227195075e-01
4.745051000000000000e+09,-3.300435547286966614e-02,1.117638591759139016e-01,-2.349466189499249125e-01,9.326387438524924578e-01
4.750050000000000000e+09,-3.333994633946982256e-02,1.117182063260709624e-01,-2.243125966098222790e-01,9.355017412027682999e-01
4.755049000000000000e+09,-3.369005088255373065e-02,1.116927599891416878e-01,-2.136362127795725652e-01,9.382424377104056079e-01
4.760048000000000000e+09,-3.405385882551282412e-02,1.116882419702241586e-01,-2.029189569298768814e-01,9.408599705764754129e-01
4.765047000000000000e+09,-3.443052969836493671e-02,1.117053448964824280e-01,-1.921623423208563830e-01,9.433534998641958103e-01
4.770046000000000000e+09,-3.481919385742524714e-02,1.117447310315636683e-01,-1.813679054213954700e-01,9.457222092745340980e-01
4.775045000000000000e+09,-3.521895355020557977e-02,1.118070311264096200e-01,-1.705372053014272693e-01,9.479653068984364994e-01
4.780044000000000000e+09,-3.562888402415679417e-02,1.118928433081849694e-01,-1.596718229982884429e-01,9.500820259447385618e-01
4.785043000000000000e+09,-3.604803467774066184e-02,1.120027320089351519e-01,-1.487733608583189648e-01,9.520716254427763481e-01
4.790042000000000000e+09,-3.647543025233145747e-02,1.121372269355490892e-01,-1.378434418549609186e-01,9.539333909189456895e-01
4.795041000000000000e+09,-3.691007206333180024e-02,1.122968220825607405e-01,-1.268837088845430061e-01,9.556666350462977855e-01
4.800040000000000000e+09,-3.735093926887532445e-02,1.124819747891655924e-01,-1.158958240410654927e-01,9.572706982665740716e-01
4.805039000000000000e+09,-3.779699017438904740e-02,1.126931048418756270e-01,-1.048814678713078513e-01,9.587449493838607895e-01
4.810038000000000000e+09,-3.824716357131377475e-02,1.129305936240442704e-01,-9.384233861145369060e-02,9.600887861294891135e-01
4.815037000000000000e+09,-3.870038010818298985e-02,1.131947833135161369e-01,-8.278015140673350425e-02,9.613016356973889120e-01
4.820036000000000000e+09,-3.915554369222314091e-02,1.134859761295075042e-01,-7.169663751527190210e-02,9.623829552496705464e-01
4.825035000000000000e+09,-3.961154291964465168e-02,1.138044336297879544e-01,-6.059354349756154723e-02,9.633322323918923624e-01
4.830034000000000000e+09,-4.006725253273486081e-02,1.141503760591529304e-01,-4.947263039295421438e-02,9.641489856177263285e-01
4.835033000000000000e+09,-4.052153490182159451e-02,1.145239817500736806e-01,-3.833567288438457371e-02,9.648327647228145398e-01
4.840032000000000000e+09,-4.097324153020317355e-02,1.149253865763593119e-01,-2.718445845286418874e-02,9.653831511874784166e-01
4.845031000000000000e+09,-4.142121458005823542e-02,1.153546834605785609e-01,-1.602078652293902408e-02,9.657997585283206732e-01
4.850030000000000000e+09,-4.186428841739479184e-02,1.158119219359121932e-01,-4.846467600523001254e-03,9.660822326185160014e-01
4.855029000000000000e+09,-4.230129117403941263e-02,1.162971077630155364e-01,6.336677595568262003e-03,9.662302519768389830e-01
4.860028000000000000e+09,-4.273104632468280317e-02,1.168102026024213091e-01,1.752681900710803195e-02,9.662435280254731973e-01
4.865027000000000000e+09,-4.315237427698479650e-02,1.173511237429278875e-01,2.872211811363089076e-02,9.661218053167204278e-01
4.870026000000000000e+09,-4.356409397274368239e-02,1.179197438863058695e-01,3.992072881206995549e-02,9.658648617287491911e-01
4.875025000000000000e+09,-4.396502449813662755e-02,1.185158909886502299e-01,5.112079829756463467e-02,9.654725086306622517e-01
4.880024000000000000e+09,-4.435398670102859431e-02,1.191393481585703990e-01,6.232046794423187763e-02,9.649445910170900698e-01
4.885023000000000000e+09,-4.472980481337822389e-02,1.197898536123867125e-01,7.351787418470626112e-02,9.642809876127229618e-01
4.890022000000000000e+09,-4.509130807675527236e-02,1.204671006863905491e-01,8.471114938732589306e-02,9.634816109470880630e-01
4.895021000000000000e+09,-4.543733236900786288e-02,1.211707379061865292e-01,9.589842272970472425e-02,9.625464074000678050e-01
4.900020000000000000e+09,-4.576672183014481032e-02,1.219003691130745581e-01,1.070778210678019343e-01,9.614753572185609221e-01
4.905019000000000000e+09,-4.607833048546999127e-02,1.226555536473160207e-01,1.182474697992430684e-01,9.602684745048900572e-01
4.910018000000000000e+09,-4.637102386409313465e-02,1.234358065881419192e-01,1.294054937199354272e-01,9.589258071774202641e-01
4.915017000000000000e+09,-4.664368061088063067e-02,1.242405990502268992e-01,1.405500178730604011e-01,9.574474369040629762e-01
4.920016000000000000e+09,-4.689519409002921441e-02,1.250693585363529814e-01,1.516791683894177512e-01,9.558334790092520850e-01
4.925015000000000000e+09,-4.712447397836199564e-02,1.259214693458768630e-01,1.627910733182691416e-01,9.540840823550591487e-01
4.930014000000000000e+09,-4.733044784654841936e-02,1.267962730386189285e-01,1.738838634478125089e-01,9.521994291971634938e-01
4.935013000000000000e+09,-4.751206272646988499e-02,1.276930689536806829e-01,1.849556731145063082e-01,9.501797350163704303e-01
4.940012000000000000e+09,-4.766828666292097227e-02,1.286111147827035672e-01,1.960046410004520623e-01,9.480252483264085539e-01
4.945011000000000000e+09,-4.779811024793809843e-02,1.295496271969776014e-01,2.070289109181215892e-01,9.457362504588756602e-01
4.950010000000000000e+09,-4.790054813603687733e-02,1.305077825278126158e-01,2.180266325817977746e-01,9.433130553259329032e-01
4.955009000000000000e+09,-4.797464053865705541e-02,1.314847174995147638e-01,2.289959623650383302e-01,9.407560091617174214e-01
4.960008000000000000e+09,-4.801945469617931173e-02,1.324795300142461163e-01,2.399350640436568594e-01,9.380654902432489228e-01
4.965007000000000000e+09,-4.803408632589919319e-02,1.334912799880933754e-01,2.508421095236337828e-01,9.352419085915434360e-01
4.970006000000000000e+09,-4.801766104432629578e-02,1.345189902374881175e-01,2.617152795535233056e-01,9.322857056539548548e-01
4.975005000000000000e+09,-4.796933576228266244e-02,1.355616474152402384e-01,2.725527644208396438e-01,9.291973539684121874e-01
4.980004000000000000e+09,-4.788830005125223332e-02,1.366182029952906218e-01,2.833527646321435389e-01,9.259773568105270636e-01
4.985003000000000000e+09,-4.777377747946625480e-02,1.376875743053248002e-01,2.941134915763704560e-01,9.226262478243247855e-01
4.990002000000000000e+09,-4.762502691626042256e-02,1.387686456063210727e-01,3.048331681711810570e-01,9.191445906374613450e-01
4.995001000000000000e+09,-4.744134380326336248e-02,1.398602692180876961e-01,3.155100294919754300e-01,9.155329784618534417e-01
5.000000000000000000e+09,-4.722206139097506750e-02,1.409612666898379385e-01,3.261423233834941371e-01,9.117920336803965187e-01
