frequency_hz,s1_real,s1_imag,s2_real,s2_imag
1.000000000000000000e+06,1.003819060825183573e+00,-2.285357886118007976e-03,-7.781679609068252457e-02,1.048537816149894947e-04
5.999000000000000000e+06,1.003728248636251097e+00,-1.370945839608325202e-02,-7.780567546851900607e-02,6.288944403303913574e-04
1.099800000000000000e+07,1.003507721965492872e+00,-2.513182947277235388e-02,-7.777867689208703417e-02,1.152406375046983403e-03
1.599700000000000000e+07,1.003157505319795195e+00,-3.655103006351884815e-02,-7.773581970856702217e-02,1.674949346937977058e-03
2.099600000000000000e+07,1.002677637626889107e+00,-4.796561928118329987e-02,-7.767713463265021878e-02,2.196083734314005585e-03
2.599500000000000000e+07,1.002068172242661870e+00,-5.937415647986542255e-02,-7.760266372893100117e-02,2.715370812746632084e-03
3.099400000000000000e+07,1.001329176961143874e+00,-7.077520133114266476e-02,-7.751246038778736303e-02,3.232373034759963328e-03
3.599300000000000000e+07,1.000460734027155629e+00,-8.216731390099762944e-02,-7.740658929475294214e-02,3.746654308955653032e-03
4.099200000000000000e+07,9.994629401515791045e-01,-9.354905472759740548e-02,-7.728512639339221724e-02,4.257780278436112779e-03
4.599100000000000000e+07,9.983359065292169987e-01,-1.049189849000847913e-01,-7.714815884169246019e-02,4.765318598390399889e-03
5.099000000000000000e+07,9.970797588591977512e-01,-1.162756661385429685e-01,-7.699578496197817534e-02,5.268839212708335308e-03
5.598900000000000000e+07,9.956946373678712270e-01,-1.276176608752883912e-01,-7.682811418437474060e-02,5.767914629485931984e-03
6.098800000000000000e+07,9.941806968341438955e-01,-1.389435323376523868e-01,-7.664526698382581604e-02,6.262120195288357026e-03
6.598700000000000000e+07,9.925381066171893307e-01,-1.502518446324012658e-01,-7.644737481069359408e-02,6.751034368033001151e-03
7.098600000000000000e+07,9.907670506864607596e-01,-1.615411628319490533e-01,-7.623458001495886371e-02,7.234238988357856101e-03
7.598500000000000000e+07,9.888677276539352690e-01,-1.728100530625119036e-01,-7.600703576404703454e-02,7.711319549338584503e-03
8.098400000000000000e+07,9.868403508085041853e-01,-1.840570825943501077e-01,-7.576490595430158959e-02,8.181865464418222600e-03
8.598300000000000000e+07,9.846851481524260263e-01,-1.952808199342411788e-01,-7.550836511614135438e-02,8.645470333412648770e-03
9.098200000000000000e+07,9.824023624397458798e-01,-2.064798349203243732e-01,-7.523759831292227418e-02,9.101732206455647248e-03
9.598100000000000000e+07,9.799922512165809563e-01,-2.176526988194538159e-01,-7.495280103354386159e-02,9.550253845747079876e-03
1.009800000000000000e+08,9.774550868631725065e-01,-2.287979844271938179e-01,-7.465417907883323267e-02,9.990642984965655143e-03
1.059790000000000000e+08,9.747911566375856429e-01,-2.399142661705848112e-01,-7.434194844174316086e-02,1.042251258621102947e-02
1.109780000000000000e+08,9.720007627209500400e-01,-2.510001202138059662e-01,-7.401633518140697532e-02,1.084548109433688089e-02
1.159770000000000000e+08,9.690842222641137260e-01,-2.620541245668565611e-01,-7.367757529108913406e-02,1.125917268853757550e-02
1.209760000000000000e+08,9.660418674355852886e-01,-2.730748591973717332e-01,-7.332591456008395736e-02,1.166321753105143029e-02
1.259750000000000000e+08,9.628740454706345986e-01,-2.840609061456851880e-01,-7.296160842960079662e-02,1.205725201284259078e-02
1.309740000000000000e+08,9.595811187214126070e-01,-2.950108496432464755e-01,-7.258492184269657588e-02,1.244091899612371176e-02
1.359730000000000000e+08,9.561634647079528815e-01,-3.059232762344957779e-01,-7.219612908830078113e-02,1.281386805358256283e-02
1.409720000000000000e+08,9.526214761699052236e-01,-3.167967749022932433e-01,-7.179551363939697117e-02,1.317575570417435678e-02
1.459710000000000000e+08,9.489555611188530415e-01,-3.276299371969921825e-01,-7.138336798541457251e-02,1.352624564534208630e-02
1.509700000000000000e+08,9.451661428910623775e-01,-3.384213573692495536e-01,-7.095999345889505983e-02,1.386500898152878865e-02
1.559690000000000000e+08,9.412536602004970554e-01,-3.491696325066444007e-01,-7.052570005650213303e-02,1.419172444884216934e-02
1.609680000000000000e+08,9.372185671919486261e-01,-3.598733626741898450e-01,-7.008080625443798006e-02,1.450607863573691488e-02
1.659670000000000000e+08,9.330613334941021408e-01,-3.705311510587981916e-01,-6.962563881833989943e-02,1.480776619957820985e-02
1.709660000000000000e+08,9.287824442723814355e-01,-3.811416041177684288e-01,-6.916053260773979972e-02,1.509649007894608118e-02
1.759650000000000000e+08,9.243824002813882945e-01,-3.917033317313501350e-01,-6.868583037514919276e-02,1.537196170155143322e-02
1.809640000000000000e+08,9.198617179167734026e-01,-4.022149473594320845e-01,-6.820188255987014170e-02,1.563390118762190972e-02
1.859630000000000000e+08,9.152209292663457951e-01,-4.126750682024012962e-01,-6.770904707660212185e-02,1.588203754862766229e-02
1.909620000000000000e+08,9.104605821602543836e-01,-4.230823153662108260e-01,-6.720768909894250798e-02,1.611610888121042112e-02
1.959610000000000000e+08,9.055812402200450473e-01,-4.334353140316792308e-01,-6.669818083787232288e-02,1.633586255618273142e-02
2.009600000000000000e+08,9.005834829064178759e-01,-4.437326936280547862e-01,-6.618090131531571829e-02,1.654105540246796069e-02
2.059590000000000000e+08,8.954679055654889419e-01,-4.539730880108507893e-01,-6.565623613288550098e-02,1.673145388584426629e-02
2.109580000000000000e+08,8.902351194733741924e-01,-4.641551356439651554e-01,-6.512457723590589498e-02,1.690683428236904040e-02
2.159570000000000000e+08,8.848857518789009502e-01,-4.742774797860885294e-01,-6.458632267282755912e-02,1.706698284634828797e-02
2.209560000000000000e+08,8.794204460442539562e-01,-4.843387686813870885e-01,-6.404187635014087221e-02,1.721169597272916713e-02
2.259550000000000000e+08,8.738398612833701007e-01,-4.943376557544572614e-01,-6.349164778290709854e-02,1.734078035378364482e-02
2.309540000000000000e+08,8.681446729978786747e-01,-5.042727998095198894e-01,-6.293605184101988548e-02,1.745405312996483466e-02
2.359530000000000000e+08,8.623355727104071722e-01,-5.141428652338390082e-01,-6.237550849132499076e-02,1.755134203480732125e-02
2.409520000000000000e+08,8.564132680950419241e-01,-5.239465222053145688e-01,-6.181044253572112041e-02,1.763248553375459937e-02
2.459510000000000000e+08,8.503784830047674825e-01,-5.336824469042219521e-01,-6.124128334537291829e-02,1.769733295679250598e-02
2.509500000000000000e+08,8.442319574956785866e-01,-5.433493217290310540e-01,-6.066846459117161000e-02,1.774574462477094411e-02
2.559490000000000000e+08,8.379744478477835212e-01,-5.529458355162618632e-01,-6.009242397057840135e-02,1.777759196930249128e-02
2.609480000000000000e+08,8.316067265821989185e-01,-5.624706837642964308e-01,-5.951360293099516169e-02,1.779275764612206837e-02
2.659470000000000000e+08,8.251295824745482621e-01,-5.719225688610838354e-01,-5.893244638980721373e-02,1.779113564179904405e-02
2.709460000000000000e+08,8.185438205643864595e-01,-5.813002003156517716e-01,-5.834940245124733277e-02,1.777263137369565482e-02
2.759450000000000000e+08,8.118502621604457570e-01,-5.906022949933360522e-01,-5.776492212023708051e-02,1.773716178306706387e-02
2.809440000000000000e+08,8.050497448415387947e-01,-5.998275773546319911e-01,-5.717945901335759473e-02,1.768465542120106412e-02
2.859430000000000000e+08,7.981431224529226265e-01,-6.089747796975641947e-01,-5.659346906711898439e-02,1.761505252850167902e-02
2.909420000000000000e+08,7.911312650979521743e-01,-6.180426424034619615e-01,-5.600741024368448978e-02,1.752830510641833692e-02
2.959410000000000000e+08,7.840150591248511436e-01,-6.270299141860211645e-01,-5.542174223422709212e-02,1.742437698213428893e-02
3.009400000000000000e+08,7.767954071084181011e-01,-6.359353523435291589e-01,-5.483692616008280923e-02,1.730324386592265590e-02
3.059390000000000000e+08,7.694732278265113967e-01,-6.447577230141141591e-01,-5.425342427188241390e-02,1.716489340109008874e-02
3.109380000000000000e+08,7.620494562311371789e-01,-6.534958014338838606e-01,-5.367169964683925903e-02,1.700932520642447349e-02
3.159370000000000000e+08,7.545250434139939566e-01,-6.621483721978006498e-01,-5.309221588437671585e-02,1.683655091107508217e-02
3.209360000000000000e+08,7.469009565663035088e-01,-6.707142295231446338e-01,-5.251543680027994515e-02,1.664659418179254696e-02
3.259350000000000000e+08,7.391781789327910301e-01,-6.791921775153975105e-01,-5.194182611956445206e-02,1.643949074246033037e-02
3.309340000000000000e+08,7.313577097596588583e-01,-6.875810304363813019e-01,-5.137184716825169556e-02,1.621528838586031723e-02
3.359330000000000000e+08,7.234405642364198918e-01,-6.958796129744826420e-01,-5.080596256425064239e-02,1.597404697760857611e-02
3.409320000000000000e+08,7.154277734314562487e-01,-7.040867605167749899e-01,-5.024463390754231595e-02,1.571583845221614928e-02
3.459310000000000000e+08,7.073203842211683856e-01,-7.122013194228526967e-01,-4.968832146986785353e-02,1.544074680122330817e-02
3.509300000000000000e+08,6.991194592126024343e-01,-7.202221473001946261e-01,-4.913748388412772505e-02,1.514886805336605920e-02
3.559290000000000000e+08,6.908260766594305213e-01,-7.281481132808438339e-01,-4.859257783369849704e-02,1.484031024673975255e-02
3.609280000000000000e+08,6.824413303711808210e-01,-7.359780982992144560e-01,-4.805405774187310880e-02,1.451519339292747963e-02
3.659270000000000000e+08,6.739663296156136463e-01,-7.437109953708046506e-01,-4.752237546164089776e-02,1.417364943307009711e-02
3.709260000000000000e+08,6.654021990141451015e-01,-7.513457098716114224e-01,-4.699797996601984273e-02,1.381582218585474670e-02
3.759250000000000000e+08,6.567500784302395811e-01,-7.588811598180263962e-01,-4.648131703915497209e-02,1.344186728741228118e-02
3.809240000000000000e+08,6.480111228506794108e-01,-7.663162761469854978e-01,-4.597282896840129002e-02,1.305195212311492658e-02
3.859230000000000000e+08,6.391865022596470158e-01,-7.736500029961502767e-01,-4.547295423761262695e-02,1.264625575127062591e-02
3.909220000000000000e+08,6.302774015055532253e-01,-7.808812979838887225e-01,-4.498212722185383067e-02,1.222496881872289776e-02
3.959210000000000000e+08,6.212850201605576439e-01,-7.880091324888233162e-01,-4.450077788375858545e-02,1.178829346836594329e-02
4.009200000000000000e+08,6.122105723727266913e-01,-7.950324919286992920e-01,-4.402933147175586148e-02,1.133644323859115538e-02
4.059190000000000000e+08,6.030552867107994430e-01,-8.019503760383472901e-01,-4.356820822038975916e-02,1.086964295469396331e-02
4.109180000000000000e+08,5.938204060015225272e-01,-8.087617991464846057e-01,-4.311782305295206591e-02,1.038812861226664185e-02
4.159170000000000000e+08,5.845071871595354240e-01,-8.154657904511122268e-01,-4.267858528665828544e-02,9.892147252620652267e-03
4.209160000000000000e+08,5.751169010097959555e-01,-8.220613942932648577e-01,-4.225089834058479155e-02,9.381956830278974369e-03
4.259150000000000000e+08,5.656508321025371933e-01,-8.285476704288577965e-01,-4.183515944659536162e-02,8.857826072593364547e-03
4.309140000000000000e+08,5.561102785207628907e-01,-8.349236942983826459e-01,-4.143175936347979343e-02,8.320034331541263650e-03
4.359130000000000000e+08,5.464965516802988699e-01,-8.411885572942013889e-01,-4.104108209452741324e-02,7.768871427772141604e-03
4.409120000000000000e+08,5.368109761224176824e-01,-8.473413670251829233e-01,-4.066350460875713113e-02,7.204637486972358985e-03
4.459110000000000000e+08,5.270548892990780665e-01,-8.533812475784321450e-01,-4.029939656602685855e-02,6.627642768630880726e-03
4.509100000000000000e+08,5.172296413508145063e-01,-8.593073397778575595e-01,-3.994912004624072421e-02,6.038207487289198004e-03
4.559090000000000000e+08,5.073365948773319589e-01,-8.651188014393250691e-01,-3.961302928287151887e-02,5.436661626371808338e-03
4.609080000000000000e+08,4.973771247008693108e-01,-8.708148076221471356e-01,-3.929147040101814425e-02,4.823344744696563338e-03
4.659070000000000000e+08,4.873526176223960671e-01,-8.763945508766558534e-01,-3.898478116020633044e-02,4.198605775771192296e-03
4.709060000000000000e+08,4.772644721707322568e-01,-8.818572414876121313e-01,-3.869329070215066224e-02,3.562802819994524001e-03
4.759050000000000000e+08,4.671140983446715467e-01,-8.872021077132058453e-01,-3.841731930368281339e-02,2.916302929877510886e-03
4.809040000000000000e+08,4.569029173482121453e-01,-8.924283960193976073e-01,-3.815717813505382916e-02,2.259481888418597186e-03
4.859030000000000000e+08,4.466323613190053554e-01,-8.975353713093655594e-01,-3.791316902381300369e-02,1.592723980764337898e-03
4.909020000000000000e+08,4.363038730501339058e-01,-9.025223171478163886e-01,-3.768558422446337264e-02,9.164217592977119990e-04
4.959010000000000000e+08,4.259189057053517358e-01,-9.073885359799243044e-01,-3.747470619409033060e-02,2.309758023052008353e-04
5.009000000000000000e+08,4.154789225279179044e-01,-9.121333493446679430e-01,-3.728080737415373491e-02,-4.632055336269486805e-04
5.058990000000000000e+08,4.049853965431746139e-01,-9.167560980823368233e-01,-3.710414997863231007e-02,-1.165706367323743765e-03
5.108980000000000000e+08,3.944398102550136231e-01,-9.212561425359865330e-01,-3.694498578870651639e-02,-1.876103552668882939e-03
5.158970000000000000e+08,3.838436553364031334e-01,-9.256328627466217096e-01,-3.680355595415205766e-02,-2.593966944022045931e-03
5.208960000000000000e+08,3.731984323141387949e-01,-9.298856586418962067e-01,-3.668009080162673574e-02,-3.318859667219404251e-03
5.258950000000000000e+08,3.625056502480015208e-01,-9.340139502181223907e-01,-3.657480965001094070e-02,-4.050338395974959968e-03
5.308940000000000000e+08,3.517668264045060167e-01,-9.380171777153901713e-01,-3.648792063297154331e-02,-4.787953633492525105e-03
5.358930000000000000e+08,3.409834859254379236e-01,-9.418948017855973687e-01,-3.641962052890394819e-02,-5.531249999086685146e-03
5.408920000000000000e+08,3.301571614913787478e-01,-9.456463036532057886e-01,-3.637009459840553904e-02,-6.279766519615137370e-03
5.458910000000000000e+08,3.192893929804290765e-01,-9.492711852685407070e-01,-3.633951642942634397e-02,-7.033036925512240953e-03
5.508900000000000000e+08,3.083817271223496803e-01,-9.527689694534597908e-01,-3.632804779023591363e-02,-7.790589951212530291e-03
5.558890000000000000e+08,2.974357171483400508e-01,-9.561392000392207047e-01,-3.633583849034070778e-02,-8.551949639745964199e-03
5.608880000000000000e+08,2.864529224366857973e-01,-9.593814419963981877e-01,-3.636302624948142825e-02,-9.316635651283830880e-03
5.658870000000000000e+08,2.754349081545126032e-01,-9.624952815566850672e-01,-3.640973657482413778e-02,-1.008416357540783612e-02
5.708860000000000000e+08,2.643832448958888248e-01,-9.654803263264470914e-01,-3.647608264646429177e-02,-1.085404524687502183e-02
5.758850000000000000e+08,2.532995083165218153e-01,-9.683362053918879164e-01,-3.656216521134814101e-02,-1.162578906463975804e-02
5.808840000000000000e+08,2.421852787653047401e-01,-9.710625694157101195e-01,-3.666807248570765065e-02,-1.239890031390067024e-02
5.858830000000000000e+08,2.310421409129720660e-01,-9.736590907251383431e-01,-3.679388006610576078e-02,-1.317288149092581476e-02
5.908820000000000000e+08,2.198716833781221291e-01,-9.761254633912151979e-01,-3.693965084916892710e-02,-1.394723263041619532e-02
5.958810000000000000e+08,2.086754983508803396e-01,-9.784614032992566823e-01,-3.710543496008965325e-02,-1.472145163515969739e-02
6.008800000000000000e+08,1.974551812144682839e-01,-9.806666482103917337e-01,-3.729126968996537145e-02,-1.549503460772302769e-02
6.058790000000000000e+08,1.862123301649565021e-01,-9.827409578140972046e-01,-3.749717944203177084e-02,-1.626747618393423536e-02
6.108780000000000000e+08,1.749485458294782747e-01,-9.846841137716600967e-01,-3.772317568684753486e-02,-1.703826986789932357e-02
6.158770000000000000e+08,1.636654308831825833e-01,-9.864959197505154265e-01,-3.796925692647263456e-02,-1.780690836829755541e-02
6.208760000000000000e+08,1.523645896652133513e-01,-9.881762014494025470e-01,-3.823540866767705798e-02,-1.857288393569941562e-02
6.258750000000000000e+08,1.410476277939938239e-01,-9.897248066143036205e-01,-3.852160340421115908e-02,-1.933568870064841447e-02
6.308740000000000000e+08,1.297161517821072418e-01,-9.911416050451384852e-01,-3.882780060815192030e-02,-2.009481501225053243e-02
6.358730000000000000e+08,1.183717686510601524e-01,-9.924264885931911584e-01,-3.915394673034701400e-02,-2.084975577700506899e-02
6.408720000000000000e+08,1.070160855462144872e-01,-9.935793711492684199e-01,-3.949997520995036926e-02,-2.160000479762672759e-02
6.458710000000000000e+08,9.565070935217952208e-02,-9.946001886225843691e-01,-3.986580649305269258e-02,-2.234505711159094632e-02
6.508700000000000000e+08,8.427724630895011559e-02,-9.954888989103896080e-01,-4.025134806039037949e-02,-2.308440932914932256e-02
6.558690000000000000e+08,7.289730162908152067e-02,-9.962454818583673655e-01,-4.065649446411544188e-02,-2.381755997055164456e-02
6.608680000000000000e+08,6.151247911618638875e-02,-9.968699392118238745e-01,-4.108112737359422006e-02,-2.454400980222103124e-02
6.658670000000000000e+08,5.012438078503925198e-02,-9.973622945577301779e-01,-4.152511563020111485e-02,-2.526326217162288071e-02
6.708660000000000000e+08,3.873460648357544139e-02,-9.977225932576517797e-01,-4.198831531106307635e-02,-2.597482334057406653e-02
6.758650000000000000e+08,2.734475351706341581e-02,-9.979509023716455207e-01,-4.247056980169730545e-02,-2.667820281673925417e-02
6.808640000000000000e+08,1.595641627473281046e-02,-9.980473105731921812e-01,-4.297170987748868271e-02,-2.737291368306285499e-02
6.858630000000000000e+08,4.571185859133203126e-03,-9.980119280552433025e-01,-4.349155379393281756e-02,-2.805847292488712966e-02
6.908620000000000000e+08,-6.809350281501286295e-03,-9.978448864274905850e-01,-4.402990738557104738e-02,-2.873440175451430489e-02
6.958610000000000000e+08,-1.818360871761387151e-02,-9.975463386049440162e-01,-4.458656417353450835e-02,-2.940022593296320874e-02
7.008600000000000000e+08,-2.955001039914454189e-02,-9.971164586879505132e-01,-4.516130548160456754e-02,-3.005547608868716983e-02
7.058590000000000000e+08,-4.090698101254584135e-02,-9.965554418337556619e-01,-4.575390056069379707e-02,-3.069968803301122151e-02
7.108580000000000000e+08,-5.225295133374178308e-02,-9.958635041197618776e-01,-4.636410672163621127e-02,-3.133240307206003328e-02
7.158570000000000000e+08,-6.358635757677348621e-02,-9.950408823986079954e-01,-4.699166947618579893e-02,-3.195316831494430382e-02
7.208560000000000000e+08,-7.490564173788680224e-02,-9.940878341452246136e-01,-4.763632268608964521e-02,-3.256153697798366831e-02
7.258550000000000000e+08,-8.620925193482201210e-02,-9.930046372960265044e-01,-4.829778872012203267e-02,-3.315706868474307262e-02
7.308540000000000000e+08,-9.749564274106969908e-02,-9.917915900804072926e-01,-4.897577861893976509e-02,-3.373932976166976044e-02
7.358530000000000000e+08,-1.087632755148643104e-01,-9.904490108447052688e-01,-4.966999226762320446e-02,-3.430789352911698536e-02
7.408520000000000000e+08,-1.200106187226967630e-01,-9.889772378688367338e-01,-5.038011857575939306e-02,-3.486234058755084686e-02
7.458510000000000000e+08,-1.312361482571247628e-01,-9.873766291757649638e-01,-5.110583566491296026e-02,-3.540225909873842558e-02
7.508500000000000000e+08,-1.424383477486813876e-01,-9.856475623340268388e-01,-5.184681106333075690e-02,-3.592724506172153415e-02
7.558490000000000000e+08,-1.536157088716758046e-01,-9.837904342535033209e-01,-5.260270190772167731e-02,-3.643690258338790067e-02
7.608480000000000000e+08,-1.647667316436959573e-01,-9.818056609746507180e-01,-5.337315515193804399e-02,-3.693084414345356586e-02
7.658470000000000000e+08,-1.758899247186290205e-01,-9.796936774514100055e-01,-5.415780778239459581e-02,-3.740869085367994756e-02
7.708460000000000000e+08,-1.869838056730223630e-01,-9.774549373280153608e-01,-5.495628704004178883e-02,-3.787007271115316182e-02
7.758450000000000000e+08,-1.980469012856169442e-01,-9.750899127099355024e-01,-5.576821064871658601e-02,-3.831462884545860925e-02
7.808440000000000000e+08,-2.090777478098968800e-01,-9.725990939291733195e-01,-5.659318704968549496e-02,-3.874200775959229376e-02
7.858430000000000000e+08,-2.200748912394987766e-01,-9.699829893041717055e-01,-5.743081564218725094e-02,-3.915186756445511451e-02
7.908420000000000000e+08,-2.310368875663437738e-01,-9.672421248945624050e-01,-5.828068702978787125e-02,-3.954387620678276316e-02
7.958410000000000000e+08,-2.419623030313569068e-01,-9.643770442510098961e-01,-5.914238327234460496e-02,-3.991771169037142825e-02
8.008400000000000000e+08,-2.528497143676522452e-01,-9.613883081603998848e-01,-6.001547814338593911e-02,-4.027306229046538621e-02
8.058390000000000000e+08,-2.636977090360667075e-01,-9.582764943866289853e-01,-6.089953739270205502e-02,-4.060962676118019116e-02
8.108380000000000000e+08,-2.745048854529393845e-01,-9.550421974072536013e-01,-6.179411901393758177e-02,-4.092711453583952608e-02
8.158370000000000000e+08,-2.852698532100403916e-01,-9.516860281462591331e-01,-6.269877351698584234e-02,-4.122524592011441585e-02
8.208360000000000000e+08,-2.959912332865631268e-01,-9.482086137032144091e-01,-6.361304420496692591e-02,-4.150375227785675636e-02
8.258350000000000000e+08,-3.066676582531013828e-01,-9.446105970790732442e-01,-6.453646745558330733e-02,-4.176237620952780172e-02
8.308340000000000000e+08,-3.172977724675492550e-01,-9.408926368989026789e-01,-6.546857300663645740e-02,-4.200087172312919753e-02
8.358330000000000000e+08,-3.278802322628590060e-01,-9.370554071317842570e-01,-6.640888424549004632e-02,-4.221900439754967815e-02
8.408320000000000000e+08,-3.384137061266175861e-01,-9.330995968081863268e-01,-6.735691850226538380e-02,-4.241655153824907404e-02
8.458310000000000000e+08,-3.488968748723958457e-01,-9.290259097350546114e-01,-6.831218734654666280e-02,-4.259330232520710385e-02
8.508300000000000000e+08,-3.593284318028476254e-01,-9.248350642089047113e-01,-6.927419688738470360e-02,-4.274905795307106654e-02
8.558290000000000000e+08,-3.697070828645369067e-01,-9.205277927271865446e-01,-7.024244807637670951e-02,-4.288363176344403560e-02
8.608280000000000000e+08,-3.800315467944836434e-01,-9.161048416981812936e-01,-7.121643701360194645e-02,-4.299684936926167350e-02
8.658270000000000000e+08,-3.903005552584292714e-01,-9.115669711497167427e-01,-7.219565525620071089e-02,-4.308854877121166133e-02
8.708260000000000000e+08,-4.005128529808292814e-01,-9.069149544369510263e-01,-7.317959012937290397e-02,-4.315858046615766996e-02
8.758250000000000000e+08,-4.106671978665963896e-01,-9.021495779495106726e-01,-7.416772503957837215e-02,-4.320680754753517677e-02
8.808240000000000000e+08,-4.207623611146122933e-01,-8.972716408182322967e-01,-7.515953978972464422e-02,-4.323310579769318318e-02
8.858230000000000000e+08,-4.307971273230572495e-01,-8.922819546217767295e-01,-7.615451089612648716e-02,-4.323736377216277904e-02
8.908220000000000000e+08,-4.407702945865935029e-01,-8.871813430933851441e-01,-7.715211190701388999e-02,-4.321948287583863429e-02
8.958210000000000000e+08,-4.506806745854611829e-01,-8.819706418280157667e-01,-7.815181372238594326e-02,-4.317937743106697174e-02
9.008200000000000000e+08,-4.605270926665500641e-01,-8.766506979901372842e-01,-7.915308491498897203e-02,-4.311697473763798083e-02
9.058190000000000000e+08,-4.703083879165161907e-01,-8.712223700224123180e-01,-8.015539205221242081e-02,-4.303221512468866083e-02
9.108180000000000000e+08,-4.800234132270295162e-01,-8.656865273555335305e-01,-8.115820001869207545e-02,-4.292505199452508607e-02
9.158170000000000000e+08,-4.896710353522316650e-01,-8.600440501194452914e-01,-8.216097233941185851e-02,-4.279545185838165566e-02
9.208160000000000000e+08,-4.992501349585085624e-01,-8.542958288561961488e-01,-8.316317150310498230e-02,-4.264339436413829010e-02
9.258150000000000000e+08,-5.087596066666775219e-01,-8.484427642346583642e-01,-8.416425928574355897e-02,-4.246887231602211599e-02
9.308140000000000000e+08,-5.181983590866994227e-01,-8.424857667673388839e-01,-8.516369707392139332e-02,-4.227189168632742439e-02
9.358130000000000000e+08,-5.275653148450391017e-01,-8.364257565295174501e-01,-8.616094618793393445e-02,-4.205247161918946458e-02
9.408120000000000000e+08,-5.368594106047961390e-01,-8.302636628809213493e-01,-8.715546820435424169e-02,-4.181064442645499035e-02
9.458110000000000000e+08,-5.460795970787395426e-01,-8.240004241901600635e-01,-8.814672527792015433e-02,-4.154645557569710407e-02
9.508100000000000000e+08,-5.552248390353889951e-01,-8.176369875621259942e-01,-8.913418046253672455e-02,-4.125996367042501084e-02
9.558090000000000000e+08,-5.642941152982829944e-01,-8.111743085685647614e-01,-9.011729803121218407e-02,-4.095124042254479763e-02
9.608080000000000000e+08,-5.732864187385933175e-01,-8.046133509820153629e-01,-9.109554379474510410e-02,-4.062037061713261871e-02
9.658070000000000000e+08,-5.822007562612375731e-01,-7.979550865133073767e-01,-9.206838541897720274e-02,-4.026745206958268208e-02
9.708060000000000000e+08,-5.910361487846577111e-01,-7.912004945528052779e-01,-9.303529274044196329e-02,-3.989259557520024452e-02
9.758050000000000000e+08,-5.997916312144326856e-01,-7.843505619155759501e-01,-9.399573808023296839e-02,-3.949592485131064867e-02
9.808040000000000000e+08,-6.084662524109007986e-01,-7.774062825906503660e-01,-9.494919655592187757e-02,-3.907757647196012651e-02
9.858030000000000000e+08,-6.170590751509668070e-01,-7.703686574945484145e-01,-9.589514639136104135e-02,-3.863769979528824949e-02
9.908020000000000000e+08,-6.255691760842879701e-01,-7.632386942292229692e-01,-9.683306922420797935e-02,-3.817645688365344653e-02
9.958010000000000000e+08,-6.339956456840152299e-01,-7.560174068445719708e-01,-9.776245041101268296e-02,-3.769402241659767366e-02
1.000800000000000000e+09,-6.423375881922936959e-01,-7.487058156056691782e-01,-9.868277932971036837e-02,-3.719058359673840797e-02
1.005799000000000000e+09,-6.505941215607081718e-01,-7.413049467648462620e-01,-9.959354967937365799e-02,-3.666634004868039864e-02
1.010798000000000000e+09,-6.587643773858856688e-01,-7.338158323387531379e-01,-1.004942597770684953e-01,-3.612150371103881735e-02
1.015797000000000000e+09,-6.668475008404491922e-01,-7.262395098905289892e-01,-1.013844128516750015e-01,-3.555629872167203470e-02
1.020796000000000000e+09,-6.748426505995345215e-01,-7.185770223171841220e-01,-1.022635173345306236e-01,-3.497096129622270788e-02
1.025795000000000000e+09,-6.827489987630768198e-01,-7.108294176423179955e-01,-1.031310871467581020e-01,-3.436573960006632927e-02
1.030794000000000000e+09,-6.905657307740820094e-01,-7.029977488142523656e-01,-1.039866419831447092e-01,-3.374089361377190927e-02
1.035793000000000000e+09,-6.982920453330937471e-01,-6.950830735096918955e-01,-1.048297075924453786e-01,-3.309669499217915423e-02
1.040792000000000000e+09,-7.059271543090778200e-01,-6.870864539429826223e-01,-1.056598160539803793e-01,-3.243342691719720144e-02
1.045791000000000000e+09,-7.134702826469336845e-01,-6.790089566810517674e-01,-1.064765060504051092e-01,-3.175138394443497575e-02
1.050790000000000000e+09,-7.209206682718619641e-01,-6.708516524640966150e-01,-1.072793231365369443e-01,-3.105087184377172682e-02
1.055789000000000000e+09,-7.282775619908050668e-01,-6.626156160320848532e-01,-1.080678200041185893e-01,-3.033220743397786398e-02
1.060788000000000000e+09,-7.355402273911757494e-01,-6.543019259571165591e-01,-1.088415567424082797e-01,-2.959571841149958790e-02
1.065787000000000000e+09,-7.427079407371132147e-01,-6.459116644817018971e-01,-1.096001010944895465e-01,-2.884174317351951428e-02
1.070786000000000000e+09,-7.497799908634704691e-01,-6.374459173629843933e-01,-1.103430287091907713e-01,-2.807063063540743419e-02
1.075785000000000000e+09,-7.567556790677709699e-01,-6.289057737229473144e-01,-1.110699233885185239e-01,-2.728274004267658773e-02
1.080784000000000000e+09,-7.636343190003488379e-01,-6.202923259046241311e-01,-1.117803773305003218e-01,-2.647844077756076123e-02
1.085783000000000000e+09,-7.704152365529006730e-01,-6.116066693343278349e-01,-1.124739913673458852e-01,-2.565811216032879566e-02
1.090782000000000000e+09,-7.770977697456705746e-01,-6.028499023899140941e-01,-1.131503751988311157e-01,-2.482214324545352693e-02
1.095781000000000000e+09,-7.836812686134894124e-01,-5.940231262750689245e-01,-1.138091476208161756e-01,-2.397093261275184614e-02
1.100780000000000000e+09,-7.901650950908872817e-01,-5.851274448996229838e-01,-1.144499367488131664e-01,-2.310488815361498929e-02
1.105779000000000000e+09,-7.965486228965070747e-01,-5.761639647658806096e-01,-1.150723802365179321e-01,-2.222442685244667079e-02
1.110778000000000000e+09,-8.028312374170226695e-01,-5.671337948609322943e-01,-1.156761254892242768e-01,-2.132997456342506162e-02
1.115777000000000000e+09,-8.090123355907983260e-01,-5.580380465549356073e-01,-1.162608298720473471e-01,-2.042196578271297802e-02
1.120776000000000000e+09,-8.150913257914850218e-01,-5.488778335053227098e-01,-1.168261609128728729e-01,-1.950084341622714337e-02
1.125775000000000000e+09,-8.210676277117807675e-01,-5.396542715668929402e-01,-1.173717964999705932e-01,-1.856705854309377221e-02
1.130774000000000000e+09,-8.269406722475568516e-01,-5.303684787077431739e-01,-1.178974250741878921e-01,-1.762107017489972574e-02
1.135773000000000000e+09,-8.327099013825637330e-01,-5.210215749309855537e-01,-1.184027458156696050e-01,-1.666334501086850703e-02
1.140772000000000000e+09,-8.383747680739214170e-01,-5.116146822021809815e-01,-1.188874688250289857e-01,-1.569435718907030014e-02
1.145771000000000000e+09,-8.439347361385937107e-01,-5.021489243824278637e-01,-1.193513152989100073e-01,-1.471458803379000271e-02
1.150770000000000000e+09,-8.493892801410506399e-01,-4.926254271670306717e-01,-1.197940176998796014e-01,-1.372452579917151846e-02
1.155769000000000000e+09,-8.547378852823149797e-01,-4.830453180296609417e-01,-1.202153199205925893e-01,-1.272466540925425507e-02
1.160768000000000000e+09,-8.599800472905845261e-01,-4.734097261719347749e-01,-1.206149774421672871e-01,-1.171550819452033855e-02
1.165767000000000000e+09,-8.651152723136213973e-01,-4.637197824783003131e-01,-1.209927574867233763e-01,-1.069756162507489589e-02
1.170766000000000000e+09,-8.701430768130967719e-01,-4.539766194761484241e-01,-1.213484391640236998e-01,-9.671339040570506307e-03
1.175765000000000000e+09,-8.750629874610688086e-01,-4.441813713010336895e-01,-1.216818136121713273e-01,-8.637359376998750629e-03
1.180764000000000000e+09,-8.798745410387791566e-01,-4.343351736668990548e-01,-1.219926841323096811e-01,-7.596146890464197839e-03
1.185763000000000000e+09,-8.845772843379323680e-01,-4.244391638411835754e-01,-1.222808663172817722e-01,-6.548230878058725057e-03
1.190762000000000000e+09,-8.891707740646440650e-01,-4.144944806247008451e-01,-1.225461881741969072e-01,-5.494145395953844990e-03
1.195761000000000000e+09,-8.936545767462032996e-01,-4.045022643361515513e-01,-1.227884902408654944e-01,-4.434428974825889089e-03
1.200760000000000000e+09,-8.980282686408321835e-01,-3.944636568011427591e-01,-1.230076256960518921e-01,-3.369624332736602910e-03
1.205759000000000000e+09,-9.022914356505803424e-01,-3.843798013455787532e-01,-1.232034604635095232e-01,-2.300278085579426576e-03
1.210758000000000000e+09,-9.064436732375186212e-01,-3.742518427932814418e-01,-1.233758733097539695e-01,-1.226940455212961007e-03
1.215757000000000000e+09,-9.104845863433735920e-01,-3.640809274676903295e-01,-1.235247559355349550e-01,-1.501649753987648712e-04
1.220756000000000000e+09,-9.144137893127449734e-01,-3.538682031974970665e-01,-1.236500130609686221e-01,9.294918043439741925e-04
1.225755000000000000e+09,-9.182309058200449625e-01,-3.436148193260575301e-01,-1.237515625042953787e-01,2.011470616841960768e-03
1.230754000000000000e+09,-9.219355688002836002e-01,-3.333219267244183492e-01,-1.238293352542234188e-01,3.095209777220942361e-03
1.235753000000000000e+09,-9.255274203838415037e-01,-3.229906778078059371e-01,-1.238832755358271615e-01,4.180145484583923897e-03
1.240752000000000000e+09,-9.290061118353287739e-01,-3.126222265553953994e-01,-1.239133408699651384e-01,5.265712125299491786e-03
1.245751000000000000e+09,-9.323713034966663038e-01,-3.022177285332047769e-01,-1.239195021261826762e-01,6.351342577783728252e-03
1.250750000000000000e+09,-9.356226647344820790e-01,-2.917783409199279365e-01,-1.239017435690716734e-01,7.436468518653331986e-03
1.255749000000000000e+09,-9.387598738919360475e-01,-2.813052225355374691e-01,-1.238600628980552343e-01,8.520520730135559828e-03
1.260748000000000000e+09,-9.417826182450675931e-01,-2.707995338724720202e-01,-1.237944712805666841e-01,9.602929408611186185e-03
1.265747000000000000e+09,-9.446905939637542104e-01,-2.602624371292240890e-01,-1.237049933785947381e-01,1.068312447417478842e-02
1.270746000000000000e+09,-9.474835060773739714e-01,-2.496950962461487455e-01,-1.235916673685703293e-01,1.176053588108904625e-02
1.275745000000000000e+09,-9.501610684452423961e-01,-2.390986769432945358e-01,-1.234545449545637053e-01,1.283459392901354149e-02
1.280744000000000000e+09,-9.527230037319041056e-01,-2.284743467600712508e-01,-1.232936913747708224e-01,1.390472957488523773e-02
1.285743000000000000e+09,-9.551690433873437636e-01,-2.178232750965601039e-01,-1.231091854012626163e-01,1.497037474532934842e-02
1.290742000000000000e+09,-9.574989276321737020e-01,-2.071466332562674761e-01,-1.229011193329731522e-01,1.603096264947544147e-02
1.295741000000000000e+09,-9.597124054478564092e-01,-1.964455944901272455e-01,-1.226695989819085175e-01,1.708592809205625174e-02
1.300740000000000000e+09,-9.618092345720098413e-01,-1.857213340415506675e-01,-1.224147436525490629e-01,1.813470778666363345e-02
1.305739000000000000e+09,-9.637891814988321926e-01,-1.749750291923223289e-01,-1.221366861144308202e-01,1.917674066903379132e-02
1.310738000000000000e+09,-9.656520214846853190e-01,-1.642078593091382266e-01,-1.218355725678856583e-01,2.021146821023752163e-02
1.315737000000000000e+09,-9.673975385588632347e-01,-1.534210058905872975e-01,-1.215115626029221324e-01,2.123833472964312824e-02
1.320736000000000000e+09,-9.690255255395651135e-01,-1.426156526143625425e-01,-1.211648291512313902e-01,2.225678770752748462e-02
1.325735000000000000e+09,-9.705357840550916659e-01,-1.317929853845030141e-01,-1.207955584313036568e-01,2.326627809719711629e-02
1.330734000000000000e+09,-9.719281245702684480e-01,-1.209541923784599737e-01,-1.204039498866439351e-01,2.426626063649705775e-02
1.335733000000000000e+09,-9.732023664181005396e-01,-1.101004640937739143e-01,-1.199902161170704334e-01,2.525619415856384525e-02
1.340732000000000000e+09,-9.743583378366477143e-01,-9.923299339416255527e-02,-1.195545828030918911e-01,2.623554190169567757e-02
1.345731000000000000e+09,-9.753958760111207660e-01,-8.835297555480910170e-02,-1.190972886233508665e-01,2.720377181819878462e-02
1.350730000000000000e+09,-9.763148271211586904e-01,-7.746160830664070018e-02,-1.186185851651277157e-01,2.816035688207384549e-02
1.355729000000000000e+09,-9.771150463932803953e-01,-6.656009187939875005e-02,-1.181187368279013328e-01,2.910477539540551675e-02
1.360728000000000000e+09,-9.777963981584681941e-01,-5.564962904328345922e-02,-1.175980207199623234e-01,3.003651129331095029e-02
1.365727000000000000e+09,-9.783587559148452240e-01,-4.473142514897760630e-02,-1.170567265480791097e-01,3.095505444730566047e-02
1.370726000000000000e+09,-9.788020023953964976e-01,-3.380668816583620728e-02,-1.164951565002165235e-01,3.185990096694731738e-02
1.375725000000000000e+09,-9.791260296406906205e-01,-2.287662871804465453e-02,-1.159136251213131324e-01,3.275055349960502571e-02
1.380724000000000000e+09,-9.793307390765294551e-01,-1.194246011854062199e-02,-1.153124591821204220e-01,3.362652152821463819e-02
1.385723000000000000e+09,-9.794160415964642263e-01,-1.005398400496798931e-03,-1.146919975411123394e-01,3.448732166686675760e-02
1.390722000000000000e+09,-9.793818576491076788e-01,9.933337653828869934e-03,-1.140525909994791615e-01,3.533247795407838676e-02
1.395721000000000000e+09,-9.792281173301535802e-01,2.087252648707917796e-02,-1.133946021492138467e-01,3.616152214359946021e-02
1.400720000000000000e+09,-9.789547604790221902e-01,3.181094374380599721e-02,-1.127184052143135884e-01,3.697399399259758412e-02
1.405719000000000000e+09,-9.785617367800363287e-01,4.274736225070861068e-02,-1.120243858851093371e-01,3.776944154706823181e-02
1.410718000000000000e+09,-9.780490058680242349e-01,5.368055200026719542e-02,-1.113129411457496609e-01,3.854742142431571289e-02
1.415717000000000000e+09,-9.774165374382480787e-01,6.460928013798820924e-02,-1.105844790948637690e-01,3.930749909234339950e-02
1.420716000000000000e+09,-9.766643113605351090e-01,7.553231095342005652e-02,-1.098394187594311788e-01,4.004924914599859720e-02
1.425715000000000000e+09,-9.757923177975010853e-01,8.644840587513637209e-02,-1.090781899018903184e-01,4.077225557970972497e-02
1.430714000000000000e+09,-9.748005573267293222e-01,9.735632346985345631e-02,-1.083012328205224944e-01,4.147611205665459322e-02
1.435713000000000000e+09,-9.736890410667818907e-01,1.082548194458662766e-01,-1.075089981431496672e-01,4.216042217419570248e-02
1.440712000000000000e+09,-9.724577908068942067e-01,1.191426466609595697e-01,-1.067019466141904127e-01,4.282479972542112961e-02
1.445711000000000000e+09,-9.711068391402140065e-01,1.300185551349735125e-01,-1.058805488751176499e-01,4.346886895662320505e-02
1.450710000000000000e+09,-9.696362296004311654e-01,1.408812920671739521e-01,-1.050452852383734897e-01,4.409226482055168123e-02
1.455709000000000000e+09,-9.680460168016378208e-01,1.517296018585914119e-01,-1.041966454547944149e-01,4.469463322527066768e-02
1.460708000000000000e+09,-9.663362665812618157e-01,1.625622261394790713e-01,-1.033351284746029525e-01,4.527563127845476293e-02
1.465707000000000000e+09,-9.645070561458942704e-01,1.733779038020308305e-01,-1.024612422020373254e-01,4.583492752695466493e-02
1.470706000000000000e+09,-9.625584742198477484e-01,1.841753710385141685e-01,-1.015755032436791994e-01,4.637220219146249989e-02
1.475705000000000000e+09,-9.604906211962580542e-01,1.949533613849404601e-01,-1.006784366505577843e-01,4.688714739610674864e-02
1.480704000000000000e+09,-9.583036092905417025e-01,2.057106057704165547e-01,-9.977057565410549222e-02,4.737946739280957803e-02
1.485703000000000000e+09,-9.559975626960262041e-01,2.164458325722879994e-01,-9.885246139604972337e-02,4.784887878023234148e-02
1.490702000000000000e+09,-9.535726177415488891e-01,2.271577676772144339e-01,-9.792464265232658782e-02,4.829511071714195219e-02
1.495701000000000000e+09,-9.510289230508338632e-01,2.378451345482637258e-01,-9.698767555110930638e-02,4.871790513002643985e-02
1.500700000000000000e+09,-9.483666397034248297e-01,2.485066542981586579e-01,-9.604212328505043472e-02,4.911701691479061771e-02
1.505699000000000000e+09,-9.455859413969865956e-01,2.591410457687526869e-01,-9.508855581783916266e-02,4.949221413236097600e-02
1.510698000000000000e+09,-9.426870146107387827e-01,2.697470256168492120e-01,-9.412754958518398940e-02,4.984327819803230364e-02
1.515697000000000000e+09,-9.396700587698206819e-01,2.803233084064315483e-01,-9.315968719033261569e-02,5.017000406438728438e-02
1.520696000000000000e+09,-9.365352864103524411e-01,2.908686067074013337e-01,-9.218555709424967881e-02,5.047220039762082694e-02
1.525695000000000000e+09,-9.332829233449783102e-01,3.013816312008804621e-01,-9.120575330057598129e-02,5.074968974710451775e-02
1.530694000000000000e+09,-9.299132088286498066e-01,3.118610907911579799e-01,-9.022087503550102472e-02,5.100230870802528738e-02
1.535693000000000000e+09,-9.264263957244281977e-01,3.223056927243239667e-01,-8.923152642268389334e-02,5.122990807693553889e-02
1.540692000000000000e+09,-9.228227506690640514e-01,3.327141427136516838e-01,-8.823831615336527601e-02,5.143235300005527533e-02
1.545691000000000000e+09,-9.191025542381155988e-01,3.430851450717626316e-01,-8.724185715181605183e-02,5.160952311416059507e-02
1.550690000000000000e+09,-9.152661011103686572e-01,3.534174028496132602e-01,-8.624276623627888383e-02,5.176131267990962542e-02
1.555689000000000000e+09,-9.113137002313097534e-01,3.637096179823203768e-01,-8.524166377555886243e-02,5.188763070744434325e-02
1.560688000000000000e+09,-9.072456749754157501e-01,3.739604914418530046e-01,-8.423917334143067592e-02,5.198840107411935307e-02
1.565687000000000000e+09,-9.030623633070028466e-01,3.841687233965959680e-01,-8.323592135703128392e-02,5.206356263420853364e-02
1.570686000000000000e+09,-8.987641179393947022e-01,3.943330133777745439e-01,-8.223253674141435543e-02,5.211306932044044993e-02
1.575685000000000000e+09,-8.943513064921579936e-01,4.044520604527555019e-01,-8.122965055045096305e-02,5.213689023722392624e-02
1.580684000000000000e+09,-8.898243116461549418e-01,4.145245634051776817e-01,-8.022789561426241223e-02,5.213500974542055466e-02
1.585683000000000000e+09,-8.851835312961615632e-01,4.245492209219166035e-01,-7.922790617137832891e-02,5.210742753853214032e-02
1.590682000000000000e+09,-8.804293787008034000e-01,4.345247317868208836e-01,-7.823031749982195526e-02,5.205415871016957213e-02
1.595681000000000000e+09,-8.755622826295537120e-01,4.444497950812011933e-01,-7.723576554532526894e-02,5.197523381267712961e-02
1.600680000000000000e+09,-8.705826875065503234e-01,4.543231103909973201e-01,-7.624488654688485467e-02,5.187069890679033707e-02
1.605679000000000000e+09,-8.654910535509742209e-01,4.641433780205831972e-01,-7.525831665987489649e-02,5.174061560220923062e-02
1.610678000000000000e+09,-8.602878569137472065e-01,4.739092992131177517e-01,-7.427669157693625457e-02,5.158506108897505105e-02
1.615677000000000000e+09,-8.549735898102945875e-01,4.836195763773830092e-01,-7.330064614687291369e-02,5.140412815954325393e-02
1.620676000000000000e+09,-8.495487606491402000e-01,4.932729133210032035e-01,-7.233081399177838933e-02,5.119792522145152902e-02
1.625675000000000000e+09,-8.440138941560729746e-01,5.028680154899630717e-01,-7.136782712263953221e-02,5.096657630048798127e-02
1.630674000000000000e+09,-8.383695314936584486e-01,5.124035902143007082e-01,-7.041231555364842187e-02,5.071022103426812283e-02
1.635673000000000000e+09,-8.326162303758498640e-01,5.218783469598832214e-01,-6.946490691547412000e-02,5.042901465613971318e-02
1.640672000000000000e+09,-8.267545651774644844e-01,5.312909975861136447e-01,-6.852622606774343150e-02,5.012312796933744707e-02
1.645671000000000000e+09,-8.207851270382963138e-01,5.406402566094642426e-01,-6.759689471098256908e-02,4.979274731131723419e-02
1.650670000000000000e+09,-8.147085239616318475e-01,5.499248414726658485e-01,-6.667753099828421792e-02,4.943807450821011140e-02
1.655669000000000000e+09,-8.085253809069486985e-01,5.591434728194322190e-01,-6.576874914695172991e-02,4.905932681933537765e-02
1.660668000000000000e+09,-8.022363398765784970e-01,5.682948747745321105e-01,-6.487115905040037600e-02,4.865673687172947237e-02
1.665667000000000000e+09,-7.958420599961137931e-01,5.773777752290637499e-01,-6.398536589057300661e-02,4.823055258464704897e-02
1.670666000000000000e+09,-7.893432175883526858e-01,5.863909061307455151e-01,-6.311196975114949370e-02,4.778103708400258109e-02
1.675665000000000000e+09,-7.827405062405798919e-01,5.953330037790365292e-01,-6.225156523182420742e-02,4.730846860672732745e-02
1.680664000000000000e+09,-7.760346368649776450e-01,6.042028091249090904e-01,-6.140474106392954101e-02,4.681314039502625785e-02
1.685663000000000000e+09,-7.692263377519822365e-01,6.129990680750516674e-01,-6.057207972768438586e-02,4.629536058052505232e-02
1.690662000000000000e+09,-7.623163546163935766e-01,6.217205318003227177e-01,-5.975415707135586785e-02,4.575545205830915119e-02
1.695661000000000000e+09,-7.553054506360609155e-01,6.303659570482107455e-01,-5.895154193261380876e-02,4.519375235086271758e-02
1.700660000000000000e+09,-7.481944064829724184e-01,6.389341064591067543e-01,-5.816479576236393417e-02,4.461061346192652516e-02
1.705659000000000000e+09,-7.409840203465841713e-01,6.474237488861401824e-01,-5.739447225135534125e-02,4.400640172030091668e-02
1.710658000000000000e+09,-7.336751079492273009e-01,6.558336597183566097e-01,-5.664111695983772843e-02,4.338149761362876389e-02
1.715657000000000000e+09,-7.262685025534487693e-01,6.641626212069829949e-01,-5.590526695057156104e-02,4.273629561220745193e-02
1.720656000000000000e+09,-7.187650549611368511e-01,6.724094227945478508e-01,-5.518745042546944340e-02,4.207120398287832880e-02
1.725655000000000000e+09,-7.111656335043082811e-01,6.805728614465861304e-01,-5.448818636616444000e-02,4.138664459306268251e-02
1.730654000000000000e+09,-7.034711240274205135e-01,6.886517419856851285e-01,-5.380798417879063822e-02,4.068305270501450938e-02
1.735653000000000000e+09,-6.956824298611083979e-01,6.966448774275937339e-01,-5.314734334326839948e-02,3.996087676037370084e-02
1.740652000000000000e+09,-6.878004717872159279e-01,7.045510893191357926e-01,-5.250675306737603160e-02,3.922057815511063861e-02
1.745651000000000000e+09,-6.798261879950577846e-01,7.123692080776456992e-01,-5.188669194589867056e-02,3.846263100496655207e-02
1.750650000000000000e+09,-6.717605340287902127e-01,7.200980733316557636e-01,-5.128762762513462692e-02,3.768752190149697590e-02
1.755649000000000000e+09,-6.636044827258373857e-01,7.277365342625439215e-01,-5.071001647304290705e-02,3.689574965884219460e-02
1.760648000000000000e+09,-6.553590241462917687e-01,7.352834499468668961e-01,-5.015430325530936817e-02,3.608782505135358504e-02
1.765647000000000000e+09,-6.470251654932386298e-01,7.427376896990779409e-01,-4.962092081761127621e-02,3.526427054221527302e-02
1.770646000000000000e+09,-6.386039310239532973e-01,7.500981334143496104e-01,-4.911028977434719195e-02,3.442562000321130328e-02
1.775645000000000000e+09,-6.300963619519316383e-01,7.573636719112010196e-01,-4.862281820410771505e-02,3.357241842579495456e-02
1.780644000000000000e+09,-6.215035163397356621e-01,7.645332072736279461e-01,-4.815890135214993123e-02,3.270522162363013324e-02
1.785643000000000000e+09,-6.128264689826258271e-01,7.716056531924544437e-01,-4.771892134013473730e-02,3.182459592677937266e-02
1.790642000000000000e+09,-6.040663112829909309e-01,7.785799353055901095e-01,-4.730324688338553157e-02,3.093111786772690872e-02
1.795641000000000000e+09,-5.952241511155605957e-01,7.854549915369063440e-01,-4.691223301592187256e-02,3.002537385942763079e-02
1.800640000000000000e+09,-5.863011126834392073e-01,7.922297724334189661e-01,-4.654622082350560325e-02,2.910795986559092455e-02
1.805639000000000000e+09,-5.772983363649654143e-01,7.989032415004938548e-01,-4.620553718495006706e-02,2.817948106340558909e-02
1.810638000000000000e+09,-5.682169785514576965e-01,8.054743755347583134e-01,-4.589049452191896333e-02,2.724055149893118283e-02
1.815637000000000000e+09,-5.590582114758761989e-01,8.119421649544368291e-01,-4.560139055744201475e-02,2.629179373538108669e-02
1.820636000000000000e+09,-5.498232230324724412e-01,8.183056141267989192e-01,-4.533850808337578503e-02,2.533383849453601719e-02
1.825635000000000000e+09,-5.405132165874905192e-01,8.245637416924351815e-01,-4.510211473701202650e-02,2.436732429153123936e-02
1.830634000000000000e+09,-5.311294107810066167e-01,8.307155808860635648e-01,-4.489246278704987075e-02,2.339289706327024598e-02
1.835633000000000000e+09,-5.216730393199929816e-01,8.367601798535758695e-01,-4.470978892912304964e-02,2.241120979072275948e-02
1.840632000000000000e+09,-5.121453507627169444e-01,8.426966019650359296e-01,-4.455431409107639407e-02,2.142292211537586907e-02
1.845631000000000000e+09,-5.025476082945750100e-01,8.485239261233517016e-01,-4.442624324817275733e-02,2.042869995010767811e-02
1.850630000000000000e+09,-4.928810894955039101e-01,8.542412470683313774e-01,-4.432576524840243365e-02,1.942921508476522577e-02
1.855629000000000000e+09,-4.831470860990814686e-01,8.598476756758570705e-01,-4.425305264806175809e-02,1.842514478673240239e-02
1.860628000000000000e+09,-4.733469037434832050e-01,8.653423392519002944e-01,-4.420826155775604144e-02,1.741717139677692247e-02
1.865627000000000000e+09,-4.634818617144211284e-01,8.707243818211136688e-01,-4.419153149897069727e-02,1.640598192047478671e-02
1.870626000000000000e+09,-4.535532926802605669e-01,8.759929644097397272e-01,-4.420298527135208683e-02,1.539226761551318150e-02
1.875625000000000000e+09,-4.435625424194583055e-01,8.811472653225843610e-01,-4.424272883082060875e-02,1.437672357517878925e-02
1.880624000000000000e+09,-4.335109695405187646e-01,8.861864804138006591e-01,-4.431085117863451522e-02,1.336004830834213938e-02
1.885623000000000000e+09,-4.233999451946600101e-01,8.911098233512453337e-01,-4.440742426151277067e-02,1.234294331625361736e-02
1.890622000000000000e+09,-4.132308527813819965e-01,8.959165258741792481e-01,-4.453250288291198122e-02,1.132611266646756445e-02
1.895621000000000000e+09,-4.030050876471524823e-01,9.006058380440689071e-01,-4.468612462554494291e-02,1.031026256422065863e-02
1.900620000000000000e+09,-3.927240567774171742e-01,9.051770284882880713e-01,-4.486830978521708091e-02,9.296100921582907059e-03
1.905619000000000000e+09,-3.823891784821716322e-01,9.096293846364924551e-01,-4.507906131604073191e-02,8.284336924716974651e-03
1.910618000000000000e+09,-3.720018820753114852e-01,9.139622129494747726e-01,-4.531836478709377197e-02,7.275680599564625893e-03
1.915617000000000000e+09,-3.615636075480141431e-01,9.181748391402972942e-01,-4.558618835054926294e-02,6.270842376302902463e-03
1.920616000000000000e+09,-3.510758052363830983e-01,9.222666083875241672e-01,-4.588248272132616074e-02,5.270532652891961496e-03
1.925615000000000000e+09,-3.405399354836223247e-01,9.262368855403675383e-01,-4.620718116827035593e-02,4.275461358053985264e-03
1.930614000000000000e+09,-3.299574682969805828e-01,9.300850553155874945e-01,-4.656019951688319947e-02,3.286337514014815372e-03
1.935613000000000000e+09,-3.193298829997524013e-01,9.338105224859862830e-01,-4.694143616359509191e-02,2.303868799341933938e-03
1.940612000000000000e+09,-3.086586678785784299e-01,9.374127120603424901e-01,-4.735077210157735000e-02,1.328761112210568879e-03
1.945611000000000000e+09,-2.979453198263440905e-01,9.408910694546581688e-01,-4.778807095806213850e-02,3.617181344339829565e-04
1.950610000000000000e+09,-2.871913439809373192e-01,9.442450606545822467e-01,-4.825317904314752049e-02,-5.965591034142912145e-04
1.955609000000000000e+09,-2.763982533601570535e-01,9.474741723688913098e-01,-4.874592541003976154e-02,-1.545372655456898328e-03
1.960608000000000000e+09,-2.655675684930555169e-01,9.505779121739322823e-01,-4.926612192667627343e-02,-2.484028092215831429e-03
1.965607000000000000e+09,-2.547008170480096756e-01,9.535558086489158702e-01,-4.981356335867015428e-02,-3.411834930242359145e-03
1.970606000000000000e+09,-2.437995334578005324e-01,9.564074115019854938e-01,-5.038802746349776984e-02,-4.328107059348561964e-03
1.975605000000000000e+09,-2.328652585420155352e-01,9.591322916869807758e-01,-5.098927509584390977e-02,-5.232163167121849957e-03
1.980604000000000000e+09,-2.218995391270523754e-01,9.617300415108344103e-01,-5.161705032401021909e-02,-6.123327160405869600e-03
1.985603000000000000e+09,-2.109039276640316263e-01,9.642002747315476796e-01,-5.227108055728200281e-02,-7.000928583438669785e-03
1.990602000000000000e+09,-1.998799818449218113e-01,9.665426266467023186e-01,-5.295107668413383956e-02,-7.864303032338317359e-03
1.995601000000000000e+09,-1.888292642171636171e-01,9.687567541724777520e-01,-5.365673322115543237e-02,-8.712792565633575154e-03
2.000600000000000000e+09,-1.777533417971113860e-01,9.708423359131537200e-01,-5.438772847255574777e-02,-9.545746110543162216e-03
2.005599000000000000e+09,-1.666537856825746344e-01,9.727990722210885233e-01,-5.514372470010863586e-02,-1.036251986470986507e-02
2.010598000000000000e+09,-1.555321706647744551e-01,9.746266852471677788e-01,-5.592436830338276543e-02,-1.116247769310468180e-02
2.015597000000000000e+09,-1.443900748400020750e-01,9.763249189817532203e-01,-5.672929001009513472e-02,-1.194499151981626671e-02
2.020596000000000000e+09,-1.332290792212861008e-01,9.778935392861314302e-01,-5.755810507641980628e-02,-1.270944171445630502e-02
2.025595000000000000e+09,-1.220507673503524043e-01,9.793323339145123541e-01,-5.841041349707379315e-02,-1.345521747290995621e-02
2.030594000000000000e+09,-1.108567249101846813e-01,9.806411125266182305e-01,-5.928580022499034541e-02,-1.418171719216976268e-02
2.035593000000000000e+09,-9.964853933845990719e-02,9.818197066909123416e-01,-6.018383540039307089e-02,-1.488834883900049151e-02
2.040592000000000000e+09,-8.842779944216207222e-02,9.828679698785367513e-01,-6.110407458906180755e-02,-1.557453031218870160e-02
2.045591000000000000e+09,-7.719609501363669524e-02,9.837857774480334161e-01,-6.204605902959079572e-02,-1.623968979813535801e-02
2.050590000000000000e+09,-6.595501644839682487e-02,9.845730266209297143e-01,-6.300931588941718897e-02,-1.688326611956389792e-02
2.055589000000000000e+09,-5.470615436491771399e-02,9.852296364482887592e-01,-6.399335852940454816e-02,-1.750470907711618521e-02
2.060588000000000000e+09,-4.345109922672916319e-02,9.857555477683213052e-01,-6.499768677675048234e-02,-1.810347978362521551e-02
2.065587000000000000e+09,-3.219144096704016494e-02,9.861507231551777108e-01,-6.602178720599218009e-02,-1.867905099085632320e-02
2.070586000000000000e+09,-2.092876861618111692e-02,9.864151468590377503e-01,-6.706513342786181442e-02,-1.923090740851579258e-02
2.075585000000000000e+09,-9.664669932095849153e-03,9.865488247376348330e-01,-6.812718638576154007e-02,-1.975854601534337771e-02
2.080584000000000000e+09,1.599268965844328171e-03,9.865517841793441933e-01,-6.920739465959917236e-02,-2.026147636210239369e-02
2.085583000000000000e+09,1.286146395947837355e-02,9.864240740179957001e-01,-7.030519477674312956e-02,-2.073922086629561082e-02
2.090582000000000000e+09,2.412033329070685517e-02,9.861657644395538380e-01,-7.142001152983305790e-02,-2.119131509845017386e-02
2.095581000000000000e+09,3.537429791631590409e-02,9.857769468808342817e-01,-7.255125830119371622e-02,-2.161730805980967632e-02
2.100580000000000000e+09,4.662178185856713508e-02,9.852577339204312556e-01,-7.369833739358501445e-02,-2.201676245129187068e-02
2.105579000000000000e+09,5.786121255132292696e-02,9.846082591620216595e-01,-7.486064036702749780e-02,-2.238925493357808369e-02
2.110578000000000000e+09,6.909102118151530525e-02,9.838286771102445760e-01,-7.603754838143261807e-02,-2.273437637820545365e-02
2.115577000000000000e+09,8.030964302574172820e-02,9.829191630393318002e-01,-7.722843254477135266e-02,-2.305173210954419502e-02
2.120576000000000000e+09,9.151551778181389596e-02,9.818799128546995547e-01,-7.843265426650851413e-02,-2.334094213755346162e-02
2.125575000000000000e+09,1.027070898950554756e-01,9.807111429476904618e-01,-7.964956561603138419e-02,-2.360164138121612076e-02
2.130574000000000000e+09,1.138828088791953297e-01,9.794130900436879283e-01,-8.087850968579725353e-02,-2.383347988256320077e-02
2.135573000000000000e+09,1.250411296316680243e-01,9.779860110438011178e-01,-8.211882095892866773e-02,-2.403612301120417946e-02
2.140572000000000000e+09,1.361805127431820750e-01,9.764301828603457745e-01,-8.336982568098090518e-02,-2.420925165929509529e-02
2.145571000000000000e+09,1.472994248013908547e-01,9.747459022463421663e-01,-8.463084223560626840e-02,-2.435256242688145153e-02
2.150570000000000000e+09,1.583963386885350599e-01,9.729334856192518588e-01,-8.590118152384235151e-02,-2.446576779755673531e-02
2.155569000000000000e+09,1.694697338729211356e-01,9.709932688791856892e-01,-8.718014734675043342e-02,-2.454859630439909166e-02
2.160568000000000000e+09,1.805180966941142273e-01,9.689256072218088711e-01,-8.846703679113243624e-02,-2.460079268614360701e-02
2.165567000000000000e+09,1.915399206417279232e-01,9.667308749461926975e-01,-8.976114061805419431e-02,-2.462211803356339004e-02
2.170566000000000000e+09,2.025337066277148046e-01,9.644094652578253379e-01,-9.106174365390559688e-02,-2.461234992604254337e-02
2.175565000000000000e+09,2.134979632520481452e-01,9.619617900670460742e-01,-9.236812518373163639e-02,-2.457128255832512556e-02
2.180564000000000000e+09,2.244312070617240085e-01,9.593882797831317921e-01,-9.367955934656618799e-02,-2.449872685744077655e-02
2.185563000000000000e+09,2.353319628029945099e-01,9.566893831042755370e-01,-9.499531553250641080e-02,-2.439451058980807163e-02
2.190562000000000000e+09,2.461987636667686552e-01,9.538655668037100410e-01,-9.631465878126961588e-02,-2.425847845852953724e-02
2.195561000000000000e+09,2.570301515271256609e-01,9.509173155122075949e-01,-9.763685018197067189e-02,-2.409049219089881913e-02
2.200560000000000000e+09,2.678246771728786113e-01,9.478451314972171637e-01,-9.896114727386778886e-02,-2.389043061614468805e-02
2.205559000000000000e+09,2.785809005321624454e-01,9.446495344388660120e-01,-1.002868044478277820e-01,-2.365818973344548798e-02
2.210558000000000000e+09,2.892973908900025592e-01,9.413310612030814095e-01,-1.016130733482579762e-01,-2.339368277026265819e-02
2.215557000000000000e+09,2.999727270988475913e-01,9.378902656120684522e-01,-1.029392032752670522e-01,-2.309684023102703820e-02
2.220556000000000000e+09,3.106054977820444374e-01,9.343277182123955749e-01,-1.042644415868096974e-01,-2.276760993624596038e-02
2.225555000000000000e+09,3.211943015302622384e-01,9.306440060409145731e-01,-1.055880341005830947e-01,-2.240595705208495159e-02
2.230554000000000000e+09,3.317377470908517423e-01,9.268397323887668238e-01,-1.069092254954429749e-01,-2.201186411048772565e-02
2.235553000000000000e+09,3.422344535501675722e-01,9.229155165637071834e-01,-1.082272597121116120e-01,-2.158533101991523540e-02
2.240552000000000000e+09,3.526830505088552337e-01,9.188719936509833763e-01,-1.095413803529566160e-01,-2.112637506677144186e-02
2.245551000000000000e+09,3.630821782501502115e-01,9.147098142729949144e-01,-1.108508310806217562e-01,-2.063503090760751557e-02
2.250550000000000000e+09,3.734304879012035339e-01,9.104296443479766854e-01,-1.121548560152997170e-01,-2.011135055218573470e-02
2.255549000000000000e+09,3.837266415874975301e-01,9.060321648479174872e-01,-1.134527001304356658e-01,-1.955540333750161591e-02
2.260548000000000000e+09,3.939693125803809814e-01,9.015180715559453217e-01,-1.147436096466624006e-01,-1.896727589285442106e-02
2.265547000000000000e+09,4.041571854378053774e-01,8.968880748233988287e-01,-1.160268324237682669e-01,-1.834707209607520234e-02
2.270546000000000000e+09,4.142889561383030772e-01,8.921428993267984664e-01,-1.173016183505042748e-01,-1.769491302101375632e-02
2.275545000000000000e+09,4.243633322083055215e-01,8.872832838249270493e-01,-1.185672197320458143e-01,-1.701093687639262594e-02
2.280544000000000000e+09,4.343790328428526193e-01,8.823099809162332496e-01,-1.198228916749263656e-01,-1.629529893614534847e-02
2.285543000000000000e+09,4.443347890198081629e-01,8.772237567967522409e-01,-1.210678924692668024e-01,-1.554817146135020582e-02
2.290542000000000000e+09,4.542293436076476620e-01,8.720253910187504287e-01,-1.223014839681301758e-01,-1.476974361388242243e-02
2.295541000000000000e+09,4.640614514669365587e-01,8.667156762502808975e-01,-1.235229319638335016e-01,-1.396022136190560280e-02
2.300540000000000000e+09,4.738298795455908596e-01,8.612954180358380896e-01,-1.247315065610637708e-01,-1.311982737732273613e-02
2.305539000000000000e+09,4.835334069680355951e-01,8.557654345583018962e-01,-1.259264825466314963e-01,-1.224880092532331689e-02
2.310538000000000000e+09,4.931708251183778424e-01,8.501265564023341437e-01,-1.271071397557273497e-01,-1.134739774614279550e-02
2.315537000000000000e+09,5.027409377177086691e-01,8.443796263194176532e-01,-1.282727634345225409e-01,-1.041588992917648511e-02
2.320536000000000000e+09,5.122425608956654441e-01,8.385254989946867576e-01,-1.294226445989891117e-01,-9.454565779571429823e-03
2.325535000000000000e+09,5.216745232563856360e-01,8.325650408157216908e-01,-1.305560803897911626e-01,-8.463729677435739146e-03
2.330534000000000000e+09,5.310356659389835476e-01,8.264991296434514023e-01,-1.316723744231347859e-01,-7.443701929796346303e-03
2.335533000000000000e+09,5.403248426726874332e-01,8.203286545853267775e-01,-1.327708371374398955e-01,-6.394818615444369976e-03
2.340532000000000000e+09,5.495409198267902084e-01,8.140545157708881652e-01,-1.338507861357241535e-01,-5.317431422800173411e-03
2.345531000000000000e+09,5.586827764555426512e-01,8.076776241298804226e-01,-1.349115465235830869e-01,-4.211907480939628377e-03
2.350530000000000000e+09,5.677493043381651727e-01,8.011989011730322741e-01,-1.359524512426573128e-01,-3.078629183917647866e-03
2.355529000000000000e+09,5.767394080141032831e-01,7.946192787756330977e-01,-1.369728413994867056e-01,-1.917994008522593561e-03
2.360528000000000000e+09,5.856520048137081602e-01,7.879396989640119475e-01,-1.379720665896470022e-01,-7.304143256081462162e-04
2.365527000000000000e+09,5.944860248844842099e-01,7.811611137050467057e-01,-1.389494852170814754e-01,4.836827948708050085e-04
2.370526000000000000e+09,6.032404112130774765e-01,7.742844846987816387e-01,-1.399044648085339682e-01,1.723855784971475239e-03
2.375525000000000000e+09,6.119141196431596708e-01,7.673107831742846940e-01,-1.408363823229956679e-01,2.989648785895183264e-03
2.380524000000000000e+09,6.205061188893845614e-01,7.602409896887957208e-01,-1.417446244560919277e-01,4.280591860998788148e-03
2.385523000000000000e+09,6.290153905475700524e-01,7.530760939302836299e-01,-1.426285879393235645e-01,5.596201214552048303e-03
2.390522000000000000e+09,6.374409291012934631e-01,7.458170945234688931e-01,-1.434876798340958548e-01,6.935979416104379354e-03
2.395521000000000000e+09,6.457817419250578839e-01,7.384649988393927611e-01,-1.443213178204607317e-01,8.299415630330715665e-03
2.400520000000000000e+09,6.540368492842000281e-01,7.310208228085894877e-01,-1.451289304805127578e-01,9.685985852219138395e-03
2.405519000000000000e+09,6.622052843317283166e-01,7.234855907379248441e-01,-1.459099575763699863e-01,1.109515314747598104e-02
2.410518000000000000e+09,6.702860931022445179e-01,7.158603351311526586e-01,-1.466638503226841972e-01,1.252636789801032415e-02
2.415517000000000000e+09,6.782783345031351274e-01,7.081460965132253538e-01,-1.473900716536282463e-01,1.397906805237789270e-02
2.420516000000000000e+09,6.861810803032023509e-01,7.003439232584085516e-01,-1.480880964842991310e-01,1.545267938105028376e-02
2.425515000000000000e+09,6.939934151189134370e-01,6.924548714222179546e-01,-1.487574119664975825e-01,1.694661573638875374e-02
2.430514000000000000e+09,7.017144363984296751e-01,6.844800045772211350e-01,-1.493975177388290887e-01,1.846027931719621332e-02
2.435513000000000000e+09,7.093432544036030185e-01,6.764203936526992367e-01,-1.500079261710877132e-01,1.999306093772774962e-02
2.440512000000000000e+09,7.168789921901009832e-01,6.682771167782047828e-01,-1.505881626028768572e-01,2.154434030103425518e-02
2.445511000000000000e+09,7.243207855858395661e-01,6.600512591310078170e-01,-1.511377655764310213e-01,2.311348627652781360e-02
2.450510000000000000e+09,7.316677831678876087e-01,6.517439127874342653e-01,-1.516562870635976279e-01,2.469985718164652636e-02
2.455509000000000000e+09,7.389191462380179098e-01,6.433561765780873021e-01,-1.521432926869478730e-01,2.630280106750249383e-02
2.460508000000000000e+09,7.460740487970655144e-01,6.348891559469553858e-01,-1.525983619349793596e-01,2.792165600840594217e-02
2.465507000000000000e+09,7.531316775182685941e-01,6.263439628143574467e-01,-1.530210883713798431e-01,2.955575039514819757e-02
2.470506000000000000e+09,7.600912317197446866e-01,6.177217154437434354e-01,-1.534110798383225005e-01,3.120440323193497331e-02
2.475505000000000000e+09,7.669519233362759314e-01,6.090235383122795110e-01,-1.537679586537638032e-01,3.286692443686509146e-02
2.480504000000000000e+09,7.737129768905524063e-01,6.002505619852204211e-01,-1.540913618027149046e-01,3.454261514584255899e-02
2.485503000000000000e+09,7.803736294640393201e-01,5.914039229939964670e-01,-1.543809411224626726e-01,3.623076801982506173e-02
2.490502000000000000e+09,7.869331306676190518e-01,5.824847637179950688e-01,-1.546363634817108368e-01,3.793066755529794082e-02
2.495501000000000000e+09,7.933907426121595829e-01,5.734942322699718709e-01,-1.548573109536198755e-01,3.964159039787981675e-02
2.500500000000000000e+09,7.997457398791643080e-01,5.644334823850373217e-01,-1.550434809827205551e-01,4.136280565895643357e-02
2.505499000000000000e+09,8.059974094916410037e-01,5.553036733131659908e-01,-1.551945865456778317e-01,4.309357523524333378e-02
2.510498000000000000e+09,8.121450508853418349e-01,5.461059697151475767e-01,-1.553103563058794712e-01,4.483315413118788006e-02
2.515497000000000000e+09,8.181879758805108427e-01,5.368415415619312014e-01,-1.553905347618304289e-01,4.658079078410538171e-02
2.520496000000000000e+09,8.241255086542731423e-01,5.275115640372610715e-01,-1.554348823893301479e-01,4.833572739196560081e-02
2.525495000000000000e+09,8.299569857138046070e-01,5.181172174435522138e-01,-1.554431757774046574e-01,5.009720024373144620e-02
2.530494000000000000e+09,8.356817558704111581e-01,5.086596871108932660e-01,-1.554152077579793734e-01,5.186444005215853914e-02
2.535493000000000000e+09,8.412991802146343456e-01,4.991401633091199774e-01,-1.553507875292632623e-01,5.363667228897201628e-02
2.540492000000000000e+09,8.468086320925204413e-01,4.895598411628324098e-01,-1.552497407728271328e-01,5.541311752231983107e-02
2.545491000000000000e+09,8.522094970831572969e-01,4.799199205692957215e-01,-1.551119097643451628e-01,5.719299175642864053e-02
2.550490000000000000e+09,8.575011729776055303e-01,4.702216061190905849e-01,-1.549371534779862836e-01,5.897550677336212133e-02
2.555489000000000000e+09,8.626830697593188546e-01,4.604661070194381867e-01,-1.547253476844235032e-01,6.075987047680397879e-02
2.560488000000000000e+09,8.677546095861764508e-01,4.506546370200705809e-01,-1.544763850424399898e-01,6.254528723777527666e-02
2.565487000000000000e+09,8.727152267742112057e-01,4.407884143415544687e-01,-1.541901751841077417e-01,6.433095824220136372e-02
2.570486000000000000e+09,8.775643677831452827e-01,4.308686616059356767e-01,-1.538666447935107540e-01,6.611608184024425627e-02
2.575485000000000000e+09,8.823014912038200652e-01,4.208966057696100216e-01,-1.535057376789882577e-01,6.789985389731366394e-02
2.580484000000000000e+09,8.869260677476000776e-01,4.108734780582777857e-01,-1.531074148388721912e-01,6.968146814667464106e-02
2.585483000000000000e+09,8.914375802378465830e-01,4.008005139038770537e-01,-1.526716545206865672e-01,7.146011654356333731e-02
2.590482000000000000e+09,8.958355236035336899e-01,3.906789528833600200e-01,-1.521984522737864221e-01,7.323498962072881591e-02
2.595481000000000000e+09,9.001194048750754684e-01,3.805100386591926398e-01,-1.516878209954022061e-01,7.500527684531521633e-02
2.600480000000000000e+09,9.042887431824404576e-01,3.702950189214463395e-01,-1.511397909700607778e-01,7.677016697699630410e-02
2.605479000000000000e+09,9.083430697556139632e-01,3.600351453313386796e-01,-1.505544099023540250e-01,7.852884842728015402e-02
2.610478000000000000e+09,9.122819279274608784e-01,3.497316734661107818e-01,-1.499317429430227222e-01,8.028050961989241507e-02
2.615477000000000000e+09,9.161048731390570854e-01,3.393858627650847559e-01,-1.492718727083178765e-01,8.202433935215466820e-02
2.620476000000000000e+09,9.198114729475148632e-01,3.289989764767775604e-01,-1.485748992926159973e-01,8.375952715726765752e-02
2.625475000000000000e+09,9.234013070363746856e-01,3.185722816069262997e-01,-1.478409402742454359e-01,8.548526366740712146e-02
2.630474000000000000e+09,9.268739672285694065e-01,3.081070488672875696e-01,-1.470701307144946235e-01,8.720074097754623721e-02
2.635473000000000000e+09,9.302290575020248919e-01,2.976045526250659101e-01,-1.462626231497617946e-01,8.890515300990961545e-02
2.640472000000000000e+09,9.334661940078935460e-01,2.870660708528371408e-01,-1.454185875768168879e-01,9.059769587896281118e-02
2.645471000000000000e+09,9.365850050914736880e-01,2.764928850788118120e-01,-1.445382114311317134e-01,9.227756825684851893e-02
2.650470000000000000e+09,9.395851313158063434e-01,2.658862803373099326e-01,-1.436216995582440814e-01,9.394397173916516075e-02
2.655469000000000000e+09,9.424662254879722090e-01,2.552475451192817157e-01,-1.426692741781226403e-01,9.559611121099367836e-02
2.660468000000000000e+09,9.452279526880995597e-01,2.445779713227597130e-01,-1.416811748424858519e-01,9.723319521307065283e-02
2.665467000000000000e+09,9.478699903010714412e-01,2.338788542030629525e-01,-1.406576583850428219e-01,9.885443630800339054e-02
2.670466000000000000e+09,9.503920280509383645e-01,2.231514923226407543e-01,-1.395989988646175184e-01,1.004590514464231421e-01
2.675465000000000000e+09,9.527937680380224039e-01,2.123971875003831389e-01,-1.385054875011141329e-01,1.020462623329690122e-01
2.680464000000000000e+09,9.550749247786919360e-01,2.016172447602822548e-01,-1.373774326042892791e-01,1.036152957919912604e-01
2.685463000000000000e+09,9.572352252478034673e-01,1.908129722792712979e-01,-1.362151594952865641e-01,1.051653841328625272e-01
2.690462000000000000e+09,9.592744089237591476e-01,1.799856813341261796e-01,-1.350190104209067210e-01,1.066957655147820899e-01
2.695461000000000000e+09,9.611922278361745287e-01,1.691366862472632737e-01,-1.337893444605594007e-01,1.082056843109552857e-01
2.700460000000000000e+09,9.629884466160992806e-01,1.582673043313139738e-01,-1.325265374258742523e-01,1.096943914720249769e-01
2.705459000000000000e+09,9.646628425487646652e-01,1.473788558323168296e-01,-1.312309817529274392e-01,1.111611448886359182e-01
2.710458000000000000e+09,9.662152056287972579e-01,1.364726638714016671e-01,-1.299030863870460628e-01,1.126052097530006041e-01
2.715457000000000000e+09,9.676453386178561766e-01,1.255500543848247774e-01,-1.285432766601628529e-01,1.140258589193399452e-01
2.720456000000000000e+09,9.689530571046333085e-01,1.146123560622178128e-01,-1.271519941606804593e-01,1.154223732630668547e-01
2.725455000000000000e+09,9.701381895671523647e-01,1.036609002829224080e-01,-1.257296965958153989e-01,1.167940420385717715e-01
2.730454000000000000e+09,9.712005774372999278e-01,9.269702105026786376e-02,-1.242768576463915559e-01,1.181401632354767695e-01
2.735453000000000000e+09,9.721400751675115526e-01,8.172205492368120328e-02,-1.227939668140552582e-01,1.194600439332118152e-01
2.740452000000000000e+09,9.729565502995489723e-01,7.073734094848356524e-02,-1.212815292608782902e-01,1.207530006537685940e-01
2.745451000000000000e+09,9.736498835352648262e-01,5.974422058325868506e-02,-1.197400656413305786e-01,1.220183597124843977e-01
2.750450000000000000e+09,9.742199688092837428e-01,4.874403762467395540e-02,-1.181701119265941430e-01,1.232554575666971602e-01
2.755449000000000000e+09,9.746667133635020797e-01,3.773813812962802799e-02,-1.165722192211995495e-01,1.244636411621258543e-01
2.760448000000000000e+09,9.749900378233048448e-01,2.672787033462102266e-02,-1.149469535719685603e-01,1.256422682768065791e-01
2.765447000000000000e+09,9.751898762754060979e-01,1.571458457221395003e-02,-1.132948957692380965e-01,1.267907078624295747e-01
2.770446000000000000e+09,9.752661763471981438e-01,4.699633184495987000e-03,-1.116166411403666514e-01,1.279083403829042731e-01
2.775445000000000000e+09,9.752188992875076012e-01,-6.315629566571337276e-03,-1.099127993355036442e-01,1.289945581499883920e-01
2.780444000000000000e+09,9.750480200486334459e-01,-1.732984759200442704e-02,-1.081839941056148419e-01,1.300487656558059757e-01
2.785443000000000000e+09,9.747535273695575597e-01,-2.834166307198629844e-02,-1.064308630727705124e-01,1.310703799020764282e-01
2.790442000000000000e+09,9.743354238601955597e-01,-3.934971655543403890e-02,-1.046540574926877187e-01,1.320588307258797334e-01
2.795441000000000000e+09,9.737937260865687783e-01,-5.035264706307480964e-02,-1.028542420095348159e-01,1.330135611217720393e-01
2.800440000000000000e+09,9.731284646567565089e-01,-6.134909219408849618e-02,-1.010320944030134865e-01,1.339340275600630070e-01
2.805439000000000000e+09,9.723396843075038376e-01,-7.233768823642797163e-02,-9.918830532772120179e-02,1.348197003010780104e-01
2.810438000000000000e+09,9.714274439913382908e-01,-8.331707028085523492e-02,-9.732357804482132113e-02,1.356700637051985181e-01
2.815437000000000000e+09,9.703918169640579627e-01,-9.428587233879227869e-02,-9.543862814604094080e-02,1.364846165384968057e-01
2.820436000000000000e+09,9.692328908724423542e-01,-1.052427274640487381e-01,-9.353418327002514798e-02,1.372628722737660178e-01
2.825435000000000000e+09,9.679507678420401495e-01,-1.161862678784768843e-01,-9.161098281107743491e-02,1.380043593867447405e-01
2.830434000000000000e+09,9.665455645648798333e-01,-1.271151251016164607e-01,-8.966977762033437327e-02,1.387086216473319422e-01
2.835433000000000000e+09,9.650174123869529330e-01,-1.380279300843797186e-01,-8.771132969940757806e-02,1.393752184055948307e-01
2.840432000000000000e+09,9.633664573953050203e-01,-1.489233133468251535e-01,-8.573641188655285739e-02,1.400037248723585148e-01
2.845431000000000000e+09,9.615928605045832578e-01,-1.597999051200541532e-01,-8.374580753541507883e-02,1.405937323941667261e-01
2.850430000000000000e+09,9.596967975428735143e-01,-1.706563354922637776e-01,-8.174031018642047286e-02,1.411448487224123416e-01
2.855429000000000000e+09,9.576784593366672871e-01,-1.814912345589780041e-01,-7.972072323087635304e-02,1.416566982764184690e-01
2.860428000000000000e+09,9.555380517947814623e-01,-1.923032325775090590e-01,-7.768785956785667635e-02,1.421289224002581786e-01
2.865427000000000000e+09,9.532757959910825862e-01,-2.030909601256198627e-01,-7.564254125395933337e-02,1.425611796131047160e-01
2.870426000000000000e+09,9.508919282458263567e-01,-2.138530482644325492e-01,-7.358559914601962848e-02,1.429531458528903731e-01
2.875425000000000000e+09,9.483867002054557904e-01,-2.245881287055641606e-01,-7.151787253687844070e-02,1.433045147130609376e-01
2.880424000000000000e+09,9.457603789206756595e-01,-2.352948339825105817e-01,-6.944020878430666455e-02,1.436149976722131405e-01
2.885423000000000000e+09,9.430132469226467640e-01,-2.459717976262452976e-01,-6.735346293319736943e-02,1.438843243163913099e-01
2.890422000000000000e+09,9.401456022971019788e-01,-2.566176543450302550e-01,-6.525849733114619244e-02,1.441122425538356733e-01
2.895421000000000000e+09,9.371577587562403000e-01,-2.672310402084090430e-01,-6.315618123754046520e-02,1.442985188219617632e-01
2.900420000000000000e+09,9.340500457081977181e-01,-2.778105928353745702e-01,-6.104739042629424295e-02,1.444429382863529898e-01
2.905419000000000000e+09,9.308228083239385997e-01,-2.883549515866405399e-01,-5.893300678236881168e-02,1.445453050315606836e-01
2.910418000000000000e+09,9.274764076013904956e-01,-2.988627577610100672e-01,-5.681391789222826894e-02,1.446054422434906173e-01
2.915417000000000000e+09,9.240112204266469620e-01,-3.093326547957621075e-01,-5.469101662838728867e-02,1.446231923831680644e-01
2.920416000000000000e+09,9.204276396320622000e-01,-3.197632884710360779e-01,-5.256520072821233708e-02,1.445984173516715876e-01
2.925415000000000000e+09,9.167260740510818628e-01,-3.301533071181099732e-01,-5.043737236715332278e-02,1.445309986460270868e-01
2.930414000000000000e+09,9.129069485696179598e-01,-3.405013618315401724e-01,-4.830843772658934693e-02,1.444208375058581295e-01
2.935413000000000000e+09,9.089707041738234183e-01,-3.508061066850660659e-01,-4.617930655646527299e-02,1.442678550505889501e-01
2.940412000000000000e+09,9.049177979940805638e-01,-3.610661989512090608e-01,-4.405089173293127991e-02,1.440719924070040514e-01
2.945411000000000000e+09,9.007487033450471969e-01,-3.712802993244667671e-01,-4.192410881118115856e-02,1.438332108269625431e-01
2.950410000000000000e+09,8.964639097616042829e-01,-3.814470721480105464e-01,-3.979987557370454759e-02,1.435514917950843905e-01
2.955409000000000000e+09,8.920639230305337231e-01,-3.915651856437984968e-01,-3.767911157417642293e-02,1.432268371262124806e-01
2.960408000000000000e+09,8.875492652177739972e-01,-4.016333121459704225e-01,-3.556273767721161022e-02,1.428592690524705666e-01
2.965407000000000000e+09,8.829204746911083479e-01,-4.116501283374291442e-01,-3.345167559422069364e-02,1.424488302997450051e-01
2.970406000000000000e+09,8.781781061381245257e-01,-4.216143154894727019e-01,-3.134684741561871713e-02,1.419955841534008556e-01
2.975405000000000000e+09,8.733227305793038742e-01,-4.315245597043739778e-01,-2.924917513962527540e-02,1.414996145130879845e-01
2.980404000000000000e+09,8.683549353760982026e-01,-4.413795521607411509e-01,-2.715958019793583353e-02,1.409610259364536544e-01
2.985403000000000000e+09,8.632753242338544464e-01,-4.511779893615427972e-01,-2.507898297851710381e-02,1.403799436716186011e-01
2.990402000000000000e+09,8.580845171994561094e-01,-4.609185733846441479e-01,-2.300830234581007980e-02,1.397565136782681350e-01
2.995401000000000000e+09,8.527831506535459294e-01,-4.706000121357081789e-01,-2.094845515861596882e-02,1.390909026372106339e-01
3.000400000000000000e+09,8.473718772972126390e-01,-4.802210196032924427e-01,-1.890035578596725371e-02,1.383832979482727821e-01
3.005399000000000000e+09,8.418513661330171427e-01,-4.897803161159962615e-01,-1.686491562126543609e-02,1.376339077164051850e-01
3.010398000000000000e+09,8.362223024402486438e-01,-4.992766286014667654e-01,-1.484304259500308226e-02,1.368429607258788983e-01
3.015397000000000000e+09,8.304853877442966992e-01,-5.087086908471240010e-01,-1.283564068636591088e-02,1.360107064024624890e-01
3.020396000000000000e+09,8.246413397800435030e-01,-5.180752437623937778e-01,-1.084360943404194359e-02,1.351374147634784861e-01
3.025395000000000000e+09,8.186908924491734796e-01,-5.273750356422816088e-01,-8.867843446556607917e-03,1.342233763556461290e-01
3.030394000000000000e+09,8.126347957713168091e-01,-5.366068224321063340e-01,-6.909231912455827962e-03,1.332689021806260643e-01
3.035393000000000000e+09,8.064738158289366243e-01,-5.457693679931883146e-01,-4.968658110675351625e-03,1.322743236081985185e-01
3.040392000000000000e+09,8.002087347058882694e-01,-5.548614443693019593e-01,-3.046998921432784654e-03,1.312399922770004501e-01
3.045391000000000000e+09,7.938403504195812310e-01,-5.638818320536918005e-01,-1.145124337986120613e-03,1.301662799827816019e-01
3.050390000000000000e+09,7.873694768466704685e-01,-5.728293202564619380e-01,7.361030204005288100e-04,1.290535785541237490e-01
3.055389000000000000e+09,7.807969436422383946e-01,-5.817027071721063702e-01,2.595828393923647719e-03,1.279022997155978836e-01
3.060388000000000000e+09,7.741235961524032261e-01,-5.905008002469979145e-01,4.433205365795851900e-03,1.267128749383357178e-01
3.065387000000000000e+09,7.673502953203295007e-01,-5.992224164465963510e-01,6.247396343520048023e-03,1.254857552780051511e-01
3.070386000000000000e+09,7.604779175855842510e-01,-6.078663825221972683e-01,8.037573037534681206e-03,1.242214112001888832e-01
3.075385000000000000e+09,7.535073547768430524e-01,-6.164315352769614842e-01,9.802916936857404215e-03,1.229203323931816194e-01
3.080384000000000000e+09,7.464395139979046467e-01,-6.249167218310420768e-01,1.154261978136510332e-02,1.215830275682265871e-01
3.085383000000000000e+09,7.392753175070200244e-01,-6.333207998855651111e-01,1.325588403034514730e-02,1.202100242472317199e-01
3.090382000000000000e+09,7.320157025895239755e-01,-6.416426379852582240e-01,1.494192332694849190e-02,1.188018685380089062e-01
3.095381000000000000e+09,7.246616214237905362e-01,-6.498811157794938120e-01,1.659996295817423723e-02,1.173591248971013190e-01
3.100380000000000000e+09,7.172140409405087791e-01,-6.580351242815296597e-01,1.822924031002008324e-02,1.158823758802658421e-01
3.105379000000000000e+09,7.096739426753306823e-01,-6.661035661257147522e-01,1.982900531742694261e-02,1.143722218807039642e-01
3.110378000000000000e+09,7.020423226148890805e-01,-6.740853558224503272e-01,2.139852090865216119e-02,1.128292808551298043e-01
3.115377000000000000e+09,6.943201910362626350e-01,-6.819794200106736870e-01,2.293706344370195424e-02,1.112541880377917319e-01
3.120376000000000000e+09,6.865085723399076967e-01,-6.897846977076387276e-01,2.444392314645850092e-02,1.096475956425677911e-01
3.125375000000000000e+09,6.786085048761385519e-01,-6.975001405557794687e-01,2.591840453013929957e-02,1.080101725532707224e-01
3.130374000000000000e+09,6.706210407652014593e-01,-7.051247130664390905e-01,2.735982681572601827e-02,1.063426040023118108e-01
3.135373000000000000e+09,6.625472457110396229e-01,-7.126573928602319974e-01,2.876752434300992867e-02,1.046455912378784214e-01
3.140372000000000000e+09,6.543881988088163792e-01,-7.200971709038371804e-01,3.014084697389064760e-02,1.029198511798107146e-01
3.145371000000000000e+09,6.461449923462917466e-01,-7.274430517430028331e-01,3.147916048759165364e-02,1.011661160643468338e-01
3.150370000000000000e+09,6.378187315991585837e-01,-7.346940537315477249e-01,3.278184696743174920e-02,9.938513307794823171e-02
3.155369000000000000e+09,6.294105346204452722e-01,-7.418492092561634887e-01,3.404830517882789093e-02,9.757766398040790268e-02
3.160368000000000000e+09,6.209215320240943914e-01,-7.489075649567930038e-01,3.527795093818003602e-02,9.574448471746493938e-02
3.165367000000000000e+09,6.123528667628500566e-01,-7.558681819424097892e-01,3.647021747232049443e-02,9.388638502316182244e-02
3.170366000000000000e+09,6.037056939005832623e-01,-7.627301360019820287e-01,3.762455576820235986e-02,9.200416801218772034e-02
3.175365000000000000e+09,5.949811803791960063e-01,-7.694925178104350394e-01,3.874043491250653976e-02,9.009864976246659274e-02
3.180364000000000000e+09,5.861805047802516322e-01,-7.761544331294245591e-01,3.981734242086630571e-02,8.817065888826115805e-02
3.185363000000000000e+09,5.773048570814881542e-01,-7.827150030027493210e-01,4.085478455641099182e-02,8.622103610406454954e-02
3.190362000000000000e+09,5.683554384083721045e-01,-7.891733639462076288e-01,4.185228663732883103e-02,8.425063377958388888e-02
3.195361000000000000e+09,5.593334607808646552e-01,-7.955286681317386144e-01,4.280939333317457934e-02,8.226031548610501787e-02
3.200360000000000000e+09,5.502401468555923048e-01,-8.017800835656806457e-01,4.372566894964832751e-02,8.025095553455459385e-02
3.205359000000000000e+09,5.410767296635592416e-01,-8.079267942609935638e-01,4.460069770157360641e-02,7.822343850558260980e-02
3.210358000000000000e+09,5.318444523436550719e-01,-8.139680004032825433e-01,4.543408397383669195e-02,7.617865877199492264e-02
3.215357000000000000e+09,5.225445678720909148e-01,-8.199029185104853568e-01,4.622545257002660946e-02,7.411752001387345024e-02
3.220356000000000000e+09,5.131783387880128888e-01,-8.257307815860808198e-01,4.697444894855892783e-02,7.204093472674266696e-02
3.225355000000000000e+09,5.037470369154609662e-01,-8.314508392657005142e-01,4.768073944605429743e-02,6.994982372312216756e-02
3.230354000000000000e+09,4.942519430819116710e-01,-8.370623579569945738e-01,4.834401148776477919e-02,6.784511562785323913e-02
3.235353000000000000e+09,4.846943468336167293e-01,-8.425646209726662672e-01,4.896397378485178170e-02,6.572774636755340794e-02
3.240352000000000000e+09,4.750755461479360675e-01,-8.479569286565513675e-01,4.954035651832917192e-02,6.359865865459202183e-02
3.245351000000000000e+09,4.653968471429261733e-01,-8.532385985026361697e-01,5.007291150950143183e-02,6.145880146596349042e-02
3.250350000000000000e+09,4.556595637843775526e-01,-8.584089652669515402e-01,5.056141237673411615e-02,5.930912951746208223e-02
3.255349000000000000e+09,4.458650175905680690e-01,-8.634673810722242049e-01,5.100565467841350342e-02,5.715060273355171416e-02
3.260348000000000000e+09,4.360145373349328390e-01,-8.684132155052445290e-01,5.140545604196034707e-02,5.498418571332772814e-02
3.265347000000000000e+09,4.261094587469166917e-01,-8.732458557068691896e-01,5.176065627877641379e-02,5.281084719299723729e-02
3.270346000000000000e+09,4.161511242112398423e-01,-8.779647064546025614e-01,5.207111748502404186e-02,5.063155950527143540e-02
3.275345000000000000e+09,4.061408824658222505e-01,-8.825691902377185150e-01,5.233672412813684255e-02,4.844729803610210717e-02
3.280344000000000000e+09,3.960800882986048599e-01,-8.870587473248831012e-01,5.255738311899538218e-02,4.625904067916917356e-02
3.285343000000000000e+09,3.859701022435274576e-01,-8.914328358242475936e-01,5.273302386969028893e-02,4.406776728855543029e-02
3.290342000000000000e+09,3.758122902758941342e-01,-8.956909317359902367e-01,5.286359833683471066e-02,4.187445913001813791e-02
3.295341000000000000e+09,3.656080235074032903e-01,-8.998325289973069241e-01,5.294908105038444168e-02,3.968009833129627212e-02
3.300340000000000000e+09,3.553586778810433056e-01,-9.038571395198481406e-01,5.298946912794615105e-02,3.748566733187195382e-02
3.305339000000000000e+09,3.450656338661579614e-01,-9.077642932195973957e-01,5.298478227456596829e-02,3.529214833261495182e-02
3.310338000000000000e+09,3.347302761538810123e-01,-9.115535380392385534e-01,5.293506276800539340e-02,3.310052274574187825e-02
3.315337000000000000e+09,3.243539933532286756e-01,-9.152244399630080629e-01,5.284037542953094746e-02,3.091177064551073328e-02
3.320336000000000000e+09,3.139381776880536545e-01,-9.187765830240974818e-01,5.270080758024726919e-02,2.872687022007568494e-02
3.325335000000000000e+09,3.034842246951449107e-01,-9.222095693046322706e-01,5.251646898302661515e-02,2.654679722493506061e-02
3.330334000000000000e+09,2.929935329236925123e-01,-9.255230189282944719e-01,5.228749177010116878e-02,2.437252443837731666e-02
3.335333000000000000e+09,2.824675036363540892e-01,-9.287165700456538886e-01,5.201403035639509675e-02,2.220502111935849718e-02
3.340332000000000000e+09,2.719075405121793021e-01,-9.317898788122773723e-01,5.169626133868537171e-02,2.004525246821614592e-02
3.345331000000000000e+09,2.613150493516113726e-01,-9.347426193596969357e-01,5.133438338070239748e-02,1.789417909063424628e-02
3.350330000000000000e+09,2.506914377838007635e-01,-9.375744837593379399e-01,5.092861708429062551e-02,1.575275646526480902e-02
3.355329000000000000e+09,2.400381149764553024e-01,-9.402851819795006172e-01,5.047920484675310487e-02,1.362193441540552816e-02
3.360328000000000000e+09,2.293564913484542889e-01,-9.428744418355038404e-01,4.998641070453561930e-02,1.150265658513355965e-02
3.365327000000000000e+09,2.186479782854391651e-01,-9.453420089331092679e-01,4.945052016340512752e-02,9.395859920279860458e-03
3.370326000000000000e+09,2.079139878586105106e-01,-9.476876466053480996e-01,4.887184001529418231e-02,7.302474154632651072e-03
3.375325000000000000e+09,1.971559325469001700e-01,-9.499111358428917740e-01,4.825069814199122592e-02,5.223421301742508377e-03
3.380324000000000000e+09,1.863752249627710911e-01,-9.520122752180939507e-01,4.758744330587868360e-02,3.159615152699186361e-03
3.385323000000000000e+09,1.755732775818094615e-01,-9.539908808028600973e-01,4.688244492792336543e-02,1.111960780242799568e-03
3.390322000000000000e+09,1.647515024763151481e-01,-9.558467860805003324e-01,4.613609285313226976e-02,-9.186459504323609034e-04
3.395321000000000000e+09,1.539113110530551942e-01,-9.575798418517170729e-01,4.534879710371118866e-02,-2.931318863852710316e-03
3.400320000000000000e+09,1.430541137953950381e-01,-9.591899161349094483e-01,4.452098762016165612e-02,-4.925181949063165560e-03
3.405319000000000000e+09,1.321813200099351826e-01,-9.606768940609627938e-01,4.365311399056380492e-02,-6.899369826734373483e-03
3.410318000000000000e+09,1.212943375778651883e-01,-9.620406777626904216e-01,4.274564516831106525e-02,-8.853028208256586221e-03
3.415317000000000000e+09,1.103945727111429603e-01,-9.632811862591460494e-01,4.179906917856319321e-02,-1.078531434652026111e-02
3.420316000000000000e+09,9.948342971369120158e-02,-9.643983553349616544e-01,4.081389281368708044e-02,-1.269539747807368023e-02
3.425315000000000000e+09,8.856231074772541456e-02,-9.653921374149370127e-01,3.979064131798967785e-02,-1.458245925638715877e-02
3.430314000000000000e+09,7.763261560537980388e-02,-9.662625014340622265e-01,3.872985806201983267e-02,-1.644569417593404193e-02
3.435313000000000000e+09,6.669574148570071859e-02,-9.670094327031941717e-01,3.763210420675169865e-02,-1.828430998683740899e-02
3.440312000000000000e+09,5.575308277720456007e-02,-9.676329327705860406e-01,3.649795835795215798e-02,-2.009752809981557933e-02
3.445311000000000000e+09,4.480603084603614061e-02,-9.681330192794892486e-01,3.532801621105745304e-02,-2.188458398119986700e-02
3.450310000000000000e+09,3.385597382988245196e-02,-9.685097258220464189e-01,3.412289018686796849e-02,-2.364472753778029332e-02
3.455309000000000000e+09,2.290429643769999885e-02,-9.687631017896917163e-01,3.288320905840171754e-02,-2.537722349127250268e-02
3.460308000000000000e+09,1.195237975536842662e-02,-9.688932122202866815e-01,3.160961756922681110e-02,-2.708135174219000046e-02
3.465307000000000000e+09,1.001601057331368352e-03,-9.689001376422121670e-01,3.030277604362529437e-02,-2.875640772293913683e-02
3.470306000000000000e+09,-9.946666375716704117e-03,-9.687839739156518526e-01,2.896335998891413216e-02,-3.040170273994010838e-02
3.475305000000000000e+09,-2.089105343300888193e-02,-9.685448320712867210e-01,2.759205969028212177e-02,-3.201656430462027081e-02
3.480304000000000000e+09,-3.183019534373644072e-02,-9.681828381466416333e-01,2.618957979848107048e-02,-3.360033645310800399e-02
3.485303000000000000e+09,-4.276273184085216394e-02,-9.676981330203109355e-01,2.475663891073496756e-02,-3.515238005449095732e-02
3.490302000000000000e+09,-5.368730731865186540e-02,-9.670908722442994598e-01,2.329396914520530729e-02,-3.667207310750332516e-02
3.495301000000000000e+09,-6.460257098408174470e-02,-9.663612258747001915e-01,2.180231570938433172e-02,-3.815881102551871296e-02
3.500300000000000000e+09,-7.550717700176801106e-02,-9.655093783009681685e-01,2.028243646276112200e-02,-3.961200690974502059e-02
3.505299000000000000e+09,-8.639978463276118403e-02,-9.645355280739904558e-01,1.873510147412443469e-02,-4.103109181052157217e-02
3.510298000000000000e+09,-9.727905836700279085e-02,-9.634398877332105426e-01,1.716109257386330689e-02,-4.241551497663609976e-02
3.515297000000000000e+09,-1.081436680495135305e-01,-9.622226836330267652e-01,1.556120290161002589e-02,-4.376474409258659243e-02
3.520296000000000000e+09,-1.189922890003375505e-01,-9.608841557686974566e-01,1.393623644960595778e-02,-4.507826550373592728e-02
3.525295000000000000e+09,-1.298236021282507813e-01,-9.594245576019786448e-01,1.228700760212383600e-02,-4.635558442929933048e-02
3.530294000000000000e+09,-1.406362940383016902e-01,-9.578441558867301087e-01,1.061434067131820404e-02,-4.759622516313911228e-02
3.535293000000000000e+09,-1.514290571331873281e-01,-9.561432304946972938e-01,8.919069429851251771e-03,-4.879973126233455583e-02
3.540292000000000000e+09,-1.622005897085561643e-01,-9.543220742417087843e-01,7.202036640644228840e-03,-4.996566572351440749e-02
3.545291000000000000e+09,-1.729495960422722245e-01,-9.523809927144982757e-01,5.464093584111692770e-03,-5.109361114695337019e-02
3.550290000000000000e+09,-1.836747864777296679e-01,-9.503203040983662087e-01,3.706099583212406779e-03,-5.218316988843691578e-02
3.555289000000000000e+09,-1.943748775012697216e-01,-9.481403390059059966e-01,1.928921526671386081e-03,-5.323396419891310988e-02
3.560288000000000000e+09,-2.050485918138052477e-01,-9.458414403069790310e-01,1.334333907054318692e-04,-5.424563635196434641e-02
3.565287000000000000e+09,-2.156946583967402076e-01,-9.434239629601737231e-01,-1.679484240410820343e-03,-5.521784875913506030e-02
3.570286000000000000e+09,-2.263118125722656526e-01,-9.408882738459238837e-01,-3.508944654608311953e-03,-5.615028407317067954e-02
3.575285000000000000e+09,-2.368987960581699082e-01,-9.382347516014979405e-01,-5.354055492787952730e-03,-5.704264527921942829e-02
3.580284000000000000e+09,-2.474543570172279550e-01,-9.354637864580522821e-01,-7.213919229767043993e-03,-5.789465577407143515e-02
3.585283000000000000e+09,-2.579772501013438690e-01,-9.325757800799113761e-01,-9.087633655092233406e-03,-5.870605943351443756e-02
3.590282000000000000e+09,-2.684662364905263665e-01,-9.295711454062998147e-01,-1.097429235340767299e-02,-5.947662066788680924e-02
3.595281000000000000e+09,-2.789200839268509702e-01,-9.264503064956510769e-01,-1.287298518407325142e-02,-6.020612446593020389e-02
3.600280000000000000e+09,-2.893375667435325593e-01,-9.232136983727202706e-01,-1.478279875973504028e-02,-6.089437642704105536e-02
3.605279000000000000e+09,-2.997174658892753363e-01,-9.198617668786082113e-01,-1.670281692355607417e-02,-6.154120278203292771e-02
3.610278000000000000e+09,-3.100585689480145346e-01,-9.163949685239093368e-01,-1.863212122482230462e-02,-6.214645040253304747e-02
3.615277000000000000e+09,-3.203596701542308911e-01,-9.128137703450968088e-01,-2.056979139264173556e-02,-6.270998679913443452e-02
3.620276000000000000e+09,-3.306195704039732730e-01,-9.091186497643207742e-01,-2.251490580746634898e-02,-6.323170010843842670e-02
3.625275000000000000e+09,-3.408370772617856925e-01,-9.053100944527416871e-01,-2.446654197017616994e-02,-6.371149906913083083e-02
3.630274000000000000e+09,-3.510110049636603891e-01,-9.013886021975484608e-01,-2.642377696845445503e-02,-6.414931298723579312e-02
3.635273000000000000e+09,-3.611401744162328620e-01,-8.973546807727764696e-01,-2.838568794021789285e-02,-6.454509169069545804e-02
3.640272000000000000e+09,-3.712234131923599634e-01,-8.932088478140590704e-01,-3.035135253385056603e-02,-6.489880547344331618e-02
3.645271000000000000e+09,-3.812595555232912714e-01,-8.889516306974200033e-01,-3.231984936500358063e-02,-6.521044502912509699e-02
3.650270000000000000e+09,-3.912474422875847901e-01,-8.845835664222198025e-01,-3.429025846974045888e-02,-6.548002137463976302e-02
3.655269000000000000e+09,-4.011859209969789175e-01,-8.801052014983532512e-01,-3.626166175379735152e-02,-6.570756576366942880e-02
3.660268000000000000e+09,-4.110738457793978173e-01,-8.755170918377975786e-01,-3.823314343775257446e-02,-6.589312959038572115e-02
3.665267000000000000e+09,-4.209100773592850953e-01,-8.708198026505954426e-01,-4.020379049789835763e-02,-6.603678428349551988e-02
3.670266000000000000e+09,-4.306934830354566257e-01,-8.660139083453479714e-01,-4.217269310261210352e-02,-6.613862119082740409e-02
3.675265000000000000e+09,-4.404229366566644321e-01,-8.610999924343113454e-01,-4.413894504404888147e-02,-6.619875145463936794e-02
3.680264000000000000e+09,-4.500973185950949418e-01,-8.560786474431302251e-01,-4.610164416495896728e-02,-6.621730587783394850e-02
3.685263000000000000e+09,-4.597155157179691476e-01,-8.509504748253030604e-01,-4.805989278046565727e-02,-6.619443478128295144e-02
3.690262000000000000e+09,-4.692764213574593946e-01,-8.457160848813960463e-01,-5.001279809463744092e-02,-6.613030785245090082e-02
3.695261000000000000e+09,-4.787789352791368414e-01,-8.403760966830893242e-01,-5.195947261168692988e-02,-6.602511398551921817e-02
3.700260000000000000e+09,-4.882219636491333947e-01,-8.349311380020477680e-01,-5.389903454165612118e-02,-6.587906111320167291e-02
3.705259000000000000e+09,-4.976044190002433809e-01,-8.293818452436872990e-01,-5.583060820043668493e-02,-6.569237603046576557e-02
3.710258000000000000e+09,-5.069252201971446992e-01,-8.237288633858358411e-01,-5.775332440399564421e-02,-6.546530421034656155e-02
3.715257000000000000e+09,-5.161832924009646106e-01,-8.179728459223123416e-01,-5.966632085666435242e-02,-6.519810961206497224e-02
3.720256000000000000e+09,-5.253775670334038805e-01,-8.121144548114317407e-01,-6.156874253339648939e-02,-6.489107448165429282e-02
3.725255000000000000e+09,-5.345069817405826429e-01,-8.061543604294350018e-01,-6.345974205584394012e-02,-6.454449914528632981e-02
3.730254000000000000e+09,-5.435704803568649490e-01,-8.000932415288488642e-01,-6.533848006217969628e-02,-6.415870179551827479e-02
3.735253000000000000e+09,-5.525670128688220384e-01,-7.939317852017492294e-01,-6.720412557054317171e-02,-6.373401827064666125e-02
3.740252000000000000e+09,-5.614955353795760828e-01,-7.876706868479100843e-01,-6.905585633602440154e-02,-6.327080182738287206e-02
3.745251000000000000e+09,-5.703550100736893835e-01,-7.813106501478332966e-01,-7.089285920110334482e-02,-6.276942290704504157e-02
3.750250000000000000e+09,-5.791444051828200656e-01,-7.748523870405911174e-01,-7.271433043945262076e-02,-6.223026889546914159e-02
3.755249000000000000e+09,-5.878626949523555467e-01,-7.682966177064747271e-01,-7.451947609304991615e-02,-6.165374387684231100e-02
3.760248000000000000e+09,-5.965088596091886464e-01,-7.616440705543783274e-01,-7.630751230251127393e-02,-6.104026838164904739e-02
3.765247000000000000e+09,-6.050818853308630452e-01,-7.548954822138768117e-01,-7.807766563060167253e-02,-6.039027912893950301e-02
3.770246000000000000e+09,-6.135807642162537379e-01,-7.480515975319493860e-01,-7.982917337885342413e-02,-5.970422876309847138e-02
3.775245000000000000e+09,-6.220044942580137404e-01,-7.411131695742451120e-01,-8.156128389725783578e-02,-5.898258558532636781e-02
3.780244000000000000e+09,-6.303520793169269387e-01,-7.340809596308676133e-01,-8.327325688697527484e-02,-5.822583328000811159e-02
3.785243000000000000e+09,-6.386225290983940095e-01,-7.269557372265599282e-01,-8.496436369602512750e-02,-5.743447063616827913e-02
3.790242000000000000e+09,-6.468148591312101736e-01,-7.197382801352310011e-01,-8.663388760793713783e-02,-5.660901126419617957e-02
3.795241000000000000e+09,-6.549280907488316261e-01,-7.124293743987141214e-01,-8.828112412330919867e-02,-5.574998330802114627e-02
3.800240000000000000e+09,-6.629612510733010611e-01,-7.050298143496820380e-01,-8.990538123428051809e-02,-5.485792915293125072e-02
3.805239000000000000e+09,-6.709133730020008235e-01,-6.975404026385902956e-01,-9.150597969187286573e-02,-5.393340512919661545e-02
3.810238000000000000e+09,-6.787834951974189845e-01,-6.899619502645709668e-01,-9.308225326620456208e-02,-5.297698121168985946e-02
3.815237000000000000e+09,-6.865706620800814397e-01,-6.822952766101333388e-01,-9.463354899955658817e-02,-5.198924071566677491e-02
3.820236000000000000e+09,-6.942739238248257783e-01,-6.745412094795765201e-01,-9.615922745229632529e-02,-5.097077998887931255e-02
3.825235000000000000e+09,-7.018923363605690247e-01,-6.667005851409748551e-01,-9.765866294163681738e-02,-4.992220810018765248e-02
3.830234000000000000e+09,-7.094249613737234617e-01,-6.587742483716183539e-01,-9.913124377325426007e-02,-4.884414652484243141e-02
3.835233000000000000e+09,-7.168708663154295113e-01,-6.507630525067630289e-01,-1.005763724657640634e-01,-4.773722882657725070e-02
3.840232000000000000e+09,-7.242291244127213590e-01,-6.426678594915481435e-01,-1.019934659680460237e-01,-4.660210033669689306e-02
3.845231000000000000e+09,-7.314988146838056204e-01,-6.344895399359659072e-01,-1.033819558694563656e-01,-4.543941783028798004e-02
3.850230000000000000e+09,-7.386790219575547489e-01,-6.262289731726911057e-01,-1.047412886029189527e-01,-4.424984919972409225e-02
3.855229000000000000e+09,-7.457688368973944826e-01,-6.178870473176498734e-01,-1.060709256409321233e-01,-4.303407312559386078e-02
3.860228000000000000e+09,-7.527673560296594957e-01,-6.094646593331551898e-01,-1.073703436844823944e-01,-4.179277874521356018e-02
3.865227000000000000e+09,-7.596736817765843419e-01,-6.009627150934576667e-01,-1.086390348449222248e-01,-4.052666531884949186e-02
3.870226000000000000e+09,-7.664869224940469294e-01,-5.923821294525243308e-01,-1.098765068188067018e-01,-3.923644189379500713e-02
3.875225000000000000e+09,-7.732061925141429093e-01,-5.837238263139022942e-01,-1.110822830557257612e-01,-3.792282696643529266e-02
3.880224000000000000e+09,-7.798306121927482959e-01,-5.749887387024729124e-01,-1.122559029191610852e-01,-3.658654814242767728e-02
3.885223000000000000e+09,-7.863593079621318260e-01,-5.661778088379263441e-01,-1.133969218403925311e-01,-3.522834179512267239e-02
3.890222000000000000e+09,-7.927914123887591646e-01,-5.572919882097759903e-01,-1.145049114654854844e-01,-3.384895272235869529e-02
3.895221000000000000e+09,-7.991260642363329225e-01,-5.483322376537108633e-01,-1.155794597953912206e-01,-3.244913380173376077e-02
3.900220000000000000e+09,-8.053624085342041550e-01,-5.392995274291410013e-01,-1.166201713191926947e-01,-3.102964564449139581e-02
3.905219000000000000e+09,-8.114995966512006387e-01,-5.301948372976890145e-01,-1.176266671405283293e-01,-2.959125624811585406e-02
3.910218000000000000e+09,-8.175367863749734010e-01,-5.210191566024610088e-01,-1.185985850972258726e-01,-2.813474064776330663e-02
3.915217000000000000e+09,-8.234731419969189004e-01,-5.117734843479172513e-01,-1.195355798741896125e-01,-2.666088056662309011e-02
3.920216000000000000e+09,-8.293078344027472459e-01,-5.024588292800976630e-01,-1.204373231095617197e-01,-2.517046406532249744e-02
3.925215000000000000e+09,-8.350400411687456392e-01,-4.930762099670445431e-01,-1.213035034942107487e-01,-2.366428519047607607e-02
3.930214000000000000e+09,-8.406689466638176400e-01,-4.836266548791782194e-01,-1.221338268645633662e-01,-2.214314362247231383e-02
3.935213000000000000e+09,-8.461937421573024753e-01,-4.741112024694479898e-01,-1.229280162888338052e-01,-2.060784432260276758e-02
3.940212000000000000e+09,-8.516136259326585467e-01,-4.645309012530314807e-01,-1.236858121466749699e-01,-1.905919717962095000e-02
3.945211000000000000e+09,-8.569278034070064720e-01,-4.548868098863813048e-01,-1.244069722022840274e-01,-1.749801665582125659e-02
3.950210000000000000e+09,-8.621354872566057148e-01,-4.451799972453877041e-01,-1.250912716710136097e-01,-1.592512143273652064e-02
3.955209000000000000e+09,-8.672358975482334920e-01,-4.354115425024584485e-01,-1.257385032795042545e-01,-1.434133405652251482e-02
3.960208000000000000e+09,-8.722282618765186957e-01,-4.255825352022972186e-01,-1.263484773193835065e-01,-1.274748058313756628e-02
3.965207000000000000e+09,-8.771118155072479272e-01,-4.156940753361542118e-01,-1.269210216945610425e-01,-1.114439022337119362e-02
3.970206000000000000e+09,-8.818858015265903516e-01,-4.057472734143259263e-01,-1.274559819621567114e-01,-9.532894987829445069e-03
3.975205000000000000e+09,-8.865494709963093189e-01,-3.957432505367071141e-01,-1.279532213670854235e-01,-7.913829331931588815e-03
3.980204000000000000e+09,-8.911020831149044641e-01,-3.856831384611343339e-01,-1.284126208703414429e-01,-6.288029801013417588e-03
3.985203000000000000e+09,-8.955429053846701848e-01,-3.755680796693368073e-01,-1.288340791709984556e-01,-4.656334675596528194e-03
3.990202000000000000e+09,-8.998712137846651693e-01,-3.653992274302439447e-01,-1.292175127219689079e-01,-3.019583616904159429e-03
3.995201000000000000e+09,-9.040862929495506739e-01,-3.551777458604369331e-01,-1.295628557395385461e-01,-1.378617312699029381e-03
4.000200000000000000e+09,-9.081874363542550288e-01,-3.449048099815317792e-01,-1.298700602067119347e-01,2.657228764948059625e-04
4.005199000000000000e+09,-9.121739465044382822e-01,-3.345816057742370120e-01,-1.301390958703903256e-01,1.912595270716837843e-03
4.010198000000000000e+09,-9.160451351326737157e-01,-3.242093302288879264e-01,-1.303699502324074389e-01,3.561158223361363291e-03
4.015197000000000000e+09,-9.198003234003244710e-01,-3.137891913922440934e-01,-1.305626285344436144e-01,5.210570473383035334e-03
4.020196000000000000e+09,-9.234388421050327977e-01,-3.033224084102913443e-01,-1.307171537368521930e-01,6.859991496838398727e-03
4.025195000000000000e+09,-9.269600318937337713e-01,-2.928102115668407279e-01,-1.308335664914013208e-01,8.508581857709800189e-03
4.030194000000000000e+09,-9.303632434811435203e-01,-2.822538423177241573e-01,-1.309119251079657598e-01,1.015550355792897534e-02
4.035193000000000000e+09,-9.336478378736239314e-01,-2.716545533203280072e-01,-1.309523055151779192e-01,1.179992038655210997e-02
4.040192000000000000e+09,-9.368131865983185813e-01,-2.610136084582788674e-01,-1.309548012150686114e-01,1.344099826801519772e-02
4.045191000000000000e+09,-9.398586719374728560e-01,-2.503322828610268225e-01,-1.309195232316860691e-01,1.507790560939697815e-02
4.050190000000000000e+09,-9.427836871678261232e-01,-2.396118629181475390e-01,-1.308466000537446827e-01,1.670981364663945770e-02
4.055189000000000000e+09,-9.455876368049718206e-01,-2.288536462881219091e-01,-1.307361775712864438e-01,1.833589678965339212e-02
4.060188000000000000e+09,-9.482699368525313588e-01,-2.180589419013798380e-01,-1.305884190063801020e-01,1.995533296623411973e-02
4.065187000000000000e+09,-9.508300150560542452e-01,-2.072290699574131090e-01,-1.304035048378748840e-01,2.156730396474684439e-02
4.070186000000000000e+09,-9.532673111614787809e-01,-1.963653619157293140e-01,-1.301816327202020562e-01,2.317099577549036268e-02
4.075185000000000000e+09,-9.555812771780215487e-01,-1.854691604804610816e-01,-1.299230173962473422e-01,2.476559893068326287e-02
4.080184000000000000e+09,-9.577713776453409267e-01,-1.745418195783882132e-01,-1.296278906043028256e-01,2.635030884300647303e-02
4.085183000000000000e+09,-9.598370899048161986e-01,-1.635847043302272596e-01,-1.292965009790899567e-01,2.792432614263586424e-02
4.090182000000000000e+09,-9.617779043747881618e-01,-1.525991910149397668e-01,-1.289291139468768665e-01,2.948685701267905052e-02
4.095181000000000000e+09,-9.635933248295692755e-01,-1.415866670269006478e-01,-1.285260116146849652e-01,3.103711352297289575e-02
4.100180000000000000e+09,-9.652828686820587034e-01,-1.305485308256961741e-01,-1.280874926535939540e-01,3.257431396214727215e-02
4.105179000000000000e+09,-9.668460672697777314e-01,-1.194861918784091148e-01,-1.276138721761463923e-01,3.409768316788899106e-02
4.110178000000000000e+09,-9.682824661441229441e-01,-1.084010705941822472e-01,-1.271054816078558691e-01,3.560645285533905330e-02
4.115177000000000000e+09,-9.695916253626317705e-01,-9.729459825087857783e-02,-1.265626685528174200e-01,3.709986194353801642e-02
4.120176000000000000e+09,-9.707731197840835380e-01,-8.616821691367182456e-02,-1.259857966534355389e-01,3.857715687984204084e-02
4.125175000000000000e+09,-9.718265393661802420e-01,-7.502337934539829445e-02,-1.253752454442514652e-01,4.003759196224192241e-02
4.130174000000000000e+09,-9.727514894656196232e-01,-6.386154890849984889e-02,-1.247314101998872882e-01,4.148042965948587485e-02
4.135173000000000000e+09,-9.735475911403106419e-01,-5.268419945841150420e-02,-1.240547017771062299e-01,4.290494092894317490e-02
4.140172000000000000e+09,-9.742144814535156350e-01,-4.149281522820232743e-02,-1.233455464509783522e-01,4.431040553210437855e-02
4.145171000000000000e+09,-9.747518137796697957e-01,-3.028889070437813108e-02,-1.226043857451712127e-01,4.569611234765211250e-02
4.150170000000000000e+09,-9.751592581116113045e-01,-1.907393049364729948e-02,-1.218316762563571298e-01,4.706135968199284120e-02
4.155169000000000000e+09,-9.754365013690187158e-01,-7.849449180556300476e-03,-1.210278894727361831e-01,4.840545557717516878e-02
4.160168000000000000e+09,-9.755832477077424070e-01,3.383028824167924175e-03,-1.201935115866839959e-01,4.972771811609527637e-02
4.165167000000000000e+09,-9.755992188297769596e-01,1.462196944467680608e-02,-1.193290433015336549e-01,5.102747572488625094e-02
4.170166000000000000e+09,-9.754841542936578680e-01,2.586582911056351658e-02,-1.184349996324773058e-01,5.230406747241537341e-02
4.175165000000000000e+09,-9.752378118248921091e-01,3.711305493707667269e-02,-1.175119097016099901e-01,5.355684336676663077e-02
4.180164000000000000e+09,-9.748599676262650338e-01,4.836208491505658569e-02,-1.165603165271150848e-01,5.478516464861553359e-02
4.185163000000000000e+09,-9.743504166876357786e-01,5.961134811069457307e-02,-1.155807768065968133e-01,5.598840408140044050e-02
4.190162000000000000e+09,-9.737089730949779476e-01,7.085926487520328998e-02,-1.145738606945746474e-01,5.716594623816508014e-02
4.195161000000000000e+09,-9.729354703383602532e-01,8.210424706450034082e-02,-1.135401515741432943e-01,5.831718778498230088e-02
4.200160000000000000e+09,-9.720297616185334943e-01,9.334469826892442812e-02,-1.124802458228107704e-01,5.944153776083208052e-02
4.205159000000000000e+09,-9.709917201518614149e-01,1.045790140530999807e-01,-1.113947525725381138e-01,6.053841785383241858e-02
4.210158000000000000e+09,-9.698212394732331765e-01,1.158055822059581991e-01,-1.102842934639814004e-01,6.160726267369747572e-02
4.215157000000000000e+09,-9.685182337366619043e-01,1.270227830010024206e-01,-1.091495023949600601e-01,6.264752002030531119e-02
4.220156000000000000e+09,-9.670826380132551137e-01,1.382289894668106978e-01,-1.079910252631849782e-01,6.365865114826731175e-02
4.225155000000000000e+09,-9.655144085862098491e-01,1.494225676678277992e-01,-1.068095197032366550e-01,6.464013102735194360e-02
4.230154000000000000e+09,-9.638135232425052434e-01,1.606018769954503655e-01,-1.056056548178580801e-01,6.559144859866236632e-02
4.235153000000000000e+09,-9.619799815609687554e-01,1.717652704694148935e-01,-1.043801109035592950e-01,6.651210702642713912e-02
4.240152000000000000e+09,-9.600138051963681418e-01,1.829110950494882148e-01,-1.031335791705717403e-01,6.740162394526917622e-02
4.245151000000000000e+09,-9.579150381592016483e-01,1.940376919574270942e-01,-1.018667614572057040e-01,6.825953170284075611e-02
4.250150000000000000e+09,-9.556837470908092769e-01,2.051433970092025605e-01,-1.005803699386148414e-01,6.908537759766654462e-02
4.255149000000000000e+09,-9.533200215335143612e-01,2.162265409574435360e-01,-9.927512683003626714e-02,6.987872411208430334e-02
4.260148000000000000e+09,-9.508239741953955493e-01,2.272854498440495530e-01,-9.795176408453613870e-02,7.063914914011557022e-02
4.265147000000000000e+09,-9.481957412093546811e-01,2.383184453629208222e-01,-9.661102308530761240e-02,7.136624621016188219e-02
4.270146000000000000e+09,-9.454354823861652601e-01,2.493238452327102561e-01,-9.525365433259071202e-02,7.205962470235335871e-02
4.275145000000000000e+09,-9.425433814610854055e-01,2.602999635795790190e-01,-9.388041712523066684e-02,7.271891006043106065e-02
4.280144000000000000e+09,-9.395196463337398551e-01,2.712451113297700278e-01,-9.249207923698472833e-02,7.334374399800605571e-02
4.285143000000000000e+09,-9.363645093008884368e-01,2.821575966119723167e-01,-9.108941658760234816e-02,7.393378469905652339e-02
4.290142000000000000e+09,-9.330782272817218503e-01,2.930357251693381793e-01,-8.967321290876180406e-02,7.448870701250509541e-02
4.295141000000000000e+09,-9.296610820353728988e-01,3.038778007809811443e-01,-8.824425940493479947e-02,7.500820264075359900e-02
4.300140000000000000e+09,-9.261133803702363831e-01,3.146821256928908905e-01,-8.680335440926115198e-02,7.549198032200117592e-02
4.305139000000000000e+09,-9.224354543447853549e-01,3.254470010580211015e-01,-8.535130303450137734e-02,7.593976600620883088e-02
4.310138000000000000e+09,-9.186276614595266787e-01,3.361707273854773748e-01,-8.388891681917662324e-02,7.635130302456061280e-02
4.315137000000000000e+09,-9.146903848397430759e-01,3.468516049985513883e-01,-8.241701336896337104e-02,7.672635225227431022e-02
4.320136000000000000e+09,-9.106240334086800337e-01,3.574879345014417287e-01,-8.093641599346160231e-02,7.706469226460413435e-02
4.325135000000000000e+09,-9.064290420508387403e-01,3.680780172544612094e-01,-7.944795333842548379e-02,7.736611948589167120e-02
4.330134000000000000e+09,-9.021058717650433101e-01,3.786201558575006398e-01,-7.795245901356900875e-02,7.763044833151820645e-02
4.335133000000000000e+09,-8.976550098069165928e-01,3.891126546415393239e-01,-7.645077121606429216e-02,7.785751134259007167e-02
4.340132000000000000e+09,-8.930769698204928941e-01,3.995538201679221801e-01,-7.494373234983985055e-02,7.804715931324424094e-02
4.345131000000000000e+09,-8.883722919585872457e-01,4.099419617351918177e-01,-7.343218864081783870e-02,7.819926141039035272e-02
4.350130000000000000e+09,-8.835415429916285701e-01,4.202753918931895205e-01,-7.191698974820892598e-02,7.831370528575749834e-02
4.355129000000000000e+09,-8.785853164046385499e-01,4.305524269641385904e-01,-7.039898837200335435e-02,7.839039718010711033e-02
4.360128000000000000e+09,-8.735042324820530002e-01,4.407713875704302176e-01,-6.887903985680948749e-02,7.842926201945379927e-02
4.365127000000000000e+09,-8.682989383800745475e-01,4.509305991687899140e-01,-6.735800179216699934e-02,7.843024350316378512e-02
4.370126000000000000e+09,-8.629701081862742873e-01,4.610283925905374058e-01,-6.583673360950913211e-02,7.839330418378197274e-02
4.375125000000000000e+09,-8.575184429661523167e-01,4.710631045875757761e-01,-6.431609617591892147e-02,7.831842553844746424e-02
4.380124000000000000e+09,-8.519446707963665988e-01,4.810330783837899471e-01,-6.279695138485402728e-02,7.820560803178004672e-02
4.385123000000000000e+09,-8.462495467844034502e-01,4.909366642315026175e-01,-6.128016174399638499e-02,7.805487117007732512e-02
4.390122000000000000e+09,-8.404338530743580282e-01,5.007722199726015733e-01,-5.976658996042769068e-02,7.786625354671469768e-02
4.395121000000000000e+09,-8.344983988386601714e-01,5.105381116039815481e-01,-5.825709852328077309e-02,7.763981287861010383e-02
4.400120000000000000e+09,-8.284440202554379518e-01,5.202327138469188261e-01,-5.675254928408943883e-02,7.737562603362961589e-02
4.405119000000000000e+09,-8.222715804713177645e-01,5.298544107199488762e-01,-5.525380303500444790e-02,7.707378904881867498e-02
4.410118000000000000e+09,-8.159819695494584524e-01,5.394015961148732607e-01,-5.376171908508249608e-02,7.673441713934830988e-02
4.415117000000000000e+09,-8.095761044025739928e-01,5.488726743754301918e-01,-5.227715483486872899e-02,7.635764469803967003e-02
4.420116000000000000e+09,-8.030549287107821010e-01,5.582660608782794576e-01,-5.080096534945602316e-02,7.594362528539462531e-02
4.425115000000000000e+09,-7.964194128241061099e-01,5.675801826157539365e-01,-4.933400293026162647e-02,7.549253161000701873e-02
4.430114000000000000e+09,-7.896705536494064148e-01,5.768134787800041074e-01,-4.787711668573568780e-02,7.500455549925523491e-02
4.435113000000000000e+09,-7.828093745216669896e-01,5.859644013480753699e-01,-4.643115210121353392e-02,7.447990786020379506e-02
4.440112000000000000e+09,-7.758369250594253641e-01,5.950314156673990329e-01,-4.499695060817550385e-02,7.391881863060491276e-02
4.445111000000000000e+09,-7.687542810042601316e-01,6.040130010412690931e-01,-4.357534915311871843e-02,7.332153671993091315e-02
4.450110000000000000e+09,-7.615625440442291838e-01,6.129076513138246307e-01,-4.216717976630254827e-02,7.268832994036436568e-02
4.455109000000000000e+09,-7.542628416211011322e-01,6.217138754539771606e-01,-4.077326913061301433e-02,7.201948492767229482e-02
4.460108000000000000e+09,-7.468563267214086698e-01,6.304301981378935826e-01,-3.939443815078840644e-02,7.131530705189192965e-02
4.465107000000000000e+09,-7.393441776511519015e-01,6.390551603294337690e-01,-3.803150152326997130e-02,7.057612031780650941e-02
4.470106000000000000e+09,-7.317275977941591902e-01,6.475873198580950341e-01,-3.668526730692846932e-02,6.980226725512211905e-02
4.475105000000000000e+09,-7.240078153540751016e-01,6.560252519939083760e-01,-3.535653649495405088e-02,6.899410879832298948e-02
4.480104000000000000e+09,-7.161860830799408051e-01,6.643675500188005456e-01,-3.404610258813644402e-02,6.815202415618522302e-02
4.485103000000000000e+09,-7.082636779753879175e-01,6.726128257938649435e-01,-3.275475116984627455e-02,6.727641067089268345e-02
4.490102000000000000e+09,-7.002419009914504500e-01,6.807597103220420776e-01,-3.148325948296902543e-02,6.636768366676351616e-02
4.495101000000000000e+09,-6.921220767030414889e-01,6.888068543056574677e-01,-3.023239600907300442e-02,6.542627628856147182e-02
4.500100000000000000e+09,-6.839055529691820956e-01,6.967529286983055181e-01,-2.900292005009926302e-02,6.445263932940174800e-02
4.505099000000000000e+09,-6.755937005769673265e-01,7.045966252505155847e-01,-2.779558131284607519e-02,6.344724104823661059e-02
4.510098000000000000e+09,-6.671879128695086258e-01,7.123366570486983074e-01,-2.661111949653343148e-02,6.241056697697383582e-02
4.515097000000000000e+09,-6.586896053578072951e-01,7.199717590468006634e-01,-2.545026388374203169e-02,6.134311971720581708e-02
4.520096000000000000e+09,-6.501002153168164988e-01,7.275006885901831311e-01,-2.431373293500916147e-02,6.024541872662303454e-02
4.525095000000000000e+09,-6.414212013657741851e-01,7.349222259311196659e-01,-2.320223388736895528e-02,5.911800009512407222e-02
4.530094000000000000e+09,-6.326540430329835596e-01,7.422351747354488660e-01,-2.211646235713208772e-02,5.796141631069690742e-02
4.535093000000000000e+09,-6.238002403052974598e-01,7.494383625798088921e-01,-2.105710194719269054e-02,5.677623601510935897e-02
4.540092000000000000e+09,-6.148613131623843486e-01,7.565306414389368905e-01,-2.002482385915248936e-02,5.556304374950022523e-02
4.545091000000000000e+09,-6.058388010961425207e-01,7.635108881625347621e-01,-1.902028651056361652e-02,5.432243968993080707e-02
4.550090000000000000e+09,-5.967342626154358287e-01,7.703780049411411701e-01,-1.804413515755928787e-02,5.305503937300338341e-02
4.555089000000000000e+09,-5.875492747364166046e-01,7.771309197605259511e-01,-1.709700152318712613e-02,5.176147341163379878e-02
4.560088000000000000e+09,-5.782854324587491934e-01,7.837685868440984471e-01,-1.617950343171900215e-02,5.044238720109028157e-02
4.565087000000000000e+09,-5.689443482280310826e-01,7.902899870828157258e-01,-1.529224444922224618e-02,4.909844061541420585e-02
4.570086000000000000e+09,-5.595276513847191602e-01,7.966941284521252831e-01,-1.443581353069647508e-02,4.773030769435642612e-02
4.575085000000000000e+09,-5.500369875999252534e-01,8.029800464154233097e-01,-1.361078467402908679e-02,4.633867632096369538e-02
4.580084000000000000e+09,-5.404740182984359986e-01,8.091468043135898736e-01,-1.281771658108232792e-02,4.492424788995518642e-02
4.585083000000000000e+09,-5.308404200693148667e-01,8.151934937401142944e-01,-1.205715232616480330e-02,4.348773696705863362e-02
4.590082000000000000e+09,-5.211378840645356503e-01,8.211192349013773928e-01,-1.132961903218002858e-02,4.202987093946598807e-02
4.595081000000000000e+09,-5.113681153859886974e-01,8.269231769616151029e-01,-1.063562755469382205e-02,4.055138965758477848e-02
4.600080000000000000e+09,-5.015328324613657074e-01,8.326044983721865300e-01,-9.975672174239854847e-03,3.905304506827002309e-02
4.605079000000000000e+09,-4.916337664093264892e-01,8.381624071846682789e-01,-9.350230297049497152e-03,3.753560083973907918e-02
4.610078000000000000e+09,-4.816726603944268548e-01,8.435961413474424297e-01,-8.759762164549277780e-03,3.599983197835918830e-02
4.615077000000000000e+09,-4.716512689722899276e-01,8.489049689853102043e-01,-8.204710571790169507e-03,3.444652443753981608e-02
4.620076000000000000e+09,-4.615713574255204676e-01,8.540881886618454377e-01,-7.685500595135524686e-03,3.287647471894025036e-02
4.625075000000000000e+09,-4.514347010908705826e-01,8.591451296240490976e-01,-7.202539329375467862e-03,3.129048946622157990e-02
4.630074000000000000e+09,-4.412430846782021132e-01,8.640751520290200771e-01,-6.756215634565267830e-03,2.968938505159535862e-02
4.635073000000000000e+09,-4.309983015817287488e-01,8.688776471522902112e-01,-6.346899892764325604e-03,2.807398715540595363e-02
4.640072000000000000e+09,-4.207021531842060069e-01,8.735520375775454038e-01,-5.974943774917987338e-03,2.644513033901230506e-02
4.645071000000000000e+09,-4.103564481545050047e-01,8.780977773673909192e-01,-5.640680018104016896e-03,2.480365761122507728e-02
4.650070000000000000e+09,-3.999630017392433734e-01,8.825143522149534459e-01,-5.344422213320936151e-03,2.315041998858472644e-02
4.655069000000000000e+09,-3.895236350490264843e-01,8.868012795760469302e-01,-5.086464604035710081e-03,2.148627604973575925e-02
4.660068000000000000e+09,-3.790401743399227641e-01,8.909581087816221823e-01,-4.867081895681600601e-03,1.981209148422644062e-02
4.665067000000000000e+09,-3.685144502907545250e-01,8.949844211304108788e-01,-4.686529076255377055e-03,1.812873863598626900e-02
4.670066000000000000e+09,-3.579482972768667781e-01,8.988798299614291221e-01,-4.545041248229876422e-03,1.643709604180129680e-02
4.675065000000000000e+09,-3.473435526409584528e-01,9.026439807062697218e-01,-4.442833471895546275e-03,1.473804796509928933e-02
4.680064000000000000e+09,-3.367020559616736852e-01,9.062765509210333192e-01,-4.380100620326246585e-03,1.303248392535183431e-02
4.685063000000000000e+09,-3.260256483205250522e-01,9.097772502977015119e-01,-4.357017246073583740e-03,1.132129822340761753e-02
4.690062000000000000e+09,-3.153161715679110300e-01,9.131458206549498691e-01,-4.373737459740623112e-03,9.605389463097340624e-03
4.695061000000000000e+09,-3.045754675887160645e-01,9.163820359082444078e-01,-4.430394820562239509e-03,7.885660069419531820e-03
4.700060000000000000e+09,-2.938053775683427959e-01,9.194857020191723462e-01,-4.527102239085698150e-03,6.163015803653090242e-03
4.705059000000000000e+09,-2.830077412597438724e-01,9.224566569240496561e-01,-4.663951892054965000e-03,4.438365275746480876e-03
4.710058000000000000e+09,-2.721843962520713589e-01,9.252947704416774055e-01,-4.841015149601943408e-03,2.712619454292438618e-03
4.715057000000000000e+09,-2.613371772417567573e-01,9.279999441603665744e-01,-5.058342514813679927e-03,9.866911744682155261e-04
4.720056000000000000e+09,-2.504679153065666464e-01,9.305721113041942605e-01,-5.315963575730080735e-03,-7.385053557271572351e-04
4.725055000000000000e+09,-2.395784371833836190e-01,9.330112365785839801e-01,-5.613886969851810196e-03,-2.462055050587001054e-03
4.730054000000000000e+09,-2.286705645503164797e-01,9.353173159953223070e-01,-5.952100361182507612e-03,-4.183042442807235854e-03
4.735053000000000000e+09,-2.177461133138730853e-01,9.374903766770346092e-01,-6.330570429855237116e-03,-5.900552180226172408e-03
4.740052000000000000e+09,-2.068068929018530844e-01,9.395304766413697939e-01,-6.749242874339478337e-03,-7.613669522875923974e-03
4.745051000000000000e+09,-1.958547055625622091e-01,9.414377045649156006e-01,-7.208042426268461943e-03,-9.321480839925221432e-03
4.750050000000000000e+09,-1.848913456710942760e-01,9.432121795271555253e-01,-7.706872877859340804e-03,-1.102307410621912800e-02
4.755049000000000000e+09,-1.739185990432617901e-01,9.448540507345807304e-01,-8.245617121930609930e-03,-1.271753939802251418e-02
4.760048000000000000e+09,-1.629382422578778689e-01,9.463634972251974142e-01,-8.824137204472308135e-03,-1.440396938761755521e-02
4.765047000000000000e+09,-1.519520419880092676e-01,9.477407275537160780e-01,-9.442274389748445823e-03,-1.608145983640055579e-02
4.770046000000000000e+09,-1.409617543417988894e-01,9.489859794576542829e-01,-1.009984923787713047e-02,-1.774911008612370389e-02
4.775045000000000000e+09,-1.299691242135471159e-01,9.500995195046644248e-01,-1.079666169481601802e-02,-1.940602354794133608e-02
4.780044000000000000e+09,-1.189758846456169944e-01,9.510816427214076052e-01,-1.153249119470754584e-02,-2.105130818887287342e-02
4.785043000000000000e+09,-1.079837562017786634e-01,9.519326722042729116e-01,-1.230709677446941569e-02,-2.268407701538062773e-02
4.790042000000000000e+09,-9.699444635260905112e-02,9.526529587123868659e-01,-1.312021720054855171e-02,-2.430344855369501525e-02
4.795041000000000000e+09,-8.600964887347681276e-02,9.532428802431748283e-01,-1.397157110774689334e-02,-2.590854732653063638e-02
4.800040000000000000e+09,-7.503104325572142186e-02,9.537028415910037138e-01,-1.486085714998128422e-02,-2.749850432590052532e-02
4.805039000000000000e+09,-6.406029413160148345e-02,9.540332738891736941e-01,-1.578775416284402405e-02,-2.907245748164146576e-02
4.810038000000000000e+09,-5.309905071343286320e-02,9.542346341359104755e-01,-1.675192133785403936e-02,-3.062955212537401412e-02
4.815037000000000000e+09,-4.214894624762560715e-02,9.543074047045554398e-01,-1.775299840822889066e-02,-3.216894144952989198e-02
4.820036000000000000e+09,-3.121159748395049491e-02,9.542520928386746260e-01,-1.879060584601425013e-02,-3.368978696116342597e-02
4.825035000000000000e+09,-2.028860416062159763e-02,9.540692301324236180e-01,-1.986434507041095338e-02,-3.519125893022371360e-02
4.830034000000000000e+09,-9.381548505690281287e-03,9.537593719967338846e-01,-2.097379866712505841e-02,-3.667253683196945724e-02
4.835033000000000000e+09,1.508005244921855562e-03,9.533230971118877850e-01,-2.211853061853231647e-02,-3.813280978325336162e-02
4.840032000000000000e+09,1.237851131213818685e-02,9.527610068669076782e-01,-2.329808654448677074e-02,-3.957127697236788311e-02
4.845031000000000000e+09,2.322844282091586499e-02,9.520737247864768937e-01,-2.451199395353243285e-02,-4.098714808217315125e-02
4.850030000000000000e+09,3.405629222944546453e-02,9.512618959458346568e-01,-2.575976250433663350e-02,-4.237964370623312216e-02
4.855029000000000000e+09,4.486057173997223813e-02,9.503261863742922255e-01,-2.704088427709694029e-02,-4.374799575768911764e-02
4.860028000000000000e+09,5.563981369093103785e-02,9.492672824479615468e-01,-2.835483405469913995e-02,-4.509144787061872967e-02
4.865027000000000000e+09,6.639257092999670262e-02,9.480858902723041659e-01,-2.970106961338710508e-02,-4.640925579360666992e-02
4.870026000000000000e+09,7.711741716779300926e-02,9.467827350551099030e-01,-3.107903202269350976e-02,-4.770068777532148613e-02
4.875025000000000000e+09,8.781294731192486325e-02,9.453585604705712075e-01,-3.248814595438332536e-02,-4.896502494183407189e-02
4.880024000000000000e+09,9.847777778106980850e-02,9.438141280150423862e-01,-3.392782000014447213e-02,-5.020156166546818621e-02
4.885023000000000000e+09,1.091105467988839339e-01,9.421502163551962461e-01,-3.539744699776191383e-02,-5.140960592496267301e-02
4.890022000000000000e+09,1.197099146675348891e-01,9.403676206691761186e-01,-3.689640436550076924e-02,-5.258847965674545710e-02
4.895021000000000000e+09,1.302745640205227873e-01,9.384671519814666851e-01,-3.842405444442579393e-02,-5.373751909712447955e-02
4.900020000000000000e+09,1.408032000548272711e-01,9.364496364920805727e-01,-3.997974484837565901e-02,-5.485607511520251139e-02
4.905019000000000000e+09,1.512945507420080382e-01,9.343159149008332109e-01,-4.156280882128490783e-02,-5.594351353635706320e-02
4.910018000000000000e+09,1.617473670182259238e-01,9.320668417272773842e-01,-4.317256560160402656e-02,-5.699921545609955287e-02
4.915017000000000000e+09,1.721604229530925012e-01,9.297032846270765205e-01,-4.480832079346627056e-02,-5.802257754417958907e-02
4.920016000000000000e+09,1.825325158972083694e-01,9.272261237054452154e-01,-4.646936674436876608e-02,-5.901301233877730840e-02
4.925015000000000000e+09,1.928624666083385564e-01,9.246362508283585413e-01,-4.815498292900538546e-02,-5.996994853066046904e-02
4.930014000000000000e+09,2.031491193561947017e-01,9.219345689322347992e-01,-4.986443633898091088e-02,-6.089283123717177670e-02
4.935013000000000000e+09,2.133913420058040633e-01,9.191219913327538515e-01,-5.159698187811141701e-02,-6.178112226594956874e-02
4.940012000000000000e+09,2.235880260794613772e-01,9.161994410334967087e-01,-5.335186276296317170e-02,-6.263430036826006519e-02
4.945011000000000000e+09,2.337380867972809750e-01,9.131678500351753103e-01,-5.512831092836034674e-02,-6.345186148187627329e-02
4.950010000000000000e+09,2.438404630964480235e-01,9.100281586459690875e-01,-5.692554743754216912e-02,-6.423331896339661007e-02
4.955009000000000000e+09,2.538941176291658608e-01,9.067813147938061924e-01,-5.874278289663626557e-02,-6.497820380995016076e-02
4.960008000000000000e+09,2.638980367394653248e-01,9.034282733412317690e-01,-6.057921787317498141e-02,-6.568606487023630203e-02
4.965007000000000000e+09,2.738512304189524293e-01,8.999699954034177107e-01,-6.243404331832938525e-02,-6.635646904480624331e-02
4.970006000000000000e+09,2.837527322416626974e-01,8.964074476701689997e-01,-6.430644099253586543e-02,-6.698900147562017460e-02
4.975005000000000000e+09,2.936015992781217943e-01,8.927416017324096842e-01,-6.619558389423869926e-02,-6.758326572477660332e-02
4.980004000000000000e+09,3.033969119888956234e-01,8.889734334139379746e-01,-6.810063669142289722e-02,-6.813888394244539681e-02
4.985003000000000000e+09,3.131377740977387969e-01,8.851039221089910258e-01,-7.002075615563843614e-02,-6.865549702397809317e-02
4.990002000000000000e+09,3.228233124446265312e-01,8.811340501262904246e-01,-7.195509159821469880e-02,-6.913276475619357930e-02
4.995001000000000000e+09,3.324526768188486026e-01,8.770648020402723732e-01,-7.390278530836422166e-02,-6.957036595285942537e-02
5.000000000000000000e+09,3.420250397725325131e-01,8.728971640499550988e-01,-7.586297299289379570e-02,-6.996799857936814027e-02
