 frequency                v(srcp,srcn)             v(srcp,srcn)             v(txp,txn)               v(txp,txn)               v(rdiep,rdien)           v(rdiep,rdien)           v(csrc)                  v(csrc)                  v(cload)                 v(cload)                 v(rxp,rxn)               v(rxp,rxn)              
 4.00000000000000000e+09  1.00000000000000000e+00  0.00000000000000000e+00  3.45566033071255774e-01 -7.50049227052553613e-01  3.38864372077196219e-01 -3.17054793041462446e-01  3.45566033071255441e-01 -7.50049227052553502e-01 -7.75096147886705777e-04  3.27860161138242678e-01 -7.75096147886705777e-04  3.27860161138242678e-01 
 4.00500000000000000e+09  1.00000000000000000e+00  0.00000000000000000e+00  3.23501042358625646e-01 -7.56366297553255462e-01  3.23819816718746822e-01 -3.22833780571775253e-01  3.23501042358625868e-01 -7.56366297553255573e-01  8.48012593663483027e-03  3.24324642947822706e-01  8.48012593663483027e-03  3.24324642947822706e-01 
 4.01000000000000000e+09  1.00000000000000000e+00  0.00000000000000000e+00  3.01666205506171847e-01 -7.61208874887086218e-01  3.08929828204986989e-01 -3.27632666999071287e-01  3.01666205506171958e-01 -7.61208874887086218e-01  1.72718258035784444e-02  3.20412559599964786e-01  1.72718258035784444e-02  3.20412559599964786e-01 
 4.01500000000000000e+09  1.00000000000000000e+00  0.00000000000000000e+00  2.80169510412447142e-01 -7.64663212292042704e-01  2.94265275769205581e-01 -3.31509368680615313e-01  2.80169510412446920e-01 -7.64663212292042704e-01  2.55914244647242328e-02  3.16178590693502792e-01  2.55914244647242328e-02  3.16178590693502792e-01 
 4.02000000000000000e+09  1.00000000000000000e+00  0.00000000000000000e+00  2.59103185142105119e-01 -7.66821234855697864e-01  2.79886563675621536e-01 -3.34525448980158346e-01  2.59103185142104786e-01 -7.66821234855698197e-01  3.34365338514492350e-02  3.11674843464239404e-01  3.34365338514492350e-02  3.11674843464239404e-01 
 4.02500000000000000e+09  1.00000000000000000e+00  0.00000000000000000e+00  2.38544268952119609e-01 -7.67778109851552815e-01  2.65844024997386075e-01 -3.36744514963655373e-01  2.38544268952119526e-01 -7.67778109851553037e-01  4.08101329601288365e-02  3.06950288290560702e-01  4.08101329601288365e-02  3.06950288290560702e-01 
 4.03000000000000000e+09  1.00000000000000000e+00  0.00000000000000000e+00  2.18555479037966710e-01 -7.67630141490430074e-01  2.52178508852878402e-01 -3.38230830638123925e-01  2.18555479037966682e-01 -7.67630141490430185e-01  4.77197440171189535e-02  3.02050369856264989e-01  4.77197440171189535e-02  3.02050369856264989e-01 
 4.03500000000000000e+09  1.00000000000000000e+00  0.00000000000000000e+00  1.99186284999852387e-01 -7.66473000213519606e-01  2.38922102825045751e-01 -3.39048152849920181e-01  1.99186284999852387e-01 -7.66473000213519828e-01  5.41766374153873354e-02  2.97016773239983767e-01  5.41766374153873354e-02  2.97016773239983767e-01 
 4.04000000000000000e+09  1.00000000000000000e+00  0.00000000000000000e+00  1.80474113234374345e-01 -7.64400279355252565e-01  2.26098939153301537e-01 -3.39258784584046180e-01  1.80474113234374040e-01 -7.64400279355252676e-01  6.01950864934349544e-02  2.91887321836750147e-01  6.01950864934349544e-02  2.91887321836750147e-01 
 4.04500000000000000e+09  1.00000000000000000e+00  0.00000000000000000e+00  1.62445615474170246e-01 -7.61502359404334861e-01  2.13726041319684840e-01 -3.38922832151290265e-01  1.62445615474170246e-01 -7.61502359404334972e-01  6.57916862766536603e-02  2.86695983531319198e-01  6.57916862766536603e-02  2.86695983531319198e-01 
 4.05000000000000000e+09  1.00000000000000000e+00  0.00000000000000000e+00  1.45117948219234572e-01 -7.57865551752118449e-01  2.01814175988382805e-01 -3.38097647316839889e-01  1.45117948219234294e-01 -7.57865551752118560e-01  7.09847443504599274e-02  2.81472962452686049e-01  7.09847443504599274e-02  2.81472962452686049e-01 
 4.05500000000000000e+09  1.00000000000000000e+00  0.00000000000000000e+00  1.28500021872871684e-01 -7.53571489092760616e-01  1.90368683272230138e-01 -3.36837432378609747e-01  1.28500021872871739e-01 -7.53571489092760616e-01  7.57937471918313926e-02  2.76244855496030783e-01  7.57937471918313926e-02  2.76244855496030783e-01 
 4.06000000000000000e+09  1.00000000000000000e+00  0.00000000000000000e+00  1.12593689381252471e-01 -7.48696727801905215e-01  1.79390265578800751e-01 -3.35192985060633108e-01  1.12593689381252415e-01 -7.48696727801905326e-01  8.02389015418056711e-02  2.71034855216786330e-01  8.02389015418056711e-02  2.71034855216786330e-01 
 4.06500000000000000e+09  1.00000000000000000e+00  0.00000000000000000e+00  9.73948537230086842e-02 -7.43312527952532887e-01  1.68875721601685291e-01 -3.33211560369550797e-01  9.73948537230091005e-02 -7.43312527952532665e-01  8.43407476677900947e-02  2.65862983373680306e-01  8.43407476677900947e-02  2.65862983373680306e-01 
 4.07000000000000000e+09  1.00000000000000000e+00  0.00000000000000000e+00  8.28944815616738107e-02 -7.37484778479415737e-01  1.58818617279784358e-01 -3.30936827840477621e-01  8.28944815616736164e-02 -7.37484778479416070e-01  8.81198395083537672e-02  2.60746342093262973e-01  8.81198395083537672e-02  2.60746342093262973e-01 
 4.07500000000000000e+09  1.00000000000000000e+00  0.00000000000000000e+00  6.90795167717590253e-02 -7.31274037827465362e-01  1.49209889760720305e-01 -3.28408904508686372e-01  6.90795167717593306e-02 -7.31274037827465029e-01  9.15964855625915619e-02  2.55699372188358476e-01  9.15964855625915619e-02  2.55699372188358476e-01 
 4.08000000000000000e+09  1.00000000000000000e+00  0.00000000000000000e+00  5.59336924911219696e-02 -7.24735663774292549e-01  1.40038383651099274e-01 -3.25664446195478685e-01  5.59336924911221778e-02 -7.24735663774292438e-01  9.47905438293868141e-02  2.50734110487311201e-01  9.47905438293868141e-02  2.50734110487311201e-01 
 4.08500000000000000e+09  1.00000000000000000e+00  0.00000000000000000e+00  4.34382440089353256e-02 -7.17920009669562154e-01  1.31291321231661651e-01 -3.22736782070441486e-01  4.34382440089352562e-02 -7.17920009669562154e-01  9.77212639782591014e-02  2.45860440067187325e-01  9.77212639782591014e-02  2.45860440067187325e-01 
 4.09000000000000000e+09  1.00000000000000000e+00  0.00000000000000000e+00  3.15725273656151315e-02 -7.10872667844148154e-01  1.22954709989999536e-01 -3.19656079791285852e-01  3.15725273656153327e-02 -7.10872667844147710e-01  1.00407170120902611e-01  2.41086329014171485e-01  1.00407170120902611e-01  2.41086329014171485e-01 
 4.09500000000000000e+09  1.00000000000000000e+00  0.00000000000000000e+00  2.03145502167082770e-02 -7.03634744250870803e-01  1.15013691910128640e-01 -3.16449530722160866e-01  2.03145502167086933e-02 -7.03634744250870803e-01  1.02865977949022483e-01  2.36418054764623659e-01  1.02865977949022483e-01  2.36418054764623659e-01 
 4.10000000000000000e+09  1.00000000000000000e+00  0.00000000000000000e+00  9.64142248304487165e-03 -6.96243151408963978e-01  1.07452839580021831e-01 -3.13141546728980535e-01  9.64142248304455940e-03 -6.96243151408964422e-01  1.05114540528799552e-01  2.31860412232000074e-01  1.05114540528799552e-01  2.31860412232000074e-01 
 4.10500000000000000e+09  1.00000000000000000e+00  0.00000000000000000e+00 -4.70265259867767155e-04 -6.88730909387623713e-01  1.00256404445479813e-01 -3.09753961814751455e-01 -4.70265259867763685e-04 -6.88730909387623935e-01  1.07168817632970925e-01  2.27416904828472155e-01  1.07168817632970925e-01  2.27416904828472155e-01 
 4.11000000000000000e+09  1.00000000000000000e+00  0.00000000000000000e+00 -1.00441276679972512e-02 -6.81127446865426811e-01  9.34085225448526291e-02 -3.06306233380417847e-01 -1.00441276679976155e-02 -6.81127446865427033e-01  1.09043864102444654e-01  2.23089918179339847e-01  1.09043864102444654e-01  2.23089918179339847e-01 
 4.11500000000000000e+09  1.00000000000000000e+00  0.00000000000000000e+00 -1.91037270542761956e-02 -6.73458896251332817e-01  8.68933828814030251e-02 -3.02815639184191965e-01 -1.91037270542759319e-02 -6.73458896251332817e-01  1.10753833328483625e-01  2.18880876837426214e-01  1.10753833328483625e-01  2.18880876837426214e-01 
 4.12000000000000000e+09  1.00000000000000000e+00  0.00000000000000000e+00 -2.76723650543642917e-02 -6.65748378473284941e-01  8.06953632904274798e-02 -2.99297467141263707e-01 -2.76723650543647670e-02 -6.65748378473284941e-01  1.12311992512529601e-01  2.14790384666035478e-01  1.12311992512529601e-01  2.14790384666035478e-01 
 4.12500000000000000e+09  1.00000000000000000e+00  0.00000000000000000e+00 -3.57729167855800750e-02 -6.58016274364322418e-01  7.47991382841847324e-02 -2.95765195977781559e-01 -3.57729167855798669e-02 -6.58016274364322196e-01  1.13730746880962269e-01  2.10818349801599109e-01  1.13730746880962269e-01  2.10818349801599109e-01 
 4.13000000000000000e+09  1.00000000000000000e+00  0.00000000000000000e+00 -4.34277013640283274e-02 -6.50280480639827907e-01  6.91897629458566032e-02 -2.92230665452581417e-01 -4.34277013640284593e-02 -6.50280480639828018e-01  1.15021670499844075e-01  2.06964095256716718e-01  1.15021670499844075e-01  2.06964095256716718e-01 
 4.13500000000000000e+09  1.00000000000000000e+00  0.00000000000000000e+00 -5.06583832766748926e-02 -6.42556649299182103e-01  6.38527365203218067e-02 -2.88704235411336718e-01 -5.06583832766750453e-02 -6.42556649299182103e-01  1.16195541747881312e-01  2.03226456302240621e-01  1.16195541747881312e-01  2.03226456302240621e-01 
 4.14000000000000000e+09  1.00000000000000000e+00  0.00000000000000000e+00 -5.74858997280550468e-02 -6.34858409935773582e-01  5.87740489331978616e-02 -2.85194933364108838e-01 -5.74858997280546791e-02 -6.34858409935773915e-01  1.17262381865470389e-01  1.99603865791548901e-01  1.17262381865470389e-01  1.99603865791548901e-01 
 4.14500000000000000e+09  1.00000000000000000e+00  0.00000000000000000e+00 -6.39304096760368867e-02 -6.27197574932871205e-01  5.39402130728130619e-02 -2.81710590599745125e-01 -6.39304096760366924e-02 -6.27197574932870872e-01  1.18231495306665546e-01  1.96094428575652124e-01  1.18231495306665546e-01  1.96094428575652124e-01 
 4.15000000000000000e+09  1.00000000000000000e+00  0.00000000000000000e+00 -7.00112608261286712e-02 -6.19584327887636288e-01  4.93382853004399463e-02 -2.78257967088283875e-01 -7.00112608261282410e-02 -6.19584327887636510e-01  1.19111510883314523e-01  1.92695986116162732e-01  1.19111510883314523e-01  1.92695986116162732e-01 
 4.15500000000000000e+09  1.00000000000000000e+00  0.00000000000000000e+00 -7.57469713616225199e-02 -6.12027395866672319e-01  4.49558763162135541e-02 -2.74842865591768959e-01 -7.57469713616220064e-02 -6.12027395866672208e-01  1.19910422911262887e-01  1.89406172343263540e-01  1.19910422911262887e-01  1.89406172343263540e-01 
 4.16000000000000000e+09  1.00000000000000000e+00  0.00000000000000000e+00 -8.11552236455513193e-02 -6.04534206274705332e-01  4.07811542037915184e-02 -2.71470235518818992e-01 -8.11552236455519993e-02 -6.04534206274705110e-01  1.20635631752148309e-01  1.86222461735003009e-01  1.20635631752148309e-01  1.86222461735003009e-01 
 4.16500000000000000e+09  1.00000000000000000e+00  0.00000000000000000e+00 -8.62528675390794308e-02 -5.97111029231510382e-01  3.68028412056298215e-02 -2.68144267130599190e-01 -8.62528675390797361e-02 -5.97111029231510826e-01  1.21293983295778840e-01  1.83142210517529103e-01  1.21293983295778840e-01  1.83142210517529103e-01 
 4.17000000000000000e+09  1.00000000000000000e+00  0.00000000000000000e+00 -9.10559313418307092e-02 -5.89763106415423399e-01  3.30102055416777312e-02 -2.64868476745339532e-01 -9.10559313418301819e-02 -5.89763106415423399e-01  1.21891807051855844e-01  1.80162691807342124e-01  1.21891807051855844e-01  1.80162691807342124e-01 
 4.17500000000000000e+09  1.00000000000000000e+00  0.00000000000000000e+00 -9.55796386753482996e-02 -5.82494767357019549e-01  2.93930493752548559e-02 -2.61645783603111526e-01 -9.55796386753480776e-02 -5.82494767357019994e-01  1.22434952619967605e-01  1.77281125438941423e-01  1.22434952619967605e-01  1.77281125438941423e-01 
 4.18000000000000000e+09  1.00000000000000000e+00  0.00000000000000000e+00 -9.98384299051310181e-02 -5.75309534163485514e-01  2.59416938485252033e-02 -2.58478579048756985e-01 -9.98384299051308655e-02 -5.75309534163485403e-01  1.22928824387048677e-01  1.74494703146436697e-01  1.22928824387048677e-01  1.74494703146436697e-01 
 4.18500000000000000e+09  1.00000000000000000e+00  0.00000000000000000e+00 -1.03845986933308987e-01 -5.68210215630604254e-01  2.26469619535551656e-02 -2.55368788673679736e-01 -1.03845986933309153e-01 -5.68210215630603699e-01  1.23378414365142311e-01  1.71800609696872580e-01  1.23378414365142311e-01  1.71800609696872580e-01 
 4.19000000000000000e+09  1.00000000000000000e+00  0.00000000000000000e+00 -1.07615260396997842e-01 -5.61198991661393531e-01  1.95001598710096910e-02 -2.52317928030815208e-01 -1.07615260396996926e-01 -5.61198991661393753e-01  1.23788333132075670e-01  1.69196040507141432e-01  1.23788333132075670e-01  1.69196040507141432e-01 
 4.19500000000000000e+09  1.00000000000000000e+00  0.00000000000000000e+00 -1.11158498480488227e-01 -5.54277488862987111e-01  1.64930572942311136e-02 -2.49327152504553673e-01 -1.11158498480488754e-01 -5.54277488862987111e-01  1.24162838876117787e-01  1.66678216215586650e-01  1.24162838876117787e-01  1.66678216215586650e-01 
 4.20000000000000000e+09  1.00000000000000000e+00  0.00000000000000000e+00 -1.14487276696417561e-01 -5.47446848140127340e-01  1.36178671596467946e-02 -2.46397301881222774e-01 -1.14487276696417867e-01 -5.47446848140126896e-01  1.24505864574770878e-01  1.64244394624078804e-01  1.24505864574770878e-01  1.64244394624078804e-01 
 4.20500000000000000e+09  1.00000000000000000e+00  0.00000000000000000e+00 -1.17612528115230625e-01 -5.40707785047387368e-01  1.08672251226370718e-02 -2.43528940127710980e-01 -1.17612528115230541e-01 -5.40707785047387146e-01  1.24821043359436598e-01  1.61891880376210467e-01  1.24821043359436598e-01  1.61891880376210467e-01 
 4.21000000000000000e+09  1.00000000000000000e+00  0.00000000000000000e+00 -1.20544573626605311e-01 -5.34060643605102747e-01  8.23416904930997923e-03 -2.40722390847302820e-01 -1.20544573626605589e-01 -5.34060643605102525e-01  1.25111732133160375e-01  1.59618032692192602e-01  1.25111732133160375e-01  1.59618032692192602e-01 
 4.21500000000000000e+09  1.00000000000000000e+00  0.00000000000000000e+00 -1.23293151903958328e-01 -5.27505444227485798e-01  5.71211873723230512e-03 -2.37977768843887216e-01 -1.23293151903958176e-01 -5.27505444227485465e-01  1.25381033519270629e-01  1.57420271440813914e-01  1.25381033519270629e-01  1.57420271440813914e-01 
 4.22000000000000000e+09  1.00000000000000000e+00  0.00000000000000000e+00 -1.25867448815896121e-01 -5.21041926356612950e-01  3.29485603026011264e-03 -2.35295008188920407e-01 -1.25867448815896066e-01 -5.21041926356613283e-01  1.25631816225529602e-01  1.55296081792900775e-01  1.25631816225529602e-01  1.55296081792900775e-01 
 4.22500000000000000e+09  1.00000000000000000e+00  0.00000000000000000e+00 -1.28276126088922665e-01 -5.14669586343634466e-01  9.76505453115117383e-04 -2.32673887150566805e-01 -1.28276126088922665e-01 -5.14669586343634800e-01  1.25866733912130879e-01  1.53243017669047382e-01  1.25866733912130879e-01  1.53243017669047382e-01 
 4.23000000000000000e+09  1.00000000000000000e+00  0.00000000000000000e+00 -1.30527349075487631e-01 -5.08387711069160586e-01 -1.24848454138614534e-03 -2.30114050311390761e-01 -1.30527349075486965e-01 -5.08387711069160919e-01  1.26088242653346061e-01  1.51258704166262331e-01  1.26088242653346061e-01  1.51258704166262331e-01 
 4.23500000000000000e+09  1.00000000000000000e+00  0.00000000000000000e+00 -1.32628813522344180e-01 -5.02195407748602940e-01 -3.38535964626351937e-03 -2.27615028170158551e-01 -1.32628813522344430e-01 -5.02195407748603273e-01  1.26298617082255982e-01  1.49340839123509123e-01  1.26298617082255982e-01  1.49340839123509123e-01 
 4.24000000000000000e+09  1.00000000000000000e+00  0.00000000000000000e+00 -1.34587771267599549e-01 -4.96091630325337929e-01 -5.43907705101429745e-03 -2.25176254494761502e-01 -1.34587771267599354e-01 -4.96091630325337429e-01  1.26499965306301726e-01  1.47487193964493668e-01  1.26499965306301726e-01  1.47487193964493668e-01 
 4.24500000000000000e+09  1.00000000000000000e+00  0.00000000000000000e+00 -1.36411054821752586e-01 -4.90075202815079769e-01 -7.41432204228600206e-03 -2.22797081666878005e-01 -1.36411054821751587e-01 -4.90075202815079825e-01  1.26694242678796948e-01  1.45695613936949853e-01  1.26694242678796948e-01  1.45695613936949853e-01 
 4.25000000000000000e+09  1.00000000000000000e+00  0.00000000000000000e+00 -1.38105100809850417e-01 -4.84144839928548620e-01 -9.31552384189514651e-03 -2.20476794234924472e-01 -1.38105100809850334e-01 -4.84144839928548731e-01  1.26883264508138388e-01  1.43964017851205744e-01  1.26883264508138388e-01  1.43964017851205744e-01 
 4.25500000000000000e+09  1.00000000000000000e+00  0.00000000000000000e+00 -1.39675972269135029e-01 -4.78299165266392323e-01 -1.11468706808528391e-02 -2.18214620869779219e-01 -1.39675972269134974e-01 -4.78299165266392101e-01  1.27068717782701429e-01  1.42290397406268337e-01  1.27068717782701429e-01  1.42290397406268337e-01 
 4.26000000000000000e+09  1.00000000000000000e+00  0.00000000000000000e+00 -1.41129379810177202e-01 -4.72536727350231889e-01 -1.29123241168879362e-02 -2.16009744897743272e-01 -1.41129379810177147e-01 -4.72536727350231889e-01  1.27252171985329204e-01  1.40672816179068544e-01  1.27252171985329204e-01  1.40672816179068544e-01 
 4.26500000000000000e+09  1.00000000000000000e+00  0.00000000000000000e+00 -1.42470701660126819e-01 -4.66856013726288765e-01 -1.46156326097629068e-02 -2.13861313567047157e-01 -1.42470701660126126e-01 -4.66856013726289543e-01  1.27435089067078899e-01  1.39109408341585389e-01  1.27435089067078899e-01  1.39109408341585389e-01 
 4.27000000000000000e+09  1.00000000000000000e+00  0.00000000000000000e+00 -1.43705002614742838e-01 -4.61255463353386463e-01 -1.62603443739207099e-02 -2.11768446187804910e-01 -1.43705002614743449e-01 -4.61255463353386297e-01  1.27618832645658820e-01  1.37598377161040786e-01  1.27618832645658820e-01  1.37598377161040786e-01 
 4.27500000000000000e+09  1.00000000000000000e+00  0.00000000000000000e+00 -1.44837051931902383e-01 -4.55733477464767112e-01 -1.78498195318389785e-02 -2.09730241270501966e-01 -1.44837051931902494e-01 -4.55733477464767223e-01  1.27804676489758878e-01  1.36137993330127965e-01  1.27804676489758878e-01  1.36137993330127965e-01 
 4.28000000000000000e+09  1.00000000000000000e+00  0.00000000000000000e+00 -1.45871340203611255e-01 -4.50288429073067487e-01 -1.93872415942524037e-02 -2.07745782774765658e-01 -1.45871340203611422e-01 -4.50288429073067098e-01  1.27993812346372887e-01  1.34726593167088821e-01  1.27993812346372887e-01  1.34726593167088821e-01 
 4.28500000000000000e+09  1.00000000000000000e+00  0.00000000000000000e+00 -1.46812095246505792e-01 -4.44918671269730392e-01 -2.08756282952335948e-02 -2.05814145568212259e-01 -1.46812095246505514e-01 -4.44918671269731225e-01  1.28187357164225857e-01  1.33362576719328357e-01  1.28187357164225857e-01  1.33362576719328357e-01 
 4.29000000000000000e+09  1.00000000000000000e+00  0.00000000000000000e+00 -1.47663297052679915e-01 -4.39622544453890152e-01 -2.23178418113244466e-02 -2.03934400184374226e-01 -1.47663297052680192e-01 -4.39622544453890429e-01  1.28386359762634461e-01  1.32044405798888598e-01  1.28386359762634461e-01  1.32044405798888598e-01 
 4.29500000000000000e+09  1.00000000000000000e+00  0.00000000000000000e+00 -1.48428691843649541e-01 -4.34398382611225486e-01 -2.37165983944362495e-02 -2.02105616959119050e-01 -1.48428691843649291e-01 -4.34398382611224931e-01  1.28591806991507518e-01  1.30770601973571599e-01  1.28591806991507518e-01  1.30770601973571599e-01 
 4.30000000000000000e+09  1.00000000000000000e+00  0.00000000000000000e+00 -1.49111805270516262e-01 -4.29244518750234005e-01 -2.50744774484142861e-02 -2.00326869616290038e-01 -1.49111805270516623e-01 -4.29244518750234505e-01  1.28804629424800282e-01  1.29539744533494872e-01  1.28804629424800282e-01  1.29539744533494872e-01 
 4.30500000000000000e+09  1.00000000000000000e+00  0.00000000000000000e+00 -1.49715954803105261e-01 -4.24159289591724831e-01 -2.63939300788738895e-02 -1.98597238365619461e-01 -1.49715954803105095e-01 -4.24159289591724997e-01  1.29025706626515912e-01  1.28350468449519250e-01  1.29025706626515912e-01  1.28350468449519250e-01 
 4.31000000000000000e+09  1.00000000000000000e+00  0.00000000000000000e+00 -1.50244261350121755e-01 -4.19141039596893417e-01 -2.76772871454564820e-02 -1.96915812569047444e-01 -1.50244261350121172e-01 -4.19141039596893195e-01  1.29255872025385993e-01  1.27201462337043408e-01  1.29255872025385993e-01  1.27201462337043408e-01 
 4.31500000000000000e+09  1.00000000000000000e+00  0.00000000000000000e+00 -1.50699660151314696e-01 -4.14188124410024172e-01 -2.89267668449150785e-02 -1.95281693025397884e-01 -1.50699660151314807e-01 -4.14188124410024838e-01  1.29495917431544205e-01  1.26091466436154903e-01  1.29495917431544205e-01  1.26091466436154903e-01 
 4.32000000000000000e+09  1.00000000000000000e+00  0.00000000000000000e+00 -1.51084910981343579e-01 -4.09298913783559648e-01 -3.01444818525620876e-02 -1.93693993917891105e-01 -1.51084910981343606e-01 -4.09298913783559704e-01  1.29746597225933236e-01  1.25019270617016121e-01  1.29746597225933236e-01  1.25019270617016121e-01 
 4.32500000000000000e+09  1.00000000000000000e+00  0.00000000000000000e+00 -1.51402607703556624e-01 -4.04471794045820621e-01 -3.13324460486624629e-02 -1.92151844464035687e-01 -1.51402607703556624e-01 -4.04471794045820898e-01  1.30008632250791567e-01  1.23983712417502487e-01  1.30008632250791567e-01  1.23983712417502487e-01 
 4.33000000000000000e+09  1.00000000000000000e+00  0.00000000000000000e+00 -1.51655187210282594e-01 -3.99705170165095158e-01 -3.24925808552904913e-02 -1.90654390303053090e-01 -1.51655187210282538e-01 -3.99705170165095103e-01  1.30282713427335883e-01  1.22983675118545854e-01  1.30282713427335883e-01  1.22983675118545854e-01 
 4.33500000000000000e+09  1.00000000000000000e+00  0.00000000000000000e+00 -1.51844937784577305e-01 -3.94997467457839813e-01 -3.36267212080702677e-02 -1.89200794652107596e-01 -1.51844937784577222e-01 -3.94997467457839924e-01  1.30569505124725788e-01  1.22018085861330658e-01  1.30569505124725788e-01  1.22018085861330658e-01 
 4.34000000000000000e+09  1.00000000000000000e+00  0.00000000000000000e+00 -1.51974006916627880e-01 -3.90347132983534295e-01 -3.47366211861165411e-02 -1.87790239259102737e-01 -1.51974006916627852e-01 -3.90347132983534184e-01  1.30869648302507330e-01  1.21085913809326401e-01  1.30869648302507330e-01  1.21085913809326401e-01 
 4.34500000000000000e+09  1.00000000000000000e+00  0.00000000000000000e+00 -1.52044408606276937e-01 -3.85752636664018822e-01 -3.58239593223834210e-02 -1.86421925176705139e-01 -1.52044408606277132e-01 -3.85752636664018933e-01  1.31183763447016988e-01  1.20186168357180406e-01  1.31183763447016988e-01  1.20186168357180406e-01 
 4.35000000000000000e+09  1.00000000000000000e+00  0.00000000000000000e+00 -1.52058030181411230e-01 -3.81212472160958826e-01 -3.68903436155133893e-02 -1.85095073379485053e-01 -1.52058030181411341e-01 -3.81212472160958660e-01  1.31512453320633438e-01  1.19317897387679714e-01  1.31512453320633438e-01  1.19317897387679714e-01 
 4.35500000000000000e+09  1.00000000000000000e+00  0.00000000000000000e+00 -1.52016638660250780e-01 -3.76725157541388300e-01 -3.79373162631956931e-02 -1.83808925243608701e-01 -1.52016638660250752e-01 -3.76725157541388356e-01  1.31856305541320745e-01  1.18480185577309716e-01  1.31856305541320745e-01  1.18480185577309716e-01 
 4.36000000000000000e+09  1.00000000000000000e+00  0.00000000000000000e+00 -1.51921886683881235e-01 -3.72289235757965464e-01 -3.89663581360353214e-02 -1.82562742906272779e-01 -1.51921886683881402e-01 -3.72289235757966241e-01  1.32215895008588435e-01  1.17672152750297340e-01  1.32215895008588435e-01  1.17672152750297340e-01 
 4.36500000000000000e+09  1.00000000000000000e+00  0.00000000000000000e+00 -1.51775318043796653e-01 -3.67903274967618377e-01 -3.99788930098522871e-02 -1.81355809520173494e-01 -1.51775318043796764e-01 -3.67903274967618099e-01  1.32591786190765282e-01  1.16892952280615081e-01  1.32591786190765282e-01  1.16892952280615081e-01 
 4.37000000000000000e+09  1.00000000000000000e+00  0.00000000000000000e+00 -1.51578372827587515e-01 -3.63565868709672446e-01 -4.09762915734580707e-02 -1.80187429416481526e-01 -1.51578372827587626e-01 -3.63565868709672890e-01  1.32984535287416300e-01  1.16141769540901552e-01  1.32984535287416300e-01  1.16141769540901552e-01 
 4.37500000000000000e+09  1.00000000000000000e+00  0.00000000000000000e+00 -1.51332392204448885e-01 -3.59275635962205131e-01 -4.19598752279581946e-02 -1.79056928188275483e-01 -1.51332392204448885e-01 -3.59275635962204964e-01  1.33394692279692251e-01  1.15417820396967991e-01  1.33394692279692251e-01  1.15417820396967991e-01 
 4.38000000000000000e+09  1.00000000000000000e+00  0.00000000000000000e+00 -1.51038622870700245e-01 -3.55031221093310312e-01 -4.29309196928015918e-02 -1.77963652704990871e-01 -1.51038622870700190e-01 -3.55031221093310423e-01  1.33822802880526531e-01  1.14720349746238418e-01  1.33822802880526531e-01  1.14720349746238418e-01 
 4.38500000000000000e+09  1.00000000000000000e+00  0.00000000000000000e+00 -1.50698221174124902e-01 -3.50831293722128512e-01 -4.38906584329654681e-02 -1.76906971067165797e-01 -1.50698221174125208e-01 -3.50831293722128512e-01  1.34269410395745276e-01  1.14048630098193840e-01  1.34269410395745276e-01  1.14048630098193840e-01 
 4.39000000000000000e+09  1.00000000000000000e+00  0.00000000000000000e+00 -1.50312256934607535e-01 -3.46674548502879321e-01 -4.48402859208905449e-02 -1.75886272509688218e-01 -1.50312256934607313e-01 -3.46674548502879210e-01  1.34735057506429168e-01  1.13401960194697185e-01  1.34735057506429168e-01  1.13401960194697185e-01 
 4.39500000000000000e+09  1.00000000000000000e+00  0.00000000000000000e+00 -1.49881716977272428e-01 -3.42559704843672597e-01 -4.57809607460651150e-02 -1.74900967260726570e-01 -1.49881716977272372e-01 -3.42559704843672486e-01  1.35220287982186937e-01  1.12779663667865196e-01  1.35220287982186937e-01  1.12779663667865196e-01 
 4.40000000000000000e+09  1.00000000000000000e+00  0.00000000000000000e+00 -1.49407508393119615e-01 -3.38485506570640082e-01 -4.67138085844771428e-02 -1.73950486362648038e-01 -1.49407508393119615e-01 -3.38485506570640138e-01  1.35725648334396792e-01  1.12181087732995330e-01  1.35725648334396792e-01  1.12181087732995330e-01 
 4.40500000000000000e+09  1.00000000000000000e+00  0.00000000000000000e+00 -1.48890461540994862e-01 -3.34450721546757368e-01 -4.76399250395442980e-02 -1.73034281460414219e-01 -1.48890461540994778e-01 -3.34450721546757368e-01  1.36251689417939414e-01  1.11605601913893737e-01  1.36251689417939414e-01  1.11605601913893737e-01 
 4.41000000000000000e+09  1.00000000000000000e+00  0.00000000000000000e+00 -1.48331332803640387e-01 -3.30454141253780753e-01 -4.85603783655205665e-02 -1.72151824562258304e-01 -1.48331332803640470e-01 -3.30454141253780864e-01  1.36798967989452486e-01  1.11052596797853190e-01  1.36798967989452486e-01  1.11052596797853190e-01 
 4.41500000000000000e+09  1.00000000000000000e+00  0.00000000000000000e+00 -1.47730807109508422e-01 -3.26494580344821705e-01 -4.94762120838936684e-02 -1.71302607776752713e-01 -1.47730807109508366e-01 -3.26494580344821761e-01  1.37368048229722206e-01  1.10521482817345029e-01  1.37368048229722206e-01  1.10521482817345029e-01 
 4.42000000000000000e+09  1.00000000000000000e+00  0.00000000000000000e+00 -1.47089500231024628e-01 -3.22570876174357202e-01 -5.03884475027812431e-02 -1.70486143029816795e-01 -1.47089500231024684e-01 -3.22570876174357091e-01  1.37959503237449599e-01  1.10011689055400277e-01  1.37959503237449599e-01  1.10011689055400277e-01 
 4.42500000000000000e+09  1.00000000000000000e+00  0.00000000000000000e+00 -1.46407960869051834e-01 -3.18681888311750983e-01 -5.12980861488555873e-02 -1.69701961764714193e-01 -1.46407960869051917e-01 -3.18681888311751038e-01  1.38573916501283534e-01  1.09522662071573490e-01  1.38573916501283534e-01  1.09522662071573490e-01 
 4.43000000000000000e+09  1.00000000000000000e+00  0.00000000000000000e+00 -1.45686672532351486e-01 -3.14826498043868863e-01 -5.22061121210094653e-02 -1.68949614627530775e-01 -1.45686672532351513e-01 -3.14826498043868863e-01  1.39211883356758187e-01  1.09053864745165749e-01  1.39211883356758187e-01  1.09053864745165749e-01 
 4.43500000000000000e+09  1.00000000000000000e+00  0.00000000000000000e+00 -1.44926055220007344e-01 -3.11003607871792931e-01 -5.31134943745288982e-02 -1.68228671140270847e-01 -1.44926055220007399e-01 -3.11003607871792931e-01  1.39874012434499817e-01  1.08604775132366688e-01  1.39874012434499817e-01  1.08604775132366688e-01 
 4.44000000000000000e+09  1.00000000000000000e+00  0.00000000000000000e+00 -1.44126466913901741e-01 -3.07212141006296124e-01 -5.40211889442898663e-02 -1.67538719363231781e-01 -1.44126466913901685e-01 -3.07212141006296069e-01  1.40560927105886552e-01  1.08174885333754897e-01  1.40560927105886552e-01  1.08174885333754897e-01 
 4.44500000000000000e+09  1.00000000000000000e+00  0.00000000000000000e+00 -1.43288204887552562e-01 -3.03451040866313471e-01 -5.49301411151634361e-02 -1.66879365548001424e-01 -1.43288204887552451e-01 -3.03451040866313360e-01  1.41273266932161856e-01  1.07763700368525298e-01  1.41273266932161856e-01  1.07763700368525298e-01 
 4.45000000000000000e+09  1.00000000000000000e+00  0.00000000000000000e+00 -1.42411506836812807e-01 -2.99719270584438036e-01 -5.58412875476269888e-02 -1.66250233782013646e-01 -1.42411506836812862e-01 -2.99719270584438036e-01  1.42011689122886975e-01  1.07370737051581941e-01  1.42011689122886975e-01  1.07370737051581941e-01 
 4.45500000000000000e+09  1.00000000000000000e+00  0.00000000000000000e+00 -1.41496551837199724e-01 -2.96015812523161836e-01 -5.67555583663256202e-02 -1.65650965625322721e-01 -1.41496551837199752e-01 -2.96015812523161781e-01  1.42776870009507562e-01  1.06995522869536383e-01  1.42776870009507562e-01  1.06995522869536383e-01 
 4.46000000000000000e+09  1.00000000000000000e+00  0.00000000000000000e+00 -1.40543461131879266e-01 -2.92339667805457004e-01 -5.76738792191846400e-02 -1.65081219739916074e-01 -1.40543461131879294e-01 -2.92339667805457060e-01  1.43569506539746344e-01  1.06637594851422171e-01  1.43569506539746344e-01  1.06637594851422171e-01 
 4.46500000000000000e+09  1.00000000000000000e+00  0.00000000000000000e+00 -1.39552298753600479e-01 -2.88689855863154321e-01 -5.85971733145580209e-02 -1.64540671511573255e-01 -1.39552298753600507e-01 -2.88689855863154543e-01  1.44390317798508860e-01  1.06296498429715600e-01  1.44390317798508860e-01  1.06296498429715600e-01 
 4.47000000000000000e+09  1.00000000000000000e+00  0.00000000000000000e+00 -1.38523071983191387e-01 -2.85065414006511753e-01 -5.95263634437776315e-02 -1.64029012664007878e-01 -1.38523071983191304e-01 -2.85065414006511753e-01  1.45240046560973224e-01  1.05971786287042791e-01  1.45240046560973224e-01  1.05971786287042791e-01 
 4.47500000000000000e+09  1.00000000000000000e+00  0.00000000000000000e+00 -1.37455731646525470e-01 -2.81465397018309693e-01 -6.04623739964132989e-02 -1.63545950864738998e-01 -1.37455731646525497e-01 -2.81465397018309804e-01  1.46119460883563090e-01  1.05663017183694447e-01  1.46119460883563090e-01  1.05663017183694447e-01 
 4.48000000000000000e+09  1.00000000000000000e+00  0.00000000000000000e+00 -1.36350172251176627e-01 -2.77888876775896188e-01 -6.14061329755558744e-02 -1.63091209321819142e-01 -1.36350172251176627e-01 -2.77888876775896132e-01  1.47029355738560352e-01  1.05369754760731155e-01  1.47029355738560352e-01  1.05369754760731155e-01 
 4.48500000000000000e+09  1.00000000000000000e+00  0.00000000000000000e+00 -1.35206231963318990e-01 -2.74334941904605112e-01 -6.23585740204059685e-02 -1.62664526370300266e-01 -1.35206231963318962e-01 -2.74334941904605001e-01  1.47970554698183682e-01  1.05091566313199117e-01  1.47970554698183682e-01  1.05091566313199117e-01 
 4.49000000000000000e+09  1.00000000000000000e+00  0.00000000000000000e+00 -1.34023692424717095e-01 -2.70802697466151987e-01 -6.33206384435510972e-02 -1.62265655046964913e-01 -1.34023692424717011e-01 -2.70802697466151987e-01  1.48943911674083607e-01  1.04828021527537840e-01  1.48943911674083607e-01  1.04828021527537840e-01 
 4.49500000000000000e+09  1.00000000000000000e+00  0.00000000000000000e+00 -1.32802278409005936e-01 -2.67291264685744268e-01 -6.42932772903413163e-02 -1.61894362651595791e-01 -1.32802278409006047e-01 -2.67291264685744268e-01  1.49950312718315576e-01  1.04578691176925059e-01  1.49950312718315576e-01  1.04578691176925059e-01 
 4.50000000000000000e+09  1.00000000000000000e+00  0.00000000000000000e+00 -1.31541657315734362e-01 -2.63799780721877375e-01 -6.52774534279516871e-02 -1.61550430292675462e-01 -1.31541657315734362e-01 -2.63799780721877319e-01  1.50990677892037406e-01  1.04343145767778978e-01  1.50990677892037406e-01  1.04343145767778978e-01 
 4.50500000000000000e+09  1.00000000000000000e+00  0.00000000000000000e+00 -1.30241438499970774e-01 -2.60327398483072181e-01 -6.62741436718425475e-02 -1.61233652415095768e-01 -1.30241438499970774e-01 -2.60327398483072237e-01  1.52065963208346006e-01  1.04120954130170001e-01  1.52065963208346006e-01  1.04120954130170001e-01 
 4.51000000000000000e+09  1.00000000000000000e+00  0.00000000000000000e+00 -1.28901172434549738e-01 -2.56873286496106967e-01 -6.72843409575319407e-02 -1.60943836307087668e-01 -1.28901172434549793e-01 -2.56873286496106967e-01  1.53177162655888321e-01  1.03911681944331397e-01  1.53177162655888321e-01  1.03911681944331397e-01 
 4.51500000000000000e+09  1.00000000000000000e+00  0.00000000000000000e+00 -1.27520349701296276e-01 -2.53436628830745858e-01 -6.83090565658700521e-02 -1.60680801583137495e-01 -1.27520349701296221e-01 -2.53436628830745858e-01  1.54325310310123781e-01  1.03714890194760323e-01  1.54325310310123781e-01  1.03714890194760323e-01 
 4.52000000000000000e+09  1.00000000000000000e+00  0.00000000000000000e+00 -1.26098399806837458e-01 -2.50016625086358024e-01 -6.93493224102262606e-02 -1.60444379639288759e-01 -1.26098399806837375e-01 -2.50016625086357858e-01  1.55511482539367030e-01  1.03530133542793251e-01  1.55511482539367030e-01  1.03530133542793251e-01 
 4.52500000000000000e+09  1.00000000000000000e+00  0.00000000000000000e+00 -1.24634689817812366e-01 -2.46612490446391414e-01 -7.04061933943760654e-02 -1.60234413076697862e-01 -1.24634689817812311e-01 -2.46612490446391219e-01  1.56736800313040575e-01  1.03356958607671370e-01  1.56736800313040575e-01  1.03356958607671370e-01 
 4.53000000000000000e+09  1.00000000000000000e+00  0.00000000000000000e+00 -1.23128522809496529e-01 -2.43223455807278305e-01 -7.14807498502347954e-02 -1.60050755088798680e-01 -1.23128522809496585e-01 -2.43223455807278333e-01  1.58002431619876177e-01  1.03194902145250428e-01  1.58002431619876177e-01  1.03194902145250428e-01 
 4.53500000000000000e+09  1.00000000000000000e+00  0.00000000000000000e+00 -1.21579136121027942e-01 -2.39848767988985218e-01 -7.25741000649682139e-02 -1.59893268806893030e-01 -1.21579136121027914e-01 -2.39848767988985190e-01  1.59309594004134608e-01  1.03043489112589107e-01  1.59309594004134608e-01  1.03043489112589107e-01 
 4.54000000000000000e+09  1.00000000000000000e+00  0.00000000000000000e+00 -1.19985699409534907e-01 -2.36487690035281417e-01 -7.36873829075311571e-02 -1.59761826598285306e-01 -1.19985699409534879e-01 -2.36487690035281251e-01  1.60659557228284733e-01  1.02902230605475736e-01  1.60659557228284733e-01  1.02902230605475736e-01 
 4.54500000000000000e+09  1.00000000000000000e+00  0.00000000000000000e+00 -1.18347312494561374e-01 -2.33139501612620426e-01 -7.48217705651604281e-02 -1.59656309310417799e-01 -1.18347312494561360e-01 -2.33139501612620426e-01  1.62053646070956070e-01  1.02770621654815680e-01  1.62053646070956070e-01  1.02770621654815680e-01 
 4.55000000000000000e+09  1.00000000000000000e+00  0.00000000000000000e+00 -1.16663002983232289e-01 -2.29803499517580001e-01 -7.59784714009378720e-02 -1.59576605453653542e-01 -1.16663002983232234e-01 -2.29803499517580057e-01  1.63493243269381971e-01  1.02648138866422337e-01  1.63493243269381971e-01  1.02648138866422337e-01 
 4.55500000000000000e+09  1.00000000000000000e+00  0.00000000000000000e+00 -1.14931723665584865e-01 -2.26478998303923040e-01 -7.71587329441735803e-02 -1.59522610314467905e-01 -1.14931723665584823e-01 -2.26478998303922929e-01  1.64979792615974757e-01  1.02534237887254048e-01  1.64979792615974757e-01  1.02534237887254048e-01 
 4.56000000000000000e+09  1.00000000000000000e+00  0.00000000000000000e+00 -1.13152349668440386e-01 -2.23165331041616954e-01 -7.83638450260433078e-02 -1.59494224989828626e-01 -1.13152349668440344e-01 -2.23165331041617065e-01  1.66514802219106695e-01  1.02428350679473812e-01  1.66514802219106695e-01  1.02428350679473812e-01 
 4.56500000000000000e+09  1.00000000000000000e+00  0.00000000000000000e+00 -1.11323675355078588e-01 -2.19861850221624078e-01 -7.95951430736709376e-02 -1.59491355332427448e-01 -1.11323675355078561e-01 -2.19861850221624050e-01  1.68099847938612823e-01  1.02329882581832052e-01  1.68099847938612823e-01  1.02329882581832052e-01 
 4.57000000000000000e+09  1.00000000000000000e+00  0.00000000000000000e+00 -1.09444410956800409e-01 -2.16567928821844669e-01 -8.08540115766498702e-02 -1.59513910795218705e-01 -1.09444410956800423e-01 -2.16567928821844752e-01  1.69736577006993933e-01  1.02238209135839628e-01  1.69736577006993933e-01  1.02238209135839628e-01 
 4.57500000000000000e+09  1.00000000000000000e+00  0.00000000000000000e+00 -1.07513178921225167e-01 -2.13282961551501227e-01 -8.21418877409147152e-02 -1.59561803162261762e-01 -1.07513178921225208e-01 -2.13282961551501171e-01  1.71426711847740054e-01  1.02152672651803680e-01  1.71426711847740054e-01  1.02152672651803680e-01 
 4.58000000000000000e+09  1.00000000000000000e+00  0.00000000000000000e+00 -1.05528509960868822e-01 -2.10006366293253588e-01 -8.34602653458059174e-02 -1.59634945151359925e-01 -1.05528509960868822e-01 -2.10006366293253643e-01  1.73172054102654766e-01  1.02072578487288818e-01  1.73172054102654766e-01  1.02072578487288818e-01 
 4.58500000000000000e+09  1.00000000000000000e+00  0.00000000000000000e+00 -1.03488838784177015e-01 -2.06737585764698584e-01 -8.48106988212063984e-02 -1.59733248872186928e-01 -1.03488838784177029e-01 -2.06737585764698611e-01  1.74974488880478646e-01  1.01997191007653462e-01  1.74974488880478646e-01  1.01997191007653462e-01 
 4.59000000000000000e+09  1.00000000000000000e+00  0.00000000000000000e+00 -1.01392499489740689e-01 -2.03476089423538176e-01 -8.61948075627616689e-02 -1.59856624121582996e-01 -1.01392499489740648e-01 -2.03476089423538120e-01  1.76835989239520708e-01  1.01925729195052855e-01  1.76835989239520708e-01  1.01925729195052855e-01 
 4.59500000000000000e+09  1.00000000000000000e+00  0.00000000000000000e+00 -9.92377206029154968e-02 -2.00221375643611671e-01 -8.76142805043310796e-02 -1.60004976495523643e-01 -9.92377206029154829e-02 -2.00221375643611615e-01  1.78758620917364580e-01  1.01857361868805091e-01  1.78758620917364580e-01  1.01857361868805091e-01 
 4.60000000000000000e+09  1.00000000000000000e+00  0.00000000000000000e+00 -9.70226197324781103e-02 -1.96972974192406391e-01 -8.90708809681372282e-02 -1.60178205294630838e-01 -9.70226197324781103e-02 -1.96972974192406364e-01  1.80744547321009585e-01  1.01791202475865622e-01  1.80744547321009585e-01  1.01791202475865622e-01 
 4.60500000000000000e+09  1.00000000000000000e+00  0.00000000000000000e+00 -9.47451978233019576e-02 -1.93730449044355491e-01 -9.05664518143813324e-02 -1.60376201197308749e-01 -9.47451978233019854e-02 -1.93730449044355435e-01  1.82796034791031792e-01  1.01726303405766355e-01  1.82796034791031792e-01  1.01726303405766355e-01 
 4.61000000000000000e+09  1.00000000000000000e+00  0.00000000000000000e+00 -9.24033329793334801e-02 -1.90493401568541804e-01 -9.21029209135165172e-02 -1.60598843671307501e-01 -9.24033329793334662e-02 -1.90493401568541776e-01  1.84915458153443707e-01  1.01661649779308139e-01  1.84915458153443707e-01  1.01661649779308139e-01 
 4.61500000000000000e+09  1.00000000000000000e+00  0.00000000000000000e+00 -8.99947738293673805e-02 -1.87261474134214484e-01 -9.36823069658721808e-02 -1.60845998090848652e-01 -8.99947738293674082e-02 -1.87261474134214512e-01  1.87105306572902003e-01  1.01596152654663610e-01  1.87105306572902003e-01  1.01596152654663610e-01 
 4.62000000000000000e+09  1.00000000000000000e+00  0.00000000000000000e+00 -8.75171324063322431e-02 -1.84034354182984972e-01 -9.53067256948584018e-02 -1.61117512522293282e-01 -8.75171324063321876e-02 -1.84034354182984972e-01  1.89368189720677094e-01  1.01528641588264107e-01  1.89368189720677094e-01  1.01528641588264107e-01 
 4.62500000000000000e+09  1.00000000000000000e+00  0.00000000000000000e+00 -8.49678765089565829e-02 -1.80811778822701719e-01 -9.69783964415834032e-02 -1.61413214136646194e-01 -8.49678765089565968e-02 -1.80811778822701719e-01  1.91706844270347232e-01  1.01457856480818273e-01  1.91706844270347232e-01  1.01457856480818273e-01 
 4.63000000000000000e+09  1.00000000000000000e+00  0.00000000000000000e+00 -8.23443215128484424e-02 -1.77593540005004269e-01 -9.86996491903892881e-02 -1.61732905201798671e-01 -8.23443215128484562e-02 -1.77593540005004213e-01  1.94124140733419048e-01  1.01382438630850669e-01  1.94124140733419048e-01  1.01382438630850669e-01 
 4.63500000000000000e+09  1.00000000000000000e+00  0.00000000000000000e+00 -7.96436215962413596e-02 -1.74379490356418809e-01 -1.00472932056434108e-01 -1.62076358601421139e-01 -7.96436215962413735e-02 -1.74379490356418809e-01  1.96623090645944659e-01  1.01300920909390968e-01  1.96623090645944659e-01  1.01300920909390968e-01 
 4.64000000000000000e+09  1.00000000000000000e+00  0.00000000000000000e+00 -7.68627603439017704e-02 -1.71169549741822802e-01 -1.02300819268155208e-01 -1.62443312820476971e-01 -7.68627603439017704e-02 -1.71169549741822802e-01  1.99206854115626886e-01  1.01211716959443837e-01  1.99206854115626886e-01  1.01211716959443837e-01 
 4.64500000000000000e+09  1.00000000000000000e+00  0.00000000000000000e+00 -7.39985406911104204e-02 -1.67963712649252056e-01 -1.04186019679039815e-01 -1.62833466329547205e-01 -7.39985406911104204e-02 -1.67963712649252056e-01  2.01878747736735836e-01  1.01113109312801347e-01  2.01878747736735836e-01  1.01113109312801347e-01 
 4.65000000000000000e+09  1.00000000000000000e+00  0.00000000000000000e+00 -7.10475741682007750e-02 -1.64762056496488951e-01 -1.06131385844662710e-01 -1.63246471291285222e-01 -7.10475741682007611e-02 -1.64762056496488923e-01  2.04642252877306086e-01  1.01003236304306937e-01  2.04642252877306086e-01  1.01003236304306937e-01 
 4.65500000000000000e+09  1.00000000000000000e+00  0.00000000000000000e+00 -6.80062694050132810e-02 -1.61564750972969684e-01 -1.08139923702343543e-01 -1.63681926502200703e-01 -6.80062694050133087e-02 -1.61564750972969740e-01  2.07501024339351775e-01  1.00880077649680239e-01  2.07501024339351775e-01  1.00880077649680239e-01 
 4.66000000000000000e+09  1.00000000000000000e+00  0.00000000000000000e+00 -6.48708198538741898e-02 -1.58372068545344052e-01 -1.10214802891938579e-01 -1.64139369471487884e-01 -6.48708198538741759e-02 -1.58372068545344025e-01  2.10458899388054899e-01  1.00741438537348571e-01  2.10458899388054899e-01  1.00741438537348571e-01 
 4.66500000000000000e+09  1.00000000000000000e+00  0.00000000000000000e+00 -6.16371906894947613e-02 -1.55184396271795477e-01 -1.12359367757082648e-01 -1.64618267525617090e-01 -6.16371906894947474e-02 -1.55184396271795422e-01  2.13519907139810533e-01  1.00584932067271815e-01  2.13519907139810533e-01  1.00584932067271815e-01 
 4.67000000000000000e+09  1.00000000000000000e+00  0.00000000000000000e+00 -5.83011048446819696e-02 -1.52002249089453700e-01 -1.14577149066648898e-01 -1.65118007812396883e-01 -5.83011048446819211e-02 -1.52002249089453673e-01  2.16688278291329112e-01  1.00407959849897185e-01  2.16688278291329112e-01  1.00407959849897185e-01 
 4.67500000000000000e+09  1.00000000000000000e+00  0.00000000000000000e+00 -5.48580281421607377e-02 -1.48826284760776861e-01 -1.16871876495898308e-01 -1.65637886061461487e-01 -5.48580281421607238e-02 -1.48826284760776834e-01  2.19968455162441096e-01  1.00207690556586126e-01  2.19968455162441096e-01  1.00207690556586126e-01 
 4.68000000000000000e+09  1.00000000000000000e+00  0.00000000000000000e+00 -5.13031534854360219e-02 -1.45657320689577652e-01 -1.19247491905832365e-01 -1.66177093938709497e-01 -5.13031534854360080e-02 -1.45657320689577707e-01  2.23365102013286160e-01  9.99810361880086318e-02  2.23365102013286160e-01  9.99810361880086318e-02 
 4.68500000000000000e+09  1.00000000000000000e+00  0.00000000000000000e+00 -4.76313840757822127e-02 -1.42496352845250834e-01 -1.21708163457123486e-01 -1.66734704810399426e-01 -4.76313840757822404e-02 -1.42496352845250862e-01  2.26883115581803102e-01  9.97246257996080299e-02  2.26883115581803102e-01  9.97246257996080299e-02 
 4.69000000000000000e+09  1.00000000000000000e+00  0.00000000000000000e+00 -4.38373156285710441e-02 -1.39344577065640601e-01 -1.24258300591607612e-01 -1.67309657707534309e-01 -4.38373156285710511e-02 -1.39344577065640574e-01  2.30527635769195216e-01  9.94347763923351252e-02  2.30527635769195216e-01  9.94347763923351252e-02 
 4.69500000000000000e+09  1.00000000000000000e+00  0.00000000000000000e+00 -3.99152175708114565e-02 -1.36203413045028032e-01 -1.26902569909053020e-01 -1.67900739252817899e-01 -3.99152175708114496e-02 -1.36203413045028032e-01  2.34304056378579817e-01  9.91074606426501220e-02  2.34304056378579817e-01  9.91074606426501220e-02 
 4.70000000000000000e+09  1.00000000000000000e+00  0.00000000000000000e+00 -3.58590132135390843e-02 -1.33074531354683334e-01 -1.29645911959510030e-01 -1.68506563280080901e-01 -3.58590132135390982e-02 -1.33074531354683306e-01  2.38218035784522275e-01  9.87382711075344977e-02  2.38218035784522275e-01  9.87382711075344977e-02 
 4.70500000000000000e+09  1.00000000000000000e+00  0.00000000000000000e+00 -3.16622589085007455e-02 -1.29959883889826822e-01 -1.32493558961185670e-01 -1.69125547839379969e-01 -3.16622589085007525e-02 -1.29959883889826822e-01  2.42275507377425148e-01  9.83223804979400928e-02  2.42275507377425148e-01  9.83223804979400928e-02 
 4.71000000000000000e+09  1.00000000000000000e+00  0.00000000000000000e+00 -2.73181222192943537e-02 -1.26861738189454010e-01 -1.35451053439925417e-01 -1.69755889239122604e-01 -2.73181222192943468e-02 -1.26861738189454065e-01  2.46482689585583337e-01  9.78544975670356809e-02  2.46482689585583337e-01  9.78544975670356809e-02 
 4.71500000000000000e+09  1.00000000000000000e+00  0.00000000000000000e+00 -2.28193591641419891e-02 -1.23782716134821003e-01 -1.38524267767838577e-01 -1.70395532729364974e-01 -2.28193591641419891e-02 -1.23782716134820975e-01  2.50846095227510724e-01  9.73288181080372988e-02  2.50846095227510724e-01  9.73288181080372988e-02 
 4.72000000000000000e+09  1.00000000000000000e+00  0.00000000000000000e+00 -1.81582906221919964e-02 -1.20725837599538754e-01 -1.41719424554483886e-01 -1.71042139376686497e-01 -1.81582906221919999e-02 -1.20725837599538754e-01  2.55372539886014494e-01  9.67389704994321142e-02  2.55372539886014494e-01  9.67389704994321142e-02 
 4.72500000000000000e+09  1.00000000000000000e+00  0.00000000000000000e+00 -1.33267780396325499e-02 -1.17694569699713925e-01 -1.45043117812695382e-01 -1.71693048620489896e-01 -1.33267780396325516e-02 -1.17694569699713952e-01  2.60069148921206250e-01  9.60779551734422255e-02  2.60069148921206250e-01  9.60779551734422255e-02 
 4.73000000000000000e+09  1.00000000000000000e+00  0.00000000000000000e+00 -8.31619862828996206e-03 -1.14692882377403410e-01 -1.48502334780885648e-01 -1.72345235932226393e-01 -8.31619862828997941e-03 -1.14692882377403438e-01  2.64943362649398162e-01  9.53380773163389622e-02  2.64943362649398162e-01  9.53380773163389622e-02 
 4.73500000000000000e+09  1.00000000000000000e+00  0.00000000000000000e+00 -3.11742032053330918e-03 -1.11725311145504533e-01 -1.52104478232358509e-01 -1.72995264922258363e-01 -3.11742032053330398e-03 -1.11725311145504547e-01  2.70002939105490447e-01  9.45108720370357175e-02  2.70002939105490447e-01  9.45108720370357175e-02 
 4.74000000000000000e+09  1.00000000000000000e+00  0.00000000000000000e+00  2.27922316613388826e-03 -1.08797027927915291e-01 -1.55857389037027949e-01 -1.73639233153080774e-01  2.27922316613389520e-03 -1.08797027927915319e-01  2.75255953673954501e-01  9.35870211637763461e-02  2.75255953673954501e-01  9.35870211637763461e-02 
 4.74500000000000000e+09  1.00000000000000000e+00  0.00000000000000000e+00  7.88395668934623386e-03 -1.05913921045786369e-01 -1.59769368658764122e-01 -1.74272710821883392e-01  7.88395668934622346e-03 -1.05913921045786341e-01  2.80710794713368461e-01  9.25562607487615124e-02  2.80710794713368461e-01  9.25562607487615124e-02 
 4.75000000000000000e+09  1.00000000000000000e+00  0.00000000000000000e+00  1.37075868615819281e-02 -1.03082685529357801e-01 -1.63849201168224157e-01 -1.74890671369442113e-01  1.37075868615819316e-02 -1.03082685529357787e-01  2.86376154105963066e-01  9.14072782788237642e-02  2.86376154105963066e-01  9.14072782788237642e-02 
 4.75500000000000000e+09  1.00000000000000000e+00  0.00000000000000000e+00  1.97615232697858148e-02 -1.00310925075019583e-01 -1.68106174221625715e-01 -1.75487412955946387e-01  1.97615232697858322e-02 -1.00310925075019583e-01  2.92261011430371420e-01  9.01275985092857834e-02  2.92261011430371420e-01  9.01275985092857834e-02 
 4.76000000000000000e+09  1.00000000000000000e+00  0.00000000000000000e+00  2.60577967394036158e-02 -9.76072671179909618e-02 -1.72550098294384446e-01 -1.76056469617982186e-01  2.60577967394036228e-02 -9.76072671179909757e-02  2.98374610174978405e-01  8.87034567617369929e-02  2.98374610174978405e-01  8.87034567617369929e-02 
 4.76500000000000000e+09  1.00000000000000000e+00  0.00000000000000000e+00  3.26090733800963248e-02 -9.49814926509361668e-02 -1.77191323257617744e-01 -1.76590510785098742e-01  3.26090733800963387e-02 -9.49814926509361807e-02  3.04726424071775803e-01  8.71196584595032297e-02  3.04726424071775803e-01  8.71196584595032297e-02 
 4.77000000000000000e+09  1.00000000000000000e+00  0.00000000000000000e+00  3.94286628209237072e-02 -9.24446825841183373e-02 -1.82040751136300250e-01 -1.77081227691952781e-01  3.94286628209237211e-02 -9.24446825841183373e-02  3.11326111226361391e-01  8.53594236254146821e-02  3.11326111226361391e-01  8.53594236254146821e-02 
 4.77500000000000000e+09  1.00000000000000000e+00  0.00000000000000000e+00  4.65305186374257509e-02 -9.00093826091592775e-02 -1.87109843579842894e-01 -1.77519205075219927e-01  4.65305186374257440e-02 -9.00093826091592775e-02  3.18183453236102531e-01  8.34042150440670593e-02  3.18183453236102531e-01  8.34042150440670593e-02 
 4.78000000000000000e+09  1.00000000000000000e+00  0.00000000000000000e+00  5.39292284762764723e-02 -8.76897886874514060e-02 -1.92410622196357017e-01 -1.77893776399766140e-01  5.39292284762764793e-02 -8.76897886874514199e-02  3.25308275912579381e-01  8.12335488103783504e-02  3.25308275912579381e-01  8.12335488103783504e-02 
 4.78500000000000000e+09  1.00000000000000000e+00  0.00000000000000000e+00  6.16399907761739155e-02 -8.55019554248996616e-02 -1.97955659435915698e-01 -1.78192860723339397e-01  6.16399907761739016e-02 -8.55019554248996616e-02  3.32710347540652318e-01  7.88247860658465166e-02  3.32710347540652318e-01  7.88247860658465166e-02 
 4.79000000000000000e+09  1.00000000000000000e+00  0.00000000000000000e+00  6.96785742450729551e-02 -8.34640297000762144e-02 -2.03758057138380355e-01 -1.78402779195619310e-01  6.96785742450729551e-02 -8.34640297000762282e-02  3.40399249799008929e-01  7.61529048891497751e-02  3.40399249799008929e-01  7.61529048891497751e-02 
 4.79500000000000000e+09  1.00000000000000000e+00  0.00000000000000000e+00  7.80612553591899933e-02 -8.15965119597676647e-02 -2.09831409167712202e-01 -1.78508049112912487e-01  7.80612553591899516e-02 -8.15965119597676647e-02  3.48384215518927454e-01  7.31902515919803376e-02  3.48384215518927454e-01  7.31902515919803376e-02 
 4.80000000000000000e+09  1.00000000000000000e+00  0.00000000000000000e+00  8.68047280710192021e-02 -7.99225475521949807e-02 -2.16189743714574167e-01 -1.78491153437760397e-01  8.68047280710192160e-02 -7.99225475521949669e-02  3.56673926352716941e-01  6.99062711176723361e-02  3.56673926352716941e-01  6.99062711176723361e-02 
 4.80500000000000000e+09  1.00000000000000000e+00  0.00000000000000000e+00  9.59259786228435773e-02 -7.84682502891081435e-02 -2.22847439837767641e-01 -1.78332283777031919e-01  9.59259786228435773e-02 -7.84682502891081157e-02  3.65276262147266495e-01  6.62672169069541406e-02  3.65276262147266495e-01  6.62672169069541406e-02 
 4.81000000000000000e+09  1.00000000000000000e+00  0.00000000000000000e+00  1.05442116828322385e-01 -7.72630600544802759e-02 -2.29819111606579474e-01 -1.78009055037019220e-01  1.05442116828322385e-01 -7.72630600544802898e-02  3.74197992361565202e-01  6.22358415544505827e-02  3.74197992361565202e-01  6.22358415544505827e-02 
 4.81500000000000000e+09  1.00000000000000000e+00  0.00000000000000000e+00  1.15370153379789966e-01 -7.63401356292393585e-02 -2.37119451775081730e-01 -1.77496190401261744e-01  1.15370153379789953e-01 -7.63401356292393862e-02  3.83444398230795680e-01  5.77710709257799604e-02  3.83444398230795680e-01  5.77710709257799604e-02 
 4.82000000000000000e+09  1.00000000000000000e+00  0.00000000000000000e+00  1.25726710639725348e-01 -7.57367828742466498e-02 -2.44763025243591004e-01 -1.76765175985978573e-01  1.25726710639725348e-01 -7.57367828742466359e-02  3.93018812578330767e-01  5.28276662548096132e-02  3.93018812578330767e-01  5.28276662548096132e-02 
 4.82500000000000000e+09  1.00000000000000000e+00  0.00000000000000000e+00  1.36527651971257102e-01 -7.54949168707865215e-02 -2.52764000627917873e-01 -1.75783885625239999e-01  1.36527651971257102e-01 -7.54949168707865353e-02  4.02922062250973045e-01  4.73558812402462004e-02  4.02922062250973045e-01  4.73558812402462004e-02 
 4.83000000000000000e+09  1.00000000000000000e+00  0.00000000000000000e+00  1.47787611965699228e-01 -7.56615543852226791e-02 -2.61135806065084020e-01 -1.74516177858961868e-01  1.47787611965699228e-01 -7.56615543852227068e-02  4.13151796178387820e-01  4.13011244868504990e-02  4.13151796178387820e-01  4.13011244868504990e-02 
 4.83500000000000000e+09  1.00000000000000000e+00  0.00000000000000000e+00  1.59519406982007395e-01 -7.62893298835036204e-02 -2.69890692962091006e-01 -1.72921469513460158e-01  1.59519406982007422e-01 -7.62893298835036343e-02  4.23701680165242511e-01  3.46036419991659350e-02  4.23701680165242511e-01  3.46036419991659350e-02 
 4.84000000000000000e+09  1.00000000000000000e+00  0.00000000000000000e+00  1.71733302327761239e-01 -7.74370240027298928e-02 -2.79039188811491590e-01 -1.70954293490441445e-01  1.71733302327761239e-01 -7.74370240027298928e-02  4.34560437922451359e-01  2.71982400760479859e-02  4.34560437922451359e-01  2.71982400760479859e-02 
 4.84500000000000000e+09  1.00000000000000000e+00  0.00000000000000000e+00  1.84436109371840240e-01 -7.91700875701211032e-02 -2.88589417586466168e-01 -1.68563852773445988e-01  1.84436109371840268e-01 -7.91700875701211310e-02  4.45710716847204924e-01  1.90140761363207511e-02  4.45710716847204924e-01  1.90140761363207511e-02 
 4.85000000000000000e+09  1.00000000000000000e+00  0.00000000000000000e+00  1.97630083196871364e-01 -8.15611365760528784e-02 -2.98546263815387181e-01 -1.65693588520467727e-01  1.97630083196871392e-01 -8.15611365760528784e-02  4.57127757131214396e-01  9.97455399667601661e-03  4.57127757131214396e-01  9.97455399667601661e-03 
 4.85500000000000000e+09  1.00000000000000000e+00  0.00000000000000000e+00  2.11311589558059731e-01 -8.46903835575317926e-02 -3.08910354580109847e-01 -1.62280787769331247e-01  2.11311589558059731e-01 -8.46903835575318065e-02  4.68777844564383650e-01 -2.62884132981588969e-06  4.68777844564383650e-01 -2.62884132981588969e-06 
 4.86000000000000000e+09  1.00000000000000000e+00  0.00000000000000000e+00  2.25469509631917697e-01 -8.86459582367396665e-02 -3.19676832924672361e-01 -1.58256266076054530e-01  2.25469509631917725e-01 -8.86459582367396803e-02  4.80616531800476421e-01 -1.10052211140017620e-02  4.80616531800476421e-01 -1.10052211140017620e-02 
 4.86500000000000000e+09  1.00000000000000000e+00  0.00000000000000000e+00  2.40083353334532568e-01 -9.35240546645063203e-02 -3.30833897281849199e-01 -1.53544172629006104e-01  2.40083353334532568e-01 -9.35240546645063203e-02  4.92586621043810902e-01 -2.31258687797065710e-02  4.92586621043810902e-01 -2.31258687797065710e-02 
 4.87000000000000000e+09  1.00000000000000000e+00  0.00000000000000000e+00  2.55121058264461409e-01 -9.94288234009892552e-02 -3.42361085606491145e-01 -1.48061980202160798e-01  2.55121058264461464e-01 -9.94288234009892413e-02  5.04615914610133443e-01 -3.64611837814676487e-02  5.04615914610133443e-01 -3.64611837814676487e-02 
 4.87500000000000000e+09  1.00000000000000000e+00  0.00000000000000000e+00  2.70536463416330752e-01 -1.06471905647027118e-01 -3.54227291384147769e-01 -1.41720739634348419e-01  2.70536463416330697e-01 -1.06471905647027104e-01  5.16614760437978049e-01 -5.11103193170450165e-02  5.16614760437978049e-01 -5.11103193170450165e-02 
 4.88000000000000000e+09  1.00000000000000000e+00  0.00000000000000000e+00  2.86266467012604220e-01 -1.14771482550362264e-01 -3.66388513380488834e-01 -1.34425697800832133e-01  2.86266467012604220e-01 -1.14771482550362292e-01  5.28473449457217415e-01 -6.71729232220420469e-02  5.28473449457217415e-01 -6.71729232220420469e-02 
 4.88500000000000000e+09  1.00000000000000000e+00  0.00000000000000000e+00  3.02227908792410460e-01 -1.24450688944602192e-01 -3.78785364071638098e-01 -1.26077397997649776e-01  3.02227908792410460e-01 -1.24450688944602220e-01  5.40059562878745680e-01 -8.47463276762709383e-02  5.40059562878745680e-01 -8.47463276762709383e-02 
 4.89000000000000000e+09  1.00000000000000000e+00  0.00000000000000000e+00  3.18314261718817493e-01 -1.35635219717753441e-01 -3.91340395491920900e-01 -1.16573399935783695e-01  3.18314261718817493e-01 -1.35635219717753497e-01  5.51215421724520205e-01 -1.03921828142993056e-01  5.51215421724520205e-01 -1.03921828142993056e-01 
 4.89500000000000000e+09  1.00000000000000000e+00  0.00000000000000000e+00  3.34392278833637868e-01 -1.48449943912543708e-01 -4.03955347924358832e-01 -1.05810769312475239e-01  3.34392278833637868e-01 -1.48449943912543680e-01  5.61755859001765057e-01 -1.24779913446225077e-01  5.61755859001765057e-01 -1.24779913446225077e-01 
 4.90000000000000000e+09  1.00000000000000000e+00  0.00000000000000000e+00  3.50298819247897408e-01 -1.63014343893291225e-01 -4.16508487800599347e-01 -9.36894885261857213e-02  3.50298819247897408e-01 -1.63014343893291225e-01  5.71466615500068609e-01 -1.47384340339763220e-01  5.71466615500068609e-01 -1.47384340339763220e-01 
 4.90500000000000000e+09  1.00000000000000000e+00  0.00000000000000000e+00  3.65838171869348361e-01 -1.79436624317183352e-01 -4.28852275906330127e-01 -8.01169228272703149e-02  3.65838171869348416e-01 -1.79436624317183435e-01  5.80103748408726361e-01 -1.71775009639858006e-01  5.80103748408726361e-01 -1.71775009639858006e-01 
 4.91000000000000000e+09  1.00000000000000000e+00  0.00000000000000000e+00  3.80780301029658541e-01 -1.97806400147922445e-01 -4.40811691810341688e-01 -6.50134305460828704e-02  3.80780301029658541e-01 -1.97806400147922418e-01  5.87394527751908924e-01 -1.97959707374546517e-01  5.87394527751908924e-01 -1.97959707374546517e-01 
 4.91500000000000000e+09  1.00000000000000000e+00  0.00000000000000000e+00  3.94860542876280918e-01 -2.18185987152410665e-01 -4.52183626707721165e-01 -4.83191217093097564e-02  3.94860542876280918e-01 -2.18185987152410693e-01  5.93040362047698610e-01 -2.25904932165486710e-01  5.93040362047698610e-01 -2.25904932165486710e-01 
 4.92000000000000000e+09  1.00000000000000000e+00  0.00000000000000000e+00  4.07781365056078315e-01 -2.40600492595619969e-01 -4.62737829340915063e-01 -3.00016374222174184e-02  4.07781365056078371e-01 -2.40600492595619997e-01  5.96722316761702398e-01 -2.55526242477323029e-01  5.96722316761702398e-01 -2.55526242477323029e-01 
 4.92500000000000000e+09  1.00000000000000000e+00  0.00000000000000000e+00  4.19216835362558271e-01 -2.65027141565327695e-01 -4.72219925561973897e-01 -1.00646389828268623e-02  4.19216835362558327e-01 -2.65027141565327695e-01  5.98109735130399778e-01 -2.86678816980172724e-01  5.98109735130399778e-01 -2.86678816980172724e-01 
 4.93000000000000000e+09  1.00000000000000000e+00  0.00000000000000000e+00  4.28820390435530330e-01 -2.91384565439604060e-01 -4.80357002064591421e-01  1.14435329471237399e-02  4.28820390435530274e-01 -2.91384565439604115e-01  5.96872305817137017e-01 -3.19149203741603604e-01  5.96872305817137017e-01 -3.19149203741603604e-01 
 4.93500000000000000e+09  1.00000000000000000e+00  0.00000000000000000e+00  4.36236314053768170e-01 -3.19523092952893051e-01 -4.86866117038836810e-01  3.44218206156777715e-02  4.36236314053768059e-01 -3.19523092952893106e-01  5.92695616172571049e-01 -3.52649492962226363e-01  5.92695616172571049e-01 -3.52649492962226363e-01 
 4.94000000000000000e+09  1.00000000000000000e+00  0.00000000000000000e+00  4.41114995860348191e-01 -3.49217365292670501e-01 -4.91465849135089283e-01  5.87100572909491983e-02  4.41114995860348191e-01 -3.49217365292670556e-01  5.85299772978191468e-01 -3.86815314185471992e-01  5.85299772978191468e-01 -3.86815314185471992e-01 
 4.94500000000000000e+09  1.00000000000000000e+00  0.00000000000000000e+00  4.43131540435995119e-01 -3.80162764690375909e-01 -4.93890613816059365e-01  8.40853975903233658e-02  4.43131540435995230e-01 -3.80162764690375965e-01  5.74460088947531533e-01 -4.21209047266716152e-01  5.74460088947531533e-01 -4.21209047266716152e-01 
 4.95000000000000000e+09  1.00000000000000000e+00  0.00000000000000000e+00  4.42006671161288556e-01 -4.11977108570322215e-01 -4.93906988276846981e-01  1.10262743984863021e-01  4.42006671161288445e-01 -4.11977108570322215e-01  5.60028196555019342e-01 -4.55329364694451844e-01  5.60028196555019342e-01 -4.55329364694451844e-01 
 4.95500000000000000e+09  1.00000000000000000e+00  0.00000000000000000e+00  4.37528215714026003e-01 -4.44208737973883216e-01 -4.91330761055982779e-01  1.36900120055403779e-01  4.37528215714026170e-01 -4.44208737973882994e-01  5.41951387069351087e-01 -4.88627641765412402e-01  5.41951387069351087e-01 -4.88627641765412402e-01 
 4.96000000000000000e+09  1.00000000000000000e+00  0.00000000000000000e+00  4.29570914266602710e-01 -4.76351485561581633e-01 -4.86042970699271326e-01  1.63609464079731509e-01  4.29570914266602655e-01 -4.76351485561581578e-01  5.20287644407169014e-01 -5.20530898701155653e-01  5.20287644407169014e-01 -5.20530898701155653e-01 
 4.96500000000000000e+09  1.00000000000000000e+00  0.00000000000000000e+00  4.18112026441431861e-01 -5.07866091135742770e-01 -4.78002952705359418e-01  1.89972614577217702e-01  4.18112026441431917e-01 -5.07866091135742770e-01  4.95213909182394663e-01 -5.50469885917654889e-01  4.95213909182394663e-01 -5.50469885917654889e-01 
 4.97000000000000000e+09  1.00000000000000000e+00  0.00000000000000000e+00  4.03240373276183617e-01 -5.38206584132313814e-01 -4.67256493854022847e-01  2.15561437408763157e-01  4.03240373276183617e-01 -5.38206584132313592e-01  4.67025665189349459e-01 -5.77909892627083588e-01  4.67025665189349459e-01 -5.77909892627083588e-01 
 4.97500000000000000e+09  1.00000000000000000e+00  0.00000000000000000e+00  3.85157096227922935e-01 -5.66849195136140072e-01 -4.53937654312450978e-01  2.39960272139742498e-01  3.85157096227922879e-01 -5.66849195136140183e-01  4.36126968623466005e-01 -6.02381103405605578e-01  4.36126968623466005e-01 -6.02381103405605578e-01 
 4.98000000000000000e+09  1.00000000000000000e+00  0.00000000000000000e+00  3.64167478394636146e-01 -5.93320737798477049e-01 -4.38263618063242544e-01  2.62788347496914598e-01  3.64167478394636146e-01 -5.93320737798477160e-01  4.03011377243317093e-01 -6.23505077410915098e-01  4.03011377243317093e-01 -6.23505077410915098e-01 
 4.98500000000000000e+09  1.00000000000000000e+00  0.00000000000000000e+00  3.40664453365779718e-01 -6.17223307191589687e-01 -4.20522923514091151e-01  2.83719687067139681e-01  3.40664453365779551e-01 -6.17223307191589798e-01  3.68235603873056649e-01 -6.41014302231621813e-01  3.68235603873056649e-01 -6.41014302231621813e-01 
 4.99000000000000000e+09  1.00000000000000000e+00  0.00000000000000000e+00  3.15105641251452795e-01 -6.38252629459036380e-01 -4.01058390968834555e-01  3.02498354708671369e-01  3.15105641251452628e-01 -6.38252629459036269e-01  3.32388799671525070e-01 -6.54762734706418437e-01  3.32388799671525070e-01 -6.54762734706418437e-01 
 4.99500000000000000e+09  1.00000000000000000e+00  0.00000000000000000e+00  2.87986621373231610e-01 -6.56208369360524069e-01 -3.80246781418784208e-01  3.18947607602658834e-01  2.87986621373231610e-01 -6.56208369360523958e-01  2.96060915845190897e-01 -6.64726575635163686e-01  2.96060915845190897e-01 -6.64726575635163686e-01 
 5.00000000000000000e+09  1.00000000000000000e+00  0.00000000000000000e+00  2.59813494560008074e-01 -6.70995925358725542e-01 -3.58477540269803163e-01  3.32972461154616317e-01  2.59813494560008074e-01 -6.70995925358725653e-01  2.59813494560008462e-01 -6.70995925358726097e-01  2.59813494560008462e-01 -6.70995925358726097e-01 
 5.00500000000000000e+09  1.00000000000000000e+00  0.00000000000000000e+00  2.31077572621185778e-01 -6.82620432461293891e-01 -3.36132862901824592e-01  3.44556104796237772e-01  2.31077572621185806e-01 -6.82620432461294113e-01  2.24155572671756398e-01 -6.73759125465446362e-01  2.24155572671756398e-01 -6.73759125465446362e-01 
 5.01000000000000000e+09  1.00000000000000000e+00  0.00000000000000000e+00  2.02234372033609888e-01 -6.91174606782661849e-01 -3.13570844329203013e-01  3.53751346324168381e-01  2.02234372033609638e-01 -6.91174606782661960e-01  1.89526354720521290e-01 -6.73282296536527269e-01  1.89526354720521290e-01 -6.73282296536527269e-01 
 5.01500000000000000e+09  1.00000000000000000e+00  0.00000000000000000e+00  1.73688188583535186e-01 -6.96822564239410247e-01 -2.91112796491940773e-01  3.60668688319342290e-01  1.73688188583535241e-01 -6.96822564239410136e-01  1.56285189626789583e-01 -6.69886765263086881e-01  1.56285189626789583e-01 -6.69886765263086881e-01 
 5.02000000000000000e+09  1.00000000000000000e+00  0.00000000000000000e+00  1.45782611372892390e-01 -6.99781815631059789e-01 -2.69035105682752795e-01  3.65462733621039093e-01  1.45782611372892279e-01 -6.99781815631060011e-01  1.24708404277728724e-01 -6.63926805129646302e-01  1.24708404277728724e-01 -6.63926805129646302e-01 
 5.02500000000000000e+09  1.00000000000000000e+00  0.00000000000000000e+00  1.18796572344086318e-01 -7.00305368297418629e-01 -2.47565398369455125e-01  3.68318437784587838e-01  1.18796572344086221e-01 -7.00305368297418740e-01  9.49918555421864208e-02 -6.55769548163406824e-01  9.49918555421864208e-02 -6.55769548163406824e-01 
 5.03000000000000000e+09  1.00000000000000000e+00  0.00000000000000000e+00  9.29450153282739278e-02 -6.98665388162230450e-01 -2.26882365178107059e-01  3.69438377889299785e-01  9.29450153282741220e-02 -6.98665388162230450e-01  6.72577068107130249e-02 -6.45778239101093110e-01  6.72577068107130249e-02 -6.45778239101093110e-01 
 5.03500000000000000e+09  1.00000000000000000e+00  0.00000000000000000e+00  6.83830212284369660e-02 -6.95139334379993534e-01 -2.07118377375411694e-01  3.69031796517952815e-01  6.83830212284368688e-02 -6.95139334379993645e-01  4.15638793846679899e-02 -6.34299347880590725e-01  4.15638793846679899e-02 -6.34299347880590725e-01 
 5.04000000000000000e+09  1.00000000000000000e+00  0.00000000000000000e+00  4.52122011926154865e-02 -6.89998979329982776e-01 -1.88363989658046904e-01  3.67305792444637569e-01  4.52122011926152922e-02 -6.89998979329982554e-01  1.79147891810224613e-02 -6.21653527594799415e-01  1.79147891810224613e-02 -6.21653527594799415e-01 
 5.04500000000000000e+09  1.00000000000000000e+00  0.00000000000000000e+00  2.34882981557574255e-02 -6.83502332003746549e-01 -1.70673506163999844e-01  3.64458717214490857e-01  2.34882981557573700e-02 -6.83502332003746327e-01 -3.72774019169813675e-03 -6.08130042310540575e-01 -3.72774019169813675e-03 -6.08130042310540575e-01 
 5.05000000000000000e+09  1.00000000000000000e+00  0.00000000000000000e+00  3.22914735758968868e-03 -6.75888214269956045e-01 -1.54070938629792736e-01  3.60675619033744232e-01  3.22914735758958460e-03 -6.75888214269956156e-01 -2.34341782952865452e-02 -5.93984088037178837e-01 -2.34341782952865452e-02 -5.93984088037178837e-01 
 5.05500000000000000e+09  1.00000000000000000e+00  0.00000000000000000e+00 -1.55776200045105659e-02 -6.67373089031323752e-01 -1.38555860791506336e-01  3.56125448446988013e-01 -1.55776200045106006e-02 -6.67373089031323530e-01 -4.12980940267184682e-02 -5.79436360533260419e-01 -4.12980940267184682e-02 -5.79436360533260419e-01 
 5.06000000000000000e+09  1.00000000000000000e+00  0.00000000000000000e+00 -3.29675282836462621e-02 -6.58149683037656308e-01 -1.24108829871531989e-01  3.50959687273726784e-01 -3.29675282836464079e-02 -6.58149683037656308e-01 -5.74283112234145188e-02 -5.64674246092775389e-01 -5.74283112234145188e-02 -5.64674246092775389e-01 
 5.06500000000000000e+09  1.00000000000000000e+00  0.00000000000000000e+00 -4.89930819059571643e-02 -6.48386956417269622e-01 -1.10696186682844117e-01  3.45312061816623550e-01 -4.89930819059573586e-02 -6.48386956417269733e-01 -7.19424736090374661e-02 -5.49854088281619302e-01 -7.19424736090374661e-02 -5.49854088281619302e-01 
 5.07000000000000000e+09  1.00000000000000000e+00  0.00000000000000000e+00 -6.37185444902685361e-02 -6.38231019429467583e-01 -9.82741538970853673e-02  3.39299033209443379e-01 -6.37185444902686748e-02 -6.38231019429467583e-01 -8.49619552583169568e-02 -5.35104084700230409e-01 -8.49619552583169568e-02 -5.35104084700230409e-01 
 5.07500000000000000e+09  1.00000000000000000e+00  0.00000000000000000e+00 -7.72156600906260954e-02 -6.27806663741628523e-01 -8.67922279982398376e-02  3.33020805702303913e-01 -7.72156600906263035e-02 -6.27806663741628523e-01 -9.66079797825547537e-02 -5.20527472341192565e-01 -9.66079797825547537e-02 -5.20527472341192565e-01 
 5.08000000000000000e+09  1.00000000000000000e+00  0.00000000000000000e+00 -8.95602455980214346e-02 -6.17219246289361534e-01 -7.61959089342332807e-02  3.26562646201289275e-01 -8.95602455980213097e-02 -6.17219246289361534e-01 -1.06998776929561473e-01 -5.06205755479103292e-01 -1.06998776929561473e-01 -5.06205755479103292e-01 
 5.08500000000000000e+09  1.00000000000000000e+00  0.00000000000000000e+00 -1.00829552183597432e-01 -6.06556729724368360e-01 -6.64288385109473162e-02  3.19996358325015884e-01 -1.00829552183597237e-01 -6.06556729724368027e-01 -1.16247597429058297e-01 -4.92201810222646086e-01 -1.16247597429058297e-01 -4.92201810222646086e-01 
 5.09000000000000000e+09  1.00000000000000000e+00  0.00000000000000000e+00 -1.11100281916971202e-01 -5.95891740151490712e-01 -5.74344301237500465e-02  3.13381797821761066e-01 -1.11100281916971147e-01 -5.95891740151490823e-01 -1.24461415794774211e-01 -4.78562763208004727e-01 -1.24461415794774211e-01 -4.78562763208004727e-01 
 5.09500000000000000e+09  1.00000000000000000e+00  0.00000000000000000e+00 -1.20447146650302872e-01 -5.85283548807378762e-01 -4.91570736356465726e-02  3.06768351958356722e-01 -1.20447146650302706e-01 -5.85283548807378429e-01 -1.31740168891942289e-01 -4.65322589355204430e-01 -1.31740168891942289e-01 -4.65322589355204430e-01 
 5.10000000000000000e+09  1.00000000000000000e+00  0.00000000000000000e+00 -1.28941864746851598e-01 -5.74779919832743680e-01 -4.15429941242498602e-02  3.00196333454547659e-01 -1.28941864746851459e-01 -5.74779919832743458e-01 -1.38176400120624460e-01 -4.52504407376728479e-01 -1.38176400120624460e-01 -4.52504407376728479e-01 
 5.10500000000000000e+09  1.00000000000000000e+00  0.00000000000000000e+00 -1.36652503537090825e-01 -5.64418792567197070e-01 -3.45408347730628493e-02  2.93698260491182139e-01 -1.36652503537090436e-01 -5.64418792567196959e-01 -1.43855201643941305e-01 -4.40122474482052606e-01 -1.43855201643941305e-01 -4.40122474482052606e-01 
 5.11000000000000000e+09  1.00000000000000000e+00  0.00000000000000000e+00 -1.43643089011473435e-01 -5.54229785444112055e-01 -2.81020243827775629e-02  2.87300009400347500e-01 -1.43643089011473435e-01 -5.54229785444111944e-01 -1.48854368205015825e-01 -4.28183896048553725e-01 -1.48854368205015825e-01 -4.28183896048553725e-01 
 5.11500000000000000e+09  1.00000000000000000e+00  0.00000000000000000e+00 -1.49973417657213004e-01 -5.44235521200153394e-01 -2.21809800999264208e-02  2.81021837041914635e-01 -1.49973417657212782e-01 -5.44235521200153061e-01 -1.53244694716445085e-01 -4.16690074188205806e-01 -1.53244694716445085e-01 -4.16690074188205806e-01 
 5.12000000000000000e+09  1.00000000000000000e+00  0.00000000000000000e+00 -1.55699017642225546e-01 -5.34452781198255344e-01 -1.67351867444716362e-02  2.74879276680281948e-01 -1.55699017642225601e-01 -5.34452781198255233e-01 -1.57090365605372900e-01 -4.05637922972244824e-01 -1.57090365605372900e-01 -4.05637922972244824e-01 
 5.12500000000000000e+09  1.00000000000000000e+00  0.00000000000000000e+00 -1.60871217331907401e-01 -5.24893501419950725e-01 -1.17251859374631721e-02  2.68883915333240742e-01 -1.60871217331907679e-01 -5.24893501419950725e-01 -1.60449396883552808e-01 -3.95020879011501846e-01 -1.60449396883552808e-01 -3.95020879011501846e-01 
 5.13000000000000000e+09  1.00000000000000000e+00  0.00000000000000000e+00 -1.65537288273449157e-01 -5.15565625091097712e-01 -7.11450121897037532e-03  2.63044062827064939e-01 -1.65537288273448990e-01 -5.15565625091097934e-01 -1.63374102325183262e-01 -3.84829735189892275e-01 -1.63374102325183262e-01 -3.84829735189892275e-01 
 5.13500000000000000e+09  1.00000000000000000e+00  0.00000000000000000e+00 -1.69740637354455215e-01 -5.06473827716808378e-01 -2.86951949397910161e-03  2.57365323745734842e-01 -1.69740637354455493e-01 -5.06473827716808378e-01 -1.65911563313753174e-01 -3.75053323374872627e-01 -1.65911563313753174e-01 -3.75053323374872627e-01 
 5.14000000000000000e+09  1.00000000000000000e+00  0.00000000000000000e+00 -1.73521028984529146e-01 -4.97620130075511258e-01  1.04065564114412187e-03  2.51851083548295107e-01 -1.73521028984528924e-01 -4.97620130075511480e-01 -1.68104088224107773e-01 -3.65679069407747470e-01 -1.68104088224107773e-01 -3.65679069407747470e-01 
 5.14500000000000000e+09  1.00000000000000000e+00  0.00000000000000000e+00 -1.76914823048635539e-01 -4.89004413862823450e-01  4.64436698542094670e-03  2.46502919669092546e-01 -1.76914823048636094e-01 -4.89004413862823395e-01 -1.69989651983254164e-01 -3.56693440959210462e-01 -1.69989651983254164e-01 -3.56693440959210462e-01 
 5.15000000000000000e+09  1.00000000000000000e+00  0.00000000000000000e+00 -1.79955218233874448e-01 -4.80624853466340429e-01  7.96757457411872635e-03  2.41320947639385663e-01 -1.79955218233874698e-01 -4.80624853466340596e-01 -1.71602310010929654e-01 -3.48082306143409403e-01 -1.71602310010929654e-01 -3.48082306143409403e-01 
 5.15500000000000000e+09  1.00000000000000000e+00  0.00000000000000000e+00 -1.82672493320956780e-01 -4.72478275985191987e-01  1.10340279974283015e-02  2.36304111333149935e-01 -1.82672493320956753e-01 -4.72478275985192098e-01 -1.72972583342157843e-01 -3.39831218248771438e-01 -1.72972583342157843e-01 -3.39831218248771438e-01 
 5.16000000000000000e+09  1.00000000000000000e+00  0.00000000000000000e+00 -1.85094241323172981e-01 -4.64560460209623272e-01  1.38654357617741184e-02  2.31450425450166586e-01 -1.85094241323172842e-01 -4.64560460209623161e-01 -1.74127813596947456e-01 -3.31925639636272973e-01 -1.74127813596947456e-01 -3.31925639636272973e-01 
 5.16500000000000000e+09  1.00000000000000000e+00  0.00000000000000000e+00 -1.87245593089752138e-01 -4.56866383924468988e-01  1.64816286645105559e-02  2.26757177372671703e-01 -1.87245593089751888e-01 -4.56866383924468933e-01 -1.75092487763282595e-01 -3.24351115804650481e-01 -1.75092487763282595e-01 -3.24351115804650481e-01 
 5.17000000000000000e+09  1.00000000000000000e+00  0.00000000000000000e+00 -1.89149428285835447e-01 -4.49390427642083423e-01  1.89007152134530142e-02  2.22221094608703679e-01 -1.89149428285835197e-01 -4.49390427642083257e-01 -1.75888533638602518e-01 -3.17093408831076784e-01 -1.75888533638602518e-01 -3.17093408831076784e-01 
 5.17500000000000000e+09  1.00000000000000000e+00  0.00000000000000000e+00 -1.90826572614558931e-01 -4.42126541728085409e-01  2.11392279126095504e-02  2.17838483187840798e-01 -1.90826572614559015e-01 -4.42126541728085465e-01 -1.76535587341561606e-01 -3.10138597852854414e-01 -1.76535587341561606e-01 -3.10138597852854414e-01 
 5.18000000000000000e+09  1.00000000000000000e+00  0.00000000000000000e+00 -1.92295980836571845e-01 -4.35068382865582692e-01  2.32122598150774871e-02  2.13605341613184618e-01 -1.92295980836572233e-01 -4.35068382865582637e-01 -1.77051234644545946e-01 -3.03473152940413160e-01 -1.77051234644545946e-01 -3.03473152940413160e-01 
 5.18500000000000000e+09  1.00000000000000000e+00  0.00000000000000000e+00 -1.93574905630318927e-01 -4.28209424909466285e-01  2.51335911617145795e-02  2.09517454299071398e-01 -1.93574905630318539e-01 -4.28209424909466008e-01 -1.77451228052439403e-01 -2.97083987600152144e-01 -1.77451228052439403e-01 -2.97083987600152144e-01 
 5.19000000000000000e+09  1.00000000000000000e+00  0.00000000000000000e+00 -1.94679052672368902e-01 -4.21543048405109366e-01  2.69158062184551815e-02  2.05570467834008674e-01 -1.94679052672368902e-01 -4.21543048405109144e-01 -1.77749681613247223e-01 -2.90958494212171237e-01 -1.77749681613247223e-01 -2.90958494212171237e-01 
 5.19500000000000000e+09  1.00000000000000000e+00  0.00000000000000000e+00 -1.95622722538828342e-01 -4.15062612375934448e-01  2.85704006260670239e-02  2.01759952896984618e-01 -1.95622722538828508e-01 -4.15062612375934670e-01 -1.77959245427517149e-01 -2.85084565928651279e-01 -1.77959245427517149e-01 -2.85084565928651279e-01 
 5.20000000000000000e+09  1.00000000000000000e+00  0.00000000000000000e+00 -1.96418940165914907e-01 -4.08761511410782319e-01  3.01078797073310554e-02  1.98081454215148722e-01 -1.96418940165915323e-01 -4.08761511410782763e-01 -1.78091261752818364e-01 -2.79450607910845528e-01 -1.78091261752818364e-01 -2.79450607910845528e-01 
 5.20500000000000000e+09  1.00000000000000000e+00  0.00000000000000000e+00 -1.97079572683725779e-01 -4.02633220593502705e-01  3.15378482562016713e-02  1.94530530574387600e-01 -1.97079572683725945e-01 -4.02633220593502761e-01 -1.78155904496411666e-01 -2.74045540246529384e-01 -1.78155904496411666e-01 -2.74045540246529384e-01 
 5.21000000000000000e+09  1.00000000000000000e+00  0.00000000000000000e+00 -1.97615436467994759e-01 -3.96671330403073341e-01  3.28690923754083042e-02  1.91102786573546651e-01 -1.97615436467995287e-01 -3.96671330403073397e-01 -1.78162303767501029e-01 -2.68858794447198068e-01 -1.78162303767501029e-01 -2.68858794447198068e-01 
 5.21500000000000000e+09  1.00000000000000000e+00  0.00000000000000000e+00 -1.98036394254955700e-01 -3.90869573362512823e-01  3.41096539438399821e-02  1.87793897541006616e-01 -1.98036394254955783e-01 -3.90869573362512768e-01 -1.78118657030205962e-01 -2.63880305060368414e-01 -1.78118657030205962e-01 -2.63880305060368414e-01 
 5.22000000000000000e+09  1.00000000000000000e+00  0.00000000000000000e+00 -1.98351443142633505e-01 -3.85221843920054319e-01  3.52668982909264822e-02  1.84599628802109006e-01 -1.98351443142633310e-01 -3.85221843920054097e-01 -1.78032328266296558e-01 -2.59100497633543037e-01 -1.78032328266296558e-01 -2.59100497633543037e-01 
 5.22500000000000000e+09  1.00000000000000000e+00  0.00000000000000000e+00 -1.98568794266525933e-01 -3.79722212798132119e-01  3.63475756381251153e-02  1.81515850291727954e-01 -1.98568794266526377e-01 -3.79722212798132286e-01 -1.77909936427493698e-01 -2.54510274021861604e-01 -1.77909936427493698e-01 -2.54510274021861604e-01 
 5.23000000000000000e+09  1.00000000000000000e+00  0.00000000000000000e+00 -1.98695944893210019e-01 -3.74364936837824014e-01  3.73578768420462226e-02  1.78538547342715070e-01 -1.98695944893210907e-01 -3.74364936837824291e-01 -1.77757434333672359e-01 -2.50100995831628314e-01 -1.77757434333672359e-01 -2.50100995831628314e-01 
 5.23500000000000000e+09  1.00000000000000000e+00  0.00000000000000000e+00 -1.98739743626258208e-01 -3.69144465192269844e-01  3.83034839429809426e-02  1.75663828343460615e-01 -1.98739743626258236e-01 -3.69144465192270010e-01 -1.77580179057409582e-01 -2.45864466629048817e-01 -1.77580179057409582e-01 -2.45864466629048817e-01 
 5.24000000000000000e+09  1.00000000000000000e+00  0.00000000000000000e+00 -1.98706449367817284e-01 -3.64055442576842747e-01  3.91896159890525800e-02  1.72887929842369170e-01 -1.98706449367816895e-01 -3.64055442576842747e-01 -1.77382994727925292e-01 -2.41792913411004368e-01 -1.77382994727925292e-01 -2.41792913411004368e-01 
 5.24500000000000000e+09  1.00000000000000000e+00  0.00000000000000000e+00 -1.98601784627875033e-01 -3.59092710162242756e-01  4.00210705716041795e-02  1.70207219580254948e-01 -1.98601784627874867e-01 -3.59092710162243089e-01 -1.77170228588937190e-01 -2.37878967727150836e-01 -1.77170228588937190e-01 -2.37878967727150836e-01 
 5.25000000000000000e+09  1.00000000000000000e+00  0.00000000000000000e+00 -1.98430983723450666e-01 -3.54251304595035177e-01  4.08022614729897787e-02  1.67618197850564643e-01 -1.98430983723450610e-01 -3.54251304595034844e-01 -1.76945801055286456e-01 -2.34115646755543694e-01 -1.76945801055286456e-01 -2.34115646755543694e-01 
 5.25500000000000000e+09  1.00000000000000000e+00  0.00000000000000000e+00 -1.98198836362144970e-01 -3.49526455545529413e-01  4.15372527944460890e-02  1.65117497519468082e-01 -1.98198836362145359e-01 -3.49526455545529746e-01 -1.76713250432046554e-01 -2.30496334563661920e-01 -1.76713250432046554e-01 -2.30496334563661920e-01 
 5.26000000000000000e+09  1.00000000000000000e+00  0.00000000000000000e+00 -1.97909727059535689e-01 -3.44913582112263639e-01  4.22297898997460175e-02  1.62701882981050705e-01 -1.97909727059535634e-01 -3.44913582112263750e-01 -1.76475772886757198e-01 -2.27014763730020996e-01 -1.76475772886757198e-01 -2.27014763730020996e-01 
 5.26500000000000000e+09  1.00000000000000000e+00  0.00000000000000000e+00 -1.97567670797821948e-01 -3.40408288353703403e-01  4.28833274802109254e-02  1.60368248275420483e-01 -1.97567670797822337e-01 -3.40408288353704180e-01 -1.76236258199942541e-01 -2.23664997456124504e-01 -1.76236258199942541e-01 -2.23664997456124504e-01 
 5.27000000000000000e+09  1.00000000000000000e+00  0.00000000000000000e+00 -1.97176345294347549e-01 -3.36006358168817409e-01  4.35010550185312428e-02  1.58113614557855220e-01 -1.97176345294348077e-01 -3.36006358168817076e-01 -1.75997321760454878e-01 -2.20441412262089048e-01 -1.75997321760454878e-01 -2.20441412262089048e-01 
 5.27500000000000000e+09  1.00000000000000000e+00  0.00000000000000000e+00 -1.96739120212881508e-01 -3.31703749707612128e-01  4.40859199028287990e-02  1.55935127074059598e-01 -1.96739120212882035e-01 -3.31703749707611739e-01 -1.75761333219982274e-01 -2.17338681330366545e-01 -1.75761333219982274e-01 -2.17338681330366545e-01 
 5.28000000000000000e+09  1.00000000000000000e+00  0.00000000000000000e+00 -1.96259083617812524e-01 -3.27496589459006615e-01  4.46406484184500851e-02  1.53830051768946069e-01 -1.96259083617813024e-01 -3.27496589459006171e-01 -1.75530442174533674e-01 -2.14351758538992632e-01 -1.75530442174533674e-01 -2.14351758538992632e-01 
 5.28500000000000000e+09  1.00000000000000000e+00  0.00000000000000000e+00 -1.95739065941734763e-01 -3.23381166135392029e-01  4.51677648230593282e-02  1.51795771633361082e-01 -1.95739065941734236e-01 -3.23381166135392029e-01 -1.75306601199410439e-01 -2.11475863207798959e-01 -1.75306601199410439e-01 -2.11475863207798959e-01 
 5.29000000000000000e+09  1.00000000000000000e+00  0.00000000000000000e+00 -1.95181661709879994e-01 -3.19353924450070936e-01  4.56696086906263482e-02  1.49829782873990014e-01 -1.95181661709879883e-01 -3.19353924450071269e-01 -1.75091586527499565e-01 -2.08706465566913357e-01 -1.75091586527499565e-01 -2.08706465566913357e-01 
 5.29500000000000000e+09  1.00000000000000000e+00  0.00000000000000000e+00 -1.94589249240397721e-01 -3.15411458864543581e-01  4.61483506917366448e-02  1.47929690975695860e-01 -1.94589249240399054e-01 -3.15411458864543248e-01 -1.74887016628187369e-01 -2.06039272945984481e-01 -1.74887016628187369e-01 -2.06039272945984481e-01 
 5.30000000000000000e+09  1.00000000000000000e+00  0.00000000000000000e+00 -1.93964008517425068e-01 -3.11550507366771978e-01  4.66060069612111508e-02  1.46093206712287371e-01 -1.93964008517425707e-01 -3.11550507366771423e-01 -1.74694368915410958e-01 -2.03470216674270260e-01 -1.74694368915410958e-01 -2.03470216674270260e-01 
 5.30500000000000000e+09  1.00000000000000000e+00  0.00000000000000000e+00 -1.93307937414020858e-01 -3.07767945328415893e-01  4.70444521891259099e-02  1.44318142150674789e-01 -1.93307937414020498e-01 -3.07767945328415282e-01 -1.74514994787821731e-01 -2.00995439675495824e-01 -1.74514994787821731e-01 -2.00995439675495824e-01 
 5.31000000000000000e+09  1.00000000000000000e+00  0.00000000000000000e+00 -1.92622866424066064e-01 -3.04060779478285415e-01  4.74654315578898617e-02  1.42602406684217059e-01 -1.92622866424066619e-01 -3.04060779478285192e-01 -1.74350133181445044e-01 -1.98611284736804922e-01 -1.74350133181445044e-01 -1.98611284736804922e-01 
 5.31500000000000000e+09  1.00000000000000000e+00  0.00000000000000000e+00 -1.91910472046189551e-01 -3.00426142020367104e-01  4.78705716359234812e-02  1.40944003123501305e-01 -1.91910472046189773e-01 -3.00426142020366771e-01 -1.74200922795234581e-01 -1.96314283427908409e-01 -1.74200922795234581e-01 -1.96314283427908409e-01 
 5.32000000000000000e+09  1.00000000000000000e+00  0.00000000000000000e+00 -1.91172288948267655e-01 -2.96861284917511570e-01  4.82613903275805403e-02  1.39341023866520392e-01 -1.91172288948268154e-01 -2.96861284917512402e-01 -1.74068413132229677e-01 -1.94101145644323875e-01 -1.74068413132229677e-01 -1.94101145644323875e-01 
 5.32500000000000000e+09  1.00000000000000000e+00  0.00000000000000000e+00 -1.90409721028052314e-01 -2.93363574355962609e-01  4.86393059691212562e-02  1.37791647165044412e-01 -1.90409721028052148e-01 -2.93363574355962997e-01 -1.73953574483330931e-01 -1.91968749747247286e-01 -1.73953574483330931e-01 -1.91968749747247286e-01 
 5.33000000000000000e+09  1.00000000000000000e+00  0.00000000000000000e+00 -1.89624051473810229e-01 -2.89930485401041826e-01  4.90056456517408146e-02  1.36294133499738290e-01 -1.89624051473810118e-01 -2.89930485401042104e-01 -1.73857306966891528e-01 -1.89914133271898461e-01 -1.73857306966891528e-01 -1.89914133271898461e-01 
 5.33500000000000000e+09  1.00000000000000000e+00  0.00000000000000000e+00 -1.88816451918436101e-01 -2.86559596850399778e-01  4.93616528446963188e-02  1.34846822073085543e-01 -1.88816451918436268e-01 -2.86559596850399889e-01 -1.73780448724997594e-01 -1.87934484175991623e-01 -1.73780448724997594e-01 -1.87934484175991623e-01 
 5.34000000000000000e+09  1.00000000000000000e+00  0.00000000000000000e+00 -1.87987990771007529e-01 -2.83248586288121162e-01  4.97084943844850954e-02  1.33448127426321006e-01 -1.87987990771007252e-01 -2.83248586288121829e-01 -1.73723783366503237e-01 -1.86027132600141726e-01 -1.73723783366503237e-01 -1.86027132600141726e-01 
 5.34500000000000000e+09  1.00000000000000000e+00  0.00000000000000000e+00 -1.87139640801428697e-01 -2.79995225340389231e-01  5.00472668895939471e-02  1.32096536184265950e-01 -1.87139640801428142e-01 -2.79995225340389009e-01 -1.73688046737216689e-01 -1.84189543112544041e-01 -1.73688046737216689e-01 -1.84189543112544041e-01 
 5.35000000000000000e+09  1.00000000000000000e+00  0.00000000000000000e+00 -1.86272286046160307e-01 -2.76797375131481116e-01  5.03790026546114961e-02  1.30790603930078908e-01 -1.86272286046160557e-01 -2.76797375131481282e-01 -1.73673933089140697e-01 -1.82419307410949139e-01 -1.73673933089140697e-01 -1.82419307410949139e-01 
 5.35500000000000000e+09  1.00000000000000000e+00  0.00000000000000000e+00 -1.85386728096300524e-01 -2.73652981937234863e-01  5.07046750723249354e-02  1.29528952210416604e-01 -1.85386728096300690e-01 -2.73652981937234974e-01 -1.73682100713098225e-01 -1.80714137455812884e-01 -1.73682100713098225e-01 -1.80714137455812884e-01 
 5.36000000000000000e+09  1.00000000000000000e+00  0.00000000000000000e+00 -1.84483691823094403e-01 -2.70560073031993475e-01  5.10252036278174628e-02  1.28310265670301155e-01 -1.84483691823094403e-01 -2.70560073031993753e-01 -1.73713177092432808e-01 -1.79071859009461237e-01 -1.73713177092432808e-01 -1.79071859009461237e-01 
 5.36500000000000000e+09  1.00000000000000000e+00  0.00000000000000000e+00 -1.83563830590629029e-01 -2.67516752723985451e-01  5.13414585043606153e-02  1.27133289316056886e-01 -1.83563830590628668e-01 -2.67516752723985729e-01 -1.73767763629450706e-01 -1.77490405557224673e-01 -1.73767763629450706e-01 -1.77490405557224673e-01 
 5.37000000000000000e+09  1.00000000000000000e+00  0.00000000000000000e+00 -1.82627731000330390e-01 -2.64521198573580141e-01  5.16542648372483731e-02  1.25996825903895160e-01 -1.82627731000330279e-01 -2.64521198573580141e-01 -1.73846439991132196e-01 -1.75967812587446010e-01 -1.73846439991132196e-01 -1.75967812587446010e-01 
 5.37500000000000000e+09  1.00000000000000000e+00  0.00000000000000000e+00 -1.81675917207646365e-01 -2.61571657788228107e-01  5.19644066482863806e-02  1.24899733451208403e-01 -1.81675917207646143e-01 -2.61571657788228717e-01 -1.73949768115879116e-01 -1.74502212208503260e-01 -1.73949768115879116e-01 -1.74502212208503260e-01 
 5.38000000000000000e+09  1.00000000000000000e+00  0.00000000000000000e+00 -1.80708854847172196e-01 -2.58666443787665234e-01  5.22726304907014661e-02  1.23840922867166719e-01 -1.80708854847172057e-01 -2.58666443787665068e-01 -1.74078295919009751e-01 -1.73091828081967936e-01 -1.74078295919009751e-01 -1.73091828081967936e-01 
 5.38500000000000000e+09  1.00000000000000000e+00  0.00000000000000000e+00 -1.79726954598967481e-01 -2.55803932932714417e-01  5.25796488314856092e-02  1.22819355698939703e-01 -1.79726954598967426e-01 -2.55803932932714417e-01 -1.74232560730997466e-01 -1.71734970652193675e-01 -1.74232560730997466e-01 -1.71734970652193675e-01 
 5.39000000000000000e+09  1.00000000000000000e+00  0.00000000000000000e+00 -1.78730575425504745e-01 -2.52982561410967088e-01  5.28861431958091779e-02  1.21834041989609954e-01 -1.78730575425505134e-01 -2.52982561410967532e-01 -1.74413092499256073e-01 -1.70430032653577812e-01 -1.74413092499256073e-01 -1.70430032653577812e-01 
 5.39500000000000000e+09  1.00000000000000000e+00  0.00000000000000000e+00 -1.77720027505839623e-01 -2.50200822272582335e-01  5.31927670959147156e-02  1.20884038243761288e-01 -1.77720027505839567e-01 -2.50200822272582002e-01 -1.74620416781357229e-01 -1.69175484877860577e-01 -1.74620416781357229e-01 -1.69175484877860577e-01 
 5.40000000000000000e+09  1.00000000000000000e+00  0.00000000000000000e+00 -1.76695574890868679e-01 -2.47457262609540929e-01  5.35001487649925250e-02  1.19968445496607068e-01 -1.76695574890868567e-01 -2.47457262609540596e-01 -1.74855057555073329e-01 -1.67969872184702190e-01 -1.74855057555073329e-01 -1.67969872184702190e-01 
 5.40500000000000000e+09  1.00000000000000000e+00  0.00000000000000000e+00 -1.75657437901217295e-01 -2.44750480871783360e-01  5.38088937147503388e-02  1.19086407482528217e-01 -1.75657437901217517e-01 -2.44750480871783360e-01 -1.75117539868345329e-01 -1.66811809739762479e-01 -1.75117539868345329e-01 -1.66811809739762479e-01 
 5.41000000000000000e+09  1.00000000000000000e+00  0.00000000000000000e+00 -1.74605795287086085e-01 -2.42079124313832716e-01  5.41195871338457091e-02  1.18237108898904736e-01 -1.74605795287086168e-01 -2.42079124313832855e-01 -1.75408392350338171e-01 -1.65699979465361164e-01 -1.75408392350338171e-01 -1.65699979465361164e-01 
 5.41500000000000000e+09  1.00000000000000000e+00  0.00000000000000000e+00 -1.73540786167452249e-01 -2.39441886565666701e-01  5.44327961429218257e-02  1.17419773761173712e-01 -1.73540786167452388e-01 -2.39441886565666534e-01 -1.75728149602969286e-01 -1.64633126689637366e-01 -1.75728149602969286e-01 -1.64633126689637366e-01 
 5.42000000000000000e+09  1.00000000000000000e+00  0.00000000000000000e+00 -1.72462511764182813e-01 -2.36837505321873615e-01  5.47490719207524776e-02  1.16633663845111424e-01 -1.72462511764182924e-01 -2.36837505321873976e-01 -1.76077354490791260e-01 -1.63610056980861618e-01 -1.76077354490791260e-01 -1.63610056980861618e-01 
 5.42500000000000000e+09  1.00000000000000000e+00  0.00000000000000000e+00 -1.71371036945059591e-01 -2.34264760143275075e-01  5.50689517148430993e-02  1.15878077212451039e-01 -1.71371036945059230e-01 -2.34264760143274686e-01 -1.76456560345733010e-01 -1.62629633154342867e-01 -1.76456560345733010e-01 -1.62629633154342867e-01 
 5.43000000000000000e+09  1.00000000000000000e+00  0.00000000000000000e+00 -1.70266391588163313e-01 -2.31722470365513633e-01  5.53929607488594586e-02  1.15152346816040529e-01 -1.70266391588163174e-01 -2.31722470365513356e-01 -1.76866333102067452e-01 -1.61690772439994190e-01 -1.76866333102067452e-01 -1.61690772439994190e-01 
 5.43500000000000000e+09  1.00000000000000000e+00  0.00000000000000000e+00 -1.69148571778702406e-01 -2.29209493109345186e-01  5.57216140383644948e-02  1.14455839180838945e-01 -1.69148571778702572e-01 -2.29209493109345075e-01 -1.77307253375956819e-01 -1.60792443799209761e-01 -1.77307253375956819e-01 -1.60792443799209761e-01 
 5.44000000000000000e+09  1.00000000000000000e+00  0.00000000000000000e+00 -1.68017540848181213e-01 -2.26724721387589034e-01  5.60554181255169467e-02  1.13787953157223731e-01 -1.68017540848181102e-01 -2.26724721387589007e-01 -1.77779918503028322e-01 -1.59933665380381451e-01 -1.77779918503028322e-01 -1.59933665380381451e-01 
 5.44500000000000000e+09  1.00000000000000000e+00  0.00000000000000000e+00 -1.66873230264578037e-01 -2.24267082304009047e-01  5.63948727427248803e-02  1.13148118743148424e-01 -1.66873230264578065e-01 -2.24267082304008936e-01 -1.78284944546726443e-01 -1.59113502102784271e-01 -1.78284944546726443e-01 -1.59113502102784271e-01 
 5.45000000000000000e+09  1.00000000000000000e+00  0.00000000000000000e+00 -1.65715540381166759e-01 -2.21835535339633017e-01  5.67404724146071335e-02  1.12535795971843475e-01 -1.65715540381166593e-01 -2.21835535339632794e-01 -1.78822968289544637e-01 -1.58331063359090002e-01 -1.78822968289544637e-01 -1.58331063359090002e-01 
 5.45500000000000000e+09  1.00000000000000000e+00  0.00000000000000000e+00 -1.64544341050621101e-01 -2.19429070722299224e-01  5.70927080070925824e-02  1.11950473861865546e-01 -1.64544341050621157e-01 -2.19429070722299335e-01 -1.79394649218747398e-01 -1.57585500827164049e-01 -1.79394649218747398e-01 -1.57585500827164049e-01 
 5.46000000000000000e+09  1.00000000000000000e+00  0.00000000000000000e+00 -1.63359472110134796e-01 -2.17046707875447970e-01  5.74520682319943077e-02  1.11391669426428669e-01 -1.63359472110134740e-01 -2.17046707875448136e-01 -1.80000671517747846e-01 -1.56876006382205946e-01 -1.80000671517747846e-01 -1.56876006382205946e-01 
 5.46500000000000000e+09  1.00000000000000000e+00  0.00000000000000000e+00 -1.62160743742351315e-01 -2.14687493942525065e-01  5.78190411150525316e-02  1.10858926739029015e-01 -1.62160743742351565e-01 -2.14687493942525176e-01 -1.80641746074066634e-01 -1.56201810100514510e-01 -1.80641746074066634e-01 -1.56201810100514510e-01 
 5.47000000000000000e+09  1.00000000000000000e+00  0.00000000000000000e+00 -1.60947936716194590e-01 -2.12350502383504502e-01  5.81941154350231887e-02  1.10351816052538798e-01 -1.60947936716194617e-01 -2.12350502383504391e-01 -1.81318612514475480e-01 -1.55562178346588337e-01 -1.81318612514475480e-01 -1.55562178346588337e-01 
 5.47500000000000000e+09  1.00000000000000000e+00  0.00000000000000000e+00 -1.59720802510792126e-01 -2.10034831640429437e-01  5.85777821411958000e-02  1.09869932968978595e-01 -1.59720802510792154e-01 -2.10034831640429465e-01 -1.82032041277897877e-01 -1.54956411935322946e-01 -1.82032041277897877e-01 -1.54956411935322946e-01 
 5.48000000000000000e+09  1.00000000000000000e+00  0.00000000000000000e+00 -1.58479063325028369e-01 -2.07739603869041695e-01  5.89705357564391935e-02  1.09412897657313019e-01 -1.58479063325028313e-01 -2.07739603869041667e-01 -1.82782835736507915e-01 -1.54383844361365624e-01 -1.82782835736507915e-01 -1.54383844361365624e-01 
 5.48500000000000000e+09  1.00000000000000000e+00  0.00000000000000000e+00 -1.57222411974485887e-01 -2.05463963733906407e-01  5.93728757727568363e-02  1.08980354116663347e-01 -1.57222411974485748e-01 -2.05463963733906352e-01 -1.83571834375563986e-01 -1.53843840087716149e-01 -1.83571834375563986e-01 -1.53843840087716149e-01 
 5.49000000000000000e+09  1.00000000000000000e+00  0.00000000000000000e+00 -1.55950511676910042e-01 -2.03207077264627001e-01  5.97853080461604250e-02  1.08571969482433223e-01 -1.55950511676910014e-01 -2.03207077264627056e-01 -1.84399913042548880e-01 -1.53335792885838457e-01 -1.84399913042548880e-01 -1.53335792885838457e-01 
 5.49500000000000000e+09  1.00000000000000000e+00  0.00000000000000000e+00 -1.54662995726565944e-01 -2.00968130771121245e-01  6.02083461976759410e-02  1.08187433372850389e-01 -1.54662995726565944e-01 -2.00968130771121356e-01 -1.85267987276463236e-01 -1.52859124219419884e-01 -1.85267987276463236e-01 -1.52859124219419884e-01 
 5.50000000000000000e+09  1.00000000000000000e+00  0.00000000000000000e+00 -1.53359467057252313e-01 -1.98746329816113343e-01  6.06425130272240931e-02  1.07826457273512519e-01 -1.53359467057252397e-01 -1.98746329816113398e-01 -1.86177014728319823e-01 -1.52413281663992289e-01 -1.86177014728319823e-01 -1.52413281663992289e-01 
 5.50500000000000000e+09  1.00000000000000000e+00  0.00000000000000000e+00 -1.52039497693051306e-01 -1.96540898243346140e-01  6.10883419471760780e-02  1.07488773957534839e-01 -1.52039497693051334e-01 -1.96540898243346113e-01 -1.87127997684259112e-01 -1.51997737354472362e-01 -1.87127997684259112e-01 -1.51997737354472362e-01 
 5.51000000000000000e+09  1.00000000000000000e+00  0.00000000000000000e+00 -1.50702628085211399e-01 -1.94351077260283334e-01  6.15463784424691851e-02  1.07174136938906192e-01 -1.50702628085211232e-01 -1.94351077260283223e-01 -1.88121985703139288e-01 -1.51611986452510450e-01 -1.88121985703139288e-01 -1.51611986452510450e-01 
 5.51500000000000000e+09  1.00000000000000000e+00  0.00000000000000000e+00 -1.49348366332898441e-01 -1.92176124574391261e-01  6.20171815642955870e-02  1.06882319956660421e-01 -1.49348366332898441e-01 -1.92176124574391455e-01 -1.89160078380959412e-01 -1.51255545625316790e-01 -1.89160078380959412e-01 -1.51255545625316790e-01 
 5.52000000000000000e+09  1.00000000000000000e+00  0.00000000000000000e+00 -1.47976187284846100e-01 -1.90015313582431788e-01  6.25013254645715860e-02  1.06613116487434142e-01 -1.47976187284846072e-01 -1.90015313582431788e-01 -1.90243428255083280e-01 -1.50927951527295989e-01 -1.90243428255083280e-01 -1.50927951527295989e-01 
 5.52500000000000000e+09  1.00000000000000000e+00  0.00000000000000000e+00 -1.46585531518256040e-01 -1.87867932612475808e-01  6.29994009786058740e-02  1.06366339283964328e-01 -1.46585531518256068e-01 -1.87867932612475808e-01 -1.91373243861899717e-01 -1.50628759275513280e-01 -1.91373243861899717e-01 -1.50628759275513280e-01 
 5.53000000000000000e+09  1.00000000000000000e+00  0.00000000000000000e+00 -1.45175804190512930e-01 -1.85733284218824318e-01  6.35120172637252955e-02  1.06141819936956788e-01 -1.45175804190512903e-01 -1.85733284218824346e-01 -1.92550792962386974e-01 -1.50357540909404036e-01 -1.92550792962386974e-01 -1.50357540909404036e-01 
 5.53500000000000000e+09  1.00000000000000000e+00  0.00000000000000000e+00 -1.43746373758559642e-01 -1.83610684530303603e-01  6.40398035019194428e-02  1.05939408457710327e-01 -1.43746373758559698e-01 -1.83610684530303742e-01 -1.93777405950893017e-01 -1.50113883824701366e-01 -1.93777405950893017e-01 -1.50113883824701366e-01 
 5.54000000000000000e+09  1.00000000000000000e+00  0.00000000000000000e+00 -1.42296570559955621e-01 -1.81499462652892796e-01  6.45834106749995640e-02  1.05758972878730734e-01 -1.42296570559955593e-01 -1.81499462652892768e-01 -1.95054479463465075e-01 -1.49897389170818379e-01 -1.95054479463465075e-01 -1.49897389170818379e-01 
 5.54500000000000000e+09  1.00000000000000000e+00  0.00000000000000000e+00 -1.40825685248772925e-01 -1.79398960128087481e-01  6.51435134212486056e-02  1.05600398869404255e-01 -1.40825685248772953e-01 -1.79398960128087565e-01 -1.96383480203183636e-01 -1.49707670200117715e-01 -1.96383480203183636e-01 -1.49707670200117715e-01 
 5.55000000000000000e+09  1.00000000000000000e+00  0.00000000000000000e+00 -1.39332967078607955e-01 -1.77308530448906043e-01  6.57208119830709203e-02  1.05463589363614441e-01 -1.39332967078607900e-01 -1.77308530448906071e-01 -1.97765949001180746e-01 -1.49544350556611277e-01 -1.97765949001180746e-01 -1.49544350556611277e-01 
 5.55500000000000000e+09  1.00000000000000000e+00  0.00000000000000000e+00 -1.37817622024010322e-01 -1.75227538635995078e-01  6.63160342557750082e-02  1.05348464195946137e-01 -1.37817622024010239e-01 -1.75227538635995106e-01 -1.99203505133404818e-01 -1.49407062490560322e-01 -1.99203505133404818e-01 -1.49407062490560322e-01 
 5.56000000000000000e+09  1.00000000000000000e+00  0.00000000000000000e+00 -1.36278810730589339e-01 -1.73155360876926345e-01  6.69299379483311585e-02  1.05254959742819953e-01 -1.36278810730589284e-01 -1.73155360876926318e-01 -2.00697850914721393e-01 -1.49295444984186815e-01 -2.00697850914721393e-01 -1.49295444984186815e-01 
 5.56500000000000000e+09  1.00000000000000000e+00  0.00000000000000000e+00 -1.34715646282960122e-01 -1.71091384232439581e-01  6.75633128677259331e-02  1.05183028564575093e-01 -1.34715646282960039e-01 -1.71091384232439636e-01 -2.02250776593615900e-01 -1.49209141772331355e-01 -2.02250776593615900e-01 -1.49209141772331355e-01 
 5.57000000000000000e+09  1.00000000000000000e+00  0.00000000000000000e+00 -1.33127191778483756e-01 -1.69035006414148703e-01  6.82169833394201397e-02  1.05132639044107162e-01 -1.33127191778483783e-01 -1.69035006414148703e-01 -2.03864165572613304e-01 -1.49147799240261558e-01 -2.03864165572613304e-01 -1.49147799240261558e-01 
 5.57500000000000000e+09  1.00000000000000000e+00  0.00000000000000000e+00 -1.31512457693446327e-01 -1.66985635639117724e-01  6.88918107774205285e-02  1.05103775017183210e-01 -1.31512457693446300e-01 -1.66985635639117752e-01 -2.05539999981588228e-01 -1.49111064178947483e-01 -2.05539999981588228e-01 -1.49111064178947483e-01 
 5.58000000000000000e+09  1.00000000000000000e+00  0.00000000000000000e+00 -1.29870399026927152e-01 -1.64942690567626088e-01  6.95886964185617879e-02  1.05096435389016751e-01 -1.29870399026927097e-01 -1.64942690567625977e-01 -2.07280366633365826e-01 -1.49098581376051198e-01 -2.07280366633365826e-01 -1.49098581376051198e-01 
 5.58500000000000000e+09  1.00000000000000000e+00  0.00000000000000000e+00 -1.28199912206055450e-01 -1.62905600331548828e-01  7.03085842368314506e-02  1.05110633731031911e-01 -1.28199912206055311e-01 -1.62905600331548772e-01 -2.09087463393490575e-01 -1.49109991018444660e-01 -2.09087463393490575e-01 -1.49109991018444660e-01 
 5.59000000000000000e+09  1.00000000000000000e+00  0.00000000000000000e+00 -1.26499831734668500e-01 -1.60873804662035075e-01  7.10524640549626829e-02  1.05146397850961859e-01 -1.26499831734668500e-01 -1.60873804662035047e-01 -2.10963605998776532e-01 -1.49144925879238138e-01 -2.10963605998776532e-01 -1.49144925879238138e-01 
 5.59500000000000000e+09  1.00000000000000000e+00  0.00000000000000000e+00 -1.24768926565578794e-01 -1.58846754126480610e-01  7.18213748719992995e-02  1.05203769328599761e-01 -1.24768926565578822e-01 -1.58846754126480638e-01 -2.12911235362189810e-01 -1.49203008259281122e-01 -2.12911235362189810e-01 -1.49203008259281122e-01 
 5.60000000000000000e+09  1.00000000000000000e+00  0.00000000000000000e+00 -1.23005896174614993e-01 -1.56823910486468016e-01  7.26164084272838822e-02  1.05282803008432138e-01 -1.23005896174615034e-01 -1.56823910486467988e-01 -2.14932925404938885e-01 -1.49283846649333835e-01 -2.14932925404938885e-01 -1.49283846649333835e-01 
 5.60500000000000000e+09  1.00000000000000000e+00  0.00000000000000000e+00 -1.21209366312431760e-01 -1.54804747190056657e-01  7.34387130231547169e-02  1.05383566439253201e-01 -1.21209366312431732e-01 -1.54804747190056630e-01 -2.17031391460195566e-01 -1.49387032075135956e-01 -2.17031391460195566e-01 -1.49387032075135956e-01 
 5.61000000000000000e+09  1.00000000000000000e+00  0.00000000000000000e+00 -1.19377884407659493e-01 -1.52788750013909680e-01  7.42894976307488797e-02  1.05506139249449710e-01 -1.19377884407659507e-01 -1.52788750013909652e-01 -2.19209499296826510e-01 -1.49512134082828541e-01 -2.19209499296826510e-01 -1.49512134082828541e-01 
 5.61500000000000000e+09  1.00000000000000000e+00  0.00000000000000000e+00 -1.17509914592290016e-01 -1.50775417873113660e-01  7.51700363056489740e-02  1.05650612445023009e-01 -1.17509914592290071e-01 -1.50775417873113771e-01 -2.21470274815857848e-01 -1.49658696316751910e-01 -2.21470274815857848e-01 -1.49658696316751910e-01 
 5.62000000000000000e+09  1.00000000000000000e+00  0.00000000000000000e+00 -1.15603832317321048e-01 -1.48764263819166770e-01  7.60816729426406629e-02  1.05817087615608915e-01 -1.15603832317321076e-01 -1.48764263819166631e-01 -2.23816914477078494e-01 -1.49826231635635410e-01 -2.23816914477078494e-01 -1.49826231635635410e-01 
 5.62500000000000000e+09  1.00000000000000000e+00  0.00000000000000000e+00 -1.13657918523442994e-01 -1.46754816249766107e-01  7.70258264017494865e-02  1.06005676031547924e-01 -1.13657918523443036e-01 -1.46754816249766107e-01 -2.26252796518406185e-01 -1.50014216706020664e-01 -2.26252796518406185e-01 -1.50014216706020664e-01 
 5.63000000000000000e+09  1.00000000000000000e+00  0.00000000000000000e+00 -1.11670353328042204e-01 -1.44746620357532468e-01  7.80039960408736716e-02  1.06216497612578578e-01 -1.11670353328042204e-01 -1.44746620357532496e-01 -2.28781493036285366e-01 -1.50222086003773680e-01 -2.28781493036285366e-01 -1.50222086003773680e-01 
 5.63500000000000000e+09  1.00000000000000000e+00  0.00000000000000000e+00 -1.09639209185885073e-01 -1.42739239848939464e-01  7.90177676938854656e-02  1.06449679745774531e-01 -1.09639209185885086e-01 -1.42739239848939437e-01 -2.31406783001609606e-01 -1.50449225145182663e-01 -2.31406783001609606e-01 -1.50449225145182663e-01 
 5.64000000000000000e+09  1.00000000000000000e+00  0.00000000000000000e+00 -1.07562443476603153e-01 -1.40732258969349489e-01  8.00688201369432750e-02  1.06705355927010803e-01 -1.07562443476603098e-01 -1.40732258969349405e-01 -2.34132666292388381e-01 -1.50694963458649717e-01 -2.34132666292388381e-01 -1.50694963458649717e-01 
 5.64500000000000000e+09  1.00000000000000000e+00  0.00000000000000000e+00 -1.05437890467356105e-01 -1.38725284875597765e-01  8.11589320901472538e-02  1.06983664196219880e-01 -1.05437890467356077e-01 -1.38725284875597765e-01 -2.36963378831789501e-01 -1.50958565695574032e-01 -2.36963378831789501e-01 -1.50958565695574032e-01 
 5.65000000000000000e+09  1.00000000000000000e+00  0.00000000000000000e+00 -1.03263252593890756e-01 -1.36717950403754562e-01  8.22899898064478608e-02  1.07284745332165921e-01 -1.03263252593890714e-01 -1.36717950403754562e-01 -2.39903408928187373e-01 -1.51239222765119585e-01 -2.39903408928187373e-01 -1.51239222765119585e-01 
 5.65500000000000000e+09  1.00000000000000000e+00  0.00000000000000000e+00 -1.01036090997492001e-01 -1.34709917287045233e-01  8.34639953050952399e-02  1.07608740767048877e-01 -1.01036090997491987e-01 -1.34709917287045261e-01 -2.42957514922594847e-01 -1.51536041361220924e-01 -2.42957514922594847e-01 -1.51536041361220924e-01 
 5.66000000000000000e+09  1.00000000000000000e+00  0.00000000000000000e+00 -9.87538152490508719e-02 -1.32700879887343193e-01  8.46830753128394731e-02  1.07955790174984023e-01 -9.87538152490508719e-02 -1.32700879887343220e-01 -2.46130744258292955e-01 -1.51848032331473370e-01 -2.46130744258292955e-01 -1.51848032331473370e-01 
 5.66500000000000000e+09  1.00000000000000000e+00  0.00000000000000000e+00 -9.64136721845998412e-02 -1.30690569513407517e-01  8.59494909826462733e-02  1.08326028681119207e-01 -9.64136721845998412e-02 -1.30690569513407462e-01 -2.49428454097681385e-01 -1.52174097616031984e-01 -2.49428454097681385e-01 -1.52174097616031984e-01 
 5.67000000000000000e+09  1.00000000000000000e+00  0.00000000000000000e+00 -9.40127337690948722e-02 -1.28678759410515015e-01  8.72656484669961652e-02  1.08719583629518071e-01 -9.40127337690948583e-02 -1.28678759410514931e-01 -2.52856333622353269e-01 -1.52513015559491372e-01 -2.52856333622353269e-01 -1.52513015559491372e-01 
 5.67500000000000000e+09  1.00000000000000000e+00  0.00000000000000000e+00 -9.15478838969338848e-02 -1.26665270519408790e-01  8.86341104309008171e-02  1.09136570837901181e-01 -9.15478838969338571e-02 -1.26665270519408735e-01 -2.56420428164199576e-01 -1.52863424369759221e-01 -2.56420428164199576e-01 -1.52863424369759221e-01 
 5.68000000000000000e+09  1.00000000000000000e+00  0.00000000000000000e+00 -8.90158040287205160e-02 -1.24649978117888000e-01  9.00576085986078689e-02  1.09577090255627868e-01 -8.90158040287204744e-02 -1.24649978117887972e-01 -2.60127165327795007e-01 -1.53223803464529101e-01 -2.60127165327795007e-01 -1.53223803464529101e-01 
 5.68500000000000000e+09  1.00000000000000000e+00  0.00000000000000000e+00 -8.64129575538467587e-02 -1.22632819476648586e-01  9.15390574378927291e-02  1.10041220927310335e-01 -8.64129575538467171e-02 -1.22632819476648558e-01 -2.63983383277649752e-01 -1.53592452406558250e-01 -2.63983383277649752e-01 -1.53592452406558250e-01 
 5.69000000000000000e+09  1.00000000000000000e+00  0.00000000000000000e+00 -8.37355727578504017e-02 -1.20613802681978924e-01  9.30815690965616782e-02  1.10529015148308346e-01 -8.37355727578504017e-02 -1.20613802681978965e-01 -2.67996361377691117e-01 -1.53967467083913012e-01 -2.67996361377691117e-01 -1.53967467083913012e-01 
 5.69500000000000000e+09  1.00000000000000000e+00  0.00000000000000000e+00 -8.09796242619401502e-02 -1.18593016802827023e-01  9.46884697177051982e-02  1.11040491679104597e-01 -8.09796242619401641e-02 -1.18593016802827023e-01 -2.72173853384654718e-01 -1.54346712738315517e-01 -2.72173853384654718e-01 -1.54346712738315517e-01 
 5.70000000000000000e+09  1.00000000000000000e+00  0.00000000000000000e+00 -7.81408127896515980e-02 -1.16570643608840147e-01  9.63633172732581700e-02  1.11575627862941923e-01 -7.81408127896516397e-02 -1.16570643608840174e-01 -2.76524123411634348e-01 -1.54727793383081069e-01 -2.76524123411634348e-01 -1.54727793383081069e-01 
 5.70500000000000000e+09  1.00000000000000000e+00  0.00000000000000000e+00 -7.52145431024095756e-02 -1.14546971080178930e-01  9.81099210695819401e-02  1.12134350464397806e-01 -7.52145431024095756e-02 -1.14546971080178958e-01 -2.81055984892417010e-01 -1.55108017080186011e-01 -2.81055984892417010e-01 -1.55108017080186011e-01 
 5.71000000000000000e+09  1.00000000000000000e+00  0.00000000000000000e+00 -7.21958999318106920e-02 -1.12522408990081230e-01  9.99323630941465341e-02  1.12716525015024355e-01 -7.21958999318106920e-02 -1.12522408990081202e-01 -2.85778842791051424e-01 -1.55484356461960183e-01 -2.85778842791051424e-01 -1.55484356461960183e-01 
 5.71500000000000000e+09  1.00000000000000000e+00  0.00000000000000000e+00 -6.90796217218970915e-02 -1.10497506888653924e-01  1.01835021388976321e-01  1.13321943414688042e-01 -6.90796217218970637e-02 -1.10497506888653896e-01 -2.90702739313607184e-01 -1.55853403784207867e-01 -2.90702739313607184e-01 -1.55853403784207867e-01 
 5.72000000000000000e+09  1.00000000000000000e+00  0.00000000000000000e+00 -6.58600719798164008e-02 -1.08472974872202602e-01  1.03822595654178534e-01  1.13950309492949209e-01 -6.58600719798163869e-02 -1.08472974872202643e-01 -2.95838403389382998e-01 -1.56211319682275501e-01 -2.95838403389382998e-01 -1.56211319682275501e-01 
 5.72500000000000000e+09  1.00000000000000000e+00  0.00000000000000000e+00 -6.25312080184017016e-02 -1.06449707588521902e-01  1.05900135303542475e-01  1.14601222182101323e-01 -6.25312080184017016e-02 -1.06449707588521875e-01 -3.01197304195607585e-01 -1.56553774666032375e-01 -3.01197304195607585e-01 -1.56553774666032375e-01 
 5.73000000000000000e+09  1.00000000000000000e+00  0.00000000000000000e+00 -5.90865468598979898e-02 -1.04428812006748015e-01  1.08073070213597022e-01  1.15274155890816438e-01 -5.90865468598979829e-02 -1.04428812006748056e-01 -3.06791709001246138e-01 -1.56875882230524233e-01 -3.06791709001246138e-01 -1.56875882230524233e-01 
 5.73500000000000000e+09  1.00000000000000000e+00  0.00000000000000000e+00 -5.55191280570792173e-02 -1.02411639572890095e-01  1.10347244427229221e-01  1.15968437592785772e-01 -5.55191280570792173e-02 -1.02411639572890067e-01 -3.12634745599588870e-01 -1.57172122271987652e-01 -3.12634745599588870e-01 -1.57172122271987652e-01 
 5.74000000000000000e+09  1.00000000000000000e+00  0.00000000000000000e+00 -5.18214731774449058e-02 -1.00399823481980371e-01  1.12728953092405576e-01  1.16683220055767187e-01 -5.18214731774448989e-02 -1.00399823481980385e-01 -3.18740469582680597e-01 -1.57436253278521732e-01 -3.18740469582680597e-01 -1.57436253278521732e-01 
 5.74500000000000000e+09  1.00000000000000000e+00  0.00000000000000000e+00 -4.79855416894699668e-02 -9.83953219281317737e-02  1.15224982934843512e-01  1.17417450530246534e-01 -4.79855416894699599e-02 -9.83953219281318014e-02 -3.25123936679437953e-01 -1.57661211505060350e-01 -3.25123936679437953e-01 -1.57661211505060350e-01 
 5.75000000000000000e+09  1.00000000000000000e+00  0.00000000000000000e+00 -4.40026829892281521e-02 -9.64004683485498448e-02  1.17842656579203189e-01  1.18169834090133083e-01 -4.40026829892281521e-02 -9.64004683485498309e-02 -3.31801280327798709e-01 -1.57838995036536617e-01 -3.31801280327798709e-01 -1.57838995036536617e-01 
 5.75500000000000000e+09  1.00000000000000000e+00  0.00000000000000000e+00 -3.98635843137697954e-02 -9.44180298618279290e-02  1.20589881044875308e-01  1.18938790666037381e-01 -3.98635843137698023e-02 -9.44180298618279568e-02 -3.38789794572484482e-01 -1.57960530282038408e-01 -3.38789794572484482e-01 -1.57960530282038408e-01 
 5.76000000000000000e+09  1.00000000000000000e+00  0.00000000000000000e+00 -3.55582143083809435e-02 -9.24512753198794973e-02  1.23475200746933633e-01  1.19722404630090012e-01 -3.55582143083809504e-02 -9.24512753198794557e-02 -3.46108022264275172e-01 -1.58015518017378676e-01 -3.46108022264275172e-01 -1.58015518017378676e-01 
 5.76500000000000000e+09  1.00000000000000000e+00  0.00000000000000000e+00 -3.10757620534146059e-02 -9.05040546539306601e-02  1.26507855326868368e-01  1.20518365573442574e-01 -3.10757620534146059e-02 -9.05040546539306601e-02 -3.53775848371526591e-01 -1.57992255591212133e-01 -3.53775848371526591e-01 -1.57992255591212133e-01 
 5.77000000000000000e+09  1.00000000000000000e+00  0.00000000000000000e+00 -2.64045714198339783e-02 -8.85808915053815649e-02  1.29697842616172149e-01  1.21323898656902920e-01 -2.64045714198339887e-02 -8.85808915053815649e-02 -3.61814597983498909e-01 -1.57877431318608957e-01 -3.61814597983498909e-01 -1.57877431318608957e-01 
 5.77500000000000000e+09  1.00000000000000000e+00  0.00000000000000000e+00 -2.15320707202774353e-02 -8.66870915024557237e-02  1.33055986992169695e-01  1.22135682602118961e-01 -2.15320707202774318e-02 -8.66870915024557376e-02 -3.70247138266007803e-01 -1.57655886388542971e-01 -3.70247138266007803e-01 -1.57655886388542971e-01 
 5.78000000000000000e+09  1.00000000000000000e+00  0.00000000000000000e+00 -1.64446977671849834e-02 -8.48288689830525994e-02  1.36594013309977891e-01  1.22949753016212748e-01 -1.64446977671849938e-02 -8.48288689830525994e-02 -3.79097983194227717e-01 -1.57310338793336779e-01 -3.79097983194227717e-01 -1.57310338793336779e-01 
 5.78500000000000000e+09  1.00000000000000000e+00  0.00000000000000000e+00 -1.11278206581312822e-02 -8.30134954872193132e-02  1.40324626474879088e-01  1.23761388293468805e-01 -1.11278206581312891e-02 -8.30134954872193409e-02 -3.88393399297229047e-01 -1.56821062826579316e-01 -3.88393399297229047e-01 -1.56821062826579316e-01 
 5.79000000000000000e+09  1.00000000000000000e+00  0.00000000000000000e+00 -5.56565490377986319e-03 -8.12494739622312556e-02  1.44261596538185710e-01  1.24564974800727549e-01 -5.56565490377985625e-03 -8.12494739622312417e-02 -3.98161509854514040e-01 -1.56165516573380292e-01 -3.98161509854514040e-01 -1.56165516573380292e-01 
 5.79500000000000000e+09  1.00000000000000000e+00  0.00000000000000000e+00  2.58822073830589777e-04 -7.95467433562374593e-02  1.48419848933677073e-01  1.25353847411695030e-01  2.58822073830582838e-04 -7.95467433562374732e-02 -4.08432393920745318e-01 -1.55317908510190533e-01 -4.08432393920745318e-01 -1.55317908510190533e-01 
 5.80000000000000000e+09  1.00000000000000000e+00  0.00000000000000000e+00  6.36395747525082128e-03 -7.79169191396910515e-02  1.52815559089463759e-01  1.26120100691646309e-01  6.36395747525083169e-03 -7.79169191396910654e-02 -4.19238175135572377e-01 -1.54248692821166294e-01 -4.19238175135572377e-01 -1.54248692821166294e-01 
 5.80500000000000000e+09  1.00000000000000000e+00  0.00000000000000000e+00  1.27695083114466468e-02 -7.63735763046841099e-02  1.57466250109185801e-01  1.26854365128471591e-01  1.27695083114466486e-02 -7.63735763046840960e-02 -4.30613093388645285e-01 -1.52923981308357632e-01 -4.30613093388645285e-01 -1.52923981308357632e-01 
 5.81000000000000000e+09  1.00000000000000000e+00  0.00000000000000000e+00  1.94967218032964795e-02 -7.49325825674398982e-02  1.62390891459789410e-01  1.27545541738034063e-01  1.94967218032964795e-02 -7.49325825674398982e-02 -4.42593549908653072e-01 -1.51304857815465293e-01 -4.42593549908653072e-01 -1.51304857815465293e-01 
 5.81500000000000000e+09  1.00000000000000000e+00  0.00000000000000000e+00  2.65684061094134394e-02 -7.36124908502701625e-02  1.67609995554364122e-01  1.28180487122511400e-01  2.65684061094134463e-02 -7.36124908502701764e-02 -4.55218113038855676e-01 -1.49346578908682359e-01 -4.55218113038855676e-01 -1.49346578908682359e-01 
 5.82000000000000000e+09  1.00000000000000000e+00  0.00000000000000000e+00  3.40089845553591397e-02 -7.24350016498213345e-02  1.73145707675483346e-01  1.28743639614595534e-01  3.40089845553591327e-02 -7.24350016498212929e-02 -4.68527467601959346e-01 -1.46997642198926026e-01 -4.68527467601959346e-01 -1.46997642198926026e-01 
 5.82500000000000000e+09  1.00000000000000000e+00  0.00000000000000000e+00  4.18445239273427527e-02 -7.14255075954753071e-02  1.79021882711490499e-01  1.29216575492586250e-01  4.18445239273427597e-02 -7.14255075954752933e-02 -4.82564285024973005e-01 -1.44198701228960169e-01 -4.82564285024973005e-01 -1.44198701228960169e-01 
 5.83000000000000000e+09  1.00000000000000000e+00  0.00000000000000000e+00  5.01027239031156257e-02 -7.06137343233581849e-02  1.85264139495579405e-01  1.29577482414978629e-01  5.01027239031156257e-02 -7.06137343233581988e-02 -4.97372983881585851e-01 -1.40881303442474404e-01 -4.97372983881585851e-01 -1.40881303442474404e-01 
 5.83500000000000000e+09  1.00000000000000000e+00  0.00000000000000000e+00  5.88128500449120600e-02 -7.00344936506596683e-02  1.91899879909716048e-01  1.29800535242011350e-01  5.88128500449120462e-02 -7.00344936506596544e-02 -5.12999340698222728e-01 -1.36966425666046165e-01 -5.12999340698222728e-01 -1.36966425666046165e-01 
 5.84000000000000000e+09  1.00000000000000000e+00  0.00000000000000000e+00  6.80055866202020770e-02 -6.97285667668800235e-02  1.98958255036091824e-01  1.29855157386458253e-01  6.80055866202020631e-02 -6.97285667668800235e-02 -5.29489898117967983e-01 -1.32362780215639964e-01 -5.29489898117967983e-01 -1.32362780215639964e-01 
 5.84500000000000000e+09  1.00000000000000000e+00  0.00000000000000000e+00  7.77127774002602800e-02 -6.97437364841518997e-02  2.06470054115367341e-01  1.29705148951572369e-01  7.77127774002602800e-02 -6.97437364841518997e-02 -5.46891101039687855e-01 -1.26964864889665630e-01 -5.46891101039687855e-01 -1.26964864889665630e-01 
 5.85000000000000000e+09  1.00000000000000000e+00  0.00000000000000000e+00  8.79670119675796530e-02 -7.01359880452696732e-02  2.14467483409839954e-01  1.29307661496201487e-01  8.79670119675796669e-02 -7.01359880452696732e-02 -5.65248070226480714e-01 -1.20650732830594770e-01 -5.65248070226480714e-01 -1.20650732830594770e-01 
 5.85500000000000000e+09  1.00000000000000000e+00  0.00000000000000000e+00  9.88010012925528425e-02 -7.09708968413507169e-02  2.22983790667102499e-01  1.28611998853890713e-01  9.88010012925528425e-02 -7.09708968413507307e-02 -5.84602896078132428e-01 -1.13279465197530196e-01 -5.84602896078132428e-01 -1.13279465197530196e-01 
 5.86000000000000000e+09  1.00000000000000000e+00  0.00000000000000000e+00  1.10246668691435665e-01 -7.23252175040094980e-02  2.32052676028680571e-01  1.27558224885046700e-01  1.10246668691435665e-01 -7.23252175040094980e-02 -6.04992301740471916e-01 -1.04688343285697288e-01 -6.04992301740471916e-01 -1.04688343285697288e-01 
 5.86500000000000000e+09  1.00000000000000000e+00  0.00000000000000000e+00  1.22333860015695309e-01 -7.42886804838451820e-02  2.41707411155714036e-01  1.26075563701663340e-01  1.22333860015695295e-01 -7.42886804838451820e-02 -6.26444483616247161e-01 -9.46897408141750274e-02 -6.26444483616247161e-01 -9.46897408141750274e-02 
 5.87000000000000000e+09  1.00000000000000000e+00  0.00000000000000000e+00  1.35088549454733226e-01 -7.69659868549105175e-02  2.51979564313197069e-01  1.24080587807385567e-01  1.35088549454733198e-01 -7.69659868549105175e-02 -6.48974888347738088e-01 -8.30677968232535757e-02 -6.48974888347738088e-01 -8.30677968232535757e-02 
 5.87500000000000000e+09  1.00000000000000000e+00  0.00000000000000000e+00  1.48530384506515123e-01 -8.04789660010435948e-02  2.62897199677118887e-01  1.21475207754251024e-01  1.48530384506515151e-01 -8.04789660010436086e-02 -6.72580629417629638e-01 -6.95749923210830790e-02 -6.72580629417629638e-01 -6.95749923210830790e-02 
 5.88000000000000000e+09  1.00000000000000000e+00  0.00000000000000000e+00  1.62669376305222546e-01 -8.49688188644504433e-02  2.74482384369405696e-01  1.18144507658811224e-01  1.62669376305222546e-01 -8.49688188644504294e-02 -6.97233187050134040e-01 -5.39288494437648591e-02 -6.97233187050134040e-01 -5.39288494437648591e-02 
 5.88500000000000000e+09  1.00000000000000000e+00  0.00000000000000000e+00  1.77501502302790437e-01 -9.05983045713921464e-02  2.86747798218704664e-01  1.13954520248660221e-01  1.77501502302790437e-01 -9.05983045713921464e-02 -7.22868979828680036e-01 -3.58091133377143878e-02 -7.22868979828680036e-01 -3.58091133377143878e-02 
 5.89000000000000000e+09  1.00000000000000000e+00  0.00000000000000000e+00  1.93002953354119183e-01 -9.75536315510967256e-02  2.99692203090076603e-01  1.08750110954374701e-01  1.93002953354119183e-01 -9.75536315510967533e-02 -7.49377360419006044e-01 -1.48559798257275610e-02 -7.49377360419006044e-01 -1.48559798257275610e-02 
 5.89500000000000000e+09  1.00000000000000000e+00  0.00000000000000000e+00  2.09122738231087152e-01 -1.06045675248545801e-01  3.13294499366780443e-01  1.02353252664171307e-01  2.09122738231087152e-01 -1.06045675248545815e-01 -7.76585597629364743e-01  9.32978710336573869e-03 -7.76585597629364743e-01  9.32978710336573869e-03 
 5.90000000000000000e+09  1.00000000000000000e+00  0.00000000000000000e+00  2.25773375918729952e-01 -1.16309952788712700e-01  3.27506092529342430e-01  9.45621316624974395e-02  2.25773375918730007e-01 -1.16309952788712728e-01 -8.04240506643808084e-01  3.71836312479317810e-02 -8.04240506643808084e-01  3.71836312479317810e-02 
 5.90500000000000000e+09  1.00000000000000000e+00  0.00000000000000000e+00  2.42819492831009509e-01 -1.28604534041677487e-01  3.42241339267836175e-01  8.51517395103499330e-02  2.42819492831009509e-01 -1.28604534041677515e-01 -8.31986646188327517e-01  6.91691910253023901e-02 -8.31986646188327517e-01  6.91691910253023901e-02 
 5.91000000000000000e+09  1.00000000000000000e+00  0.00000000000000000e+00  2.60064347920459626e-01 -1.43204763832748244e-01  3.57365981372451347e-01  7.38768756679085564e-02  2.60064347920459571e-01 -1.43204763832748272e-01 -8.59341511733201280e-01  1.05763283162658261e-01 -8.59341511733201280e-01  1.05763283162658261e-01 
 5.91500000000000000e+09  1.00000000000000000e+00  0.00000000000000000e+00  2.77234700942350476e-01 -1.60393342466288086e-01  3.72683765069778183e-01  6.04787927773874287e-02  2.77234700942350532e-01 -1.60393342466288058e-01 -8.85669040128389540e-01  1.47431156198382596e-01 -8.85669040128389540e-01  1.47431156198382596e-01 
 5.92000000000000000e+09  1.00000000000000000e+00  0.00000000000000000e+00  2.93965096755240518e-01 -1.80444038866559908e-01  3.87921955806763252e-01  4.46970048642219356e-02  2.93965096755240407e-01 -1.80444038866559908e-01 -9.10154132617154721e-01  1.94588972228762813e-01 -9.10154132617154721e-01  1.94588972228762813e-01 
 5.92500000000000000e+09  1.00000000000000000e+00  0.00000000000000000e+00  3.09783629046083198e-01 -2.03597243514780174e-01  4.02717263955417737e-01  2.62879310938263812e-02  3.09783629046083087e-01 -2.03597243514780119e-01 -9.31782881851097367e-01  2.47550680583020044e-01 -9.31782881851097367e-01  2.47550680583020044e-01 
 5.93000000000000000e+09  1.00000000000000000e+00  0.00000000000000000e+00  3.24102574946745436e-01 -2.30025954443151104e-01  4.16604823682937053e-01  5.05186171546441465e-03  3.24102574946745436e-01 -2.30025954443151104e-01 -9.49335679201125826e-01  3.06457662347843995e-01 -9.49335679201125826e-01  3.06457662347843995e-01 
 5.93500000000000000e+09  1.00000000000000000e+00  0.00000000000000000e+00  3.36218809328316937e-01 -2.59791967291005732e-01  4.29014226957705413e-01 -1.91310836281295485e-02  3.36218809328316992e-01 -2.59791967291005788e-01 -9.61402973016089901e-01  3.71192367600421347e-01 -9.61402973016089901e-01  3.71192367600421347e-01 
 5.94000000000000000e+09  1.00000000000000000e+00  0.00000000000000000e+00  3.45330191847503021e-01 -2.92794360862112302e-01  4.39277895639961780e-01 -4.62571112379701263e-02  3.45330191847503076e-01 -2.92794360862112302e-01 -9.66435193024153705e-01  4.41282186955199163e-01 -9.66435193024153705e-01  4.41282186955199163e-01 
 5.94500000000000000e+09  1.00000000000000000e+00  0.00000000000000000e+00  3.50574377077921162e-01 -3.28715989936299136e-01  4.46657641325177379e-01 -7.61510711921825900e-02  3.50574377077921162e-01 -3.28715989936299136e-01 -9.62837629421308350e-01  5.15807035189427721e-01 -9.62837629421308350e-01  5.15807035189427721e-01 
 5.95000000000000000e+09  1.00000000000000000e+00  0.00000000000000000e+00  3.51094615961848766e-01 -3.66978226641771488e-01  4.50394164733557867e-01 -1.08422885058952909e-01  3.51094615961848766e-01 -3.66978226641771488e-01 -9.49115794240107058e-01  5.93332426621525855e-01 -9.49115794240107058e-01  5.93332426621525855e-01 
 5.95500000000000000e+09  1.00000000000000000e+00  0.00000000000000000e+00  3.46132054204236095e-01 -4.06718300061466587e-01  4.49780499618773810e-01 -1.42439896678820843e-01  3.46132054204236095e-01 -4.06718300061466587e-01 -9.24065395241562171e-01  6.71896207545566893e-01 -9.24065395241562171e-01  6.71896207545566893e-01 
 5.96000000000000000e+09  1.00000000000000000e+00  0.00000000000000000e+00  3.35135650178636113e-01 -4.46804904718496876e-01  4.44253663136186194e-01 -1.77328866095213006e-01  3.35135650178636113e-01 -4.46804904718496876e-01 -8.86984049479513370e-01  7.49076860499875208e-01 -8.86984049479513370e-01  7.49076860499875208e-01 
 5.96500000000000000e+09  1.00000000000000000e+00  0.00000000000000000e+00  3.17870909739904228e-01 -4.85903574104288472e-01  4.33490227171663856e-01 -2.12018879706100893e-01  3.17870909739904117e-01 -4.85903574104288360e-01 -8.37863689705962811e-01  8.22159667769762903e-01 -8.37863689705962811e-01  8.22159667769762903e-01 
 5.97000000000000000e+09  1.00000000000000000e+00  0.00000000000000000e+00  2.94501246378724213e-01 -5.22592311418665245e-01  4.17484385806393909e-01 -2.45328154256666903e-01  2.94501246378724213e-01 -5.22592311418665134e-01 -7.77511779676234638e-01  8.88392773961620752e-01 -7.77511779676234638e-01  8.88392773961620752e-01 
 5.97500000000000000e+09  1.00000000000000000e+00  0.00000000000000000e+00  2.65615993626800995e-01 -5.55512210231781656e-01  3.96585724365094872e-01 -2.76084770404176838e-01  2.65615993626800884e-01 -5.55512210231781767e-01 -7.07555260158974964e-01  9.45294144424148386e-01 -7.07555260158974964e-01  9.45294144424148386e-01 
 5.98000000000000000e+09  1.00000000000000000e+00  0.00000000000000000e+00  2.32189849072563292e-01 -5.83523322992111737e-01  3.71481288322895842e-01 -3.03258447656673757e-01  2.32189849072563237e-01 -5.83523322992111848e-01 -6.30307314779082528e-01  9.90945502205596740e-01 -6.30307314779082528e-01  9.90945502205596740e-01 
 5.98500000000000000e+09  1.00000000000000000e+00  0.00000000000000000e+00  1.95477475814852947e-01 -6.05830343056235732e-01  3.43121524201150718e-01 -3.26073943624590856e-01  1.95477475814852947e-01 -6.05830343056235621e-01 -5.48516396436259046e-01  1.02420454791679294e+00 -5.48516396436259046e-01  1.02420454791679294e+00 
 5.99000000000000000e+09  1.00000000000000000e+00  0.00000000000000000e+00  1.56866439254979451e-01 -6.22049935224856188e-01  3.12606326824374947e-01 -3.44080708523130219e-01  1.56866439254979284e-01 -6.22049935224856188e-01 -4.65052884781825937e-01  1.04478775399131507e+00 -4.65052884781825937e-01  1.04478775399131507e+00 
 5.99500000000000000e+09  1.00000000000000000e+00  0.00000000000000000e+00  1.17722724432719764e-01 -6.32209194813081243e-01  2.81058235017492108e-01 -3.57166804481957256e-01  1.17722724432719611e-01 -6.32209194813081465e-01 -3.82604580598118915e-01  1.05321463977145213e+00 -3.82604580598118915e-01  1.05321463977145213e+00 
 6.00000000000000000e+09  1.00000000000000000e+00  0.00000000000000000e+00  7.92612829175262656e-02 -6.36684595488717253e-01  2.49510299041938916e-01 -3.65521574566702867e-01  7.92612829175262934e-02 -6.36684595488717364e-01 -3.03441916642002374e-01  1.05064307541685764e+00 -3.03441916642002374e-01  1.05064307541685764e+00 
