frequency_hz,s1_real,s1_imag,s2_real,s2_imag
1.000000000000000000e+06,-7.439811676948242247e-02,8.157386519347117426e-05,1.004073087065961989e+00,-2.287546101122992469e-03
5.999000000000000000e+06,-7.439513181776895301e-02,4.893459307593875027e-04,1.003981513739359732e+00,-1.372256808468957055e-02
1.099800000000000000e+07,-7.438788319286869510e-02,8.970507697301012030e-04,1.003759140608005529e+00,-2.515578604719176034e-02
1.599700000000000000e+07,-7.437637164477008123e-02,1.304632351714572411e-03,1.003405997061570742e+00,-3.658569693141579260e-02
2.099600000000000000e+07,-7.436059836581083993e-02,1.712034628535597566e-03,1.002922129773333282e+00,-4.801079810991872032e-02
2.599500000000000000e+07,-7.434056499229957371e-02,2.119201526213633242e-03,1.002307602694683109e+00,-5.942958758033187183e-02
3.099400000000000000e+07,-7.431627360673422056e-02,2.526076937026327553e-03,1.001562497047593592e+00,-7.084056416061661199e-02
3.599300000000000000e+07,-7.428772674061769055e-02,2.932604711667384425e-03,1.000686911315052940e+00,-8.224222768425719365e-02
4.099200000000000000e+07,-7.425492737786043573e-02,3.338728651528171266e-03,9.996809612294645930e-01,-9.363307919537536272e-02
4.599100000000000000e+07,-7.421787895877228480e-02,3.744392501125544739e-03,9.985447797590102370e-01,-1.050116211437518293e-01
5.099000000000000000e+07,-7.417658538463456352e-02,4.149539940698812948e-03,9.972785170919722386e-01,-1.163763575797401167e-01
5.598900000000000000e+07,-7.413105102284767156e-02,4.554114578998996916e-03,9.958823406190234762e-01,-1.277257943490558434e-01
6.098800000000000000e+07,-7.408128071264696857e-02,4.958059946293493121e-03,9.943564349134692559e-01,-1.390584392874283926e-01
6.598700000000000000e+07,-7.402727977137986415e-02,5.361319487607969433e-03,9.927010017094635153e-01,-1.503728024150978726e-01
7.098600000000000000e+07,-7.396905400133557684e-02,5.763836556228872469e-03,9.909162598781718900e-01,-1.616673961311429486e-01
7.598500000000000000e+07,-7.390660969711809747e-02,6.165554407487908173e-03,9.890024454018977451e-01,-1.729407354076237524e-01
8.098400000000000000e+07,-7.383995365355437712e-02,6.566416192850441612e-03,9.869598113461682809e-01,-1.841913379835239672e-01
8.598300000000000000e+07,-7.376909317412541633e-02,6.966364954329799276e-03,9.847886278297719453e-01,-1.954177245584772238e-01
9.098200000000000000e+07,-7.369403607990905603e-02,7.365343619247855141e-03,9.824891819927549230e-01,-2.066184189862612375e-01
9.598100000000000000e+07,-7.361479071902279903e-02,7.763294995363994797e-03,9.800617779623657100e-01,-2.177919484680437279e-01
1.009800000000000000e+08,-7.353136597655955675e-02,8.160161766390746849e-03,9.775067368169587656e-01,-2.289368437453657423e-01
1.059790000000000000e+08,-7.344377128498852381e-02,8.555886487919476049e-03,9.748243965478433637e-01,-2.400516392928428444e-01
1.109780000000000000e+08,-7.335201663502641245e-02,8.950411583772188706e-03,9.720151120190820837e-01,-2.511348735105716767e-01
1.159770000000000000e+08,-7.325611258694918193e-02,9.343679342801031185e-03,9.690792549252394972e-01,-2.621850889162229414e-01
1.209760000000000000e+08,-7.315607028233539477e-02,9.735631916154277241e-03,9.660172137470742770e-01,-2.732008323368055325e-01
1.259750000000000000e+08,-7.305190145622574016e-02,1.012621131502484083e-02,9.628293937051748408e-01,-2.841806551000837233e-01
1.309740000000000000e+08,-7.294361844967989228e-02,1.051535940890260118e-02,9.595162167115408591e-01,-2.951231132256310619e-01
1.359730000000000000e+08,-7.283123422271518821e-02,1.090301792434452549e-02,9.560781213191006378e-01,-3.060267676155063454e-01
1.409720000000000000e+08,-7.271476236760764100e-02,1.128912844428140577e-02,9.525155626691699240e-01,-3.168901842445283612e-01
1.459710000000000000e+08,-7.259421712254082726e-02,1.167363240787675296e-02,9.488290124368475853e-01,-3.277119343501395110e-01
1.509700000000000000e+08,-7.246961338557614263e-02,1.205647111095362739e-02,9.450189587743448305e-01,-3.384905946218335071e-01
1.559690000000000000e+08,-7.234096672893663982e-02,1.243758570700417843e-02,9.410859062522480833e-01,-3.492247473901353150e-01
1.609680000000000000e+08,-7.220829341357172526e-02,1.281691720879621528e-02,9.370303757987141768e-01,-3.599129808151098620e-01
1.659670000000000000e+08,-7.207161040399133467e-02,1.319440649059252721e-02,9.328529046365926503e-01,-3.705538890743862446e-01
1.709660000000000000e+08,-7.193093538334564829e-02,1.356999429099211771e-02,9.285540462184749266e-01,-3.811460725506746194e-01
1.759650000000000000e+08,-7.178628676872748915e-02,1.394362121641088380e-02,9.241343701596722582e-01,-3.916881380187595685e-01
1.809640000000000000e+08,-7.163768372667862760e-02,1.431522774520909737e-02,9.195944621691111154e-01,-4.021786988319501210e-01
1.859630000000000000e+08,-7.148514618887276406e-02,1.468475423248079802e-02,9.149349239781584542e-01,-4.126163751079670594e-01
1.909620000000000000e+08,-7.132869486796074299e-02,1.505214091551173618e-02,9.101563732673572105e-01,-4.229997939142480234e-01
1.959610000000000000e+08,-7.116835127354481649e-02,1.541732791991892899e-02,9.052594435910841231e-01,-4.333275894526513738e-01
2.009600000000000000e+08,-7.100413772826452696e-02,1.578025526647974103e-02,9.002447843001255556e-01,-4.435984032435359992e-01
2.059590000000000000e+08,-7.083607738397192100e-02,1.614086287865721184e-02,8.951130604621631015e-01,-4.538108843092024669e-01
2.109580000000000000e+08,-7.066419423796403698e-02,1.649909059083281074e-02,8.898649527801726355e-01,-4.639636893566668752e-01
2.159570000000000000e+08,-7.048851314925878853e-02,1.685487815724854774e-02,8.845011575087373679e-01,-4.740554829597544151e-01
2.209560000000000000e+08,-7.030905985487895249e-02,1.720816526167018301e-02,8.790223863682649075e-01,-4.840849377404852216e-01
2.259550000000000000e+08,-7.012586098612574870e-02,1.755889152777158346e-02,8.734293664571176619e-01,-4.940507345497360259e-01
2.309540000000000000e+08,-6.993894408481730884e-02,1.790699653024797194e-02,8.677228401616433606e-01,-5.039515626471504639e-01
2.359530000000000000e+08,-6.974833761945868627e-02,1.825241980666030342e-02,8.619035650641175828e-01,-5.137861198802819995e-01
2.409520000000000000e+08,-6.955407100132901532e-02,1.859510087001513268e-02,8.559723138485861860e-01,-5.235531128629408171e-01
2.459510000000000000e+08,-6.935617460044894711e-02,1.893497922207916517e-02,8.499298742046089705e-01,-5.332512571527274758e-01
2.509500000000000000e+08,-6.915467976141109752e-02,1.927199436743263009e-02,8.437770487289117938e-01,-5.428792774277262367e-01
2.559490000000000000e+08,-6.894961881904120016e-02,1.960608582826068105e-02,8.375146548249341460e-01,-5.524359076623350795e-01
2.609480000000000000e+08,-6.874102511386552539e-02,1.993719315988306054e-02,8.311435246002799593e-01,-5.619198913022124264e-01
2.659470000000000000e+08,-6.852893300736082050e-02,2.026525596701793733e-02,8.246645047620708713e-01,-5.713299814383112629e-01
2.709460000000000000e+08,-6.831337789695568485e-02,2.059021392078318538e-02,8.180784565101959505e-01,-5.806649409799792272e-01
2.759450000000000000e+08,-6.809439623076120329e-02,2.091200677642654493e-02,8.113862554284645423e-01,-5.899235428270989123e-01
2.809440000000000000e+08,-6.787202552200155559e-02,2.123057439178393721e-02,8.045887913736603503e-01,-5.991045700412441777e-01
2.859430000000000000e+08,-6.764630436311859507e-02,2.154585674646056562e-02,7.976869683624949747e-01,-6.082068160158267123e-01
2.909420000000000000e+08,-6.741727243952491677e-02,2.185779396173120545e-02,7.906817044564639074e-01,-6.172290846452036517e-01
2.959410000000000000e+08,-6.718497054298062932e-02,2.216632632114686613e-02,7.835739316446068692e-01,-6.261701904927267082e-01
3.009400000000000000e+08,-6.694944058456221703e-02,2.247139429185044876e-02,7.763645957241698259e-01,-6.350289589576998406e-01
3.059390000000000000e+08,-6.671072560720228695e-02,2.277293854658451328e-02,7.690546561791765656e-01,-6.438042264412227045e-01
3.109380000000000000e+08,-6.646886979777541504e-02,2.307089998638658587e-02,7.616450860569032866e-01,-6.524948405108890181e-01
3.159370000000000000e+08,-6.622391849869731228e-02,2.336521976396180658e-02,7.541368718422681861e-01,-6.610996600643154197e-01
3.209360000000000000e+08,-6.597591821901939435e-02,2.365583930772182514e-02,7.465310133301300555e-01,-6.696175554914735040e-01
3.259350000000000000e+08,-6.572491664498968100e-02,2.394270034647758005e-02,7.388285234955030978e-01,-6.780474088357884010e-01
3.309340000000000000e+08,-6.547096265005501736e-02,2.422574493477527499e-02,7.310304283616924081e-01,-6.863881139539900200e-01
3.359330000000000000e+08,-6.521410630428114974e-02,2.450491547886135199e-02,7.231377668663467873e-01,-6.946385766746705492e-01
3.409320000000000000e+08,-6.495439888316426047e-02,2.478015476326327071e-02,7.151515907254460958e-01,-7.027977149555343361e-01
3.459310000000000000e+08,-6.469189287581374181e-02,2.505140597796974219e-02,7.070729642952104932e-01,-7.108644590392992901e-01
3.509300000000000000e+08,-6.442664199247610801e-02,2.531861274619704241e-02,6.989029644319533219e-01,-7.188377516082249397e-01
3.559290000000000000e+08,-6.415870117138297579e-02,2.558171915272288571e-02,6.906426803498690870e-01,-7.267165479372357240e-01
3.609280000000000000e+08,-6.388812658489781415e-02,2.584066977277203747e-02,6.822932134767734080e-01,-7.344998160456082115e-01
3.659270000000000000e+08,-6.361497564493605317e-02,2.609540970143458399e-02,6.738556773077933881e-01,-7.421865368471927127e-01
3.709260000000000000e+08,-6.333930700764144051e-02,2.634588458360054980e-02,6.653311972570191690e-01,-7.497757042991317622e-01
3.759250000000000000e+08,-6.306118057729530324e-02,2.659204064438580248e-02,6.567209105071248887e-01,-7.572663255490539314e-01
3.809240000000000000e+08,-6.278065750943344348e-02,2.683382472003662325e-02,6.480259658569615944e-01,-7.646574210807014493e-01
3.859230000000000000e+08,-6.249780021315799045e-02,2.707118428928515994e-02,6.392475235671392086e-01,-7.719480248579657644e-01
3.909220000000000000e+08,-6.221267235261766781e-02,2.730406750513789116e-02,6.303867552035969934e-01,-7.791371844672904112e-01
3.959210000000000000e+08,-6.192533884764022528e-02,2.753242322707338471e-02,6.214448434791810527e-01,-7.862239612584188686e-01
4.009200000000000000e+08,-6.163586587349726559e-02,2.775620105362562942e-02,6.124229820932326485e-01,-7.932074304834469958e-01
4.059190000000000000e+08,-6.134432085978359928e-02,2.797535135533018094e-02,6.033223755691999868e-01,-8.000866814341421884e-01
4.109180000000000000e+08,-6.105077248839390486e-02,2.818982530800912684e-02,5.941442390902904602e-01,-8.068608175775110469e-01
4.159170000000000000e+08,-6.075529069057877818e-02,2.839957492636662612e-02,5.848897983331653450e-01,-8.135289566895630431e-01
4.209160000000000000e+08,-6.045794664306690380e-02,2.860455309787342942e-02,5.755602892996991571e-01,-8.200902309872484253e-01
4.259150000000000000e+08,-6.015881276323270521e-02,2.880471361691036222e-02,5.661569581468117729e-01,-8.265437872585311707e-01
4.309140000000000000e+08,-5.985796270330083491e-02,2.900001121914658891e-02,5.566810610143909654e-01,-8.328887869905632346e-01
4.359130000000000000e+08,-5.955547134356913713e-02,2.919040161612338619e-02,5.471338638513196795e-01,-8.391244064959231252e-01
4.409120000000000000e+08,-5.925141478464007044e-02,2.937584153001570816e-02,5.375166422396208121e-01,-8.452498370368887182e-01
4.459110000000000000e+08,-5.894587033864399223e-02,2.955628872854288922e-02,5.278306812167417039e-01,-8.512642849477032314e-01
4.509100000000000000e+08,-5.863891651944967698e-02,2.973170206000045820e-02,5.180772750959907746e-01,-8.571669717548016099e-01
4.559090000000000000e+08,-5.833063303184322229e-02,2.990204148838111059e-02,5.082577272851477312e-01,-8.629571342949645674e-01
4.609080000000000000e+08,-5.802110075967219227e-02,3.006726812855704464e-02,4.983733501032652224e-01,-8.686340248313593193e-01
4.659070000000000000e+08,-5.771040175294236269e-02,3.022734428149203428e-02,4.884254645956815910e-01,-8.741969111674351423e-01
4.709060000000000000e+08,-5.739861921386056609e-02,3.038223346945279763e-02,4.784154003472665395e-01,-8.796450767586379005e-01
4.759050000000000000e+08,-5.708583748181488005e-02,3.053190047118754455e-02,4.683444952939196382e-01,-8.849778208219045705e-01
4.809040000000000000e+08,-5.677214201728845999e-02,3.067631135704104034e-02,4.582140955323465437e-01,-8.901944584429087870e-01
4.859030000000000000e+08,-5.645761938469919666e-02,3.081543352397279889e-02,4.480255551281331350e-01,-8.952943206810107801e-01
4.909020000000000000e+08,-5.614235723416172857e-02,3.094923573044906090e-02,4.377802359221467099e-01,-9.002767546718903890e-01
4.959010000000000000e+08,-5.582644428216977650e-02,3.107768813117205153e-02,4.274795073352830044e-01,-9.051411237278110811e-01
5.009000000000000000e+08,-5.550997029119246473e-02,3.120076231161520233e-02,4.171247461715909544e-01,-9.098868074354964364e-01
5.058990000000000000e+08,-5.519302604818789731e-02,3.131843132233387561e-02,4.067173364198002350e-01,-9.145132017515692491e-01
5.108980000000000000e+08,-5.487570334203124844e-02,3.143066971301426704e-02,3.962586690532781120e-01,-9.190197190955260442e-01
5.158970000000000000e+08,-5.455809493985624287e-02,3.153745356622913998e-02,3.857501418284470796e-01,-9.234057884402089300e-01
5.208960000000000000e+08,-5.424029456231450885e-02,3.163876053086656787e-02,3.751931590816906525e-01,-9.276708553997450313e-01
5.258950000000000000e+08,-5.392239685775350455e-02,3.173456985519850643e-02,3.645891315247816733e-01,-9.318143823149045435e-01
5.308940000000000000e+08,-5.360449737531746556e-02,3.182486241955428952e-02,3.539394760388622219e-01,-9.358358483358647506e-01
5.358930000000000000e+08,-5.328669253697578684e-02,3.190962076856668911e-02,3.432456154670083803e-01,-9.397347495023241626e-01
5.408920000000000000e+08,-5.296907960848185742e-02,3.198882914295383267e-02,3.325089784054149344e-01,-9.435105988209477879e-01
5.458910000000000000e+08,-5.265175666927531667e-02,3.206247351080892399e-02,3.217309989932353731e-01,-9.471629263401046828e-01
5.508900000000000000e+08,-5.233482258132887699e-02,3.213054159835606466e-02,3.109131167011088825e-01,-9.506912792218600305e-01
5.558890000000000000e+08,-5.201837695694971897e-02,3.219302292014589867e-02,3.000567761184188553e-01,-9.540952218112010996e-01
5.608880000000000000e+08,-5.170252012555089788e-02,3.224990880865404030e-02,2.891634267393128344e-01,-9.573743357024490086e-01
5.658870000000000000e+08,-5.138735309939478080e-02,3.230119244324668876e-02,2.782345227475280236e-01,-9.605282198028404217e-01
5.708860000000000000e+08,-5.107297753832706899e-02,3.234686887848588904e-02,2.672715228000601684e-01,-9.635564903932334335e-01
5.758850000000000000e+08,-5.075949571351210526e-02,3.238693507173653202e-02,2.562758898097179383e-01,-9.664587811859195465e-01
5.808840000000000000e+08,-5.044701047018246287e-02,3.242138991004357013e-02,2.452490907266038911e-01,-9.692347433794988865e-01
5.858830000000000000e+08,-5.013562518941870605e-02,3.245023423624861236e-02,2.341925963185642334e-01,-9.718840457108017805e-01
5.908820000000000000e+08,-4.982544374897746736e-02,3.247347087431112084e-02,2.231078809506523986e-01,-9.744063745038176183e-01
5.958810000000000000e+08,-4.951657048317964493e-02,3.249110465380428830e-02,2.119964223636532918e-01,-9.768014337156056826e-01
6.008800000000000000e+08,-4.920911014188205507e-02,3.250314243355233168e-02,2.008597014517084778e-01,-9.790689449791664112e-01
6.058790000000000000e+08,-4.890316784854875642e-02,3.250959312437987081e-02,1.896992020390963485e-01,-9.812086476432338999e-01
6.108780000000000000e+08,-4.859884905744395883e-02,3.251046771094145971e-02,1.785164106562077413e-01,-9.832202988089736584e-01
6.158770000000000000e+08,-4.829625950996498107e-02,3.250577927260148159e-02,1.673128163147713787e-01,-9.851036733635594178e-01
6.208760000000000000e+08,-4.799550519014029321e-02,3.249554300333407780e-02,1.560899102823784246e-01,-9.868585640105979051e-01
6.258750000000000000e+08,-4.769669227931312011e-02,3.247977623061479302e-02,1.448491858563508983e-01,-9.884847812973852621e-01
6.308740000000000000e+08,-4.739992711003779280e-02,3.245849843327491130e-02,1.335921381370137606e-01,-9.899821536389679100e-01
6.358730000000000000e+08,-4.710531611921013606e-02,3.243173125828942988e-02,1.223202638004165510e-01,-9.913505273389875416e-01
6.408720000000000000e+08,-4.681296580045996719e-02,3.239949853647322575e-02,1.110350608705625297e-01,-9.925897666072912573e-01
6.458710000000000000e+08,-4.652298265583313525e-02,3.236182629705685460e-02,9.973802849119475789e-02,-9.936997535742841947e-01
6.508700000000000000e+08,-4.623547314678816411e-02,3.231874278111593335e-02,8.843066669719840123e-02,-9.946803883020080006e-01
6.558690000000000000e+08,-4.595054364454019546e-02,3.227027845383093757e-02,7.711447618567214557e-02,-9.955315887919259366e-01
6.608680000000000000e+08,-4.566830037977653856e-02,3.221646601554809669e-02,6.579095808672753842e-02,-9.962532909894000754e-01
6.658670000000000000e+08,-4.538884939177932620e-02,3.215734041162350565e-02,5.446161373407094886e-02,-9.968454487848421586e-01
6.708660000000000000e+08,-4.511229647698289380e-02,3.209293884102158018e-02,4.312794443542872919e-02,-9.973080340115311193e-01
6.758650000000000000e+08,-4.483874713699945863e-02,3.202330076365063338e-02,3.179145124287188762e-02,-9.976410364400747355e-01
6.808640000000000000e+08,-4.456830652614587190e-02,3.194846790640858830e-02,2.045363472310292655e-02,-9.978444637695064179e-01
6.858630000000000000e+08,-4.430107939850351506e-02,3.186848426792483063e-02,9.115994727760517308e-03,-9.979183416150175789e-01
6.908620000000000000e+08,-4.403717005454769323e-02,3.178339612197149389e-02,-2.219969836191333645e-03,-9.978627134922979369e-01
6.958610000000000000e+08,-4.377668228737983253e-02,3.169325201953198529e-02,-1.355276123593689500e-02,-9.976776407984921935e-01
7.008600000000000000e+08,-4.351971932859920178e-02,3.159810278950359042e-02,-2.488088314207249560e-02,-9.973632027897573193e-01
7.058590000000000000e+08,-4.326638379385073369e-02,3.149800153802179148e-02,-3.620284085760776954e-02,-9.969194965554172283e-01
7.108580000000000000e+08,-4.301677762808309852e-02,3.139300364638633600e-02,-4.751714154663569389e-02,-9.963466369887172824e-01
7.158570000000000000e+08,-4.277100205056018345e-02,3.128316676757804393e-02,-5.882229446261054429e-02,-9.956447567541664156e-01
7.208560000000000000e+08,-4.252915749965573144e-02,3.116855082134990795e-02,-7.011681117616914982e-02,-9.948140062514745363e-01
7.258550000000000000e+08,-4.229134357748196710e-02,3.104921798788105175e-02,-8.139920580243260873e-02,-9.938545535760819893e-01
7.308540000000000000e+08,-4.205765899437598210e-02,3.092523269998182292e-02,-9.266799522772117825e-02,-9.927665844762834091e-01
7.358530000000000000e+08,-4.182820151329925268e-02,3.079666163383937977e-02,-1.039216993356208707e-01,-9.915503023069534017e-01
7.408520000000000000e+08,-4.160306789417809320e-02,3.066357369829433507e-02,-1.151588412323368560e-01,-9.902059279798741676e-01
7.458510000000000000e+08,-4.138235383823159891e-02,3.052604002264027588e-02,-1.263779474712641293e-01,-9.887336999106790536e-01
7.508500000000000000e+08,-4.116615393233065412e-02,3.038413394293964023e-02,-1.375775482767152280e-01,-9.871338739624081482e-01
7.558490000000000000e+08,-4.095456159341982760e-02,3.023793098684864761e-02,-1.487561777667377738e-01,-9.854067233857056740e-01
7.608480000000000000e+08,-4.074766901305398870e-02,3.008750885694849372e-02,-1.599123741749544358e-01,-9.835525387556486310e-01
7.658470000000000000e+08,-4.054556710208470638e-02,2.993294741257737646e-02,-1.710446800713635307e-01,-9.815716279052405513e-01
7.708460000000000000e+08,-4.034834543554394887e-02,2.977432865016251332e-02,-1.821516425820317031e-01,-9.794643158555693674e-01
7.758450000000000000e+08,-4.015609219776099942e-02,2.961173668205027351e-02,-1.932318136076128512e-01,-9.772309447426584805e-01
7.808440000000000000e+08,-3.996889412776147288e-02,2.944525771383472296e-02,-2.042837500406333995e-01,-9.748718737410164703e-01
7.858430000000000000e+08,-3.978683646498754750e-02,2.927498002018600470e-02,-2.153060139814714780e-01,-9.723874789839237476e-01
7.908420000000000000e+08,-3.961000289538237074e-02,2.910099391918093484e-02,-2.262971729529698606e-01,-9.697781534804553738e-01
7.958410000000000000e+08,-3.943847549788441487e-02,2.892339174514101802e-02,-2.372558001136160777e-01,-9.670443070292861210e-01
8.008400000000000000e+08,-3.927233469136932886e-02,2.874226781998020369e-02,-2.481804744692275855e-01,-9.641863661292819909e-01
8.058390000000000000e+08,-3.911165918208833053e-02,2.855771842307159789e-02,-2.590697810830753789e-01,-9.612047738869253788e-01
8.108380000000000000e+08,-3.895652591164124739e-02,2.836984175963984389e-02,-2.699223112843840977e-01,-9.580999899205818737e-01
8.158370000000000000e+08,-3.880701000552923274e-02,2.817873792768720367e-02,-2.807366628751457038e-01,-9.548724902616587684e-01
8.208360000000000000e+08,-3.866318472232833925e-02,2.798450888346470239e-02,-2.915114403351837247e-01,-9.515227672526691549e-01
8.258350000000000000e+08,-3.852512140353055864e-02,2.778725840549955625e-02,-3.022452550254065007e-01,-9.480513294422497905e-01
8.308340000000000000e+08,-3.839288942408641825e-02,2.758709205719089147e-02,-3.129367253891883749e-01,-9.444587014771567146e-01
8.358330000000000000e+08,-3.826655614370073899e-02,2.738411714798883248e-02,-3.235844771518179841e-01,-9.407454239912846905e-01
8.408320000000000000e+08,-3.814618685891539573e-02,2.717844269317129177e-02,-3.341871435179533112e-01,-9.369120534917402265e-01
8.458310000000000000e+08,-3.803184475602681969e-02,2.697017937223541301e-02,-3.447433653670272657e-01,-9.329591622420173591e-01
8.508300000000000000e+08,-3.792359086487365194e-02,2.675943948592152469e-02,-3.552517914465410653e-01,-9.288873381423071729e-01
8.558290000000000000e+08,-3.782148401353848527e-02,2.654633691188794387e-02,-3.657110785631920158e-01,-9.246971846069959033e-01
8.608280000000000000e+08,-3.772558078400625736e-02,2.633098705905776923e-02,-3.761198917717791801e-01,-9.203893204393874816e-01
8.658270000000000000e+08,-3.763593546881122132e-02,2.611350682065832762e-02,-3.864769045618287047e-01,-9.159643797037009261e-01
8.708260000000000000e+08,-3.755260002872227998e-02,2.589401452597606124e-02,-3.967807990418873998e-01,-9.114230115943906529e-01
8.758250000000000000e+08,-3.747562405149389847e-02,2.567262989085122155e-02,-4.070302661214322826e-01,-9.067658803028367798e-01
8.808240000000000000e+08,-3.740505471173376228e-02,2.544947396693659700e-02,-4.172240056903390171e-01,-9.019936648814601554e-01
8.858230000000000000e+08,-3.734093673191174467e-02,2.522466908974662844e-02,-4.273607267958660638e-01,-8.971070591053083021e-01
8.908220000000000000e+08,-3.728331234455616733e-02,2.499833882552522299e-02,-4.374391478170983061e-01,-8.921067713311746639e-01
8.958210000000000000e+08,-3.723222125566962026e-02,2.477060791695881101e-02,-4.474579966368060768e-01,-8.869935243542954595e-01
9.008200000000000000e+08,-3.718770060940134597e-02,2.454160222776639519e-02,-4.574160108106716804e-01,-8.817680552626940838e-01
9.058190000000000000e+08,-3.714978495400927255e-02,2.431144868619487809e-02,-4.673119377338366132e-01,-8.764311152892169110e-01
9.108180000000000000e+08,-3.711850620914795840e-02,2.408027522745409196e-02,-4.771445348047287927e-01,-8.709834696613270033e-01
9.158170000000000000e+08,-3.709389363451226496e-02,2.384821073512179840e-02,-4.869125695861229453e-01,-8.654258974487190059e-01
9.208160000000000000e+08,-3.707597379987336711e-02,2.361538498155356033e-02,-4.966148199633984572e-01,-8.597591914088088538e-01
9.258150000000000000e+08,-3.706477055653437797e-02,2.338192856733355487e-02,-5.062500742999496151e-01,-8.539841578301646807e-01
9.308140000000000000e+08,-3.706030501023793722e-02,2.314797285979864477e-02,-5.158171315897163156e-01,-8.481016163739457658e-01
9.358130000000000000e+08,-3.706259549555475374e-02,2.291364993067672787e-02,-5.253148016067941128e-01,-8.421123999134082494e-01
9.408120000000000000e+08,-3.707165755178456340e-02,2.267909249287356974e-02,-5.347419050520902939e-01,-8.360173543715480049e-01
9.458110000000000000e+08,-3.708750390038997868e-02,2.244443383644850395e-02,-5.440972736970001167e-01,-8.298173385569466154e-01
9.508100000000000000e+08,-3.711014442399666186e-02,2.220980776381802774e-02,-5.533797505240589665e-01,-8.235132239978849578e-01
9.558090000000000000e+08,-3.713958614698369826e-02,2.197534852422695917e-02,-5.625881898645550550e-01,-8.171058947747985579e-01
9.608080000000000000e+08,-3.717583321768375137e-02,2.174119074752937572e-02,-5.717214575330644699e-01,-8.105962473511382216e-01
9.658070000000000000e+08,-3.721888689222395408e-02,2.150746937731991618e-02,-5.807784309588931437e-01,-8.039851904027108809e-01
9.708060000000000000e+08,-3.726874552002219093e-02,2.127431960345929976e-02,-5.897579993143924337e-01,-7.972736446455701564e-01
9.758050000000000000e+08,-3.732540453096513944e-02,2.104187679403566810e-02,-5.986590636401341037e-01,-7.904625426625241369e-01
9.808040000000000000e+08,-3.738885642428319694e-02,2.081027642680861531e-02,-6.074805369669208366e-01,-7.835528287283376470e-01
9.858030000000000000e+08,-3.745909075914671815e-02,2.057965402017589845e-02,-6.162213444346162916e-01,-7.765454586337023901e-01
9.908020000000000000e+08,-3.753609414699372870e-02,2.035014506371373572e-02,-6.248804234077808273e-01,-7.694413995080411350e-01
9.958010000000000000e+08,-3.761985024561063234e-02,2.012188494833196117e-02,-6.334567235880927960e-01,-7.622416296412253267e-01
1.000800000000000000e+09,-3.771033975497858903e-02,1.989500889609188694e-02,-6.419492071235519681e-01,-7.549471383042795081e-01
1.005799000000000000e+09,-3.780754041489782502e-02,1.966965188973499729e-02,-6.503568487144488763e-01,-7.475589255691436064e-01
1.010798000000000000e+09,-3.791142700440601476e-02,1.944594860196755329e-02,-6.586786357160960836e-01,-7.400780021275709109e-01
1.015797000000000000e+09,-3.802197134299700743e-02,1.922403332455019029e-02,-6.669135682383151575e-01,-7.325053891092346836e-01
1.020796000000000000e+09,-3.813914229365050756e-02,1.900403989724090692e-02,-6.750606592416737994e-01,-7.248421178991159008e-01
1.025795000000000000e+09,-3.826290576768579671e-02,1.878610163663869265e-02,-6.831189346304746834e-01,-7.170892299542522830e-01
1.030794000000000000e+09,-3.839322473143853137e-02,1.857035126497709812e-02,-6.910874333424955607e-01,-7.092477766199163369e-01
1.035793000000000000e+09,-3.853005921477148377e-02,1.835692083891769105e-02,-6.989652074354816280e-01,-7.013188189453047894e-01
1.040792000000000000e+09,-3.867336632142262531e-02,1.814594167839177208e-02,-7.067513221703988213e-01,-6.933034274988043588e-01
1.045791000000000000e+09,-3.882310024119255826e-02,1.793754429553854127e-02,-7.144448560914495872e-01,-6.852026821829182435e-01
1.050790000000000000e+09,-3.897921226397012273e-02,1.773185832379326268e-02,-7.220449011028666764e-01,-6.770176720489173849e-01
1.055789000000000000e+09,-3.914165079560386062e-02,1.752901244717056453e-02,-7.295505625424903995e-01,-6.687494951112997743e-01
1.060788000000000000e+09,-3.931036137560820626e-02,1.732913432979545781e-02,-7.369609592521441099e-01,-6.603992581621209723e-01
1.065787000000000000e+09,-3.948528669670871294e-02,1.713235054573171434e-02,-7.442752236448271219e-01,-6.519680765852765569e-01
1.070786000000000000e+09,-3.966636662621943199e-02,1.693878650915650944e-02,-7.514925017687347220e-01,-6.434570741708051100e-01
1.075785000000000000e+09,-3.985353822924823930e-02,1.674856640493135873e-02,-7.586119533681316973e-01,-6.348673829292805770e-01
1.080784000000000000e+09,-4.004673579372015207e-02,1.656181311961989200e-02,-7.656327519410942584e-01,-6.262001429063709379e-01
1.085783000000000000e+09,-4.024589085721407000e-02,1.637864817300055398e-02,-7.725540847941541056e-01,-6.174565019976288038e-01
1.090782000000000000e+09,-4.045093223560138757e-02,1.619919165012610046e-02,-7.793751530938518579e-01,-6.086376157635834394e-01
1.095781000000000000e+09,-4.066178605347474384e-02,1.602356213397539489e-02,-7.860951719152496908e-01,-5.997446472452035993e-01
1.100780000000000000e+09,-4.087837577635621000e-02,1.585187663875030697e-02,-7.927133702874126220e-01,-5.907787667797982367e-01
1.105779000000000000e+09,-4.110062224466912856e-02,1.568425054386329148e-02,-7.992289912358998549e-01,-5.817411518174214757e-01
1.110778000000000000e+09,-4.132844370946234247e-02,1.552079752866666711e-02,-8.056412918222988218e-01,-5.726329867378493477e-01
1.115777000000000000e+09,-4.156175586986177867e-02,1.536162950796920133e-02,-8.119495431808303465e-01,-5.634554626681846923e-01
1.120776000000000000e+09,-4.180047191224350173e-02,1.520685656838930734e-02,-8.181530305520705593e-01,-5.542097773011669393e-01
1.125775000000000000e+09,-4.204450255109835888e-02,1.505658690559072942e-02,-8.242510533138170947e-01,-5.448971347142327337e-01
1.130774000000000000e+09,-4.229375607157286054e-02,1.491092676244855190e-02,-8.302429250091524215e-01,-5.355187451894020123e-01
1.135773000000000000e+09,-4.254813837366522994e-02,1.476998036819114277e-02,-8.361279733717317253e-01,-5.260758250340397124e-01
1.140772000000000000e+09,-4.280755301805123925e-02,1.463384987856229495e-02,-8.419055403483527433e-01,-5.165695964025529552e-01
1.145771000000000000e+09,-4.307190127351327724e-02,1.450263531705298786e-02,-8.475749821188396371e-01,-5.070012871190826553e-01
1.150770000000000000e+09,-4.334108216595553009e-02,1.437643451723987290e-02,-8.531356691132978565e-01,-4.973721305012427929e-01
1.155769000000000000e+09,-4.361499252896711837e-02,1.425534306628275724e-02,-8.585869860267832943e-01,-4.876833651849603601e-01
1.160768000000000000e+09,-4.389352705591455933e-02,1.413945424961648122e-02,-8.639283318314310289e-01,-4.779362349504631680e-01
1.165767000000000000e+09,-4.417657835352918616e-02,1.402885899688464943e-02,-8.691591197861063822e-01,-4.681319885494794608e-01
1.170766000000000000e+09,-4.446403699696014483e-02,1.392364582915500866e-02,-8.742787774436168169e-01,-4.582718795336771511e-01
1.175765000000000000e+09,-4.475579158626144527e-02,1.382390080745651145e-02,-8.792867466555481792e-01,-4.483571660844116180e-01
1.180764000000000000e+09,-4.505172880428186255e-02,1.372970748267991932e-02,-8.841824835747781330e-01,-4.383891108438067730e-01
1.185763000000000000e+09,-4.535173347592123816e-02,1.364114684687824965e-02,-8.889654586557131921e-01,-4.283689807472256805e-01
1.190762000000000000e+09,-4.565568862871884070e-02,1.355829728600923580e-02,-8.936351566523274004e-01,-4.182980468571675936e-01
1.195761000000000000e+09,-4.596347555474090962e-02,1.348123453415401088e-02,-8.981910766140337454e-01,-4.081775841986289288e-01
1.200760000000000000e+09,-4.627497387372483950e-02,1.341003162924783720e-02,-9.026327318794757915e-01,-3.980088715959670953e-01
1.205759000000000000e+09,-4.659006159744769754e-02,1.334475887036284600e-02,-9.069596500682745033e-01,-3.877931915113054240e-01
1.210758000000000000e+09,-4.690861519527476237e-02,1.328548377657157512e-02,-9.111713730708089765e-01,-3.775318298845053433e-01
1.215757000000000000e+09,-4.723050966085298730e-02,1.323227104742879905e-02,-9.152674570360856965e-01,-3.672260759747452141e-01
1.220756000000000000e+09,-4.755561857990523583e-02,1.318518252510180420e-02,-9.192474723577569451e-01,-3.568772222037290276e-01
1.225755000000000000e+09,-4.788381419908303155e-02,1.314427715818142738e-02,-9.231110036583598522e-01,-3.464865640005543312e-01
1.230754000000000000e+09,-4.821496749583931846e-02,1.310961096720437112e-02,-9.268576497718297169e-01,-3.360553996482662509e-01
1.235753000000000000e+09,-4.854894824927274283e-02,1.308123701191518835e-02,-9.304870237243618725e-01,-3.255850301321175921e-01
1.240752000000000000e+09,-4.888562511190144844e-02,1.305920536029410786e-02,-9.339987527136812684e-01,-3.150767589895573928e-01
1.245751000000000000e+09,-4.922486568232284365e-02,1.304356305938285214e-02,-9.373924780867840534e-01,-3.045318921619645236e-01
1.250750000000000000e+09,-4.956653657870996321e-02,1.303435410792816093e-02,-9.406678553162258760e-01,-2.939517378481487642e-01
1.255749000000000000e+09,-4.991050351310018229e-02,1.303161943087008043e-02,-9.438245539750107493e-01,-2.833376063596249606e-01
1.260748000000000000e+09,-5.025663136642948697e-02,1.303539685570093143e-02,-9.468622577101559745e-01,-2.726908099776793049e-01
1.265747000000000000e+09,-5.060478426426196635e-02,1.304572109070813342e-02,-9.497806642149994039e-01,-2.620126628122337875e-01
1.270746000000000000e+09,-5.095482565316843820e-02,1.306262370513542985e-02,-9.525794852003058866e-01,-2.513044806625205352e-01
1.275745000000000000e+09,-5.130661837770479627e-02,1.308613311126714633e-02,-9.552584463642547208e-01,-2.405675808795655624e-01
1.280744000000000000e+09,-5.166002475793747550e-02,1.311627454846421396e-02,-9.578172873613612914e-01,-2.298032822304902079e-01
1.285743000000000000e+09,-5.201490666747134173e-02,1.315307006916564998e-02,-9.602557617704056137e-01,-2.190129047646309224e-01
1.290742000000000000e+09,-5.237112561192414084e-02,1.319653852686876981e-02,-9.625736370614338400e-01,-2.081977696814717449e-01
1.295741000000000000e+09,-5.272854280779900454e-02,1.324669556610473531e-02,-9.647706945618986785e-01,-1.973591992003936035e-01
1.300740000000000000e+09,-5.308701926170333874e-02,1.330355361442405078e-02,-9.668467294219984520e-01,-1.864985164322267575e-01
1.305739000000000000e+09,-5.344641584986144223e-02,1.336712187639847900e-02,-9.688015505792945126e-01,-1.756170452526059633e-01
1.310738000000000000e+09,-5.380659339786950796e-02,1.343740632965517712e-02,-9.706349807226491988e-01,-1.647161101771135172e-01
1.315737000000000000e+09,-5.416741276064020172e-02,1.351440972294842315e-02,-9.723468562555733774e-01,-1.537970362382000689e-01
1.320736000000000000e+09,-5.452873490248330568e-02,1.359813157627714694e-02,-9.739370272590273103e-01,-1.428611488638684701e-01
1.325735000000000000e+09,-5.489042097726990616e-02,1.368856818305603726e-02,-9.754053574537461246e-01,-1.319097737581088337e-01
1.330734000000000000e+09,-5.525233240862772316e-02,1.378571261434213130e-02,-9.767517241621567203e-01,-1.209442367830544096e-01
1.335733000000000000e+09,-5.561433097011275750e-02,1.388955472512397142e-02,-9.779760182699323012e-01,-1.099658638428556295e-01
1.340732000000000000e+09,-5.597627886530411739e-02,1.400008116267207302e-02,-9.790781441872614677e-01,-9.897598076923216914e-02
1.345731000000000000e+09,-5.633803880776871997e-02,1.411727537695171668e-02,-9.800580198098821638e-01,-8.797591320869091458e-02
1.350730000000000000e+09,-5.669947410084284073e-02,1.424111763310085925e-02,-9.809155764799363242e-01,-7.696698651137930114e-02
1.355729000000000000e+09,-5.706044871717442374e-02,1.437158502596547031e-02,-9.816507589467099448e-01,-6.595052562154267439e-02
1.360728000000000000e+09,-5.742082737797481184e-02,1.450865149669509566e-02,-9.822635253273128697e-01,-5.492785496956138075e-02
1.365727000000000000e+09,-5.778047563192564851e-02,1.465228785138585413e-02,-9.827538470673433668e-01,-4.390029836553045739e-02
1.370726000000000000e+09,-5.813925993368584955e-02,1.480246178177339715e-02,-9.831217089016069943e-01,-3.286917889435019696e-02
1.375725000000000000e+09,-5.849704772194754682e-02,1.495913788796183162e-02,-9.833671088149280592e-01,-2.183581881228997476e-02
1.380724000000000000e+09,-5.885370749698439624e-02,1.512227770318075835e-02,-9.834900580031142869e-01,-1.080153944499457480e-02
1.385723000000000000e+09,-5.920910889764528784e-02,1.529183972056244283e-02,-9.834905808341122269e-01,2.323389131206980967e-04
1.390722000000000000e+09,-5.956312277773049418e-02,1.546777942192429679e-02,-9.833687148094171215e-01,1.126449709810792288e-02
1.395721000000000000e+09,-5.991562128170799251e-02,1.565004930854614618e-02,-9.831245105257671035e-01,2.229361717441939381e-02
1.400720000000000000e+09,-6.026647791971107698e-02,1.583859893392401338e-02,-9.827580316371786751e-01,3.331838253155989388e-02
1.405719000000000000e+09,-6.061556764176660728e-02,1.603337493849018094e-02,-9.822693548173568878e-01,4.433747797952651559e-02
1.410718000000000000e+09,-6.096276691120245533e-02,1.623432108627530235e-02,-9.816585697225304052e-01,5.534958984305582419e-02
1.415717000000000000e+09,-6.130795377718487038e-02,1.644137830350078308e-02,-9.809257789547410900e-01,6.635340605475600895e-02
1.420716000000000000e+09,-6.165100794632915465e-02,1.665448471907615691e-02,-9.800710980256324145e-01,7.734761624714840689e-02
1.425715000000000000e+09,-6.199181085334003194e-02,1.687357570698353945e-02,-9.790946553207734437e-01,8.833091184368815907e-02
1.430714000000000000e+09,-6.233024573062631579e-02,1.709858393052450520e-02,-9.779965920645400379e-01,9.930198614880120234e-02
1.435713000000000000e+09,-6.266619767684310227e-02,1.732943938840851572e-02,-9.767770622856046803e-01,1.102595344370066316e-01
1.440712000000000000e+09,-6.299955372431091660e-02,1.756606946265173996e-02,-9.754362327830438106e-01,1.212022540411617083e-01
1.445711000000000000e+09,-6.333020290526641949e-02,1.780839896826795499e-02,-9.739742830931067408e-01,1.321288444399020268e-01
1.450710000000000000e+09,-6.365803631689243014e-02,1.805635020471784910e-02,-9.723914054566623610e-01,1.430380073443195954e-01
1.455709000000000000e+09,-6.398294718508336365e-02,1.830984300908871515e-02,-9.706878047873482851e-01,1.539284467839443227e-01
1.460708000000000000e+09,-6.430483092689864844e-02,1.856879481097632387e-02,-9.688636986404474127e-01,1.647988691920858895e-01
1.465707000000000000e+09,-6.462358521165852132e-02,1.883312068903712430e-02,-9.669193171825100075e-01,1.756479834905902981e-01
1.470706000000000000e+09,-6.493911002063629256e-02,1.910273342917577846e-02,-9.648549031617309479e-01,1.864745011740796543e-01
1.475705000000000000e+09,-6.525130770530566948e-02,1.937754358433648946e-02,-9.626707118791109075e-01,1.972771363937233513e-01
1.480704000000000000e+09,-6.556008304409281784e-02,1.965745953586421624e-02,-9.603670111603987980e-01,2.080546060406169018e-01
1.485703000000000000e+09,-6.586534329760106166e-02,1.994238755639664296e-02,-9.579440813288367940e-01,2.188056298288129364e-01
1.490702000000000000e+09,-6.616699826225579117e-02,2.023223187425038372e-02,-9.554022151787096018e-01,2.295289303780806978e-01
1.495701000000000000e+09,-6.646496032233549511e-02,2.052689473926563868e-02,-9.527417179497063016e-01,2.402232332964453487e-01
1.500700000000000000e+09,-6.675914450034639569e-02,2.082627649006741147e-02,-9.499629073020972037e-01,2.508872672625798161e-01
1.505699000000000000e+09,-6.704946850569989958e-02,2.113027562270147763e-02,-9.470661132927253867e-01,2.615197641080960200e-01
1.510698000000000000e+09,-6.733585278166140387e-02,2.143878886060921612e-02,-9.440516783518154709e-01,2.721194588998211983e-01
1.515697000000000000e+09,-6.761822055052091329e-02,2.175171122588999070e-02,-9.409199572605893014e-01,2.826850900220940765e-01
1.520696000000000000e+09,-6.789649785696616480e-02,2.206893611181704254e-02,-9.376713171296868765e-01,2.932153992591708391e-01
1.525695000000000000e+09,-6.817061360960441352e-02,2.239035535655306206e-02,-9.343061373783878576e-01,3.037091318777808691e-01
1.530694000000000000e+09,-6.844049962061599102e-02,2.271585931802784855e-02,-9.308248097146089028e-01,3.141650367099104724e-01
1.535693000000000000e+09,-6.870609064349425532e-02,2.304533694992581816e-02,-9.272277381156813769e-01,3.245818662358649909e-01
1.540692000000000000e+09,-6.896732440884553728e-02,2.337867587873845160e-02,-9.235153388098799043e-01,3.349583766676805796e-01
1.545691000000000000e+09,-6.922414165821898224e-02,2.371576248183269314e-02,-9.196880402586899983e-01,3.452933280329381072e-01
1.550690000000000000e+09,-6.947648617593503440e-02,2.405648196648748141e-02,-9.157462831397945591e-01,3.555854842590475129e-01
1.555689000000000000e+09,-6.972430481888114429e-02,2.440071844984467719e-02,-9.116905203307550387e-01,3.658336132580555233e-01
1.560688000000000000e+09,-6.996754754425676959e-02,2.474835503972820649e-02,-9.075212168933598500e-01,3.760364870120386782e-01
1.565687000000000000e+09,-7.020616743522919978e-02,2.509927391627588336e-02,-9.032388500586183699e-01,3.861928816591477798e-01
1.570686000000000000e+09,-7.044012072448761763e-02,2.545335641433372348e-02,-8.988439092123700069e-01,3.963015775803441776e-01
1.575685000000000000e+09,-7.066936681566232670e-02,2.581048310655876046e-02,-8.943368958814683634e-01,4.063613594869049939e-01
1.580684000000000000e+09,-7.089386830259417072e-02,2.617053388717625537e-02,-8.897183237205185113e-01,4.163710165087329274e-01
1.585683000000000000e+09,-7.111359098642697218e-02,2.653338805633674580e-02,-8.849887184991235278e-01,4.263293422835471858e-01
1.590682000000000000e+09,-7.132850389051124951e-02,2.689892440501903334e-02,-8.801486180896024303e-01,4.362351350469854117e-01
1.595681000000000000e+09,-7.153857927309212328e-02,2.726702130042114175e-02,-8.751985724551407664e-01,4.460871977236910979e-01
1.600680000000000000e+09,-7.174379263777265481e-02,2.763755677178441131e-02,-8.701391436383336675e-01,4.558843380194195216e-01
1.605679000000000000e+09,-7.194412274173120347e-02,2.801040859659284510e-02,-8.649709057500665210e-01,4.656253685142268117e-01
1.610678000000000000e+09,-7.213955160168304681e-02,2.838545438709098520e-02,-8.596944449587038406e-01,4.753091067567753458e-01
1.615677000000000000e+09,-7.233006449757303780e-02,2.876257167706180659e-02,-8.543103594795147249e-01,4.849343753598204243e-01
1.620676000000000000e+09,-7.251564997398395052e-02,2.914163800880600549e-02,-8.488192595643091476e-01,4.945000020969018140e-01
1.625675000000000000e+09,-7.269629983925855743e-02,2.952253102026453080e-02,-8.432217674912094729e-01,5.040048200003047763e-01
1.630674000000000000e+09,-7.287200916231982573e-02,2.990512853222441689e-02,-8.375185175545215577e-01,5.134476674603162261e-01
1.635673000000000000e+09,-7.304277626718706784e-02,3.028930863554836830e-02,-8.317101560546344974e-01,5.228273883258277577e-01
1.640672000000000000e+09,-7.320860272518212031e-02,3.067494977836844605e-02,-8.257973412879002773e-01,5.321428320063115169e-01
1.645671000000000000e+09,-7.336949334481954188e-02,3.106193085318339348e-02,-8.197807435364307116e-01,5.413928535752206006e-01
1.650670000000000000e+09,-7.352545615938296808e-02,3.145013128379946926e-02,-8.136610450577507203e-01,5.505763138748313024e-01
1.655669000000000000e+09,-7.367650241218359763e-02,3.183943111205366633e-02,-8.074389400742399969e-01,5.596920796225753891e-01
1.660668000000000000e+09,-7.382264653950267042e-02,3.222971108425841391e-02,-8.011151347623086671e-01,5.687390235188775067e-01
1.665667000000000000e+09,-7.396390615121940793e-02,3.262085273730692958e-02,-7.946903472412345515e-01,5.777160243565419018e-01
1.670666000000000000e+09,-7.410030200913413079e-02,3.301273848437882158e-02,-7.881653075615887571e-01,5.866219671316962314e-01
1.675665000000000000e+09,-7.423185800298241765e-02,3.340525170018289469e-02,-7.815407576932004163e-01,5.954557431563344272e-01
1.680664000000000000e+09,-7.435860112415716705e-02,3.379827680567829701e-02,-7.748174515125630935e-01,6.042162501724636092e-01
1.685663000000000000e+09,-7.448056143714125443e-02,3.419169935221097467e-02,-7.679961547896413387e-01,6.129023924678833612e-01
1.690662000000000000e+09,-7.459777204866338551e-02,3.458540610500517032e-02,-7.610776451739776904e-01,6.215130809936152412e-01
1.695661000000000000e+09,-7.471026907459228650e-02,3.497928512594915967e-02,-7.540627121800511645e-01,6.300472334829850807e-01
1.700660000000000000e+09,-7.481809160457357499e-02,3.537322585561331056e-02,-7.469521571717926411e-01,6.385037745723856073e-01
1.705659000000000000e+09,-7.492128166443716430e-02,3.576711919444106047e-02,-7.397467933461986389e-01,6.468816359237137270e-01
1.710658000000000000e+09,-7.501988417638266737e-02,3.616085758305091075e-02,-7.324474457159545482e-01,6.551797563484985654e-01
1.715657000000000000e+09,-7.511394691696400561e-02,3.655433508159148387e-02,-7.250549510910024864e-01,6.633970819337182689e-01
1.720656000000000000e+09,-7.520352047289513564e-02,3.694744744808621528e-02,-7.175701580589638473e-01,6.715325661693137826e-01
1.725655000000000000e+09,-7.528865819469673926e-02,3.734009221571132214e-02,-7.099939269643554818e-01,6.795851700773836157e-01
1.730654000000000000e+09,-7.536941614820748259e-02,3.773216876894709693e-02,-7.023271298865001455e-01,6.875538623430791363e-01
1.735653000000000000e+09,-7.544585306398580993e-02,3.812357841854176893e-02,-6.945706506160775895e-01,6.954376194471647565e-01
1.740652000000000000e+09,-7.551803028462787670e-02,3.851422447523270703e-02,-6.867253846302112663e-01,7.032354258002601055e-01
1.745651000000000000e+09,-7.558601171002898855e-02,3.890401232216482430e-02,-6.787922390660355854e-01,7.109462738787301062e-01
1.750650000000000000e+09,-7.564986374062034058e-02,3.929284948595026389e-02,-6.707721326926487926e-01,7.185691643622246216e-01
1.755649000000000000e+09,-7.570965521861380831e-02,3.968064570631191917e-02,-6.626659958813773121e-01,7.261031062728353636e-01
1.760648000000000000e+09,-7.576545736727807734e-02,4.006731300425570713e-02,-6.544747705742763877e-01,7.335471171158630677e-01
1.765647000000000000e+09,-7.581734372829815327e-02,4.045276574871559810e-02,-6.461994102507810922e-01,7.409002230221566343e-01
1.770646000000000000e+09,-7.586539009723428095e-02,4.083692072161758391e-02,-6.378408798924370959e-01,7.481614588920109110e-01
1.775645000000000000e+09,-7.590967445713471540e-02,4.121969718130773230e-02,-6.294001559456223749e-01,7.553298685405862578e-01
1.780644000000000000e+09,-7.595027691033047479e-02,4.160101692429259146e-02,-6.208782262821996856e-01,7.624045048448172546e-01
1.785643000000000000e+09,-7.598727960845810814e-02,4.198080434523943777e-02,-6.122760901579978876e-01,7.693844298917832392e-01
1.790642000000000000e+09,-7.602076668074984889e-02,4.235898649518525516e-02,-6.035947581690742636e-01,7.762687151284892728e-01
1.795641000000000000e+09,-7.605082416063961570e-02,4.273549313790319520e-02,-5.948352522056554736e-01,7.830564415130373268e-01
1.800640000000000000e+09,-7.607753991072062349e-02,4.311025680438033275e-02,-5.859986054037037428e-01,7.897466996671166362e-01
1.805639000000000000e+09,-7.610100354611377960e-02,4.348321284535421050e-02,-5.770858620940154671e-01,7.963385900297982323e-01
1.810638000000000000e+09,-7.612130635628040765e-02,4.385429948186564397e-02,-5.680980777488017219e-01,8.028312230125572713e-01
1.815637000000000000e+09,-7.613854122534381708e-02,4.422345785377803512e-02,-5.590363189256529752e-01,8.092237191554915166e-01
1.820636000000000000e+09,-7.615280255095718820e-02,4.459063206622117942e-02,-5.499016632088417067e-01,8.155152092846670309e-01
1.825635000000000000e+09,-7.616418616177808576e-02,4.495576923391429031e-02,-5.406951991478738950e-01,8.217048346705468909e-01
1.830634000000000000e+09,-7.617278923360053244e-02,4.531881952332689895e-02,-5.314180261932399674e-01,8.277917471874328692e-01
1.835633000000000000e+09,-7.617871020419822448e-02,4.567973619263660662e-02,-5.220712546292816114e-01,8.337751094738652391e-01
1.840632000000000000e+09,-7.618204868693577436e-02,4.603847562944266003e-02,-5.126560055041227137e-01,8.396540950939088699e-01
1.845631000000000000e+09,-7.618290538320791894e-02,4.639499738619994040e-02,-5.031734105565925930e-01,8.454278886992661057e-01
1.850630000000000000e+09,-7.618138199375816544e-02,4.674926421333241294e-02,-4.936246121400924558e-01,8.510956861921431527e-01
1.855629000000000000e+09,-7.617758112894447431e-02,4.710124208999573459e-02,-4.840107631433256397e-01,8.566566948887942567e-01
1.860628000000000000e+09,-7.617160621800811438e-02,4.745090025244960708e-02,-4.743330269078601669e-01,8.621101336836760609e-01
1.865627000000000000e+09,-7.616356141740682206e-02,4.779821122001190470e-02,-4.645925771424397333e-01,8.674552332141293176e-01
1.870626000000000000e+09,-7.615355151827823965e-02,4.814315081856156836e-02,-4.547905978340202049e-01,8.726912360255144607e-01
1.875625000000000000e+09,-7.614168185309651282e-02,4.848569820156144183e-02,-4.449282831554537410e-01,8.778173967367136621e-01
1.880624000000000000e+09,-7.612805820158512204e-02,4.882583586857343338e-02,-4.350068373697866808e-01,8.828329822059217680e-01
1.885623000000000000e+09,-7.611278669595246404e-02,4.916354968124112684e-02,-4.250274747311247325e-01,8.877372716966354105e-01
1.890622000000000000e+09,-7.609597372552072414e-02,4.949882887671321063e-02,-4.149914193820135599e-01,8.925295570437603576e-01
1.895621000000000000e+09,-7.607772584080947642e-02,4.983166607848851098e-02,-4.048999052473040150e-01,8.972091428197366270e-01
1.900620000000000000e+09,-7.605814965714577380e-02,5.016205730465932155e-02,-3.947541759244488357e-01,9.017753465006030922e-01
1.905619000000000000e+09,-7.603735175787146305e-02,5.049000197353479408e-02,-3.845554845702145452e-01,9.062274986318979986e-01
1.910618000000000000e+09,-7.601543859721285323e-02,5.081550290662884689e-02,-3.743050937837520964e-01,9.105649429943070139e-01
1.915617000000000000e+09,-7.599251640288851029e-02,5.113856632899523719e-02,-3.640042754860189911e-01,9.147870367689612259e-01
1.920616000000000000e+09,-7.596869107852273484e-02,5.145920186689723758e-02,-3.536543107955035792e-01,9.188931507022871648e-01
1.925615000000000000e+09,-7.594406810593715140e-02,5.177742254280180700e-02,-3.432564899002443770e-01,9.228826692703078205e-01
1.930614000000000000e+09,-7.591875244739552941e-02,5.209324476768667500e-02,-3.328121119261083227e-01,9.267549908423011740e-01
1.935613000000000000e+09,-7.589284844786910178e-02,5.240668833065386528e-02,-3.223224848013231947e-01,9.305095278437021111e-01
1.940612000000000000e+09,-7.586645973740026305e-02,5.271777638584494025e-02,-3.117889251172320519e-01,9.341457069181623440e-01
1.945611000000000000e+09,-7.583968913363733910e-02,5.302653543665247077e-02,-3.012127579852747483e-01,9.376629690886483237e-01
1.950610000000000000e+09,-7.581263854461148255e-02,5.333299531722766884e-02,-2.905953168901695971e-01,9.410607699174822205e-01
1.955609000000000000e+09,-7.578540887183357611e-02,5.363718917128444674e-02,-2.799379435393044568e-01,9.443385796652159492e-01
1.960608000000000000e+09,-7.575809991378137931e-02,5.393915342820146397e-02,-2.692419877083203628e-01,9.474958834482364312e-01
1.965607000000000000e+09,-7.573081026985561959e-02,5.423892777642845553e-02,-2.585088070829028029e-01,9.505321813949917376e-01
1.970606000000000000e+09,-7.570363724487551293e-02,5.453655513420162942e-02,-2.477397670967647347e-01,9.534469888007304217e-01
1.975605000000000000e+09,-7.567667675419070816e-02,5.483208161757772980e-02,-2.369362407658497649e-01,9.562398362806495689e-01
1.980604000000000000e+09,-7.565002322948306823e-02,5.512555650579843702e-02,-2.260996085187489957e-01,9.589102699213422065e-01
1.985603000000000000e+09,-7.562376952533270136e-02,5.541703220399543661e-02,-2.152312580233495531e-01,9.614578514304336077e-01
1.990602000000000000e+09,-7.559800682662258520e-02,5.570656420325392072e-02,-2.043325840097408308e-01,9.638821582843030145e-01
1.995601000000000000e+09,-7.557282455685565559e-02,5.599421103805018313e-02,-1.934049880893800866e-01,9.661827838737773178e-01
2.000600000000000000e+09,-7.554831028745750965e-02,5.628003424108228570e-02,-1.824498785705638837e-01,9.683593376476938852e-01
2.005599000000000000e+09,-7.552454964813880289e-02,5.656409829551571622e-02,-1.714686702702075127e-01,9.704114452542192959e-01
2.010598000000000000e+09,-7.550162623839032361e-02,5.684647058466525682e-02,-1.604627843219887662e-01,9.723387486798231727e-01
2.015597000000000000e+09,-7.547962154018038328e-02,5.712722133914435035e-02,-1.494336479808649476e-01,9.741409063857936479e-01
2.020596000000000000e+09,-7.545861483193254393e-02,5.740642358150065128e-02,-1.383826944240224011e-01,9.758175934421919884e-01
2.025595000000000000e+09,-7.543868310384724274e-02,5.768415306837450240e-02,-1.273113625482799049e-01,9.773685016591420194e-01
2.030594000000000000e+09,-7.541990097464396081e-02,5.796048823020823193e-02,-1.162210967640061460e-01,9.787933397153449899e-01
2.035593000000000000e+09,-7.540234060979165986e-02,5.823551010854322724e-02,-1.051133467855875775e-01,9.800918332837215141e-01
2.040592000000000000e+09,-7.538607164129433602e-02,5.850930229093414398e-02,-9.398956741850160446e-02,9.812637251540736738e-01
2.045591000000000000e+09,-7.537116108910650591e-02,5.878195084352610261e-02,-8.285121834304585986e-02,9.823087753526681398e-01
2.050590000000000000e+09,-7.535767328423673139e-02,5.905354424132760321e-02,-7.169976389479106038e-02,9.832267612586381711e-01
2.055589000000000000e+09,-7.534566979361496941e-02,5.932417329622542007e-02,-6.053667284179609087e-02,9.840174777171115661e-01
2.060588000000000000e+09,-7.533520934678200609e-02,5.959393108278153439e-02,-4.936341815867806293e-02,9.846807371489549876e-01
2.065587000000000000e+09,-7.532634776446885116e-02,5.986291286186024019e-02,-3.818147679757411678e-02,9.852163696570550577e-01
2.070586000000000000e+09,-7.531913788913043029e-02,6.013121600213072737e-02,-2.699232945608930762e-02,9.856242231290257561e-01
2.075585000000000000e+09,-7.531362951748950263e-02,6.039893989949761399e-02,-1.579746034228395046e-02,9.859041633362665147e-01
2.080584000000000000e+09,-7.530986933516049808e-02,6.066618589450387122e-02,-4.598356936791976081e-03,9.860560740292643178e-01
2.085583000000000000e+09,-7.530790085340448303e-02,6.093305718776848012e-02,6.603490247862029566e-03,9.860798570290641996e-01
2.090582000000000000e+09,-7.530776434807824604e-02,6.119965875350381890e-02,1.780658791066552088e-02,9.859754323148167687e-01
2.095581000000000000e+09,-7.530949680083268150e-02,6.146609725117632012e-02,2.900944020814277477e-02,9.857427381073192718e-01
2.100580000000000000e+09,-7.531313184261473337e-02,6.173248093536377185e-02,4.021054900294061818e-02,9.853817309484662612e-01
2.105579000000000000e+09,-7.531869969952953436e-02,6.199891956387188624e-02,5.140841411485240486e-02,9.848923857765399248e-01
2.110578000000000000e+09,-7.532622714110921713e-02,6.226552430416956718e-02,6.260153357422267029e-02,9.842746959972494825e-01
2.115577000000000000e+09,-7.533573743104664266e-02,6.253240763820624992e-02,7.378840387760854380e-02,9.835286735504571443e-01
2.120576000000000000e+09,-7.534725028043616490e-02,6.279968326567669790e-02,8.496752024562512218e-02,9.826543489725140246e-01
2.125575000000000000e+09,-7.536078180356989287e-02,6.306746600579654638e-02,9.613737688285153848e-02,9.816517714541364015e-01
2.130574000000000000e+09,-7.537634447633934087e-02,6.333587169765830804e-02,1.072964672397237612e-01,9.805210088937633683e-01
2.135573000000000000e+09,-7.539394709727828547e-02,6.360501709923485625e-02,1.184432842762847826e-01,9.792621479463213818e-01
2.140572000000000000e+09,-7.541359475129617851e-02,6.387501978510254363e-02,1.295763207277057238e-01,9.778752940673464122e-01
2.145571000000000000e+09,-7.543528877613679684e-02,6.414599804295004204e-02,1.406940693714563151e-01,9.763605715524007467e-01
2.150570000000000000e+09,-7.545902673159991803e-02,6.441807076895214590e-02,1.517950232960302848e-01,9.747181235717334857e-01
2.155569000000000000e+09,-7.548480237156708628e-02,6.469135736207695664e-02,1.628776761710976906e-01,9.729481122001306659e-01
2.160568000000000000e+09,-7.551260561885853040e-02,6.496597761740219301e-02,1.739405225189896154e-01,9.710507184419113758e-01
2.165567000000000000e+09,-7.554242254295642778e-02,6.524205161851867607e-02,1.849820579873847626e-01,9.690261422510245692e-01
2.170566000000000000e+09,-7.557423534062736314e-02,6.551969962909333367e-02,1.960007796230957278e-01,9.668746025462015004e-01
2.175565000000000000e+09,-7.560802231946404939e-02,6.579904198367486634e-02,2.069951861468255216e-01,9.645963372211302511e-01
2.180564000000000000e+09,-7.564375788437668890e-02,6.608019897781396146e-02,2.179637782287932035e-01,9.621916031496248189e-01
2.185563000000000000e+09,-7.568141252706117594e-02,6.636329075758315432e-02,2.289050587650890145e-01,9.596606761857365830e-01
2.190562000000000000e+09,-7.572095281845453441e-02,6.664843720857320519e-02,2.398175331546578970e-01,9.570038511588089269e-01
2.195561000000000000e+09,-7.576234140420863572e-02,6.693575784444777410e-02,2.506997095767800610e-01,9.542214418634276107e-01
2.200560000000000000e+09,-7.580553700318749810e-02,6.722537169513453925e-02,2.615500992689273052e-01,9.513137810442605646e-01
2.205559000000000000e+09,-7.585049440901489581e-02,6.751739719474397772e-02,2.723672168048795195e-01,9.482812203757671199e-01
2.210558000000000000e+09,-7.589716449467183434e-02,6.781195206928024299e-02,2.831495803729714433e-01,9.451241304367576923e-01
2.215557000000000000e+09,-7.594549422016544371e-02,6.810915322425130369e-02,2.938957120543523871e-01,9.418429006798011427e-01
2.220556000000000000e+09,-7.599542664326792984e-02,6.840911663223719907e-02,3.046041381011299065e-01,9.384379393954772608e-01
2.225555000000000000e+09,-7.604690093333563161e-02,6.871195722051508248e-02,3.152733892142825511e-01,9.349096736714547218e-01
2.230554000000000000e+09,-7.609985238821342923e-02,6.901778875882116915e-02,3.259020008212073494e-01,9.312585493464189401e-01
2.235553000000000000e+09,-7.615421245421728769e-02,6.932672374732916365e-02,3.364885133527925620e-01,9.274850309588347219e-01
2.240552000000000000e+09,-7.620990874920174907e-02,6.963887330493426231e-02,3.470314725198744288e-01,9.235896016905652539e-01
2.245551000000000000e+09,-7.626686508870615666e-02,6.995434705792434593e-02,3.575294295889779872e-01,9.195727633053508709e-01
2.250550000000000000e+09,-7.632500151516921627e-02,7.027325302911945071e-02,3.679809416571958036e-01,9.154350360821674748e-01
2.255549000000000000e+09,-7.638423433020945230e-02,7.059569752756857108e-02,3.783845719261050289e-01,9.111769587434818130e-01
2.260548000000000000e+09,-7.644447612995826369e-02,7.092178503888345309e-02,3.887388899745824467e-01,9.067990883784285971e-01
2.265547000000000000e+09,-7.650563584343070267e-02,7.125161811629258934e-02,3.990424720304152628e-01,9.023020003609277806e-01
2.270546000000000000e+09,-7.656761877392329052e-02,7.158529727250052821e-02,4.092939012405691912e-01,8.976862882627836271e-01
2.275545000000000000e+09,-7.663032664341498656e-02,7.192292087243273846e-02,4.194917679400196331e-01,8.929525637617838907e-01
2.280544000000000000e+09,-7.669365763995840413e-02,7.226458502694896313e-02,4.296346699189995677e-01,8.881014565448486220e-01
2.285543000000000000e+09,-7.675750646803405908e-02,7.261038348760792682e-02,4.397212126885781669e-01,8.831336142062555794e-01
2.290542000000000000e+09,-7.682176440184422528e-02,7.296040754256073735e-02,4.497500097444307454e-01,8.780497021409957581e-01
2.295541000000000000e+09,-7.688631934152208303e-02,7.331474591365712279e-02,4.597196828287039572e-01,8.728504034332974504e-01
2.300540000000000000e+09,-7.695105587222562937e-02,7.367348465484374609e-02,4.696288621898577764e-01,8.675364187403692418e-01
2.305539000000000000e+09,-7.701585532608440365e-02,7.403670705192900992e-02,4.794761868403689675e-01,8.621084661714150110e-01
2.310538000000000000e+09,-7.708059584696975997e-02,7.440449352379961689e-02,4.892603048122042275e-01,8.565672811619743365e-01
2.315537000000000000e+09,-7.714515245804805244e-02,7.477692152515912072e-02,4.989798734099366029e-01,8.509136163436518130e-01
2.320536000000000000e+09,-7.720939713208464783e-02,7.515406545086887602e-02,5.086335594614147526e-01,8.451482414092854611e-01
2.325535000000000000e+09,-7.727319886445631336e-02,7.553599654196620217e-02,5.182200395658774772e-01,8.392719429736271719e-01
2.330534000000000000e+09,-7.733642374883183124e-02,7.592278279343200875e-02,5.277380003394175345e-01,8.332855244295952479e-01
2.335533000000000000e+09,-7.739893505547619512e-02,7.631448886378328078e-02,5.371861386576861630e-01,8.271898058001763143e-01
2.340532000000000000e+09,-7.746059331213447918e-02,7.671117598655970149e-02,5.465631618957570437e-01,8.209856235860363283e-01
2.345531000000000000e+09,-7.752125638744879199e-02,7.711290188377943611e-02,5.558677881650385677e-01,8.146738306089260639e-01
2.350530000000000000e+09,-7.758077957685655113e-02,7.751972068142679029e-02,5.650987465471661864e-01,8.082552958509471308e-01
2.355529000000000000e+09,-7.763901569091861965e-02,7.793168282704780736e-02,5.742547773247609344e-01,8.017309042897710070e-01
2.360528000000000000e+09,-7.769581514603139671e-02,7.834883500951331237e-02,5.833346322089871805e-01,7.951015567298728159e-01
2.365527000000000000e+09,-7.775102605745758122e-02,7.877122008102160899e-02,5.923370745638141255e-01,7.883681696298846520e-01
2.370526000000000000e+09,-7.780449433462786890e-02,7.919887698139649324e-02,6.012608796269116596e-01,7.815316749261317364e-01
2.375525000000000000e+09,-7.785606377865179895e-02,7.963184066475201273e-02,6.101048347270860983e-01,7.745930198524629828e-01
2.380524000000000000e+09,-7.790557618197946343e-02,8.007014202857842822e-02,6.188677394981986213e-01,7.675531667564363669e-01
2.385523000000000000e+09,-7.795287143014915932e-02,8.051380784531039780e-02,6.275484060894774840e-01,7.604130929119781168e-01
2.390522000000000000e+09,-7.799778760556502766e-02,8.096286069643601757e-02,6.361456593721668273e-01,7.531737903285851132e-01
2.395521000000000000e+09,-7.804016109323251571e-02,8.141731890920247960e-02,6.446583371424393638e-01,7.458362655571825206e-01
2.400520000000000000e+09,-7.807982668839293094e-02,8.187719649597034743e-02,6.530852903205016657e-01,7.384015394927152531e-01
2.405519000000000000e+09,-7.811661770598384014e-02,8.234250309627405562e-02,6.614253831458517530e-01,7.308706471735848531e-01
2.410518000000000000e+09,-7.815036609186058747e-02,8.281324392163191828e-02,6.696774933686061582e-01,7.232446375780215986e-01
2.415517000000000000e+09,-7.818090253570923742e-02,8.328941970316271204e-02,6.778405124368567236e-01,7.155245734174893180e-01
2.420516000000000000e+09,-7.820805658557425377e-02,8.377102664205063332e-02,6.859133456800040607e-01,7.077115309272333787e-01
2.425515000000000000e+09,-7.823165676393832590e-02,8.425805636290532863e-02,6.938949124880117170e-01,6.998065996540550060e-01
2.430514000000000000e+09,-7.825153068527049283e-02,8.475049587006096286e-02,7.017841464865417489e-01,6.918108822414404946e-01
2.435513000000000000e+09,-7.826750517497491066e-02,8.524832750685684690e-02,7.095799957079256259e-01,6.837254942121155921e-01
2.440512000000000000e+09,-7.827940638966171538e-02,8.575152891793394461e-02,7.172814227579258350e-01,6.755515637481552815e-01
2.445511000000000000e+09,-7.828705993866380553e-02,8.626007301459356902e-02,7.248874049782693119e-01,6.672902314687410019e-01
2.450510000000000000e+09,-7.829029100672113550e-02,8.677392794324717551e-02,7.323969346048916362e-01,6.589426502056696666e-01
2.455509000000000000e+09,-7.828892447775720465e-02,8.729305705699129392e-02,7.398090189218867740e-01,6.505099847767172871e-01
2.460508000000000000e+09,-7.828278505966318468e-02,8.781741889034333504e-02,7.471226804111166242e-01,6.419934117569754406e-01
2.465507000000000000e+09,-7.827169741001253900e-02,8.834696713716437555e-02,7.543369568974700456e-01,6.333941192482399618e-01
2.470506000000000000e+09,-7.825548626262621155e-02,8.888165063179695458e-02,7.614509016897370586e-01,6.247133066465894169e-01
2.475505000000000000e+09,-7.823397655490534064e-02,8.942141333344581777e-02,7.684635837170891159e-01,6.159521844082226361e-01
2.480504000000000000e+09,-7.820699355584756485e-02,8.996619431381999710e-02,7.753740876611441291e-01,6.071119738136958599e-01
2.485503000000000000e+09,-7.817436299466756777e-02,9.051592774806473118e-02,7.821815140836069213e-01,5.981939067306322189e-01
2.490502000000000000e+09,-7.813591118993695739e-02,9.107054290899486981e-02,7.888849795494751183e-01,5.891992253750292230e-01
2.495501000000000000e+09,-7.809146517915803443e-02,9.162996416465335470e-02,7.954836167458008145e-01,5.801291820712605185e-01
2.500500000000000000e+09,-7.804085284868984840e-02,9.219411097920582332e-02,8.019765745960084624e-01,5.709850390108690554e-01
2.505499000000000000e+09,-7.798390306394088756e-02,9.276289791718486666e-02,8.083630183697640970e-01,5.617680680102700164e-01
2.510498000000000000e+09,-7.792044579974266583e-02,9.333623465109867900e-02,8.146421297883978951e-01,5.524795502674407777e-01
2.515497000000000000e+09,-7.785031227082012117e-02,9.391402597240522399e-02,8.208131071258909506e-01,5.431207761177322402e-01
2.520496000000000000e+09,-7.777333506227364357e-02,9.449617180586664111e-02,8.268751653054207118e-01,5.336930447888638129e-01
2.525495000000000000e+09,-7.768934825998520532e-02,9.508256722728332389e-02,8.328275359914871778e-01,5.241976641552354987e-01
2.530494000000000000e+09,-7.759818758086578505e-02,9.567310248461081967e-02,8.386694676776268453e-01,5.146359504916285799e-01
2.535493000000000000e+09,-7.749969050285497596e-02,9.626766302246424212e-02,8.444002257697266201e-01,5.050092282264150301e-01
2.540492000000000000e+09,-7.739369639459128813e-02,9.686612950999796967e-02,8.500190926649611178e-01,4.953188296943457636e-01
2.545491000000000000e+09,-7.728004664466306406e-02,9.746837787217138560e-02,8.555253678263687878e-01,4.855660948890424544e-01
2.550490000000000000e+09,-7.715858479035574147e-02,9.807427932438053664e-02,8.609183678530910599e-01,4.757523712152552653e-01
2.555489000000000000e+09,-7.702915664581359845e-02,9.868370041045669561e-02,8.661974265462958344e-01,4.658790132410066676e-01
2.560488000000000000e+09,-7.689161042952497027e-02,9.929650304401921312e-02,8.713618949708169525e-01,4.559473824496872996e-01
2.565487000000000000e+09,-7.674579689104825408e-02,9.991254455316754546e-02,8.764111415125336313e-01,4.459588469922161069e-01
2.570486000000000000e+09,-7.659156943689446329e-02,1.005316777285033686e-01,8.813445519315258325e-01,4.359147814393282139e-01
2.575485000000000000e+09,-7.642878425548366161e-02,1.011537508744608793e-01,8.861615294110315455e-01,4.258165665341008821e-01
2.580484000000000000e+09,-7.625730044108576522e-02,1.017786078639320441e-01,8.908614946022487269e-01,4.156655889447812835e-01
2.585483000000000000e+09,-7.607698011666443050e-02,1.024060881961625646e-01,8.954438856650137613e-01,4.054632410180122881e-01
2.590482000000000000e+09,-7.588768855554643700e-02,1.030360270578963428e-01,8.999081583043955224e-01,3.952109205325267105e-01
2.595481000000000000e+09,-7.568929430182319562e-02,1.036682553877479179e-01,9.042537858032481113e-01,3.849100304534004979e-01
2.600480000000000000e+09,-7.548166928940901188e-02,1.043025999437701551e-01,9.084802590507601305e-01,3.745619786869353596e-01
2.605479000000000000e+09,-7.526468895967437789e-02,1.049388833741944776e-01,9.125870865670503429e-01,3.641681778362400035e-01
2.610478000000000000e+09,-7.503823237757305253e-02,1.055769242913096317e-01,9.165737945238483508e-01,3.537300449576001315e-01
2.615477000000000000e+09,-7.480218234617591611e-02,1.062165373484470487e-01,9.204399267613102564e-01,3.432490013176920929e-01
2.620476000000000000e+09,-7.455642551954298758e-02,1.068575333200422611e-01,9.241850448010181518e-01,3.327264721517211310e-01
2.625475000000000000e+09,-7.430085251384695166e-02,1.074997191847279626e-01,9.278087278552121786e-01,3.221638864225450094e-01
2.630474000000000000e+09,-7.403535801667052163e-02,1.081428982114306103e-01,9.313105728323028965e-01,3.115626765808536813e-01
2.635473000000000000e+09,-7.375984089440427993e-02,1.087868700484232731e-01,9.346901943387224687e-01,3.009242783264643450e-01
2.640472000000000000e+09,-7.347420429766592098e-02,1.094314308152943976e-01,9.379472246771569655e-01,2.902501303707988867e-01
2.645471000000000000e+09,-7.317835576466358294e-02,1.100763731977921489e-01,9.410813138412258416e-01,2.795416742005963351e-01
2.650470000000000000e+09,-7.287220732243215870e-02,1.107214865454934777e-01,9.440921295066558860e-01,2.688003538429282191e-01
2.655469000000000000e+09,-7.255567558586852039e-02,1.113665569722548515e-01,9.469793570190041532e-01,2.580276156315557956e-01
2.660468000000000000e+09,-7.222868185448762246e-02,1.120113674593940511e-01,9.497426993779932713e-01,2.472249079747081690e-01
2.665467000000000000e+09,-7.189115220683932328e-02,1.126556979615503384e-01,9.523818772185063120e-01,2.363936811243011471e-01
2.670466000000000000e+09,-7.154301759249899473e-02,1.132993255151742013e-01,9.548966287883128290e-01,2.255353869466789618e-01
2.675465000000000000e+09,-7.118421392158182093e-02,1.139420243495884166e-01,9.572867099225691456e-01,2.146514786948947595e-01
2.680464000000000000e+09,-7.081468215169597902e-02,1.145835660005668083e-01,9.595518940151585019e-01,2.037434107826071594e-01
2.685463000000000000e+09,-7.043436837227527725e-02,1.152237194263706910e-01,9.616919719869388983e-01,1.928126385596039827e-01
2.690462000000000000e+09,-7.004322388622669093e-02,1.158622511261876986e-01,9.637067522509399353e-01,1.818606180890249280e-01
2.695461000000000000e+09,-6.964120528882689065e-02,1.164989252609067577e-01,9.655960606745854768e-01,1.708888059262955450e-01
2.700460000000000000e+09,-6.922827454379883172e-02,1.171335037761695452e-01,9.673597405389903203e-01,1.598986588998340674e-01
2.705459000000000000e+09,-6.880439905651879184e-02,1.177657465276348431e-01,9.689976524954013737e-01,1.488916338935458161e-01
2.710458000000000000e+09,-6.836955174427929161e-02,1.183954114083864279e-01,9.705096745188328544e-01,1.378691876311518294e-01
2.715457000000000000e+09,-6.792371110356153208e-02,1.190222544784209496e-01,9.718957018589668984e-01,1.268327764623802811e-01
2.720456000000000000e+09,-6.746686127425165214e-02,1.196460300961455503e-01,9.731556469883676508e-01,1.157838561510464020e-01
2.725455000000000000e+09,-6.699899210074369837e-02,1.202664910518134317e-01,9.742894395480841130e-01,1.047238816650564452e-01
2.730454000000000000e+09,-6.652009918988499582e-02,1.208833887028269438e-01,9.752970262906881516e-01,9.365430696834864399e-02
2.735453000000000000e+09,-6.603018396569822202e-02,1.214964731108353069e-01,9.761783710208115084e-01,8.257658481481468249e-02
2.740452000000000000e+09,-6.552925372083531763e-02,1.221054931805506255e-01,9.769334545332489794e-01,7.149216654420420536e-02
2.745451000000000000e+09,-6.501732166471406449e-02,1.227101968002086430e-01,9.775622745486765020e-01,6.040250188004335496e-02
2.750450000000000000e+09,-6.449440696828551145e-02,1.233103309835916345e-01,9.780648456470462104e-01,4.930903872958770917e-02
2.755449000000000000e+09,-6.396053480538702041e-02,1.239056420135427744e-01,9.784411991987257418e-01,3.821322298582099930e-02
2.760448000000000000e+09,-6.341573639063896595e-02,1.244958755868833533e-01,9.786913832934240887e-01,2.711649833152388056e-02
2.765447000000000000e+09,-6.286004901383655807e-02,1.250807769606576969e-01,9.788154626669733904e-01,1.602030604540762362e-02
2.770446000000000000e+09,-6.229351607079880448e-02,1.256600910996202025e-01,9.788135186260213949e-01,4.926084810354136936e-03
2.775445000000000000e+09,-6.171618709063665664e-02,1.262335628248810182e-01,9.786856489706906581e-01,-6.164729476255979834e-03
2.780444000000000000e+09,-6.112811775939643727e-02,1.268009369636257933e-01,9.784319679152543303e-01,-1.725070389008561550e-02
2.785443000000000000e+09,-6.052936994005218146e-02,1.273619584998227361e-01,9.780526060068931438e-01,-2.833040866529202770e-02
2.790442000000000000e+09,-5.992001168880201761e-02,1.279163727258324501e-01,9.775477100425852273e-01,-3.940241737782367026e-02
2.795441000000000000e+09,-5.930011726764491953e-02,1.284639253948282600e-01,9.769174429841759322e-01,-5.046530712660661500e-02
2.800440000000000000e+09,-5.866976715320577906e-02,1.290043628739365733e-01,9.761619838716913966e-01,-6.151765871257651452e-02
2.805439000000000000e+09,-5.802904804177685949e-02,1.295374322980170356e-01,9.752815277349344836e-01,-7.255805681559700238e-02
2.810438000000000000e+09,-5.737805285055651988e-02,1.300628817239765089e-01,9.742762855034314828e-01,-8.358509016921558676e-02
2.815437000000000000e+09,-5.671688071505437412e-02,1.305804602855346053e-01,9.731464839147655477e-01,-9.459735173328800983e-02
2.820436000000000000e+09,-5.604563698264491273e-02,1.310899183483471842e-01,9.718923654213513785e-01,-1.055934388644694383e-01
2.825435000000000000e+09,-5.536443320225149789e-02,1.315910076653868943e-01,9.705141880957017797e-01,-1.165719534845602035e-01
2.830434000000000000e+09,-5.467338711013701447e-02,1.320834815324942180e-01,9.690122255342340507e-01,-1.275315022467167769e-01
2.835433000000000000e+09,-5.397262261179287118e-02,1.325670949439959889e-01,9.673867667596587339e-01,-1.384706966995332411e-01
2.840432000000000000e+09,-5.326226975990888679e-02,1.330416047483045927e-01,9.656381161219995679e-01,-1.493881534489975849e-01
2.845431000000000000e+09,-5.254246472841286181e-02,1.335067698033855221e-01,9.637665931982937195e-01,-1.602824943183273898e-01
2.850430000000000000e+09,-5.181334978257609580e-02,1.339623511320143234e-01,9.617725326910064876e-01,-1.711523465056887239e-01
2.855429000000000000e+09,-5.107507324517211039e-02,1.344081120767099957e-01,9.596562843252168795e-01,-1.819963427397960354e-01
2.860428000000000000e+09,-5.032778945868846693e-02,1.348438184542506413e-01,9.574182127446015933e-01,-1.928131214334393162e-01
2.865427000000000000e+09,-4.957165874359076296e-02,1.352692387096761095e-01,9.550586974062711398e-01,-2.036013268348928484e-01
2.870426000000000000e+09,-4.880684735263667029e-02,1.356841440696706924e-01,9.525781324744901912e-01,-2.143596091772569934e-01
2.875425000000000000e+09,-4.803352742124502445e-02,1.360883086952322518e-01,9.499769267133284512e-01,-2.250866248257135105e-01
2.880424000000000000e+09,-4.725187691392690459e-02,1.364815098335216970e-01,9.472555033782703582e-01,-2.357810364227355404e-01
2.885423000000000000e+09,-4.646207956678211071e-02,1.368635279687955286e-01,9.444143001068354693e-01,-2.464415130312347935e-01
2.890422000000000000e+09,-4.566432482607932219e-02,1.372341469723198648e-01,9.414537688082276201e-01,-2.570667302756670103e-01
2.895421000000000000e+09,-4.485880778292583582e-02,1.375931542511637240e-01,9.383743755520681518e-01,-2.676553704811087675e-01
2.900420000000000000e+09,-4.404572910404554870e-02,1.379403408957707022e-01,9.351766004562321877e-01,-2.782061228103253625e-01
2.905419000000000000e+09,-4.322529495868421279e-02,1.382755018262064595e-01,9.318609375738248213e-01,-2.887176833988235325e-01
2.910418000000000000e+09,-4.239771694166391547e-02,1.385984359369839547e-01,9.284278947793402903e-01,-2.991887554879162359e-01
2.915417000000000000e+09,-4.156321199260460536e-02,1.389089462403602093e-01,9.248779936540230118e-01,-3.096180495558026879e-01
2.920416000000000000e+09,-4.072200231134594228e-02,1.392068400080067603e-01,9.212117693704630073e-01,-3.200042834466960695e-01
2.925415000000000000e+09,-3.987431526959300115e-02,1.394919289109528282e-01,9.174297705764702382e-01,-3.303461824979766481e-01
2.930414000000000000e+09,-3.902038331882060063e-02,1.397640291576977833e-01,9.135325592782295168e-01,-3.406424796654217713e-01
2.935413000000000000e+09,-3.816044389446750229e-02,1.400229616303932390e-01,9.095207107227963883e-01,-3.508919156465004630e-01
2.940412000000000000e+09,-3.729473931645970602e-02,1.402685520189984880e-01,9.053948132799385373e-01,-3.610932390017609905e-01
2.945411000000000000e+09,-3.642351668610167154e-02,1.405006309533022024e-01,9.011554683233522489e-01,-3.712452062743129000e-01
2.950410000000000000e+09,-3.554702777937482350e-02,1.407190341327182459e-01,8.968032901112945598e-01,-3.813465821074200068e-01
2.955409000000000000e+09,-3.466552893669413993e-02,1.409236024537537380e-01,8.923389056666408692e-01,-3.913961393602362615e-01
2.960408000000000000e+09,-3.377928094916400614e-02,1.411141821350494763e-01,8.877629546563924334e-01,-4.013926592216665590e-01
2.965407000000000000e+09,-3.288854894138716622e-02,1.412906248399030673e-01,8.830760892706736032e-01,-4.113349313223899628e-01
2.970406000000000000e+09,-3.199360225088257459e-02,1.414527877961665181e-01,8.782789741012239082e-01,-4.212217538450432897e-01
2.975405000000000000e+09,-3.109471430415985949e-02,1.416005339134366603e-01,8.733722860194155224e-01,-4.310519336326003592e-01
2.980404000000000000e+09,-3.019216248951483994e-02,1.417337318974327409e-01,8.683567140538207552e-01,-4.408242862949319218e-01
2.985403000000000000e+09,-2.928622802660950722e-02,1.418522563614715015e-01,8.632329592673407825e-01,-4.505376363135769613e-01
2.990402000000000000e+09,-2.837719583289459446e-02,1.419559879349513443e-01,8.580017346339336992e-01,-4.601908171447342544e-01
2.995401000000000000e+09,-2.746535438694220829e-02,1.420448133687496617e-01,8.526637649149377829e-01,-4.697826713204902860e-01
3.000400000000000000e+09,-2.655099558876297672e-02,1.421186256374430967e-01,8.472197865350356016e-01,-4.793120505482864613e-01
3.005399000000000000e+09,-2.563441461717512818e-02,1.421773240382685211e-01,8.416705474578568547e-01,-4.887778158086489300e-01
3.010398000000000000e+09,-2.471590978430094829e-02,1.422208142867295022e-01,8.360168070612551405e-01,-4.981788374511807449e-01
3.015397000000000000e+09,-2.379578238726843403e-02,1.422490086087699890e-01,8.302593360122632049e-01,-5.075139952888461092e-01
3.020396000000000000e+09,-2.287433655719849773e-02,1.422618258294277849e-01,8.243989161417565326e-01,-5.167821786905393289e-01
3.025395000000000000e+09,-2.195187910556116104e-02,1.422591914578869854e-01,8.184363403188338326e-01,-5.259822866719578993e-01
3.030394000000000000e+09,-2.102871936798215644e-02,1.422410377688456684e-01,8.123724123249382867e-01,-5.351132279847962137e-01
3.035393000000000000e+09,-2.010516904559245949e-02,1.422073038801295874e-01,8.062079467277312173e-01,-5.441739212042658869e-01
3.040392000000000000e+09,-1.918154204400746368e-02,1.421579358264637993e-01,7.999437687547444886e-01,-5.531632948149461937e-01
3.045391000000000000e+09,-1.825815431003010442e-02,1.420928866293365012e-01,7.935807141668106413e-01,-5.620802872949817175e-01
3.050390000000000000e+09,-1.733532366617236697e-02,1.420121163628795813e-01,7.871196291313097282e-01,-5.709238471986529673e-01
3.055389000000000000e+09,-1.641336964309436652e-02,1.419155922156959959e-01,7.805613700952289680e-01,-5.796929332372950938e-01
3.060388000000000000e+09,-1.549261331005666840e-02,1.418032885485667471e-01,7.739068036580631915e-01,-5.883865143586061164e-01
3.065387000000000000e+09,-1.457337710349360799e-02,1.416751869479707937e-01,7.671568064445717372e-01,-5.970035698243327804e-01
3.070386000000000000e+09,-1.365598465380755445e-02,1.415312762753599407e-01,7.603122649773986774e-01,-6.055430892863676862e-01
3.075385000000000000e+09,-1.274076061049421275e-02,1.413715527121207072e-01,7.533740755495820229e-01,-6.140040728612329302e-01
3.080384000000000000e+09,-1.182803046570401161e-02,1.411960198001706024e-01,7.463431440969617858e-01,-6.223855312029936693e-01
3.085383000000000000e+09,-1.091812037635255493e-02,1.410046884781366028e-01,7.392203860705124363e-01,-6.306864855745835108e-01
3.090382000000000000e+09,-1.001135698489487823e-02,1.407975771130544618e-01,7.320067263085937581e-01,-6.389059679175702611e-01
3.095381000000000000e+09,-9.108067238873970156e-03,1.405747115275503556e-01,7.247030989091657327e-01,-6.470430209203571481e-01
3.100380000000000000e+09,-8.208578209363394038e-03,1.403361250224480217e-01,7.173104471019523531e-01,-6.550966980848356158e-01
3.105379000000000000e+09,-7.313216908421397121e-03,1.400818583947704143e-01,7.098297231206044389e-01,-6.630660637914886912e-01
3.110378000000000000e+09,-6.422310105678338127e-03,1.398119599510821709e-01,7.022618880748371373e-01,-6.709501933629696824e-01
3.115377000000000000e+09,-5.536184144174332612e-03,1.395264855161461870e-01,6.946079118226000659e-01,-6.787481731261484352e-01
3.120376000000000000e+09,-4.655164755578498036e-03,1.392254984368561099e-01,6.868687728422602223e-01,-6.864591004726378065e-01
3.125375000000000000e+09,-3.779576874906729732e-03,1.389090695814148291e-01,6.790454581048444016e-01,-6.940820839178115653e-01
3.130374000000000000e+09,-2.909744454869836808e-03,1.385772773337325958e-01,6.711389629463294648e-01,-7.016162431583268244e-01
3.135373000000000000e+09,-2.045990279976955817e-03,1.382302075830180166e-01,6.631502909400197598e-01,-7.090607091281382335e-01
3.140372000000000000e+09,-1.188635780524442773e-03,1.378679537085490958e-01,6.550804537690226859e-01,-7.164146240530421261e-01
3.145371000000000000e+09,-3.380008465969159192e-04,1.374906165595977392e-01,6.469304710988241780e-01,-7.236771415037329680e-01
3.150370000000000000e+09,5.055963577818280109e-04,1.370983044305042475e-01,6.387013704500076328e-01,-7.308474264473959758e-01
3.155369000000000000e+09,1.341839580226020278e-03,1.366911330308839267e-01,6.303941870711111672e-01,-7.379246552978405704e-01
3.160368000000000000e+09,2.170414665148176839e-03,1.362692254509678402e-01,6.220099638116545204e-01,-7.449080159641747745e-01
3.165367000000000000e+09,2.991009738384449706e-03,1.358327121220699873e-01,6.135497509953448114e-01,-7.517967078980506423e-01
3.170366000000000000e+09,3.803315391135739503e-03,1.353817307721867091e-01,6.050146062934862456e-01,-7.585899421394672881e-01
3.175365000000000000e+09,4.607024863101663419e-03,1.349164263767302085e-01,5.964055945986048712e-01,-7.652869413611527172e-01
3.180364000000000000e+09,5.401834224665480987e-03,1.344369511044113397e-01,5.877237878983161412e-01,-7.718869399115304564e-01
3.185363000000000000e+09,6.187442558001779794e-03,1.339434642582778834e-01,5.789702651494434971e-01,-7.783891838562906340e-01
3.190362000000000000e+09,6.963552136963688244e-03,1.334361322119332338e-01,5.701461121524128428e-01,-7.847929310185596252e-01
3.195361000000000000e+09,7.729868605623542617e-03,1.329151283409523154e-01,5.612524214259370092e-01,-7.910974510176933538e-01
3.200360000000000000e+09,8.486101155323158216e-03,1.323806329495195167e-01,5.522902920820297323e-01,-7.973020253066919194e-01
3.205359000000000000e+09,9.231962700107074551e-03,1.318328331923230567e-01,5.432608297013186149e-01,-8.034059472082702991e-01
3.210358000000000000e+09,9.967170050401208403e-03,1.312719229917320152e-01,5.341651462087464441e-01,-8.094085219495671391e-01
3.215357000000000000e+09,1.069144408479917423e-02,1.306981029503002656e-01,5.250043597496143466e-01,-8.153090666955292720e-01
3.220356000000000000e+09,1.140450991983042207e-02,1.301115802586366166e-01,5.157795945660355041e-01,-8.211069105809686297e-01
3.225355000000000000e+09,1.210609707757616567e-02,1.295125685986803221e-01,5.064919808737804452e-01,-8.268013947413211939e-01
3.230354000000000000e+09,1.279593965099289077e-02,1.289012880424429686e-01,4.971426547395663698e-01,-8.323918723421035448e-01
3.235353000000000000e+09,1.347377646682995297e-02,1.282779649462604810e-01,4.877327579587918405e-01,-8.378777086070959834e-01
3.240352000000000000e+09,1.413935124599368862e-02,1.276428318406186146e-01,4.782634379337326602e-01,-8.432582808452695478e-01
3.245351000000000000e+09,1.479241276124360072e-02,1.269961273156078874e-01,4.687358475522390711e-01,-8.485329784764517047e-01
3.250350000000000000e+09,1.543271499208738289e-02,1.263380959020782568e-01,4.591511450669293337e-01,-8.537012030557807885e-01
3.255349000000000000e+09,1.606001727675335569e-02,1.256689879485639316e-01,4.495104939749226536e-01,-8.587623682969345307e-01
3.260348000000000000e+09,1.667408446111172393e-02,1.249890594940409189e-01,4.398150628981095100e-01,-8.637159000941736497e-01
3.265347000000000000e+09,1.727468704443048744e-02,1.242985721366112462e-01,4.300660254639911972e-01,-8.685612365432073823e-01
3.270346000000000000e+09,1.786160132184253652e-02,1.235977928981762258e-01,4.202645601871098924e-01,-8.732978279609056038e-01
3.275345000000000000e+09,1.843460952340182993e-02,1.228869940851997078e-01,4.104118503510799654e-01,-8.779251369038718611e-01
3.280344000000000000e+09,1.899349994962662089e-02,1.221664531456381902e-01,4.005090838912425122e-01,-8.824426381859135082e-01
3.285343000000000000e+09,1.953806710339850428e-02,1.214364525221348634e-01,3.905574532779608199e-01,-8.868498188944089478e-01
3.290342000000000000e+09,2.006811181812625036e-02,1.206972795015722605e-01,3.805581554005762479e-01,-8.911461784056157187e-01
3.295341000000000000e+09,2.058344138205159962e-02,1.199492260610807021e-01,3.705123914520530026e-01,-8.953312283989235398e-01
3.300340000000000000e+09,2.108386965859686268e-02,1.191925887106100590e-01,3.604213668142928206e-01,-8.994044928700989372e-01
3.305339000000000000e+09,2.156921720265650780e-02,1.184276683321617701e-01,3.502862909441903372e-01,-9.033655081435232326e-01
3.310338000000000000e+09,2.203931137272278559e-02,1.176547700158000198e-01,3.401083772603930022e-01,-9.072138228834684126e-01
3.315337000000000000e+09,2.249398643876393544e-02,1.168742028925475324e-01,3.298888430308264952e-01,-9.109489981044235352e-01
3.320336000000000000e+09,2.293308368574322256e-02,1.160862799642834731e-01,3.196289092609589377e-01,-9.145706071805154158e-01
3.325335000000000000e+09,2.335645151270692929e-02,1.152913179307646085e-01,3.093298005828569175e-01,-9.180782358540298116e-01
3.330334000000000000e+09,2.376394552734139784e-02,1.144896370138841490e-01,2.989927451450231644e-01,-9.214714822430841723e-01
3.335333000000000000e+09,2.415542863592376466e-02,1.136815607793009858e-01,2.886189745030303677e-01,-9.247499568484705001e-01
3.340332000000000000e+09,2.453077112858203720e-02,1.128674159555596995e-01,2.782097235109801669e-01,-9.279132825596992928e-01
3.345331000000000000e+09,2.488985075979212661e-02,1.120475322508331928e-01,2.677662302137834294e-01,-9.309610946602779880e-01
3.350330000000000000e+09,2.523255282403835675e-02,1.112222421674206319e-01,2.572897357402760821e-01,-9.338930408322547727e-01
3.355329000000000000e+09,2.555877022656859870e-02,1.103918808141334529e-01,2.467814841971868178e-01,-9.367087811600655067e-01
3.360328000000000000e+09,2.586840354918017171e-02,1.095567857167062398e-01,2.362427225639558703e-01,-9.394079881337126237e-01
3.365327000000000000e+09,2.616136111097585454e-02,1.087172966263741519e-01,2.256747005884221502e-01,-9.419903466513072088e-01
3.370326000000000000e+09,2.643755902403571723e-02,1.078737553267515026e-01,2.150786706833932582e-01,-9.444555540210164413e-01
3.375325000000000000e+09,2.669692124395043817e-02,1.070265054391616732e-01,2.044558878240676225e-01,-9.468033199624551477e-01
3.380324000000000000e+09,2.693937961516721172e-02,1.061758922265536031e-01,1.938076094463630772e-01,-9.490333666075381203e-01
3.385323000000000000e+09,2.716487391111156030e-02,1.053222623961595078e-01,1.831350953461262643e-01,-9.511454285008565934e-01
3.390322000000000000e+09,2.737335186903473369e-02,1.044659639010403623e-01,1.724396075792331839e-01,-9.531392525995998621e-01
3.395321000000000000e+09,2.756476921956341197e-02,1.036073457406560538e-01,1.617224103625714837e-01,-9.550145982730577909e-01
3.400320000000000000e+09,2.773908971091303827e-02,1.027467577606272220e-01,1.509847699759332973e-01,-9.567712373017565053e-01
3.405319000000000000e+09,2.789628512774364189e-02,1.018845504518284539e-01,1.402279546647764996e-01,-9.584089538762562421e-01
3.410318000000000000e+09,2.803633530463365414e-02,1.010210747489681954e-01,1.294532345439002863e-01,-9.599275445956467756e-01
3.415317000000000000e+09,2.815922813416155135e-02,1.001566818288047583e-01,1.186618815019804124e-01,-9.613268184657950410e-01
3.420316000000000000e+09,2.826495956957010905e-02,9.929172290815975466e-02,1.078551691069995766e-01,-9.626065968973680498e-01
3.425315000000000000e+09,2.835353362202229499e-02,9.842654904187141118e-02,9.703437251254092011e-02,-9.637667137036853848e-01
3.430314000000000000e+09,2.842496235243366365e-02,9.756151092085151022e-02,8.620076836496656791e-02,-9.648070150984298099e-01
3.435313000000000000e+09,2.847926585788959977e-02,9.669695867039176940e-02,7.535563471141441816e-02,-9.657273596932685056e-01
3.440312000000000000e+09,2.851647225264495808e-02,9.583324164888346042e-02,6.450025090868018174e-02,-9.665276184954126881e-01
3.445311000000000000e+09,2.853661764373636306e-02,9.497070824709005765e-02,5.363589753289948331e-02,-9.672076749051691236e-01
3.450310000000000000e+09,2.853974610119562952e-02,9.410970568814316928e-02,4.276385629006596023e-02,-9.677674247135176211e-01
3.455309000000000000e+09,2.852590962290999996e-02,9.325057982840113946e-02,3.188540992733580187e-02,-9.682067760997526973e-01
3.460308000000000000e+09,2.849516809413981180e-02,9.239367495933063779e-02,2.100184214512843678e-02,-9.685256496292374839e-01
3.465307000000000000e+09,2.844758924172686651e-02,9.153933361055775764e-02,1.011443750998844253e-02,-9.687239782513052955e-01
3.470306000000000000e+09,2.838324858302680373e-02,9.068789635424755191e-02,-7.755186318196130102e-04,-9.688017072973527100e-01
3.475305000000000000e+09,2.830222936960944194e-02,8.983970161094863294e-02,-1.166674023997939756e-02,-9.687587944791565819e-01
3.480304000000000000e+09,2.820462252575928891e-02,8.899508545706673324e-02,-2.255794066511105159e-02,-9.685952098874660576e-01
3.485303000000000000e+09,2.809052658184027149e-02,8.815438143410118943e-02,-3.344783273307088550e-02,-9.683109359908986802e-01
3.490302000000000000e+09,2.796004760255468846e-02,8.731792035979993316e-02,-4.433512882862569032e-02,-9.679059676351875474e-01
3.495301000000000000e+09,2.781329911018014592e-02,8.648603014136974076e-02,-5.521854097850565496e-02,-9.673803120428072777e-01
3.500300000000000000e+09,2.765040200281572089e-02,8.565903559088966501e-02,-6.609678093387284792e-02,-9.667339888130301873e-01
3.505299000000000000e+09,2.747148446773008817e-02,8.483725824306326269e-02,-7.696856025224363407e-02,-9.659670299224367707e-01
3.510298000000000000e+09,2.727668188985968301e-02,8.402101617545172652e-02,-8.783259037889916410e-02,-9.650794797259221180e-01
3.515297000000000000e+09,2.706613675554066234e-02,8.321062383132488138e-02,-9.868758272781100183e-02,-9.640713949582359055e-01
3.520296000000000000e+09,2.683999855155453501e-02,8.240639184525593020e-02,-1.095322487621353674e-01,-9.629428447360858234e-01
3.525295000000000000e+09,2.659842365955436549e-02,8.160862687160400086e-02,-1.203653000742922891e-01,-9.616939105608387495e-01
3.530294000000000000e+09,2.634157524597595390e-02,8.081763141600098455e-02,-1.311854484657069275e-01,-9.603246863218560803e-01
3.535293000000000000e+09,2.606962314751009452e-02,8.003370366997826502e-02,-1.419914060262128797e-01,-9.588352783004842061e-01
3.540292000000000000e+09,2.578274375222726345e-02,7.925713734885282691e-02,-1.527818852131989369e-01,-9.572258051747446483e-01
3.545291000000000000e+09,2.548111987646620169e-02,7.848822153299128690e-02,-1.635555989305224334e-01,-9.554963980247417332e-01
3.550290000000000000e+09,2.516494063756390814e-02,7.772724051257245970e-02,-1.743112606072550752e-01,-9.536472003388143381e-01
3.555289000000000000e+09,2.483440132254973592e-02,7.697447363596399139e-02,-1.850475842762894230e-01,-9.516783680204708995e-01
3.560288000000000000e+09,2.448970325289863761e-02,7.623019516181989141e-02,-1.957632846528735149e-01,-9.495900693961121242e-01
3.565287000000000000e+09,2.413105364545820725e-02,7.549467411501091518e-02,-2.064570772131283372e-01,-9.473824852235801508e-01
3.570286000000000000e+09,2.375866546965763743e-02,7.476817414648880000e-02,-2.171276782725817533e-01,-9.450558087015528130e-01
3.575285000000000000e+09,2.337275730112110816e-02,7.405095339718832659e-02,-2.277738050648059065e-01,-9.426102454797938845e-01
3.580284000000000000e+09,2.297355317179633483e-02,7.334326436606518340e-02,-2.383941758201720551e-01,-9.400460136702909475e-01
3.585283000000000000e+09,2.256128241672444856e-02,7.264535378235689733e-02,-2.489875098448307011e-01,-9.373633438592742229e-01
3.590282000000000000e+09,2.213617951757388541e-02,7.195746248216734753e-02,-2.595525275999391313e-01,-9.345624791201719850e-01
3.595281000000000000e+09,2.169848394306268455e-02,7.127982528944984408e-02,-2.700879507812100622e-01,-9.316436750274517120e-01
3.600280000000000000e+09,2.124843998639859566e-02,7.061267090148003189e-02,-2.805925023988367073e-01,-9.286071996714302390e-01
3.605279000000000000e+09,2.078629659987129771e-02,6.995622177889390669e-02,-2.910649068578819998e-01,-9.254533336739958482e-01
3.610278000000000000e+09,2.031230722672239253e-02,6.931069404036128978e-02,-3.015038900391566745e-01,-9.221823702052918126e-01
3.615277000000000000e+09,1.982672963043232220e-02,6.867629736197172763e-02,-3.119081793806848246e-01,-9.187946150013418523e-01
3.620276000000000000e+09,1.932982572156496590e-02,6.805323488139762567e-02,-3.222765039597970671e-01,-9.152903863826313824e-01
3.625275000000000000e+09,1.882186138229347688e-02,6.744170310689084902e-02,-3.326075945759500718e-01,-9.116700152736335605e-01
3.630274000000000000e+09,1.830310628877004214e-02,6.684189183117829336e-02,-3.429001838343003206e-01,-9.079338452232883494e-01
3.635273000000000000e+09,1.777383373145554474e-02,6.625398405030742677e-02,-3.531530062301356798e-01,-9.040822324264108367e-01
3.640272000000000000e+09,1.723432043357062821e-02,6.567815588748940336e-02,-3.633647982342091409e-01,-9.001155457460471299e-01
3.645271000000000000e+09,1.668484636780629901e-02,6.511457652198704427e-02,-3.735342983790641558e-01,-8.960341667367385243e-01
3.650270000000000000e+09,1.612569457143022203e-02,6.456340812308838939e-02,-3.836602473464026386e-01,-8.918384896686979424e-01
3.655269000000000000e+09,1.555715095994767740e-02,6.402480578920567711e-02,-3.937413880555798440e-01,-8.875289215528811004e-01
3.660268000000000000e+09,1.497950413945745018e-02,6.349891749212070724e-02,-4.037764657532927348e-01,-8.831058821669305336e-01
3.665267000000000000e+09,1.439304521784376227e-02,6.298588402642255057e-02,-4.137642281045334491e-01,-8.785698040819642785e-01
3.670266000000000000e+09,1.379806761496394502e-02,6.248583896414531408e-02,-4.237034252848758675e-01,-8.739211326902002197e-01
3.675265000000000000e+09,1.319486687196622099e-02,6.199890861463276670e-02,-4.335928100741615610e-01,-8.691603262333796875e-01
3.680264000000000000e+09,1.258374045989846778e-02,6.152521198964734650e-02,-4.434311379516837071e-01,-8.642878558319585514e-01
3.685263000000000000e+09,1.196498758774555693e-02,6.106486077372631771e-02,-4.532171671929033918e-01,-8.593042055150399428e-01
3.690262000000000000e+09,1.133890901004858814e-02,6.061795929980146741e-02,-4.629496589677872809e-01,-8.542098722510079734e-01
3.695261000000000000e+09,1.070580683425251776e-02,6.018460453007301592e-02,-4.726273774408424888e-01,-8.490053659788284746e-01
3.700260000000000000e+09,1.006598432793102613e-02,5.976488604215131339e-02,-4.822490898729073772e-01,-8.436912096399702410e-01
3.705259000000000000e+09,9.419745726034347427e-03,5.935888602044126633e-02,-4.918135667247782727e-01,-8.382679392109082528e-01
3.710258000000000000e+09,8.767396038302096087e-03,5.896667925277879890e-02,-5.013195817627267292e-01,-8.327361037361581397e-01
3.715257000000000000e+09,8.109240857005116376e-03,5.858833313228894307e-02,-5.107659121659865464e-01,-8.270962653617934812e-01
3.720256000000000000e+09,7.445586165128473960e-03,5.822390766445341426e-02,-5.201513386362912605e-01,-8.213489993693929847e-01
3.725255000000000000e+09,6.776738145182540501e-03,5.787345547937142870e-02,-5.294746455094859749e-01,-8.154948942103572573e-01
3.730254000000000000e+09,6.103002988742173805e-03,5.753702184917144913e-02,-5.387346208693337690e-01,-8.095345515405500958e-01
3.735253000000000000e+09,5.424686706890427881e-03,5.721464471056079276e-02,-5.479300566635298964e-01,-8.034685862551846913e-01
3.740252000000000000e+09,4.742094941687701425e-03,5.690635469246337064e-02,-5.570597488220345728e-01,-7.972976265238952420e-01
3.745251000000000000e+09,4.055532778814676526e-03,5.661217514871786510e-02,-5.661224973777428948e-01,-7.910223138259451225e-01
3.750250000000000000e+09,3.365304561525574254e-03,5.633212219579058350e-02,-5.751171065895741563e-01,-7.846433029854684715e-01
3.755249000000000000e+09,2.671713706044218789e-03,5.606620475545184140e-02,-5.840423850680532825e-01,-7.781612622067007878e-01
3.760248000000000000e+09,1.975062518544402814e-03,5.581442460237709402e-02,-5.928971459034020342e-01,-7.715768731091025012e-01
3.765247000000000000e+09,1.275652013845207482e-03,5.557677641660453000e-02,-6.016802067962390144e-01,-7.648908307623113467e-01
3.770246000000000000e+09,5.737817359503411289e-04,5.535324784081147725e-02,-6.103903901908958041e-01,-7.581038437208361680e-01
3.775245000000000000e+09,-1.302504194351680430e-04,5.514381954232619454e-02,-6.190265234114560311e-01,-7.512166340583933399e-01
3.780244000000000000e+09,-8.361483802865496374e-04,5.494846527983349160e-02,-6.275874388005131532e-01,-7.442299374018319646e-01
3.785243000000000000e+09,-1.543618071409068619e-03,5.476715197468932234e-02,-6.360719738607236717e-01,-7.371445029645193880e-01
3.790242000000000000e+09,-2.252367585242995903e-03,5.459983978678483590e-02,-6.444789713991946334e-01,-7.299610935791276400e-01
3.795241000000000000e+09,-2.962107350184896553e-03,5.444648219488105317e-02,-6.528072796747470541e-01,-7.226804857296955653e-01
3.800240000000000000e+09,-3.672550296327588889e-03,5.430702608133593928e-02,-6.610557525480942331e-01,-7.153034695828991429e-01
3.805239000000000000e+09,-4.383412018487040616e-03,5.418141182115115279e-02,-6.692232496349680426e-01,-7.078308490184042068e-01
3.810238000000000000e+09,-5.094410936406574414e-03,5.406957337524412321e-02,-6.773086364622390443e-01,-7.002634416582151911e-01
3.815237000000000000e+09,-5.805268452031523904e-03,5.397143838786992720e-02,-6.853107846270447556e-01,-6.926020788949061036e-01
3.820236000000000000e+09,-6.515709103743329636e-03,5.388692828810054403e-02,-6.932285719589702522e-01,-6.848476059186322518e-01
3.825235000000000000e+09,-7.225460717438941111e-03,5.381595839526611552e-02,-7.010608826853019782e-01,-6.770008817428049275e-01
3.830234000000000000e+09,-7.934254554366063431e-03,5.375843802826586054e-02,-7.088066075993605386e-01,-6.690627792283350139e-01
3.835233000000000000e+09,-8.641825455609816048e-03,5.371427061866257402e-02,-7.164646442319716479e-01,-6.610341851063087359e-01
3.840232000000000000e+09,-9.347911983120696378e-03,5.368335382743837786e-02,-7.240338970260321583e-01,-6.529159999989901930e-01
3.845231000000000000e+09,-1.005225655720937313e-02,5.366557966533581914e-02,-7.315132775142445531e-01,-6.447091384390497559e-01
3.850230000000000000e+09,-1.075460559040067321e-02,5.366083461665899224e-02,-7.389017044999733885e-01,-6.364145288868676698e-01
3.855229000000000000e+09,-1.145470961757022281e-02,5.366899976644496500e-02,-7.461981042412838550e-01,-6.280331137458128321e-01
3.860228000000000000e+09,-1.215232342226051088e-02,5.368995093088338444e-02,-7.534014106381019538e-01,-6.195658493753711804e-01
3.865227000000000000e+09,-1.284720615912142601e-02,5.372355879088280828e-02,-7.605105654225438050e-01,-6.110137061020020077e-01
3.870226000000000000e+09,-1.353912147236490358e-02,5.376968902867057531e-02,-7.675245183523938808e-01,-6.023776682275782113e-01
3.875225000000000000e+09,-1.422783761018372485e-02,5.382820246730485314e-02,-7.744422274076957491e-01,-5.936587340353151054e-01
3.880224000000000000e+09,-1.491312753504248946e-02,5.389895521299031128e-02,-7.812626589904811958e-01,-5.848579157930325900e-01
3.885223000000000000e+09,-1.559476902978424936e-02,5.398179880007853565e-02,-7.879847881275823251e-01,-5.759762397536368761e-01
3.890222000000000000e+09,-1.627254479947762983e-02,5.407658033862664665e-02,-7.946075986765379628e-01,-5.670147461526895416e-01
3.895221000000000000e+09,-1.694624256894741721e-02,5.418314266440332760e-02,-8.011300835345247506e-01,-5.579744892029127046e-01
3.900220000000000000e+09,-1.761565517592417543e-02,5.430132449121204824e-02,-8.075512448503289198e-01,-5.488565370855551517e-01
3.905219000000000000e+09,-1.828058065976084431e-02,5.443096056541259220e-02,-8.138700942392798066e-01,-5.396619719384175839e-01
3.910218000000000000e+09,-1.894082234565547598e-02,5.457188182250682917e-02,-8.200856530011320089e-01,-5.303918898404428317e-01
3.915217000000000000e+09,-1.959618892434520851e-02,5.472391554567766769e-02,-8.261969523408420057e-01,-5.210474007927522466e-01
3.920216000000000000e+09,-2.024649452720611587e-02,5.488688552613940619e-02,-8.322030335921835054e-01,-5.116296286959525208e-01
3.925215000000000000e+09,-2.089155879673571317e-02,5.506061222517716347e-02,-8.381029484441520072e-01,-5.021397113236286680e-01
3.930214000000000000e+09,-2.153120695235938992e-02,5.524491293774595746e-02,-8.438957591701098382e-01,-4.925788002918434771e-01
3.935213000000000000e+09,-2.216526985154349677e-02,5.543960195749910586e-02,-8.495805388595830676e-01,-4.829480610245543426e-01
3.940212000000000000e+09,-2.279358404617187056e-02,5.564449074311059867e-02,-8.551563716526676684e-01,-4.732486727147877659e-01
3.945211000000000000e+09,-2.341599183415113070e-02,5.585938808577087245e-02,-8.606223529769462255e-01,-4.634818282814580637e-01
3.950210000000000000e+09,-2.403234130624300538e-02,5.608410027770607126e-02,-8.659775897868705608e-01,-4.536487343216802914e-01
3.955209000000000000e+09,-2.464248638807263470e-02,5.631843128160892581e-02,-8.712212008054851520e-01,-4.437506110584670815e-01
3.960208000000000000e+09,-2.524628687731545612e-02,5.656218290082573597e-02,-8.763523167684301729e-01,-4.337886922836795001e-01
3.965207000000000000e+09,-2.584360847603682163e-02,5.681515495019076600e-02,-8.813700806701451063e-01,-4.237642252960923672e-01
3.970206000000000000e+09,-2.643432281818216753e-02,5.707714542734568242e-02,-8.862736480121214955e-01,-4.136784708344577455e-01
3.975205000000000000e+09,-2.701830749219892580e-02,5.734795068444133170e-02,-8.910621870531629796e-01,-4.035327030054542408e-01
3.980204000000000000e+09,-2.759544605879705320e-02,5.762736560005741332e-02,-8.957348790615139444e-01,-3.933282092063680180e-01
3.985203000000000000e+09,-2.816562806383727385e-02,5.791518375122756829e-02,-9.002909185687368865e-01,-3.830662900424270378e-01
3.990202000000000000e+09,-2.872874904636085747e-02,5.821119758543287503e-02,-9.047295136252416770e-01,-3.727482592386324733e-01
3.995201000000000000e+09,-2.928471054175509763e-02,5.851519859241337274e-02,-9.090498860573428264e-01,-3.623754435459997647e-01
4.000200000000000000e+09,-2.983342008007497728e-02,5.882697747568697150e-02,-9.132512717256918711e-01,-3.519491826420900193e-01
4.005199000000000000e+09,-3.037479117952839383e-02,5.914632432363095549e-02,-9.173329207849991729e-01,-3.414708290257048029e-01
4.010198000000000000e+09,-3.090874333514518138e-02,5.947302877998865422e-02,-9.212940979448511758e-01,-3.309417479056508404e-01
4.015197000000000000e+09,-3.143520200264009884e-02,5.980688021368011503e-02,-9.251340827315356341e-01,-3.203633170834895294e-01
4.020196000000000000e+09,-3.195409857751593807e-02,6.014766788777597267e-02,-9.288521697507057251e-01,-3.097369268301267686e-01
4.025195000000000000e+09,-3.246537036940656817e-02,6.049518112751140625e-02,-9.324476689507164018e-01,-2.990639797561724378e-01
4.030194000000000000e+09,-3.296896057170945610e-02,6.084920948720062839e-02,-9.359199058865093068e-01,-2.883458906759820972e-01
4.035193000000000000e+09,-3.346481822653533944e-02,6.120954291592964336e-02,-9.392682219838756064e-01,-2.775840864652677209e-01
4.040192000000000000e+09,-3.395289818501633083e-02,6.157597192190057689e-02,-9.424919748039176648e-01,-2.667800059122140688e-01
4.045191000000000000e+09,-3.443316106299921381e-02,6.194828773528428256e-02,-9.455905383075661197e-01,-2.559350995619894542e-01
4.050190000000000000e+09,-3.490557319219370069e-02,6.232628246947961859e-02,-9.485633031199577347e-01,-2.450508295546045545e-01
4.055189000000000000e+09,-3.537010656679609455e-02,6.270974928063297038e-02,-9.514096767945301458e-01,-2.341286694560306969e-01
4.060188000000000000e+09,-3.582673878565508646e-02,6.309848252529784429e-02,-9.541290840766042392e-01,-2.231701040824936311e-01
4.065187000000000000e+09,-3.627545299003716306e-02,6.349227791612739591e-02,-9.567209671663197135e-01,-2.121766293179083440e-01
4.070186000000000000e+09,-3.671623779702778978e-02,6.389093267545313537e-02,-9.591847859807050014e-01,-2.011497519243678755e-01
4.075185000000000000e+09,-3.714908722865260804e-02,6.429424568665136064e-02,-9.615200184147073559e-01,-1.900909893456602107e-01
4.080184000000000000e+09,-3.757400063677807794e-02,6.470201764316470261e-02,-9.637261606009731585e-01,-1.790018695037163543e-01
4.085183000000000000e+09,-3.799098262383512892e-02,6.511405119507250594e-02,-9.658027271681887127e-01,-1.678839305880095445e-01
4.090182000000000000e+09,-3.840004295947305191e-02,6.553015109308503450e-02,-9.677492514977928950e-01,-1.567387208378146213e-01
4.095181000000000000e+09,-3.880119649318541225e-02,6.595012432985604411e-02,-9.695652859788226330e-01,-1.455677983173265799e-01
4.100180000000000000e+09,-3.919446306300338606e-02,6.637378027850060480e-02,-9.712504022607197918e-01,-1.343727306835810487e-01
4.105179000000000000e+09,-3.957986740032556211e-02,6.680093082819915651e-02,-9.728041915038750931e-01,-1.231550949471913320e-01
4.110178000000000000e+09,-3.995743903097252747e-02,6.723139051679725975e-02,-9.742262646276882432e-01,-1.119164772258692542e-01
4.115177000000000000e+09,-4.032721217254205126e-02,6.766497666028357949e-02,-9.755162525559349929e-01,-1.006584724907175765e-01
4.120176000000000000e+09,-4.068922562817278016e-02,6.810150947903910457e-02,-9.766738064592429547e-01,-8.938268430529451580e-02
4.125175000000000000e+09,-4.104352267677982558e-02,6.854081222077448854e-02,-9.776985979944183835e-01,-7.809072455746653152e-02
4.130174000000000000e+09,-4.139015095988120285e-02,6.898271128003471975e-02,-9.785903195404379584e-01,-6.678421318404802187e-02
4.135173000000000000e+09,-4.172916236509677246e-02,6.942703631419237797e-02,-9.793486844308608719e-01,-5.546477788825909805e-02
4.140172000000000000e+09,-4.206061290641999878e-02,6.987362035582181385e-02,-9.799734271824482867e-01,-4.413405384999809916e-02
4.145171000000000000e+09,-4.238456260137513087e-02,7.032229992137928321e-02,-9.804643037197691147e-01,-3.279368342900525202e-02
4.150170000000000000e+09,-4.270107534515260594e-02,7.077291511607924912e-02,-9.808210915955317688e-01,-2.144531586091431158e-02
4.155169000000000000e+09,-4.301021878183138719e-02,7.122530973490086292e-02,-9.810435902064769120e-01,-1.009060694627327351e-02
4.160168000000000000e+09,-4.331206417280145798e-02,7.167933135963100444e-02,-9.811316210045454289e-01,1.268781267443520313e-03
4.165167000000000000e+09,-4.360668626250466945e-02,7.213483145185857481e-02,-9.810850277030991329e-01,1.263118081074948891e-02
4.170166000000000000e+09,-4.389416314158763738e-02,7.259166544185956249e-02,-9.809036764780353357e-01,2.399491812391126022e-02
4.175165000000000000e+09,-4.417457610760647940e-02,7.304969281328373143e-02,-9.805874561634513320e-01,3.535831439552174216e-02
4.180164000000000000e+09,-4.444800952338591460e-02,7.350877718356906010e-02,-9.801362784417418927e-01,4.671968590776540836e-02
4.185163000000000000e+09,-4.471455067316488369e-02,7.396878638003658024e-02,-9.795500780278276753e-01,5.807734438829335877e-02
4.190162000000000000e+09,-4.497428961664166891e-02,7.442959251157177381e-02,-9.788288128473271454e-01,6.942959736860955522e-02
4.195161000000000000e+09,-4.522731904105209422e-02,7.489107203585541883e-02,-9.779724642084366426e-01,8.077474854888416766e-02
4.200160000000000000e+09,-4.547373411139878085e-02,7.535310582206854180e-02,-9.769810369672868866e-01,9.211109816902857128e-02
4.205159000000000000e+09,-4.571363231897537793e-02,7.581557920902905201e-02,-9.758545596865724203e-01,1.034369433859648191e-01
4.210158000000000000e+09,-4.594711332829416045e-02,7.627838205869716393e-02,-9.745930847872202873e-01,1.147505786569145703e-01
4.215157000000000000e+09,-4.617427882256740224e-02,7.674140880500564255e-02,-9.731966886928742344e-01,1.260502961286132095e-01
4.220156000000000000e+09,-4.639523234787688161e-02,7.720455849797942804e-02,-9.716654719670040352e-01,1.373343860322620569e-01
4.225155000000000000e+09,-4.661007915614510250e-02,7.766773484308386877e-02,-9.699995594424107859e-01,1.486011370840949752e-01
4.230154000000000000e+09,-4.681892604707342531e-02,7.813084623578248067e-02,-9.681991003429134546e-01,1.598488368913856816e-01
4.235153000000000000e+09,-4.702188120916942632e-02,7.859380579126591659e-02,-9.662642683970196211e-01,1.710757723637281735e-01
4.240152000000000000e+09,-4.721905405999367311e-02,7.905653136931048430e-02,-9.641952619433901139e-01,1.822802301294298155e-01
4.245151000000000000e+09,-4.741055508579872235e-02,7.951894559426150866e-02,-9.619923040278788307e-01,1.934604969568019806e-01
4.250150000000000000e+09,-4.759649568065951741e-02,7.998097587009812826e-02,-9.596556424919536754e-01,2.046148601801900668e-01
4.255149000000000000e+09,-4.777698798527398039e-02,8.044255439058191348e-02,-9.571855500523384075e-01,2.157416081305310596e-01
4.260148000000000000e+09,-4.795214472555472951e-02,8.090361814444828326e-02,-9.545823243716468065e-01,2.268390305702299159e-01
4.265147000000000000e+09,-4.812207905115993556e-02,8.136410891566561721e-02,-9.518462881198622716e-01,2.379054191321585410e-01
4.270146000000000000e+09,-4.828690437412502812e-02,8.182397327871909765e-02,-9.489777890264866622e-01,2.489390677625156478e-01
4.275145000000000000e+09,-4.844673420770281846e-02,8.228316258894774471e-02,-9.459771999231577633e-01,2.599382731674055313e-01
4.280144000000000000e+09,-4.860168200560279622e-02,8.274163296791781086e-02,-9.428449187766222428e-01,2.709013352627943627e-01
4.285143000000000000e+09,-4.875186100173784648e-02,8.319934528384798078e-02,-9.395813687118579338e-01,2.818265576276924866e-01
4.290142000000000000e+09,-4.889738405064866095e-02,8.365626512708275453e-02,-9.361869980252165435e-01,2.927122479602891070e-01
4.295141000000000000e+09,-4.903836346873274160e-02,8.411236278065702121e-02,-9.326622801874662194e-01,3.035567185367524790e-01
4.300140000000000000e+09,-4.917491087644268455e-02,8.456761318593912502e-02,-9.290077138365415710e-01,3.143582866725073144e-01
4.305139000000000000e+09,-4.930713704158018462e-02,8.502199590339222512e-02,-9.252238227599154374e-01,3.251152751856414280e-01
4.310138000000000000e+09,-4.943515172384831124e-02,8.547549506847604284e-02,-9.213111558664582867e-01,3.358260128622619356e-01
4.315137000000000000e+09,-4.955906352079195165e-02,8.592809934272732653e-02,-9.172702871476600128e-01,3.464888349234511167e-01
4.320136000000000000e+09,-4.967897971528564827e-02,8.637980186004320937e-02,-9.131018156281149878e-01,3.571020834935768051e-01
4.325135000000000000e+09,-4.979500612469291154e-02,8.683060016821515792e-02,-9.088063653051653423e-01,3.676641080696699260e-01
4.330134000000000000e+09,-4.990724695186013471e-02,8.728049616575964120e-02,-9.043845850776301987e-01,3.781732659915691963e-01
4.335133000000000000e+09,-5.001580463807598492e-02,8.772949603407682873e-02,-8.998371486634838545e-01,3.886279229125603196e-01
4.340132000000000000e+09,-5.012077971813386212e-02,8.817761016502163873e-02,-8.951647545064946865e-01,3.990264532701666145e-01
4.345131000000000000e+09,-5.022227067764288566e-02,8.862485308391190864e-02,-8.903681256716711179e-01,4.093672407568335059e-01
4.350130000000000000e+09,-5.032037381272973231e-02,8.907124336804590758e-02,-8.854480097295203134e-01,4.196486787901854143e-01
4.355129000000000000e+09,-5.041518309225324207e-02,8.951680356080728151e-02,-8.804051786290330028e-01,4.298691709825318008e-01
4.360128000000000000e+09,-5.050679002268656376e-02,8.996156008140171467e-02,-8.752404285593846645e-01,4.400271316093227192e-01
4.365127000000000000e+09,-5.059528351577494837e-02,9.040554313032460321e-02,-8.699545798003079922e-01,4.501209860762284132e-01
4.370126000000000000e+09,-5.068074975913103991e-02,9.084878659061570993e-02,-8.645484765611185507e-01,4.601491713845409226e-01
4.375125000000000000e+09,-5.076327208987124057e-02,9.129132792499003446e-02,-8.590229868083927300e-01,4.701101365945523081e-01
4.380124000000000000e+09,-5.084293087143743062e-02,9.173320806893910107e-02,-8.533790020822840106e-01,4.800023432866044049e-01
4.385123000000000000e+09,-5.091980337371208171e-02,9.217447131987561992e-02,-8.476174373015179508e-01,4.898242660194854770e-01
4.390122000000000000e+09,-5.099396365657755947e-02,9.261516522242740912e-02,-8.417392305570348121e-01,4.995743927858298239e-01
4.395121000000000000e+09,-5.106548245700603256e-02,9.305534044997124110e-02,-8.357453428943745211e-01,5.092512254642108660e-01
4.400120000000000000e+09,-5.113442707982485819e-02,9.349505068250811568e-02,-8.296367580847965328e-01,5.188532802676065758e-01
4.405119000000000000e+09,-5.120086129226319310e-02,9.393435248098432055e-02,-8.234144823851984318e-01,5.283790881878804857e-01
4.410118000000000000e+09,-5.126484522237953478e-02,9.437330515817594911e-02,-8.170795442869214220e-01,5.378271954359840068e-01
4.415117000000000000e+09,-5.132643526151173946e-02,9.481197064622232107e-02,-8.106329942534695743e-01,5.471961638775107994e-01
4.420116000000000000e+09,-5.138568397081737932e-02,9.525041336095660394e-02,-8.040759044472619577e-01,5.564845714633521734e-01
4.425115000000000000e+09,-5.144263999203441823e-02,9.568870006313145993e-02,-7.974093684455120234e-01,5.656910126550256379e-01
4.430114000000000000e+09,-5.149734796255819869e-02,9.612689971665869249e-02,-7.906345009452947492e-01,5.748140988444309096e-01
4.435113000000000000e+09,-5.154984843491400986e-02,9.656508334400780436e-02,-7.837524374579820652e-01,5.838524587676995337e-01
4.440112000000000000e+09,-5.160017780074453719e-02,9.700332387886775876e-02,-7.767643339931136204e-01,5.928047389127780731e-01
4.445111000000000000e+09,-5.164836821938263017e-02,9.744169601621908983e-02,-7.696713667318699770e-01,6.016696039204705304e-01
4.450110000000000000e+09,-5.169444755109593032e-02,9.788027605994714664e-02,-7.624747316903024430e-01,6.104457369786299159e-01
4.455109000000000000e+09,-5.173843929510100331e-02,9.831914176813148776e-02,-7.551756443724122470e-01,6.191318402091180451e-01
4.460108000000000000e+09,-5.178036253240609482e-02,9.875837219613971263e-02,-7.477753394133573872e-01,6.277266350473325041e-01
4.465107000000000000e+09,-5.182023187356584598e-02,9.919804753770108952e-02,-7.402750702128547688e-01,6.362288626139099845e-01
4.470106000000000000e+09,-5.185805741141533143e-02,9.963824896406561771e-02,-7.326761085590167699e-01,6.446372840783557434e-01
4.475105000000000000e+09,-5.189384467885949093e-02,1.000790584614133227e-01,-7.249797442428276284e-01,6.529506810142776674e-01
4.480104000000000000e+09,-5.192759461175705527e-02,1.005205586666743922e-01,-7.171872846634360643e-01,6.611678557459673700e-01
4.485103000000000000e+09,-5.195930351697988087e-02,1.009628327018868010e-01,-7.093000544245048333e-01,6.692876316859988073e-01
4.490102000000000000e+09,-5.198896304568619703e-02,1.014059640072655227e-01,-7.013193949218217149e-01,6.773088536636237000e-01
4.495101000000000000e+09,-5.201656017185905118e-02,1.018500361731259490e-01,-6.932466639224247329e-01,6.852303882436402427e-01
4.500100000000000000e+09,-5.204207717616127216e-02,1.022951327708297720e-01,-6.850832351354970706e-01,6.930511240355122782e-01
4.505099000000000000e+09,-5.206549163513315287e-02,1.027413371828917593e-01,-6.768304977752170881e-01,7.007699719924402881e-01
4.510098000000000000e+09,-5.208677641577622724e-02,1.031887324324411576e-01,-6.684898561159512420e-01,7.083858657001754766e-01
4.515097000000000000e+09,-5.210589967555315921e-02,1.036374010121573347e-01,-6.600627290399174729e-01,7.158977616552937295e-01
4.520096000000000000e+09,-5.212282486782477547e-02,1.040874247128778102e-01,-6.515505495777059730e-01,7.233046395327346056e-01
4.525095000000000000e+09,-5.213751075274835473e-02,1.045388844520239308e-01,-6.429547644418975860e-01,7.306055024423302457e-01
4.530094000000000000e+09,-5.214991141364901800e-02,1.049918601020146253e-01,-6.342768335540601710e-01,7.377993771741496731e-01
4.535093000000000000e+09,-5.215997627887868776e-02,1.054464303188232949e-01,-6.255182295655054014e-01,7.448853144324188991e-01
4.540092000000000000e+09,-5.216765014916470433e-02,1.059026723708659384e-01,-6.166804373719807497e-01,7.518623890578145508e-01
4.545091000000000000e+09,-5.217287323045492059e-02,1.063606619683585969e-01,-6.077649536227510696e-01,7.587297002379782551e-01
4.550090000000000000e+09,-5.217558117224468245e-02,1.068204730933336039e-01,-5.987732862243165810e-01,7.654863717060014228e-01
4.555089000000000000e+09,-5.217570511138745759e-02,1.072821778304694912e-01,-5.897069538391063181e-01,7.721315519267646366e-01
4.560088000000000000e+09,-5.217317172137329179e-02,1.077458461989053290e-01,-5.805674853794973167e-01,7.786644142709394645e-01
4.565087000000000000e+09,-5.216790326704415920e-02,1.082115459852028699e-01,-5.713564194975052635e-01,7.850841571764992644e-01
4.570086000000000000e+09,-5.215981766474517278e-02,1.086793425776252653e-01,-5.620753040704689063e-01,7.913900042976172999e-01
4.575085000000000000e+09,-5.214882854785417299e-02,1.091492988019015092e-01,-5.527256956831080315e-01,7.975812046407827482e-01
4.580084000000000000e+09,-5.213484533768347057e-02,1.096214747586323340e-01,-5.433091591063083925e-01,8.036570326880465576e-01
4.585083000000000000e+09,-5.211777331969487392e-02,1.100959276625094047e-01,-5.338272667729615506e-01,8.096167885072628190e-01
4.590082000000000000e+09,-5.209751372499952377e-02,1.105727116835136803e-01,-5.242815982512961659e-01,8.154597978492476029e-01
4.595081000000000000e+09,-5.207396381706815014e-02,1.110518777902452930e-01,-5.146737397159817373e-01,8.211854122317252536e-01
4.600080000000000000e+09,-5.204701698364814361e-02,1.115334735955561957e-01,-5.050052834174580951e-01,8.267930090100420459e-01
4.605079000000000000e+09,-5.201656283375478973e-02,1.120175432046437991e-01,-4.952778271498198270e-01,8.322819914345180869e-01
4.610078000000000000e+09,-5.198248729976410326e-02,1.125041270657512055e-01,-4.854929737176478799e-01,8.376517886944447877e-01
4.615077000000000000e+09,-5.194467274444324739e-02,1.129932618236573205e-01,-4.756523304021667564e-01,8.429018559486149975e-01
4.620076000000000000e+09,-5.190299807293387996e-02,1.134849801760873939e-01,-4.657575084271222687e-01,8.480316743424339831e-01
4.625075000000000000e+09,-5.185733884954145390e-02,1.139793107332037064e-01,-4.558101224247438910e-01,8.530407510115110004e-01
4.630074000000000000e+09,-5.180756741930074571e-02,1.144762778803352227e-01,-4.458117899022058239e-01,8.579286190717790861e-01
4.635073000000000000e+09,-5.175355303419336417e-02,1.149759016440886211e-01,-4.357641307089180072e-01,8.626948375961183135e-01
4.640072000000000000e+09,-5.169516198394527584e-02,1.154781975619891821e-01,-4.256687665051318570e-01,8.673389915775322478e-01
4.645071000000000000e+09,-5.163225773131365631e-02,1.159831765557913646e-01,-4.155273202321328463e-01,8.718606918788383009e-01
4.650070000000000000e+09,-5.156470105174416896e-02,1.164908448086136999e-01,-4.053414155844859978e-01,8.762595751689816748e-01
4.655069000000000000e+09,-5.149235017730876413e-02,1.170012036460087029e-01,-3.951126764846892847e-01,8.805353038460077553e-01
4.660068000000000000e+09,-5.141506094482274636e-02,1.175142494211471877e-01,-3.848427265606299552e-01,8.846875659466828523e-01
4.665067000000000000e+09,-5.133268694799921622e-02,1.180299734042118687e-01,-3.745331886262140975e-01,8.887160750429886624e-01
4.670066000000000000e+09,-5.124507969356805609e-02,1.185483616761392189e-01,-3.641856841655663479e-01,8.926205701254085190e-01
4.675065000000000000e+09,-5.115208876119257259e-02,1.190693950268522511e-01,-3.538018328211499086e-01,8.964008154732040490e-01
4.680064000000000000e+09,-5.105356196710400529e-02,1.195930488580933676e-01,-3.433832518862295347e-01,9.000566005118101343e-01
4.685063000000000000e+09,-5.094934553129032428e-02,1.201192930909767281e-01,-3.329315558019899646e-01,9.035877396573555043e-01
4.690062000000000000e+09,-5.083928424812627495e-02,1.206480920783849220e-01,-3.224483556597665390e-01,9.069940721485864055e-01
4.695061000000000000e+09,-5.072322166031258128e-02,1.211794045223211769e-01,-3.119352587086122175e-01,9.102754618662297625e-01
4.700060000000000000e+09,-5.060100023597382396e-02,1.217131833963103760e-01,-3.013938678687195227e-01,9.134317971399686931e-01
4.705059000000000000e+09,-5.047246154877619434e-02,1.222493758729907842e-01,-2.908257812509879026e-01,9.164629905432825074e-01
4.710058000000000000e+09,-5.033744646092892100e-02,1.227879232569526469e-01,-2.802325916830024632e-01,9.193689786761828353e-01
4.715057000000000000e+09,-5.019579530892075148e-02,1.233287609229541532e-01,-2.696158862419411606e-01,9.221497219361786124e-01
4.720056000000000000e+09,-5.004734809181712873e-02,1.238718182596024175e-01,-2.589772457946156736e-01,9.248052042775580794e-01
4.725055000000000000e+09,-4.989194466200170403e-02,1.244170186185710181e-01,-2.483182445450440035e-01,9.273354329592539136e-01
4.730054000000000000e+09,-4.972942491817303190e-02,1.249642792694609789e-01,-2.376404495898473690e-01,9.297404382815230850e-01
4.735053000000000000e+09,-4.955962900046503167e-02,1.255135113603844943e-01,-2.269454204818247833e-01,9.320202733115984239e-01
4.740052000000000000e+09,-4.938239748749277680e-02,1.260646198843123067e-01,-2.162347088020356578e-01,9.341750135986555126e-01
4.745051000000000000e+09,-4.919757159520247308e-02,1.266175036513208785e-01,-2.055098577406197224e-01,9.362047568782174700e-01
4.750050000000000000e+09,-4.900499337732776989e-02,1.271720552667443827e-01,-1.947724016867582175e-01,9.381096227663907605e-01
4.755049000000000000e+09,-4.880450592729670967e-02,1.277281611153288921e-01,-1.840238658279843287e-01,9.398897524440977813e-01
4.760048000000000000e+09,-4.859595358141317184e-02,1.282857013514378530e-01,-1.732657657591874789e-01,9.415453083316092098e-01
4.765047000000000000e+09,-4.837918212314613192e-02,1.288445498953652568e-01,-1.624996071015681887e-01,9.430764737536900810e-01
4.770046000000000000e+09,-4.815403898835028673e-02,1.294045744357977534e-01,-1.517268851317852829e-01,9.444834525956150584e-01
4.775045000000000000e+09,-4.792037347123343644e-02,1.299656364384713103e-01,-1.409490844216033656e-01,9.457664689503757494e-01
4.780044000000000000e+09,-4.767803693091662159e-02,1.305275911610764561e-01,-1.301676784882613569e-01,9.469257667573850457e-01
4.785043000000000000e+09,-4.742688299837177074e-02,1.310902876744260703e-01,-1.193841294558059124e-01,9.479616094329623710e-01
4.790042000000000000e+09,-4.716676778359134292e-02,1.316535688899145573e-01,-1.085998877276493219e-01,9.488742794930054014e-01
4.795041000000000000e+09,-4.689755008278916060e-02,1.322172715933266907e-01,-9.781639167052424977e-02,9.496640781680634191e-01
4.800040000000000000e+09,-4.661909158546412996e-02,1.327812264849551616e-01,-8.703506731008836539e-02,9.503313250112775945e-01
4.805039000000000000e+09,-4.633125708111476143e-02,1.333452582261117902e-01,-7.625732803840908069e-02,9.508763574993717160e-01
4.810038000000000000e+09,-4.603391466545869032e-02,1.339091854919752522e-01,-6.548457433340339195e-02,9.512995306272632456e-01
4.815037000000000000e+09,-4.572693594595544225e-02,1.344728210308329119e-01,-5.471819349058813786e-02,9.516012164963877362e-01
4.820036000000000000e+09,-4.541019624643204827e-02,1.350359717296796824e-01,-4.395955936716124807e-02,9.517818038973303585e-01
4.825035000000000000e+09,-4.508357481064965283e-02,1.355984386861837365e-01,-3.321003213864519993e-02,9.518416978869849165e-01
4.830034000000000000e+09,-4.474695500462009395e-02,1.361600172870126857e-01,-2.247095806828200426e-02,9.517813193606577959e-01
4.835033000000000000e+09,-4.440022451747176885e-02,1.367204972924913886e-01,-1.174366928918747603e-02,9.516011046195325118e-01
4.840032000000000000e+09,-4.404327556070455202e-02,1.372796629275751246e-01,-1.029483599565560702e-03,9.513015049337543161e-01
4.845031000000000000e+09,-4.367600506561853529e-02,1.378372929791178148e-01,9.670295729035136706e-03,9.508829861016756535e-01
4.850030000000000000e+09,-4.329831487875906992e-02,1.383931608993977380e-01,2.035438013025973533e-02,9.503460280055230358e-01
4.855029000000000000e+09,-4.291011195517497462e-02,1.389470349158610507e-01,3.102149590817154801e-02,9.496911241639309775e-01
4.860028000000000000e+09,-4.251130854931217673e-02,1.394986781470480275e-01,4.167038438912182979e-02,9.489187812817273526e-01
4.865027000000000000e+09,-4.210182240335914872e-02,1.400478487246643033e-01,5.229980206014192556e-02,9.480295187973646343e-01
4.870026000000000000e+09,-4.168157693285769183e-02,1.405942999217159317e-01,6.290852069385059753e-02,9.470238684283801556e-01
4.875025000000000000e+09,-4.125050140940642041e-02,1.411377802866833342e-01,7.349532745978046289e-02,9.459023737153192668e-01
4.880024000000000000e+09,-4.080853114026136014e-02,1.416780337836498205e-01,8.405902502210292615e-02,9.446655895644654466e-01
4.885023000000000000e+09,-4.035560764466770978e-02,1.422147999383381323e-01,9.459843162372549852e-02,9.433140817898471031e-01
4.890022000000000000e+09,-3.989167882673512466e-02,1.427478139899618081e-01,1.051123811567805655e-01,9.418484266548612371e-01
4.895021000000000000e+09,-3.941669914468121094e-02,1.432768070488244783e-01,1.155997232193807928e-01,9.402692104139722673e-01
4.900020000000000000e+09,-3.893062977628022892e-02,1.438015062595980886e-01,1.260593231588531260e-01,9.385770288548245244e-01
4.905019000000000000e+09,-3.843343878031384164e-02,1.443216349701597068e-01,1.364900621012797577e-01,9.367724868412570238e-01
4.910018000000000000e+09,-3.792510125389025877e-02,1.448369129059335070e-01,1.468908369674464809e-01,9.348561978575264941e-01
4.915017000000000000e+09,-3.740559948541671842e-02,1.453470563496118140e-01,1.572605604752992658e-01,9.328287835542238282e-01
4.920016000000000000e+09,-3.687492310311102361e-02,1.458517783261761847e-01,1.675981611288816508e-01,9.306908732962420050e-01
4.925015000000000000e+09,-3.633306921883514007e-02,1.463507887930864115e-01,1.779025831938539082e-01,9.284431037131907205e-01
4.930014000000000000e+09,-3.578004256710833747e-02,1.468437948355567346e-01,1.881727866596692722e-01,9.260861182526964885e-01
4.935013000000000000e+09,-3.521585563915956979e-02,1.473305008667737115e-01,1.984077471885082322e-01,9.236205667369342676e-01
4.940012000000000000e+09,-3.464052881181332172e-02,1.478106088329628476e-01,2.086064560510502153e-01,9.210471049227919593e-01
4.945011000000000000e+09,-3.405409047109408255e-02,1.482838184231520251e-01,2.187679200491972342e-01,9.183663940661465075e-01
4.950010000000000000e+09,-3.345657713038257403e-02,1.487498272835225954e-01,2.288911614259116489e-01,9.155791004904690888e-01
4.955009000000000000e+09,-3.284803354295741384e-02,1.492083312362091629e-01,2.389752177622314344e-01,9.126858951602975223e-01
4.960008000000000000e+09,-3.222851280879480279e-02,1.496590245023838028e-01,2.490191418616863328e-01,9.096874532599327212e-01
4.965007000000000000e+09,-3.159807647548758952e-02,1.501015999295411130e-01,2.590220016222134491e-01,9.065844537776142076e-01
4.970006000000000000e+09,-3.095679463310635135e-02,1.505357492227584748e-01,2.689828798957866751e-01,9.033775790957359053e-01
4.975005000000000000e+09,-3.030474600290315734e-02,1.509611631798452591e-01,2.789008743358666331e-01,9.000675145873064942e-01
4.980004000000000000e+09,-2.964201801970784561e-02,1.513775319301854938e-01,2.887750972329715116e-01,8.966549482191408238e-01
4.985003000000000000e+09,-2.896870690787848104e-02,1.517845451771303589e-01,2.986046753384589136e-01,8.931405701620545035e-01
4.990002000000000000e+09,-2.828491775068837227e-02,1.521818924437680909e-01,3.083887496768143999e-01,8.895250724084339256e-01
4.995001000000000000e+09,-2.759076455303396611e-02,1.525692633218967975e-01,3.181264753465752326e-01,8.858091483976213709e-01
5.000000000000000000e+09,-2.688637029732140332e-02,1.529463477240583236e-01,3.278170213102549746e-01,8.819934926492956073e-01
