frequency_hz,s1_real,s1_imag,s2_real,s2_imag
1.000000000000000000e+06,9.954867632705818314e-01,-2.232890391339123395e-03,-6.990767395551704400e-02,4.938349565113852495e-05
5.999000000000000000e+06,9.954016266639497124e-01,-1.339477424756748032e-02,-6.990334579761360578e-02,2.962230142651500146e-04
1.099800000000000000e+07,9.951948782932776849e-01,-2.455522153704900110e-02,-6.989283465446716193e-02,5.429400333398194060e-04
1.599700000000000000e+07,9.948665306849504564e-01,-3.571303501814975662e-02,-6.987613989126890968e-02,7.894323178458359817e-04
2.099600000000000000e+07,9.944166037477459863e-01,-4.686701719790765941e-02,-6.985326051421257565e-02,1.035597358791433276e-03
2.599500000000000000e+07,9.938451247920632170e-01,-5.801597021846365693e-02,-6.982419519011578979e-02,1.281332249634965304e-03
3.099400000000000000e+07,9.931521285562450174e-01,-6.915869574423591515e-02,-6.978894227326092048e-02,1.526533563738451810e-03
3.599300000000000000e+07,9.923376572399772444e-01,-8.029399485006956383e-02,-6.974749983940059517e-02,1.771097233185682908e-03
4.099200000000000000e+07,9.914017605447427162e-01,-9.142066791059257069e-02,-6.969986572687406068e-02,2.014918429284996964e-03
4.599100000000000000e+07,9.903444957212902411e-01,-1.025375144910100206e-01,-6.964603758475661210e-02,2.257891445075756350e-03
5.099000000000000000e+07,9.891659276240887255e-01,-1.136433332395672818e-01,-6.958601292795638105e-02,2.499909580153926881e-03
5.598900000000000000e+07,9.878661287727139584e-01,-1.247369217819112447e-01,-6.951978919916398936e-02,2.740865028128225325e-03
6.098800000000000000e+07,9.864451794201297696e-01,-1.358170766175817723e-01,-6.944736383753591369e-02,2.980648767016101479e-03
6.598700000000000000e+07,9.849031676277998359e-01,-1.468825930188593365e-01,-6.936873435399909527e-02,3.219150452882094289e-03
7.098600000000000000e+07,9.832401893475747334e-01,-1.579322649321999172e-01,-6.928389841302830254e-02,3.456258317019002008e-03
7.598500000000000000e+07,9.814563485102832940e-01,-1.689648848824822913e-01,-6.919285392076432450e-02,3.691859066964296547e-03
8.098400000000000000e+07,9.795517571209627627e-01,-1.799792438802960415e-01,-6.909559911929720466e-02,3.925837791641137789e-03
8.598300000000000000e+07,9.775265353606431562e-01,-1.909741313324938572e-01,-6.899213268695866819e-02,4.158077870905314485e-03
9.098200000000000000e+07,9.753808116946045548e-01,-2.019483349562351537e-01,-6.888245384443268671e-02,4.388460889773440100e-03
9.598100000000000000e+07,9.731147229870217297e-01,-2.129006406967405285e-01,-6.876656246649283377e-02,4.616866557602053792e-03
1.009800000000000000e+08,9.707284146218901899e-01,-2.238298326489823742e-01,-6.864445919916616068e-02,4.843172632477060063e-03
1.059790000000000000e+08,9.682220406301433879e-01,-2.347346929835292806e-01,-6.851614558210375461e-02,5.067254851068893513e-03
1.109780000000000000e+08,9.655957638228469531e-01,-2.456140018767655198e-01,-6.838162417594068065e-02,5.288986864196326340e-03
1.159770000000000000e+08,9.628497559303543785e-01,-2.564665374456999714e-01,-6.824089869439811662e-02,5.508240178338360757e-03
1.209760000000000000e+08,9.599841977473124732e-01,-2.672910756875826466e-01,-6.809397414090143097e-02,5.724884103318932799e-03
1.259750000000000000e+08,9.569992792833830197e-01,-2.780863904245406970e-01,-6.794085694943956255e-02,5.938785706385995948e-03
1.309740000000000000e+08,9.538951999195497411e-01,-2.888512532534439070e-01,-6.778155512942293792e-02,6.149809772890839875e-03
1.359730000000000000e+08,9.506721685698749091e-01,-2.995844335012143311e-01,-6.761607841425251730e-02,6.357818773768762928e-03
1.409720000000000000e+08,9.473304038485615974e-01,-3.102846981857791397e-01,-6.744443841333140621e-02,6.562672840008130191e-03
1.459710000000000000e+08,9.438701342421651486e-01,-3.209508119828782813e-01,-6.726664876722060482e-02,6.764229744287652418e-03
1.509700000000000000e+08,9.402915982868034206e-01,-3.315815371989236371e-01,-6.708272530565817515e-02,6.962344889945582156e-03
1.559690000000000000e+08,9.365950447501983911e-01,-3.421756337501113410e-01,-6.689268620812136024e-02,7.156871307440473666e-03
1.609680000000000000e+08,9.327807328183789215e-01,-3.527318591479848831e-01,-6.669655216663830655e-02,7.347659658444536182e-03
1.659670000000000000e+08,9.288489322868723752e-01,-3.632489684916344608e-01,-6.649434655052363641e-02,7.534558247704124800e-03
1.709660000000000000e+08,9.247999237562015695e-01,-3.737257144667333608e-01,-6.628609557271983310e-02,7.717413042786611284e-03
1.759650000000000000e+08,9.206339988314877765e-01,-3.841608473515860656e-01,-6.607182845741718658e-02,7.896067701822421028e-03
1.809640000000000000e+08,9.163514603259850233e-01,-3.945531150303805967e-01,-6.585157760862006548e-02,8.070363609337473376e-03
1.859630000000000000e+08,9.119526224683239812e-01,-4.049012630138146274e-01,-6.562537877932003716e-02,8.240139920259603387e-03
1.909620000000000000e+08,9.074378111132694880e-01,-4.152040344672757732e-01,-6.539327124093791133e-02,8.405233612168681867e-03
1.959610000000000000e+08,9.028073639557682162e-01,-4.254601702467454838e-01,-6.515529795268787394e-02,8.565479545847135695e-03
2.009600000000000000e+08,8.980616307480761007e-01,-4.356684089425878481e-01,-6.491150573051733541e-02,8.720710534175276502e-03
2.059590000000000000e+08,8.932009735197261602e-01,-4.458274869313897382e-01,-6.466194541526633366e-02,8.870757419401804900e-03
2.109580000000000000e+08,8.882257668001133366e-01,-4.559361384360028913e-01,-6.440667203970150412e-02,9.015449158805061147e-03
2.159570000000000000e+08,8.831363978434468853e-01,-4.659930955939441399e-01,-6.414574499406137942e-02,9.154612918750623662e-03
2.209560000000000000e+08,8.779332668558335051e-01,-4.759970885342929003e-01,-6.387922818976102257e-02,9.288074177132730688e-03
2.259550000000000000e+08,8.726167872242277523e-01,-4.859468454632299150e-01,-6.360719022089829366e-02,9.415656834175377757e-03
2.309540000000000000e+08,8.671873857470021596e-01,-4.958410927583490335e-01,-6.332970452320174637e-02,9.537183331555947052e-03
2.359530000000000000e+08,8.616455028658608351e-01,-5.056785550718696509e-01,-6.304684953006418902e-02,9.652474779798596652e-03
2.409520000000000000e+08,8.559915928988344191e-01,-5.154579554428699861e-01,-6.275870882530745765e-02,9.761351093870027779e-03
2.459510000000000000e+08,8.502261242740734026e-01,-5.251780154186542759e-01,-6.246537129231518465e-02,9.863631136901026414e-03
2.509500000000000000e+08,8.443495797641609180e-01,-5.348374551853690706e-01,-6.216693125918941465e-02,9.959132871933435924e-03
2.559490000000000000e+08,8.383624567206527933e-01,-5.444349937079537849e-01,-6.186348863957143868e-02,1.004767352159194153e-02
2.609480000000000000e+08,8.322652673085525477e-01,-5.539693488795315313e-01,-6.155514906878041537e-02,1.012906973555207854e-02
2.659470000000000000e+08,8.260585387404203450e-01,-5.634392376803198932e-01,-6.124202403492561703e-02,1.020313776567214649e-02
2.709460000000000000e+08,8.197428135098120405e-01,-5.728433763461344697e-01,-6.092423100464742364e-02,1.026969364863720112e-02
2.759450000000000000e+08,8.133186496237359009e-01,-5.821804805465621291e-01,-6.060189354314964028e-02,1.032855339595442103e-02
2.809440000000000000e+08,8.067866208338125844e-01,-5.914492655728527115e-01,-6.027514142819188903e-02,1.037953319111734919e-02
2.859430000000000000e+08,8.001473168658177482e-01,-6.006484465355901303e-01,-5.994411075771257508e-02,1.042244959375455450e-02
2.909420000000000000e+08,7.934013436472810987e-01,-6.097767385721795108e-01,-5.960894405076032354e-02,1.045711975055259313e-02
2.959410000000000000e+08,7.865493235328151478e-01,-6.188328570641791204e-01,-5.926979034141887509e-02,1.048336161274082863e-02
3.009400000000000000e+08,7.795918955268347217e-01,-6.278155178645069556e-01,-5.892680526541645841e-02,1.050099415990499337e-02
3.059390000000000000e+08,7.725297155033352681e-01,-6.367234375345313113e-01,-5.858015113911827637e-02,1.050983762988516416e-02
3.109380000000000000e+08,7.653634564223840142e-01,-6.455553335910420021e-01,-5.822999703060636328e-02,1.050971375450595637e-02
3.159370000000000000e+08,7.580938085429810291e-01,-6.543099247631056770e-01,-5.787651882256483055e-02,1.050044600086671824e-02
3.209360000000000000e+08,7.507214796319389150e-01,-6.629859312587698117e-01,-5.751989926669213993e-02,1.048185981791282390e-02
3.259350000000000000e+08,7.432471951684348488e-01,-6.715820750416032769e-01,-5.716032802936978074e-02,1.045378288799731978e-02
3.309340000000000000e+08,7.356716985438763734e-01,-6.800970801170156399e-01,-5.679800172833635724e-02,1.041604538312463323e-02
3.359330000000000000e+08,7.279957512567291067e-01,-6.885296728283150092e-01,-5.643312396011456594e-02,1.036848022556492895e-02
3.409320000000000000e+08,7.202201331019409958e-01,-6.968785821624288168e-01,-5.606590531795650062e-02,1.031092335251079448e-02
3.459310000000000000e+08,7.123456423546149496e-01,-7.051425400652183706e-01,-5.569656340007933526e-02,1.024321398444065501e-02
3.509300000000000000e+08,7.043730959475570375e-01,-7.133202817662923634e-01,-5.532532280798270474e-02,1.016519489683885905e-02
3.559290000000000000e+08,6.963033296423470908e-01,-7.214105461132241937e-01,-5.495241513463952621e-02,1.007671269491774990e-02
3.609280000000000000e+08,6.881371981935654469e-01,-7.294120759150498623e-01,-5.457807894237441670e-02,9.977618090975191520e-03
3.659270000000000000e+08,6.798755755058170092e-01,-7.373236182949312045e-01,-5.420255973025307067e-02,9.867766184008149033e-03
3.709260000000000000e+08,6.715193547831862508e-01,-7.451439250518283597e-01,-5.382610989081798580e-02,9.747016741202546228e-03
3.759250000000000000e+08,6.630694486707693347e-01,-7.528717530310462536e-01,-5.344898865602101812e-02,9.615234480901804770e-03
3.809240000000000000e+08,6.545267893879165300e-01,-7.605058645034735720e-01,-5.307146203221768666e-02,9.472289356657299236e-03
3.859230000000000000e+08,6.458923288528342077e-01,-7.680450275533416971e-01,-5.269380272410168625e-02,9.318056841950162275e-03
3.909220000000000000e+08,6.371670387981875905e-01,-7.754880164743089832e-01,-5.231629004747381101e-02,9.152418215169842719e-03
3.959210000000000000e+08,6.283519108773532036e-01,-7.828336121736614306e-01,-5.193920983074998277e-02,8.975260844430316132e-03
4.009200000000000000e+08,6.194479567609721959e-01,-7.900806025844110403e-01,-5.156285430513988383e-02,8.786478471793751979e-03
4.059190000000000000e+08,6.104562082234576970e-01,-7.972277830850507119e-01,-5.118752198342716581e-02,8.585971496472787762e-03
4.109180000000000000e+08,6.013777172191228093e-01,-8.042739569267304267e-01,-5.081351752731261273e-02,8.373647256570977693e-03
4.159170000000000000e+08,5.922135559475808497e-01,-8.112179356675743858e-01,-5.044115160329131625e-02,8.149420308922924669e-03
4.209160000000000000e+08,5.829648169081018683e-01,-8.180585396138777554e-01,-5.007074072704816026e-02,7.913212706590207549e-03
4.259150000000000000e+08,5.736326129425929343e-01,-8.247945982678862586e-01,-4.970260709638289059e-02,7.664954273560318360e-03
4.309140000000000000e+08,5.642180772668856648e-01,-8.314249507818510798e-01,-4.933707841268016037e-02,7.404582876206201175e-03
4.359130000000000000e+08,5.547223634900256828e-01,-8.379484464180503300e-01,-4.897448769097101362e-02,7.132044691047881822e-03
4.409120000000000000e+08,5.451466456212570311e-01,-8.443639450144401204e-01,-4.861517305863237437e-02,6.847294468368253333e-03
4.459110000000000000e+08,5.354921180644089951e-01,-8.506703174555869662e-01,-4.825947754280866808e-02,6.550295791226483887e-03
4.509100000000000000e+08,5.257599955994057828e-01,-8.568664461485333561e-01,-4.790774884663896033e-02,6.241021329418710434e-03
4.559090000000000000e+08,5.159515133506151763e-01,-8.629512255032163459e-01,-4.756033911440234879e-02,5.919453087930597567e-03
4.609080000000000000e+08,5.060679267417781402e-01,-8.689235624170574823e-01,-4.721760468570674468e-02,5.585582649436088634e-03
4.659070000000000000e+08,4.961105114372652003e-01,-8.747823767633275960e-01,-4.687990583886596230e-02,5.239411410387691086e-03
4.709060000000000000e+08,4.860805632694132905e-01,-8.805266018828802332e-01,-4.654760652362570361e-02,4.880950810257553112e-03
4.759050000000000000e+08,4.759793981517169703e-01,-8.861551850788242923e-01,-4.622107408342095158e-02,4.510222553486588522e-03
4.809040000000000000e+08,4.658083519776538006e-01,-8.916670881137084281e-01,-4.590067896735897796e-02,4.127258823701793373e-03
4.859030000000000000e+08,4.555687805049393746e-01,-8.970612877087719150e-01,-4.558679443214547211e-02,3.732102489771597573e-03
4.909020000000000000e+08,4.452620592250223219e-01,-9.023367760448020025e-01,-4.527979623418479371e-02,3.324807303270923501e-03
4.959010000000000000e+08,4.348895832176448706e-01,-9.074925612641353556e-01,-4.498006231210540523e-02,2.905438086936003306e-03
5.009000000000000000e+08,4.244527669903023770e-01,-9.125276679733241858e-01,-4.468797245997832568e-02,2.474070913694560205e-03
5.058990000000000000e+08,4.139530443024596051e-01,-9.174411377459765760e-01,-4.440390799151113649e-02,2.030793275868816861e-03
5.108980000000000000e+08,4.033918679743945801e-01,-9.222320296252835004e-01,-4.412825139552168513e-02,1.575704244149307796e-03
5.158970000000000000e+08,3.927707096805554965e-01,-9.268994206257189505e-01,-4.386138598300616531e-02,1.108914615955374286e-03
5.208960000000000000e+08,3.820910597273334264e-01,-9.314424062334010213e-01,-4.360369552614033056e-02,6.305470528040810598e-04
5.258950000000000000e+08,3.713544268151728889e-01,-9.358601009045988128e-01,-4.335556388955988383e-02,1.407362063190219009e-04
5.308940000000000000e+08,3.605623377849622724e-01,-9.401516385618488014e-01,-4.311737465429041349e-02,-3.603711674774735764e-04
5.358930000000000000e+08,3.497163373486567028e-01,-9.443161730871514337e-01,-4.288951073470693987e-02,-8.726161059308762619e-04
5.408920000000000000e+08,3.388179878041174820e-01,-9.483528788117036035e-01,-4.267235398891856130e-02,-1.395827349910375940e-03
5.458910000000000000e+08,3.278688687341545505e-01,-9.522609510016267764e-01,-4.246628482299388135e-02,-1.929821266678130066e-03
5.508900000000000000e+08,3.168705766897982334e-01,-9.560396063391345400e-01,-4.227168178944822746e-02,-2.474401785767450877e-03
5.558890000000000000e+08,3.058247248578273014e-01,-9.596880833985895753e-01,-4.208892118043563307e-02,-3.029360348166080207e-03
5.608880000000000000e+08,2.947329427126173518e-01,-9.632056431168937172e-01,-4.191837661609781884e-02,-3.594475869075740380e-03
5.658870000000000000e+08,2.835968756523781220e-01,-9.665915692576488860e-01,-4.176041862853320519e-02,-4.169514714508161003e-03
5.708860000000000000e+08,2.724181846198855950e-01,-9.698451688685368888e-01,-4.161541424186700894e-02,-4.754230691957711530e-03
5.758850000000000000e+08,2.611985457078226935e-01,-9.729657727313447690e-01,-4.148372654890870176e-02,-5.348365055378024105e-03
5.808840000000000000e+08,2.499396497488702851e-01,-9.759527358040900324e-01,-4.136571428489990015e-02,-5.951646524669752629e-03
5.858830000000000000e+08,2.386432018907127250e-01,-9.788054376546769797e-01,-4.126173139885923324e-02,-6.563791319866287347e-03
5.908820000000000000e+08,2.273109211561366028e-01,-9.815232828855317004e-01,-4.117212662304768622e-02,-7.184503210195352513e-03
5.958810000000000000e+08,2.159445399884346029e-01,-9.841057015486578408e-01,-4.109724304108131054e-02,-7.813473578160987434e-03
6.008800000000000000e+08,2.045458037823332520e-01,-9.865521495505706895e-01,-4.103741765523152840e-02,-8.450381498783930689e-03
6.058790000000000000e+08,1.931164704007031219e-01,-9.888621090465583574e-01,-4.099298095345112886e-02,-9.094893834112601633e-03
6.108780000000000000e+08,1.816583096773134731e-01,-9.910350888237310363e-01,-4.096425647668560516e-02,-9.746665343095640283e-03
6.158770000000000000e+08,1.701731029059288525e-01,-9.930706246723282060e-01,-4.095156038702327250e-02,-1.040533880688948240e-02
6.208760000000000000e+08,1.586626423160597266e-01,-9.949682797447583216e-01,-4.095520103724346883e-02,-1.107054516965357352e-02
6.258750000000000000e+08,1.471287305357032171e-01,-9.967276449018511730e-01,-4.097547854233670600e-02,-1.174190369486075546e-02
6.308740000000000000e+08,1.355731800414295973e-01,-9.983483390458205431e-01,-4.101268435356240916e-02,-1.241902213713400038e-02
6.358730000000000000e+08,1.239978125961928163e-01,-9.998300094394347859e-01,-4.106710083561732755e-02,-1.310149692959417661e-02
6.408720000000000000e+08,1.124044586752627473e-01,-1.001172332010914490e+00,-4.113900084749221031e-02,-1.378891338668711102e-02
6.458710000000000000e+08,1.007949568806994212e-01,-1.002375011644082159e+00,-4.122864732759057294e-02,-1.448084592242980008e-02
6.508700000000000000e+08,8.917115334480357758e-02,-1.003437782453301175e+00,-4.133629288368455973e-02,-1.517685828399910515e-02
6.558690000000000000e+08,7.753490112300728820e-02,-1.004360408042761499e+00,-4.146217938828548194e-02,-1.587650380056138469e-02
6.608680000000000000e+08,6.588805957667807911e-02,-1.005142681749678246e+00,-4.160653758000046332e-02,-1.657932564721831606e-02
6.658670000000000000e+08,5.423249374633315467e-02,-1.005784426870987680e+00,-4.176958667144444609e-02,-1.728485712392564128e-02
6.708660000000000000e+08,4.257007371577799237e-02,-1.006285496873144281e+00,-4.195153396427832998e-02,-1.799262194921414509e-02
6.758650000000000000e+08,3.090267396770119551e-02,-1.006645775584631419e+00,-4.215257447193188761e-02,-1.870213456852559339e-02
6.808640000000000000e+08,1.923217273127066085e-02,-1.006865177370831033e+00,-4.237289055057064796e-02,-1.941290047695031287e-02
6.858630000000000000e+08,7.560451322301865902e-03,-1.006943647290894361e+00,-4.261265153885640533e-02,-2.012441655613167110e-02
6.908620000000000000e+08,-4.110606523429679963e-03,-1.006881161236309774e+00,-4.287201340704645258e-02,-2.083617142508448206e-02
6.958610000000000000e+08,-1.577911532313252402e-02,-1.006677726050837940e+00,-4.315111841596528525e-02,-2.154764580464765822e-02
7.008600000000000000e+08,-2.744318852559239630e-02,-1.006333379631558111e+00,-4.345009478637462674e-02,-2.225831289527627557e-02
7.058590000000000000e+08,-3.910093919479253749e-02,-1.005848191010743076e+00,-4.376905637926259418e-02,-2.296763876784986211e-02
7.108580000000000000e+08,-5.075048069793071381e-02,-1.005222260418335845e+00,-4.410810238755202839e-02,-2.367508276716293394e-02
7.158570000000000000e+08,-6.238992739718229874e-02,-1.004455719324813145e+00,-4.446731703972769262e-02,-2.438009792773400061e-02
7.208560000000000000e+08,-7.401739534455872849e-02,-1.003548730464236538e+00,-4.484676931585850762e-02,-2.508213140155692716e-02
7.258550000000000000e+08,-8.563100297919479242e-02,-1.002501487837332839e+00,-4.524651267649045655e-02,-2.578062489739475077e-02
7.308540000000000000e+08,-9.722887182639033954e-02,-1.001314216694456416e+00,-4.566658480485665667e-02,-2.647501513120189762e-02
7.358530000000000000e+08,-1.088091271977267155e-01,-9.999871734983158955e-01,-4.610700736285161527e-02,-2.716473428723673381e-02
7.408520000000000000e+08,-1.203698988915698070e-01,-9.985206458663742346e-01,-4.656778576118963259e-02,-2.784921048941500429e-02
7.458510000000000000e+08,-1.319093218932675393e-01,-9.969149524928587747e-01,-4.704890894415645480e-02,-2.852786828243381034e-02
7.508500000000000000e+08,-1.434255370743440505e-01,-9.951704430503377496e-01,-4.755034918934283178e-02,-2.920012912218171788e-02
7.558490000000000000e+08,-1.549166918899890777e-01,-9.932874980708471524e-01,-4.807206192274073725e-02,-2.986541187493312391e-02
7.608480000000000000e+08,-1.663809410741426131e-01,-9.912665288065928282e-01,-4.861398554954493578e-02,-3.052313332481239316e-02
7.658470000000000000e+08,-1.778164473314680083e-01,-9.891079770702526641e-01,-4.917604130100829835e-02,-3.117270868899693625e-02
7.708460000000000000e+08,-1.892213820255119472e-01,-9.868123150549572564e-01,-4.975813309765841214e-02,-3.181355214011834937e-02
7.758450000000000000e+08,-2.005939258623457566e-01,-9.843800451340372071e-01,-5.036014742917642451e-02,-3.244507733530300336e-02
7.808440000000000000e+08,-2.119322695689942471e-01,-9.818116996406579533e-01,-5.098195325121452487e-02,-3.306669795128785311e-02
7.858430000000000000e+08,-2.232346145659447889e-01,-9.791078406274921209e-01,-5.162340189940356483e-02,-3.367782822503172929e-02
7.908420000000000000e+08,-2.344991736330554466e-01,-9.762690596066008197e-01,-5.228432702078646133e-02,-3.427788349923509281e-02
7.958410000000000000e+08,-2.457241715681651173e-01,-9.732959772697280521e-01,-5.296454452289128811e-02,-3.486628077216946675e-02
8.008400000000000000e+08,-2.569078458377353491e-01,-9.701892431892303881e-01,-5.366385254062882443e-02,-3.544243925121342426e-02
8.058390000000000000e+08,-2.680484472188426337e-01,-9.669495354998997039e-01,-5.438203142118534089e-02,-3.600578090948124144e-02
8.108380000000000000e+08,-2.791442404318660864e-01,-9.635775605619600892e-01,-5.511884372705531249e-02,-3.655573104492367692e-02
8.158370000000000000e+08,-2.901935047632093201e-01,-9.600740526055310253e-01,-5.587403425733113854e-02,-3.709171884127988872e-02
8.208360000000000000e+08,-3.011945346774228538e-01,-9.564397733569068860e-01,-5.664733008735317599e-02,-3.761317793024744616e-02
8.258350000000000000e+08,-3.121456404180902866e-01,-9.526755116469871609e-01,-5.743844062679331897e-02,-3.811954695424039918e-02
8.308340000000000000e+08,-3.230451485968644509e-01,-9.487820830022477558e-01,-5.824705769622066237e-02,-3.861027012909894196e-02
8.358330000000000000e+08,-3.338914027700518039e-01,-9.447603292186516066e-01,-5.907285562218278496e-02,-3.908479780611354842e-02
8.408320000000000000e+08,-3.446827640021544181e-01,-9.406111179189218241e-01,-5.991549135080390803e-02,-3.954258703272610365e-02
8.458310000000000000e+08,-3.554176114158025812e-01,-9.363353420936272320e-01,-6.077460457988074355e-02,-3.998310211127022867e-02
8.508300000000000000e+08,-3.660943427275195061e-01,-9.319339196265495895e-01,-6.164981790943516865e-02,-4.040581515511400268e-02
8.558290000000000000e+08,-3.767113747687830805e-01,-9.274077928048156672e-01,-6.254073701065977764e-02,-4.081020664157097161e-02
8.608280000000000000e+08,-3.872671439918681791e-01,-9.227579278143114294e-01,-6.344695081316462093e-02,-4.119576596094754600e-02
8.658270000000000000e+08,-3.977601069599692174e-01,-9.179853142209055683e-01,-6.436803171041519112e-02,-4.156199196109935934e-02
8.708260000000000000e+08,-4.081887408211248292e-01,-9.130909644380240664e-01,-6.530353578323086494e-02,-4.190839348687361993e-02
8.758250000000000000e+08,-4.185515437654907522e-01,-9.080759131811506624e-01,-6.625300304117899552e-02,-4.223448991382020012e-02
8.808240000000000000e+08,-4.288470354655194439e-01,-9.029412169098258722e-01,-6.721595768169728868e-02,-4.253981167556053489e-02
8.858230000000000000e+08,-4.390737574986415814e-01,-8.976879532577486387e-01,-6.819190836673437450e-02,-4.282390078421180468e-02
8.908220000000000000e+08,-4.492302737520506573e-01,-8.923172204515891215e-01,-6.918034851669416230e-02,-4.308631134326953299e-02
8.958210000000000000e+08,-4.593151708092310659e-01,-8.868301367191422369e-01,-7.018075662143551108e-02,-4.332661005236459334e-02
9.008200000000000000e+08,-4.693270583178831279e-01,-8.812278396874593245e-01,-7.119259656807004621e-02,-4.354437670331610943e-02
9.058190000000000000e+08,-4.792645693389284145e-01,-8.755114857716093102e-01,-7.221531798526852064e-02,-4.373920466691600534e-02
9.108180000000000000e+08,-4.891263606763013305e-01,-8.696822495547318344e-01,-7.324835660378296864e-02,-4.391070136988915046e-02
9.158170000000000000e+08,-4.989111131872596139e-01,-8.637413231600554742e-01,-7.429113463284843510e-02,-4.405848876148744930e-02
9.208160000000000000e+08,-5.086175320729718896e-01,-8.576899156155590731e-01,-7.534306115214241262e-02,-4.418220376918723102e-02
9.258150000000000000e+08,-5.182443471491634535e-01,-8.515292522119666252e-01,-7.640353251892753605e-02,-4.428149874297244992e-02
9.308140000000000000e+08,-5.277903130966328238e-01,-8.452605738547719350e-01,-7.747193279001457489e-02,-4.435604188770263245e-02
9.358130000000000000e+08,-5.372542096914716403e-01,-8.388851364109872755e-01,-7.854763415814795813e-02,-4.440551768307429009e-02
9.408120000000000000e+08,-5.466348420148537945e-01,-8.324042100513333597e-01,-7.962999740240744861e-02,-4.442962729070401573e-02
9.458110000000000000e+08,-5.559310406422770523e-01,-8.258190785885640706e-01,-8.071837235220682971e-02,-4.442808894787477619e-02
9.508100000000000000e+08,-5.651416618121790636e-01,-8.191310388126477049e-01,-8.181209836444872097e-02,-4.440063834750276883e-02
9.558090000000000000e+08,-5.742655875738618132e-01,-8.123413998235152755e-01,-8.291050481338350930e-02,-4.434702900389895369e-02
9.608080000000000000e+08,-5.833017259146995315e-01,-8.054514823620831931e-01,-8.401291159271419284e-02,-4.426703260391685185e-02
9.658070000000000000e+08,-5.922490108666178532e-01,-7.984626181402667555e-01,-8.511862962946378786e-02,-4.416043934309427793e-02
9.708060000000000000e+08,-6.011064025918694265e-01,-7.913761491706921003e-01,-8.622696140912111673e-02,-4.402705824641442445e-02
9.758050000000000000e+08,-6.098728874481492701e-01,-7.841934270968143883e-01,-8.733720151156448841e-02,-4.386671747333024951e-02
9.808040000000000000e+08,-6.185474780331240430e-01,-7.769158125241432122e-01,-8.844863715725503894e-02,-4.367926460671313349e-02
9.858030000000000000e+08,-6.271292132084692605e-01,-7.695446743532757816e-01,-8.956054876317719182e-02,-4.346456692540660860e-02
9.908020000000000000e+08,-6.356171581035408025e-01,-7.620813891154286646e-01,-9.067221050800354509e-02,-4.322251166008109213e-02
9.958010000000000000e+08,-6.440104040988265943e-01,-7.545273403111520949e-01,-9.178289090594499156e-02,-4.295300623210960428e-02
1.000800000000000000e+09,-6.523080687893476615e-01,-7.468839177529087436e-01,-9.289185338874349218e-02,-4.265597847519754515e-02
1.005799000000000000e+09,-6.605092959282055087e-01,-7.391525169121807570e-01,-9.399835689526130078e-02,-4.233137683952296892e-02
1.010798000000000000e+09,-6.686132553504982035e-01,-7.313345382717677534e-01,-9.510165646810549156e-02,-4.197917057815892666e-02
1.015797000000000000e+09,-6.766191428778400851e-01,-7.234313866839269247e-01,-9.620100385673353849e-02,-4.159934991557200090e-02
1.020796000000000000e+09,-6.845261802037547749e-01,-7.154444707349870702e-01,-9.729564812647116534e-02,-4.119192619800799565e-02
1.025795000000000000e+09,-6.923336147602242585e-01,-7.073752021170703896e-01,-9.838483627287694655e-02,-4.075693202559386996e-02
1.030794000000000000e+09,-7.000407195657052384e-01,-6.992249950075285492e-01,-9.946781384087702294e-02,-4.029442136600710350e-02
1.035793000000000000e+09,-7.076467930549324992e-01,-6.909952654566982044e-01,-1.005438255481080206e-01,-3.980446964957913558e-02
1.040792000000000000e+09,-7.151511588908715522e-01,-6.826874307845616219e-01,-1.016121159118744122e-01,-3.928717384571853155e-02
1.045791000000000000e+09,-7.225531657591677259e-01,-6.743029089868787240e-01,-1.026719298791638618e-01,-3.874265252056306036e-02
1.050790000000000000e+09,-7.298521871454991539e-01,-6.658431181513535524e-01,-1.037225134591308051e-01,-3.817104587577937330e-02
1.055789000000000000e+09,-7.370476210962214614e-01,-6.573094758843707197e-01,-1.047631143574738882e-01,-3.757251576845413443e-02
1.060788000000000000e+09,-7.441388899627302544e-01,-6.487033987488247666e-01,-1.057929826121369599e-01,-3.694724571203824443e-02
1.065787000000000000e+09,-7.511254401299846117e-01,-6.400263017135531252e-01,-1.068113712297551476e-01,-3.629544085831839378e-02
1.070786000000000000e+09,-7.580067417296346699e-01,-6.312795976148566357e-01,-1.078175368222720060e-01,-3.561732796041247595e-02
1.075785000000000000e+09,-7.647822883382322523e-01,-6.224646966305836804e-01,-1.088107402431631177e-01,-3.491315531680236339e-02
1.080784000000000000e+09,-7.714515966609972741e-01,-6.135830057672233551e-01,-1.097902472226961051e-01,-3.418319269643057406e-02
1.085783000000000000e+09,-7.780142062016471849e-01,-6.046359283604514356e-01,-1.107553290016632386e-01,-3.342773124491000419e-02
1.090782000000000000e+09,-7.844696789187858288e-01,-5.956248635895351473e-01,-1.117052629630305993e-01,-3.264708337190636717e-02
1.095781000000000000e+09,-7.908175988693856295e-01,-5.865512060059956401e-01,-1.126393332609433307e-01,-3.184158261977338561e-02
1.100780000000000000e+09,-7.970575718398852372e-01,-5.774163450769038697e-01,-1.135568314465427164e-01,-3.101158351353481071e-02
1.105779000000000000e+09,-8.031892249654511984e-01,-5.682216647431664880e-01,-1.144570570900480255e-01,-3.015746139232355558e-02
1.110778000000000000e+09,-8.092122063379524333e-01,-5.589685429931354754e-01,-1.153393183985603337e-01,-2.927961222239927608e-02
1.115777000000000000e+09,-8.151261846032118452e-01,-5.496583514518569302e-01,-1.162029328290602875e-01,-2.837845239189082033e-02
1.120776000000000000e+09,-8.209308485480999451e-01,-5.402924549862544445e-01,-1.170472276960691227e-01,-2.745441848740921495e-02
1.125775000000000000e+09,-8.266259066780531350e-01,-5.308722113265231801e-01,-1.178715407734556020e-01,-2.650796705270682882e-02
1.130774000000000000e+09,-8.322110867855931904e-01,-5.213989707039826671e-01,-1.186752208898695787e-01,-2.553957432955822685e-02
1.135773000000000000e+09,-8.376861355104422424e-01,-5.118740755056291336e-01,-1.194576285173044594e-01,-2.454973598106262658e-02
1.140772000000000000e+09,-8.430508178918241224e-01,-5.022988599455895375e-01,-1.202181363522793339e-01,-2.353896679757305418e-02
1.145771000000000000e+09,-8.483049169135521428e-01,-4.926746497536785285e-01,-1.209561298891598247e-01,-2.250780038547319298e-02
1.150770000000000000e+09,-8.534482330425039454e-01,-4.830027618812225421e-01,-1.216710079851246878e-01,-2.145678883903846118e-02
1.155769000000000000e+09,-8.584805837610890444e-01,-4.732845042243000178e-01,-1.223621834163114569e-01,-2.038650239561961772e-02
1.160768000000000000e+09,-8.634018030943183541e-01,-4.635211753645319677e-01,-1.230290834246649256e-01,-1.929752907441288981e-02
1.165767000000000000e+09,-8.682117411320798839e-01,-4.537140643275280882e-01,-1.236711502550395109e-01,-1.819047429907980074e-02
1.170766000000000000e+09,-8.729102635472333338e-01,-4.438644503590736257e-01,-1.242878416820976384e-01,-1.706596050449784088e-02
1.175765000000000000e+09,-8.774972511101347683e-01,-4.339736027191332668e-01,-1.248786315265664471e-01,-1.592462672793000869e-02
1.180764000000000000e+09,-8.819725992001942183e-01,-4.240427804937091927e-01,-1.254430101604184222e-01,-1.476712818491472505e-02
1.185763000000000000e+09,-8.863362173150828305e-01,-4.140732324245878226e-01,-1.259804850005548094e-01,-1.359413583018632098e-02
1.190762000000000000e+09,-8.905880285781904160e-01,-4.040661967569829094e-01,-1.264905809905750300e-01,-1.240633590394399355e-02
1.195761000000000000e+09,-8.947279692449378041e-01,-3.940229011050573327e-01,-1.269728410702261889e-01,-1.120442946380042354e-02
1.200760000000000000e+09,-8.987559882085490726e-01,-3.839445623352972792e-01,-1.274268266321388621e-01,-9.989131902748527025e-03
1.205759000000000000e+09,-9.026720465058779563e-01,-3.738323864676890151e-01,-1.278521179654602269e-01,-8.761172453492451287e-03
1.210758000000000000e+09,-9.064761168238818501e-01,-3.636875685946241998e-01,-1.282483146860060319e-01,-7.521293679500998079e-03
1.215757000000000000e+09,-9.101681830073389268e-01,-3.535112928174499736e-01,-1.286150361525675301e-01,-6.270250953146847689e-03
1.220756000000000000e+09,-9.137482395683821368e-01,-3.433047322005542412e-01,-1.289519218690070579e-01,-5.008811921304639515e-03
1.225755000000000000e+09,-9.172162911984391709e-01,-3.330690487428636937e-01,-1.292586318718007832e-01,-3.737755958791316464e-03
1.230754000000000000e+09,-9.205723522831427141e-01,-3.228053933666090725e-01,-1.295348471026841752e-01,-2.457873610033899873e-03
1.235753000000000000e+09,-9.238164464207846427e-01,-3.125149059232036342e-01,-1.297802697660707383e-01,-1.169966019364181197e-03
1.240752000000000000e+09,-9.269486059448668325e-01,-3.021987152160488521e-01,-1.299946236709232927e-01,1.251556496550807927e-04
1.245751000000000000e+09,-9.299688714513016929e-01,-2.918579390400799500e-01,-1.301776545567689403e-01,1.426670805464842718e-03
1.250750000000000000e+09,-9.328772913308097658e-01,-2.814936842378374937e-01,-1.303291304035539555e-01,2.733750029881008761e-03
1.255749000000000000e+09,-9.356739213070428551e-01,-2.711070467718377786e-01,-1.304488417250482535e-01,4.045555689181893136e-03
1.260748000000000000e+09,-9.383588239809680376e-01,-2.606991118129997065e-01,-1.305366018455186850e-01,5.361242554475500674e-03
1.265747000000000000e+09,-9.409320683820213693e-01,-2.502709538448671389e-01,-1.305922471593970735e-01,6.679958430908973163e-03
1.270746000000000000e+09,-9.433937295265448775e-01,-2.398236367833555260e-01,-1.306156373736853948e-01,8.000844795274891091e-03
1.275745000000000000e+09,-9.457438879840026624e-01,-2.293582141117307960e-01,-1.306066557328416644e-01,9.323037441559720376e-03
1.280744000000000000e+09,-9.479826294514641649e-01,-2.188757290305169689e-01,-1.305652092259090014e-01,1.064566713397714463e-02
1.285743000000000000e+09,-9.501100443368332149e-01,-2.083772146220164156e-01,-1.304912287756537503e-01,1.196786026702228480e-02
1.290742000000000000e+09,-9.521262273512851593e-01,-1.978636940291055579e-01,-1.303846694094936975e-01,1.328873953207062100e-02
1.295741000000000000e+09,-9.540312771113721446e-01,-1.873361806479671432e-01,-1.302455104120046614e-01,1.460742459005000098e-02
1.300740000000000000e+09,-9.558252957512395342e-01,-1.767956783343925531e-01,-1.300737554588040634e-01,1.592303274969807461e-02
1.305739000000000000e+09,-9.575083885453761212e-01,-1.662431816232871895e-01,-1.298694327316262664e-01,1.723467965091663584e-02
1.310738000000000000e+09,-9.590806635423313464e-01,-1.556796759609907210e-01,-1.296325950144052164e-01,1.854147995272839924e-02
1.315737000000000000e+09,-9.605422312097966486e-01,-1.451061379500182824e-01,-1.293633197702017679e-01,1.984254802533286580e-02
1.320736000000000000e+09,-9.618932040914458526e-01,-1.345235356058109844e-01,-1.290617091988161269e-01,2.113699864575749321e-02
1.325735000000000000e+09,-9.631336964759181773e-01,-1.239328286250768046e-01,-1.287278902749404985e-01,2.242394769658795708e-02
1.330734000000000000e+09,-9.642638240783121262e-01,-1.133349686652898453e-01,-1.283620147667190736e-01,2.370251286726346440e-02
1.335733000000000000e+09,-9.652837037345384230e-01,-1.027308996349051567e-01,-1.279642592345914542e-01,2.497181435741040872e-02
1.340732000000000000e+09,-9.661934531088783862e-01,-9.212155799383855981e-02,-1.275348250103114922e-01,2.623097558168718813e-02
1.345731000000000000e+09,-9.669931904150699253e-01,-8.150787306374206176e-02,-1.270739381560391235e-01,2.747912387560645653e-02
1.350730000000000000e+09,-9.676830341512333566e-01,-7.089076734761395882e-02,-1.265818494034250674e-01,2.871539120179536497e-02
1.355729000000000000e+09,-9.682631028489312452e-01,-6.027115685824803448e-02,-1.260588340726077616e-01,2.993891485615038026e-02
1.360728000000000000e+09,-9.687335148366530424e-01,-4.964995145504127322e-02,-1.255051919710687969e-01,3.114883817333747446e-02
1.365727000000000000e+09,-9.690943880179744285e-01,-3.902805518865666567e-02,-1.249212472722942419e-01,3.234431123108567202e-02
1.370726000000000000e+09,-9.693458396646624786e-01,-2.840636665303131539e-02,-1.243073483742097723e-01,3.352449155271340631e-02
1.375725000000000000e+09,-9.694879862249446978e-01,-1.778577934422050782e-02,-1.236638677373684547e-01,3.468854480732970480e-02
1.380724000000000000e+09,-9.695209431471727424e-01,-7.167182025550807370e-03,-1.229912017028847726e-01,3.583564550714140456e-02
1.385723000000000000e+09,-9.694448247190801116e-01,3.448540901451575651e-03,-1.222897702901209749e-01,3.696497770129539978e-02
1.390722000000000000e+09,-9.692597439228202161e-01,1.406050902088025988e-02,-1.215600169741500453e-01,3.807573566568735191e-02
1.395721000000000000e+09,-9.689658123059586847e-01,2.466784552157654659e-02,-1.208024084430295991e-01,3.916712458815335002e-02
1.400720000000000000e+09,-9.685631398685697890e-01,3.526967681209276090e-02,-1.200174343349411088e-01,4.023836124847031404e-02
1.405719000000000000e+09,-9.680518349665779843e-01,4.586513213207075307e-02,-1.192056069552582531e-01,4.128867469257727074e-02
1.410718000000000000e+09,-9.674320042314620283e-01,5.645334316056063728e-02,-1.183674609736332928e-01,4.231730690043765397e-02
1.415717000000000000e+09,-9.667037525064257064e-01,6.703344362187851901e-02,-1.175035531011930368e-01,4.332351344694990170e-02
1.420716000000000000e+09,-9.658671827991166525e-01,7.760456888953840004e-02,-1.166144617479680928e-01,4.430656415531945141e-02
1.425715000000000000e+09,-9.649223962509657637e-01,8.816585558885002560e-02,-1.157007866606822588e-01,4.526574374230354914e-02
1.430714000000000000e+09,-9.638694921231928392e-01,9.871644119874142809e-02,-1.147631485410530033e-01,4.620035245473270297e-02
1.435713000000000000e+09,-9.627085677995109725e-01,1.092554636533935586e-01,-1.138021886447714154e-01,4.710970669672038397e-02
1.440712000000000000e+09,-9.614397188055424648e-01,1.197820609442518669e-01,-1.128185683613451284e-01,4.799313964696726859e-02
1.445711000000000000e+09,-9.600630388449423736e-01,1.302953707230054825e-01,-1.118129687750046009e-01,4.885000186556712198e-02
1.450710000000000000e+09,-9.585786198522037171e-01,1.407945299061049982e-01,-1.107860902068989045e-01,4.967966188972696567e-02
1.455709000000000000e+09,-9.569865520621039234e-01,1.512786742814049568e-01,-1.097386517388149463e-01,5.048150681780660259e-02
1.460708000000000000e+09,-9.552869240957302388e-01,1.617469381175078436e-01,-1.086713907186801636e-01,5.125494288109517377e-02
1.465707000000000000e+09,-9.534798230630063820e-01,1.721984537763884271e-01,-1.075850622481277774e-01,5.199939600273693202e-02
1.470706000000000000e+09,-9.515653346816169700e-01,1.826323513298813705e-01,-1.064804386524186297e-01,5.271431234322562082e-02
1.475705000000000000e+09,-9.495435434122196927e-01,1.930477581806018805e-01,-1.053583089330358408e-01,5.339915883188858792e-02
1.480704000000000000e+09,-9.474145326097989095e-01,2.034437986878792626e-01,-1.042194782032893619e-01,5.405342368379095763e-02
1.485703000000000000e+09,-9.451783846910102316e-01,2.138195937992659335e-01,-1.030647671072844468e-01,5.467661690148581388e-02
1.490702000000000000e+09,-9.428351813173461160e-01,2.241742606882052014e-01,-1.018950112226305188e-01,5.526827076105459563e-02
1.495701000000000000e+09,-9.403850035939156360e-01,2.345069123983963277e-01,-1.007110604472846171e-01,5.582794028187867963e-02
1.500700000000000000e+09,-9.378279322836330367e-01,2.448166574954417640e-01,-9.951377837094672885e-02,5.635520367959548360e-02
1.505699000000000000e+09,-9.351640480365868147e-01,2.551025997263037248e-01,-9.830404163144297602e-02,5.684966280169959779e-02
1.510698000000000000e+09,-9.323934316343276407e-01,2.653638376871416682e-01,-9.708273925655053205e-02,5.731094354525748807e-02
1.515697000000000000e+09,-9.295161642488127818e-01,2.755994645000435783e-01,-9.585077199174313334e-02,5.773869625621700502e-02
1.520696000000000000e+09,-9.265323277157114790e-01,2.858085674992074665e-01,-9.460905161435467781e-02,5.813259610979934489e-02
1.525695000000000000e+09,-9.234420048217752974e-01,2.959902279270788528e-01,-9.335850023467302805e-02,5.849234347147676955e-02
1.530694000000000000e+09,-9.202452796059272799e-01,3.061435206409712784e-01,-9.210004958450714041e-02,5.881766423804941218e-02
1.535693000000000000e+09,-9.169422376737457192e-01,3.162675138306648703e-01,-9.083464029378014726e-02,5.910831015834804719e-02
1.540692000000000000e+09,-9.135329665249672937e-01,3.263612687474893859e-01,-8.956322115572343256e-02,5.936405913310616178e-02
1.545691000000000000e+09,-9.100175558936275388e-01,3.364238394453635261e-01,-8.828674838127457958e-02,5.958471549355522090e-02
1.550690000000000000e+09,-9.063960981004509643e-01,3.464542725342780183e-01,-8.700618484328316582e-02,5.977011025831763247e-02
1.555689000000000000e+09,-9.026686884170603831e-01,3.564516069466655002e-01,-8.572249931116822375e-02,5.992010136818590182e-02
1.560688000000000000e+09,-8.988354254415853450e-01,3.664148737171207815e-01,-8.443666567667322542e-02,6.003457389839581687e-02
1.565687000000000000e+09,-8.948964114852051566e-01,3.763430957758963635e-01,-8.314966217139091453e-02,6.011344024802008079e-02
1.570686000000000000e+09,-8.908517529691806214e-01,3.862352877565931597e-01,-8.186247057674256311e-02,6.015664030612517810e-02
1.575685000000000000e+09,-8.867015608318622455e-01,3.960904558184556445e-01,-8.057607542712193205e-02,6.016414159436195980e-02
1.580684000000000000e+09,-8.824459509452138306e-01,4.059075974836534595e-01,-7.929146320691954353e-02,6.013593938567295127e-02
1.585683000000000000e+09,-8.780850445402992310e-01,4.156857014899302261e-01,-7.800962154216251054e-02,6.007205679882903632e-02
1.590682000000000000e+09,-8.736189686412403343e-01,4.254237476589667888e-01,-7.673153838752845568e-02,5.997254486852660743e-02
1.595681000000000000e+09,-8.690478565070753891e-01,4.351207067808051665e-01,-7.545820120949375820e-02,5.983748259080288318e-02
1.600680000000000000e+09,-8.643718480809826632e-01,4.447755405146429641e-01,-7.419059616639656074e-02,5.966697694355008880e-02
1.605679000000000000e+09,-8.595910904462874536e-01,4.543872013063128823e-01,-7.292970728621032961e-02,5.946116288193577931e-02
1.610678000000000000e+09,-8.547057382886857901e-01,4.639546323227132230e-01,-7.167651564282660759e-02,5.922020330856273690e-02
1.615677000000000000e+09,-8.497159543640725454e-01,4.734767674034671137e-01,-7.043199853166921820e-02,5.894428901822808958e-02
1.620676000000000000e+09,-8.446219099713969669e-01,4.829525310300354368e-01,-6.919712864546050113e-02,5.863363861717175995e-02
1.625675000000000000e+09,-8.394237854299061441e-01,4.923808383125207189e-01,-6.797287325097479960e-02,5.828849841672732041e-02
1.630674000000000000e+09,-8.341217705601726706e-01,5.017605949943426680e-01,-6.676019336762430145e-02,5.790914230132497564e-02
1.635673000000000000e+09,-8.287160651682644597e-01,5.110906974749807041e-01,-6.556004294872481986e-02,5.749587157081832017e-02
1.640672000000000000e+09,-8.232068795324238852e-01,5.203700328509194284e-01,-6.437336806629621877e-02,5.704901475714303782e-02
1.645671000000000000e+09,-8.175944348916007742e-01,5.295974789749459122e-01,-6.320110610026015430e-02,5.656892741534143981e-02
1.650670000000000000e+09,-8.118789639351987608e-01,5.387719045338893453e-01,-6.204418493289771963e-02,5.605599188902366664e-02
1.655669000000000000e+09,-8.060607112933639851e-01,5.478921691449082365e-01,-6.090352214942948428e-02,5.551061705035932603e-02
1.660668000000000000e+09,-8.001399340271619920e-01,5.569571234703629692e-01,-5.978002424558995914e-02,5.493323801473561085e-02
1.665667000000000000e+09,-7.941169021179746990e-01,5.659656093513312225e-01,-5.867458584306074060e-02,5.432431583024183164e-02
1.670666000000000000e+09,-7.879918989554436370e-01,5.749164599597664793e-01,-5.758808891362365845e-02,5.368433714217667185e-02
1.675665000000000000e+09,-7.817652218232977734e-01,5.838084999692885191e-01,-5.652140201290226096e-02,5.301381383280649034e-02
1.680664000000000000e+09,-7.754371823823852372e-01,5.926405457445776959e-01,-5.547537952454378862e-02,5.231328263663546224e-02
1.685663000000000000e+09,-7.690081071502423704e-01,6.014114055492940647e-01,-5.445086091569439901e-02,5.158330473148105971e-02
1.690662000000000000e+09,-7.624783379765327496e-01,6.101198797724587397e-01,-5.344867000461431261e-02,5.082446530568144466e-02
1.695661000000000000e+09,-7.558482325136797186e-01,6.187647611731589281e-01,-5.246961424126728168e-02,5.003737310179344477e-02
1.700660000000000000e+09,-7.491181646820396223e-01,6.273448351434657289e-01,-5.151448400170761249e-02,4.922265993717379190e-02
1.705659000000000000e+09,-7.422885251289436104e-01,6.358588799893815091e-01,-5.058405189708644473e-02,4.838098020186634013e-02
1.710658000000000000e+09,-7.353597216809628634e-01,6.443056672296504361e-01,-4.967907209806997348e-02,4.751301033425116283e-02
1.715657000000000000e+09,-7.283321797887419846e-01,6.526839619122013492e-01,-4.880027967546609474e-02,4.661944827494596960e-02
1.720656000000000000e+09,-7.212063429637594059e-01,6.609925229480078102e-01,-4.794838995782563229e-02,4.570101289947404305e-02
1.725655000000000000e+09,-7.139826732063891956e-01,6.692301034620898870e-01,-4.712409790677267452e-02,4.475844343025246752e-02
1.730654000000000000e+09,-7.066616514246273351e-01,6.773954511613879959e-01,-4.632807751080535164e-02,4.379249882847859043e-02
1.735653000000000000e+09,-6.992437778428810535e-01,6.854873087191885039e-01,-4.556098119827932391e-02,4.280395716652449917e-02
1.740652000000000000e+09,-6.917295724002084922e-01,6.935044141757868985e-01,-4.482343927027163111e-02,4.179361498147702442e-02
1.745651000000000000e+09,-6.841195751374281597e-01,7.014455013550182638e-01,-4.411605935399758732e-02,4.076228661049190877e-02
1.750650000000000000e+09,-6.764143465725124260e-01,7.093093002963041238e-01,-4.343942587742884859e-02,3.971080350865210246e-02
1.755649000000000000e+09,-6.686144680637059468e-01,7.170945377017912126e-01,-4.279409956574060231e-02,3.864001355005314275e-02
1.760648000000000000e+09,-6.607205421598201234e-01,7.247999373981912630e-01,-4.218061696018241685e-02,3.755078031285936230e-02
1.765647000000000000e+09,-6.527331929371722463e-01,7.324242208128654008e-01,-4.159948995994404430e-02,3.644398234910053991e-02
1.770646000000000000e+09,-6.446530663226505142e-01,7.399661074637056135e-01,-4.105120538756336368e-02,3.532051244000235235e-02
1.775645000000000000e+09,-6.364808304024074381e-01,7.474243154623340102e-01,-4.053622457838224752e-02,3.418127683766397640e-02
1.780644000000000000e+09,-6.282171757157078984e-01,7.547975620301209387e-01,-4.005498299453896099e-02,3.302719449392083756e-02
1.785643000000000000e+09,-6.198628155334563461e-01,7.620845640265166976e-01,-3.960788986394123135e-02,3.185919627724508041e-02
1.790642000000000000e+09,-6.114184861209808197e-01,7.692840384891589389e-01,-3.919532784464843655e-02,3.067822417856019140e-02
1.795641000000000000e+09,-6.028849469846343512e-01,7.763947031852190817e-01,-3.881765271503539311e-02,2.948523050685638441e-02
1.800640000000000000e+09,-5.942629811018299568e-01,7.834152771734141929e-01,-3.847519309009877347e-02,2.828117707551796450e-02
1.805639000000000000e+09,-5.855533951341129750e-01,7.903444813761265619e-01,-3.816825016421830641e-02,2.706703438027692130e-02
1.810638000000000000e+09,-5.767570196229394597e-01,7.971810391610244517e-01,-3.789709748065128725e-02,2.584378076973068913e-02
1.815637000000000000e+09,-5.678747091677990300e-01,8.039236769315991626e-01,-3.766198072800876206e-02,2.461240160936349272e-02
1.820636000000000000e+09,-5.589073425863967381e-01,8.105711247259931307e-01,-3.746311756392179532e-02,2.337388844002792967e-02
1.825635000000000000e+09,-5.498558230565880889e-01,8.171221168235062171e-01,-3.730069746606261283e-02,2.212923813184528715e-02
1.830634000000000000e+09,-5.407210782398219617e-01,8.235753923581448088e-01,-3.717488161066201391e-02,2.087945203449464646e-02
1.835633000000000000e+09,-5.315040603858376400e-01,8.299296959385737971e-01,-3.708580277861488195e-02,1.962553512486019114e-02
1.840632000000000000e+09,-5.222057464184124420e-01,8.361837782738177349e-01,-3.703356528923240631e-02,1.836849515301575836e-02
1.845631000000000000e+09,-5.128271380019657766e-01,8.423363968040756822e-01,-3.701824496166014611e-02,1.710934178752008747e-02
1.850630000000000000e+09,-5.033692615888625266e-01,8.483863163359649517e-01,-3.703988910394974410e-02,1.584908576100100761e-02
1.855629000000000000e+09,-4.938331684472637151e-01,8.543323096815550466e-01,-3.709851652971958569e-02,1.458873801700497422e-02
1.860628000000000000e+09,-4.842199346694294193e-01,8.601731583005087778e-01,-3.719411760231691733e-02,1.332930885908076291e-02
1.865627000000000000e+09,-4.745306611603625213e-01,8.659076529446723125e-01,-3.732665430635302012e-02,1.207180710306470298e-02
1.870626000000000000e+09,-4.647664736067556035e-01,8.715345943044382482e-01,-3.749606034643009761e-02,1.081723923352886224e-02
1.875625000000000000e+09,-4.549285224261790939e-01,8.770527936562202420e-01,-3.770224127286950916e-02,9.566608565340990050e-03
1.880624000000000000e+09,-4.450179826965107166e-01,8.824610735103661785e-01,-3.794507463418814175e-02,8.320914411279184755e-03
1.885623000000000000e+09,-4.350360540656155739e-01,8.877582682588394114e-01,-3.822441015604916004e-02,7.081151256631769593e-03
1.890622000000000000e+09,-4.249839606413083337e-01,8.929432248220259272e-01,-3.854006994637061700e-02,5.848307941697445354e-03
1.895621000000000000e+09,-4.148629508616635264e-01,8.980148032939790914e-01,-3.889184872624573686e-02,4.623366853091378202e-03
1.900620000000000000e+09,-4.046742973457478909e-01,9.029718775854780333e-01,-3.927951408628912316e-02,3.407303124739440980e-03
1.905619000000000000e+09,-3.944192967248980053e-01,9.078133360642330896e-01,-3.970280676799035902e-02,2.201083849435742611e-03
1.910618000000000000e+09,-3.840992694546539465e-01,9.125380821916099228e-01,-4.016144096963344262e-02,1.005667301806774036e-03
1.915617000000000000e+09,-3.737155596075212860e-01,9.171450351552319358e-01,-4.065510467629213781e-02,-1.779978264807584212e-04
1.920616000000000000e+09,-3.632695346467201269e-01,9.216331304968502502e-01,-4.118346001339455442e-02,-1.348973178464421465e-03
1.925615000000000000e+09,-3.527625851811318491e-01,9.260013207348520847e-01,-4.174614362331609263e-02,-2.506331469795066227e-03
1.930614000000000000e+09,-3.421961247016482854e-01,9.302485759808210020e-01,-4.234276706442759164e-02,-3.649157212046400065e-03
1.935613000000000000e+09,-3.315715892991765168e-01,9.343738845495452860e-01,-4.297291723200454688e-02,-4.776547420690752110e-03
1.940612000000000000e+09,-3.208904373645413144e-01,9.383762535619054601e-01,-4.363615680037465083e-02,-5.887612307027612069e-03
1.945611000000000000e+09,-3.101541492705767733e-01,9.422547095400670703e-01,-4.433202468565044380e-02,-6.981475953381409416e-03
1.950610000000000000e+09,-2.993642270366923541e-01,9.460082989944277321e-01,-4.506003652838017071e-02,-8.057276970911790570e-03
1.955609000000000000e+09,-2.885221939762347421e-01,9.496360890017843115e-01,-4.581968519541944340e-02,-9.114169139409352208e-03
1.960608000000000000e+09,-2.776295943269668776e-01,9.531371677741885540e-01,-4.661044130030945337e-02,-1.015132202848049656e-02
1.965607000000000000e+09,-2.666879928650245368e-01,9.565106452179886753e-01,-4.743175374142413053e-02,-1.116792159955007878e-02
1.970606000000000000e+09,-2.556989745026943539e-01,9.597556534825614216e-01,-4.828305025713565402e-02,-1.216317078815037055e-02
1.975605000000000000e+09,-2.446641438704083293e-01,9.628713474982550924e-01,-4.916373799722584259e-02,-1.313629006598974504e-02
1.980604000000000000e+09,-2.335851248833324956e-01,9.658569055030888917e-01,-5.007320410975660968e-02,-1.408651798232745007e-02
1.985603000000000000e+09,-2.224635602929561362e-01,9.687115295577592988e-01,-5.101081634260301589e-02,-1.501311168421743877e-02
1.990602000000000000e+09,-2.113011112241060530e-01,9.714344460485327959e-01,-5.197592365883164922e-02,-1.591534741521428639e-02
1.995601000000000000e+09,-2.000994566977961353e-01,9.740249061776095063e-01,-5.296785686510467606e-02,-1.679252099216515734e-02
2.000600000000000000e+09,-1.888602931403694785e-01,9.764821864405780483e-01,-5.398592925227434225e-02,-1.764394825975336076e-02
2.005599000000000000e+09,-1.775853338793606795e-01,9.788055890905755785e-01,-5.502943724732927561e-02,-1.846896552248397314e-02
2.010598000000000000e+09,-1.662763086265540702e-01,9.809944425888107444e-01,-5.609766107583918221e-02,-1.926692995384165705e-02
2.015597000000000000e+09,-1.549349629486824753e-01,9.830481020411061532e-01,-5.718986543405241152e-02,-2.003721998238161550e-02
2.020596000000000000e+09,-1.435630577262564933e-01,9.849659496201456088e-01,-5.830530016978357349e-02,-2.077923565455176702e-02
2.025595000000000000e+09,-1.321623686009842924e-01,9.867473949731262461e-01,-5.944320097123660662e-02,-2.149239897407578120e-02
2.030594000000000000e+09,-1.207346854122813423e-01,9.883918756145331219e-01,-6.060279006289906456e-02,-2.217615421775823853e-02
2.035593000000000000e+09,-1.092818116233461451e-01,9.898988573037829086e-01,-6.178327690765385294e-02,-2.282996822761353475e-02
2.040592000000000000e+09,-9.780556373730064923e-02,9.912678344074725700e-01,-6.298385891424571059e-02,-2.345333067924450579e-02
2.045591000000000000e+09,-8.630777070388392924e-02,9.924983302460346213e-01,-6.420372214925305909e-02,-2.404575432643739005e-02
2.050590000000000000e+09,-7.479027331721133098e-02,9.935898974245647164e-01,-6.544204205271252073e-02,-2.460677522196719549e-02
2.055589000000000000e+09,-6.325492360507292688e-02,9.945421181476489236e-01,-6.669798415655375790e-02,-2.513595291463982528e-02
2.060588000000000000e+09,-5.170358421030479823e-02,9.953546045180122759e-01,-6.797070480500987111e-02,-2.563287062263377297e-02
2.065587000000000000e+09,-4.013812776470144367e-02,9.960269988188328316e-01,-6.925935187617342226e-02,-2.609713538322699922e-02
2.070586000000000000e+09,-2.856043625599618066e-02,9.965589737795830239e-01,-7.056306550387969612e-02,-2.652837817903182238e-02
2.075585000000000000e+09,-1.697240038838923951e-02,9.969502328252834999e-01,-7.188097879911189980e-02,-2.692625404088651309e-02
2.080584000000000000e+09,-5.375918937138081041e-03,9.972005103090521017e-01,-7.321221857013016088e-02,-2.729044212758407681e-02
2.085583000000000000e+09,6.227101902304032349e-03,9.973095717278743777e-01,-7.455590604054065929e-02,-2.762064578264019146e-02
2.090582000000000000e+09,1.783474917010928820e-02,9.972772139215125842e-01,-7.591115756454140662e-02,-2.791659256834203018e-02
2.095581000000000000e+09,2.944510380235234800e-02,9.971032652544975505e-01,-7.727708533858032580e-02,-2.817803427733212018e-02
2.100580000000000000e+09,4.105624129527611632e-02,9.967875857811626661e-01,-7.865279810870003108e-02,-2.840474692201577431e-02
2.105579000000000000e+09,5.266623237304495636e-02,9.963300673936935636e-01,-8.003740187283395202e-02,-2.859653070210681908e-02
2.110578000000000000e+09,6.427314365851938271e-02,9.957306339531784012e-01,-8.143000057736038411e-02,-2.875320995063936069e-02
2.115577000000000000e+09,7.587503834657507995e-02,9.949892414036511923e-01,-8.282969680722269967e-02,-2.887463305881388803e-02
2.120576000000000000e+09,8.746997687949917277e-02,9.941058778691586051e-01,-8.423559246894801733e-02,-2.896067238004741348e-02
2.125575000000000000e+09,9.905601762399320054e-02,9.930805637338550040e-01,-8.564678946592009512e-02,-2.901122411363718859e-02
2.130574000000000000e+09,1.106312175493470995e-01,9.919133517051821336e-01,-8.706239036527665953e-02,-2.902620816845669777e-02
2.135573000000000000e+09,1.221936329063043475e-01,9.906043268601731899e-01,-8.848149905582329555e-02,-2.900556800712196862e-02
2.140572000000000000e+09,1.337413199062067459e-01,9.891536066749427869e-01,-8.990322139638357024e-02,-2.894927047109125198e-02
2.145571000000000000e+09,1.452723353999493261e-01,9.875613410374420864e-01,-9.132666585401431891e-02,-2.885730558717138072e-02
2.150570000000000000e+09,1.567847375563447831e-01,9.858277122435548101e-01,-9.275094413155267337e-02,-2.872968635592364553e-02
2.155569000000000000e+09,1.682765865394492133e-01,9.839529349766286126e-01,-9.417517178396954403e-02,-2.856644852247210153e-02
2.160568000000000000e+09,1.797459451844525269e-01,9.819372562705434015e-01,-9.559846882303744964e-02,-2.836765033024495411e-02
2.165567000000000000e+09,1.911908796717079473e-01,9.797809554564368417e-01,-9.701996030983964237e-02,-2.813337225817013829e-02
2.170566000000000000e+09,2.026094601985138632e-01,9.774843440931864080e-01,-9.843877693466974999e-02,-2.786371674188025532e-02
2.175565000000000000e+09,2.139997616482378073e-01,9.750477658818010873e-01,-9.985405558389709446e-02,-2.755880787948077060e-02
2.180564000000000000e+09,2.253598642564114685e-01,9.724715965638396353e-01,-1.012649398933976874e-01,-2.721879112244613916e-02
2.185563000000000000e+09,2.366878542734033308e-01,9.697562438040034927e-01,-1.026705807881688887e-01,-2.684383295222394356e-02
2.190562000000000000e+09,2.479818246233037315e-01,9.669021470570662302e-01,-1.040701370077764115e-01,-2.643412054312419684e-02
2.195561000000000000e+09,2.592398755586594050e-01,9.639097774192734169e-01,-1.054627756173055070e-01,-2.598986141209197118e-02
2.200560000000000000e+09,2.704601153106871436e-01,9.607796374643988724e-01,-1.068476725035038127e-01,-2.551128305595281795e-02
2.205559000000000000e+09,2.816406607346346735e-01,9.575122610646134014e-01,-1.082240128558408926e-01,-2.499863257673629047e-02
2.210558000000000000e+09,2.927796379499249535e-01,9.541082131963413149e-01,-1.095909916322183042e-01,-2.445217629568624193e-02
2.215557000000000000e+09,3.038751829747668998e-01,9.505680897312906996e-01,-1.109478140091044174e-01,-2.387219935655611122e-02
2.220556000000000000e+09,3.149254423548804027e-01,9.468925172128351830e-01,-1.122936958158730070e-01,-2.325900531881414102e-02
2.225555000000000000e+09,3.259285737860393994e-01,9.430821526179409275e-01,-1.136278639531629747e-01,-2.261291574136288507e-02
2.230554000000000000e+09,3.368827467300875567e-01,9.391376831048299234e-01,-1.149495567950961639e-01,-2.193426975738410958e-02
2.235553000000000000e+09,3.477861430241445118e-01,9.350598257465828622e-01,-1.162580245752029146e-01,-2.122342364093448425e-02
2.240552000000000000e+09,3.586369574826700490e-01,9.308493272508763239e-01,-1.175525297559451426e-01,-2.048075036588640693e-02
2.245551000000000000e+09,3.694333984921189251e-01,9.265069636660629993e-01,-1.188323473817319426e-01,-1.970663915784063094e-02
2.250550000000000000e+09,3.801736885978672653e-01,9.220335400738095544e-01,-1.200967654153582836e-01,-1.890149503960897662e-02
2.255549000000000000e+09,3.908560650831421346e-01,9.174298902684969725e-01,-1.213450850578085688e-01,-1.806573837087299336e-02
2.260548000000000000e+09,4.014787805396656251e-01,9.126968764236037535e-01,-1.225766210513935389e-01,-1.719980438262197486e-02
2.265547000000000000e+09,4.120401034297441756e-01,9.078353887452932369e-01,-1.237907019662117247e-01,-1.630414270696164611e-02
2.270546000000000000e+09,4.225383186395237356e-01,9.028463451134236539e-01,-1.249866704699386794e-01,-1.537921690288736667e-02
2.275545000000000000e+09,4.329717280231608623e-01,8.977306907102078348e-01,-1.261638835809776316e-01,-1.442550397860482315e-02
2.280544000000000000e+09,4.433386509376326390e-01,8.924893976367557213e-01,-1.273217129050167040e-01,-1.344349391097608183e-02
2.285543000000000000e+09,4.536374247679472727e-01,8.871234645177239475e-01,-1.284595448550629460e-01,-1.243368916265798207e-02
2.290542000000000000e+09,4.638664054424874728e-01,8.816339160943106323e-01,-1.295767808550351563e-01,-1.139660419750431093e-02
2.295541000000000000e+09,4.740239679382626248e-01,8.760218028058414097e-01,-1.306728375270239384e-01,-1.033276499477561207e-02
2.300540000000000000e+09,4.841085067758028049e-01,8.702882003601652983e-01,-1.317471468623397091e-01,-9.242708562709121140e-03
2.305539000000000000e+09,4.941184365034755888e-01,8.644342092931330823e-01,-1.327991563764848726e-01,-8.126982451983358335e-03
2.310538000000000000e+09,5.040521921709896214e-01,8.584609545173773615e-01,-1.338283292482129461e-01,-6.986144269602160596e-03
2.315537000000000000e+09,5.139082297918441400e-01,8.523695848606673842e-01,-1.348341444428382552e-01,-5.820761193717515804e-03
2.320536000000000000e+09,5.236850267945120097e-01,8.461612725940733659e-01,-1.358160968199934038e-01,-4.631409489893178501e-03
2.325535000000000000e+09,5.333810824621274538e-01,8.398372129502094108e-01,-1.367736972260281403e-01,-3.418674029306371150e-03
2.330534000000000000e+09,5.429949183604648733e-01,8.333986236318023932e-01,-1.377064725712771331e-01,-2.183147809370087743e-03
2.335533000000000000e+09,5.525250787539841557e-01,8.268467443108703518e-01,-1.386139658924199491e-01,-9.254314772466962604e-04
2.340532000000000000e+09,5.619701310097479086e-01,8.201828361187503136e-01,-1.394957364001853384e-01,3.538671432882065006e-04
2.345531000000000000e+09,5.713286659889820207e-01,8.134081811272687590e-01,-1.403513595126556768e-01,1.654133521182285819e-03
2.350530000000000000e+09,5.805992984261012513e-01,8.065240818213178509e-01,-1.411804268744437652e-01,2.974746883212656557e-03
2.355529000000000000e+09,5.897806672949731377e-01,7.995318605631179798e-01,-1.419825463620242312e-01,4.315080674438994887e-03
2.360528000000000000e+09,5.988714361622446969e-01,7.924328590484489565e-01,-1.427573420755179068e-01,5.674503013592600148e-03
2.365527000000000000e+09,6.078702935275269725e-01,7.852284377551432826e-01,-1.435044543172289688e-01,7.052377143015157307e-03
2.370526000000000000e+09,6.167759531502533532e-01,7.779199753841155029e-01,-1.442235395572608603e-01,8.448061872755124879e-03
2.375525000000000000e+09,6.255871543630217024e-01,7.705088682932486055e-01,-1.449142703865266557e-01,9.860912018465358905e-03
2.380524000000000000e+09,6.343026623712485490e-01,7.629965299244134691e-01,-1.455763354574976520e-01,1.129027883274206535e-02
2.385523000000000000e+09,6.429212685389404935e-01,7.553843902239434360e-01,-1.462094394130329933e-01,1.273551042957010195e-02
2.390522000000000000e+09,6.514417906604301756e-01,7.476738950568669884e-01,-1.468133028036418819e-01,1.419595220154836607e-02
2.395521000000000000e+09,6.598630732178958347e-01,7.398665056152189390e-01,-1.473876619935403642e-01,1.567094722958830774e-02
2.400520000000000000e+09,6.681839876244916043e-01,7.319636978207411104e-01,-1.479322690558735887e-01,1.715983668478535465e-02
2.405519000000000000e+09,6.764034324529554221e-01,7.239669617223144504e-01,-1.484468916574740449e-01,1.866196022219091324e-02
2.410518000000000000e+09,6.845203336495112589e-01,7.158778008884397748e-01,-1.489313129335420871e-01,2.017665636621008771e-02
2.415517000000000000e+09,6.925336447329287770e-01,7.076977317951114177e-01,-1.493853313526356530e-01,2.170326288738384790e-02
2.420516000000000000e+09,7.004423469785990841e-01,6.994282832094291802e-01,-1.498087605723568139e-01,2.324111717031191945e-02
2.425515000000000000e+09,7.082454495874815903e-01,6.910709955692867501e-01,-1.502014292861430511e-01,2.478955657250314637e-02
2.430514000000000000e+09,7.159419898397879622e-01,6.826274203595114054e-01,-1.505631810615547517e-01,2.634791877394184953e-02
2.435513000000000000e+09,7.235310332332818284e-01,6.740991194847871792e-01,-1.508938741704704822e-01,2.791554211718487791e-02
2.440512000000000000e+09,7.310116736060680021e-01,6.654876646397571704e-01,-1.511933814116023789e-01,2.949176593780998210e-02
2.445511000000000000e+09,7.383830332437629762e-01,6.567946366766576061e-01,-1.514615899257363008e-01,3.107593088505987422e-02
2.450510000000000000e+09,7.456442629709348902e-01,6.480216249708720122e-01,-1.516984010041161901e-01,3.266737923253441173e-02
2.455509000000000000e+09,7.527945422267174891e-01,6.391702267847828578e-01,-1.519037298903906097e-01,3.426545517879980851e-02
2.460508000000000000e+09,7.598330791245005988e-01,6.302420466303237934e-01,-1.520775055765380135e-01,3.586950513780616523e-02
2.465507000000000000e+09,7.667591104956263948e-01,6.212386956306098496e-01,-1.522196705931858074e-01,3.747887801900669225e-02
2.470506000000000000e+09,7.735719019169975397e-01,6.121617908810706998e-01,-1.523301807947508024e-01,3.909292549709927206e-02
2.475505000000000000e+09,7.802707477225477861e-01,6.030129548104684600e-01,-1.524090051398176160e-01,4.071100227132043448e-02
2.480504000000000000e+09,7.868549709985104279e-01,5.937938145422471115e-01,-1.524561254671686072e-01,4.233246631423174394e-02
2.485503000000000000e+09,7.933239235624349739e-01,5.845060012565961305e-01,-1.524715362678963071e-01,4.395667910996908789e-02
2.490502000000000000e+09,7.996769859259202917e-01,5.751511495536822949e-01,-1.524552444540031026e-01,4.558300588191763203e-02
2.495501000000000000e+09,8.059135672410298046e-01,5.657308968184667775e-01,-1.524072691239125865e-01,4.721081580981316417e-02
2.500500000000000000e+09,8.120331052303827457e-01,5.562468825875378498e-01,-1.523276413253009665e-01,4.883948223626698171e-02
2.505499000000000000e+09,8.180350661009003765e-01,5.467007479184170515e-01,-1.522164038156633981e-01,5.046838286273386959e-02
2.510498000000000000e+09,8.239189444412280405e-01,5.370941347617554928e-01,-1.520736108210178350e-01,5.209689993496049304e-02
2.515497000000000000e+09,8.296842631028386039e-01,5.274286853369020145e-01,-1.518993277931580954e-01,5.372442041795354867e-02
2.520496000000000000e+09,8.353305730648590277e-01,5.177060415112629821e-01,-1.516936311658478864e-01,5.535033616053604971e-02
2.525495000000000000e+09,8.408574532826453840e-01,5.079278441839397695e-01,-1.514566081103594641e-01,5.697404404956250140e-02
2.530494000000000000e+09,8.462645105201848095e-01,4.980957326740736435e-01,-1.511883562907432033e-01,5.859494615388047972e-02
2.535493000000000000e+09,8.515513791663649190e-01,4.882113441143968724e-01,-1.508889836192164879e-01,6.021244985814648565e-02
2.540492000000000000e+09,8.567177210352185934e-01,4.782763128504126104e-01,-1.505586080120520087e-01,6.182596798660095622e-02
2.545491000000000000e+09,8.617632251502174157e-01,4.682922698457159250e-01,-1.501973571463403601e-01,6.343491891694301443e-02
2.550490000000000000e+09,8.666876075127480927e-01,4.582608420938859006e-01,-1.498053682179926183e-01,6.503872668443554106e-02
2.555489000000000000e+09,8.714906108548667873e-01,4.481836520374503086e-01,-1.493827877013482464e-01,6.663682107640060692e-02
2.560488000000000000e+09,8.761720043764983368e-01,4.380623169943717587e-01,-1.489297711107383515e-01,6.822863771726968285e-02
2.565487000000000000e+09,8.807315834672161392e-01,4.278984485925473313e-01,-1.484464827643541818e-01,6.981361814436538860e-02
2.570486000000000000e+09,8.851691694127804544e-01,4.176936522127727702e-01,-1.479330955507545675e-01,7.139120987460857715e-02
2.575485000000000000e+09,8.894846090866191934e-01,4.074495264406672312e-01,-1.473897906983496486e-01,7.296086646234832551e-02
2.580484000000000000e+09,8.936777746264490396e-01,3.971676625280052830e-01,-1.468167575481723885e-01,7.452204754853244961e-02
2.585483000000000000e+09,8.977485630962558361e-01,3.868496438639413282e-01,-1.462141933302620878e-01,7.607421890143897802e-02
2.590482000000000000e+09,9.016968961338702737e-01,3.764970454565839120e-01,-1.455823029439477501e-01,7.761685244920592253e-02
2.595481000000000000e+09,9.055227195843804644e-01,3.661114334253897651e-01,-1.449212987423403876e-01,7.914942630440513494e-02
2.600480000000000000e+09,9.092260031196522929e-01,3.556943645048373237e-01,-1.442314003213031881e-01,8.067142478091307578e-02
2.605479000000000000e+09,9.128067398442406555e-01,3.452473855598233166e-01,-1.435128343131793771e-01,8.218233840334805695e-02
2.610478000000000000e+09,9.162649458879846831e-01,3.347720331132567617e-01,-1.427658341855365387e-01,8.368166390934432541e-02
2.615477000000000000e+09,9.196006599856086927e-01,3.242698328862732571e-01,-1.419906400451778072e-01,8.516890424495025813e-02
2.620476000000000000e+09,9.228139430436531621e-01,3.137422993515257552e-01,-1.411874984476583494e-01,8.664356855344323982e-02
2.625475000000000000e+09,9.259048776950935533e-01,3.031909352999752616e-01,-1.403566622125345387e-01,8.810517215785715339e-02
2.630474000000000000e+09,9.288735678420002584e-01,2.926172314216144432e-01,-1.394983902445590118e-01,8.955323653753907709e-02
2.635473000000000000e+09,9.317201381866386800e-01,2.820226659005340419e-01,-1.386129473610246965e-01,9.098728929904630058e-02
2.640472000000000000e+09,9.344447337513809293e-01,2.714087040247512572e-01,-1.377006041254497382e-01,9.240686414170592999e-02
2.645471000000000000e+09,9.370475193878765596e-01,2.607767978111882323e-01,-1.367616366877754397e-01,9.381150081817386799e-02
2.650470000000000000e+09,9.395286792758821282e-01,2.501283856462033217e-01,-1.357963266312434969e-01,9.520074509032117049e-02
2.655469000000000000e+09,9.418884164122172109e-01,2.394648919420366562e-01,-1.348049608261045196e-01,9.657414868079634840e-02
2.660468000000000000e+09,9.441269520902992873e-01,2.287877268095610261e-01,-1.337878312902883726e-01,9.793126922060800543e-02
2.665467000000000000e+09,9.462445253707369996e-01,2.180982857476642389e-01,-1.327452350571687034e-01,9.927167019308030804e-02
2.670466000000000000e+09,9.482413925434782787e-01,2.073979493496347914e-01,-1.316774740505173014e-01,1.005949208745392648e-01
2.675465000000000000e+09,9.501178265820171553e-01,1.966880830268510627e-01,-1.305848549667550096e-01,1.019005962720892222e-01
2.680464000000000000e+09,9.518741165901789536e-01,1.859700367501170848e-01,-1.294676891645749339e-01,1.031882770588438275e-01
2.685463000000000000e+09,9.535105672420386425e-01,1.752451448089148434e-01,-1.283262925619965411e-01,1.044575495069781645e-01
2.690462000000000000e+09,9.550274982154934866e-01,1.645147255888857463e-01,-1.271609855409145673e-01,1.057080054189730722e-01
2.695461000000000000e+09,9.564252436200851859e-01,1.537800813677823175e-01,-1.259720928591674394e-01,1.069392420574206692e-01
2.700460000000000000e+09,9.577041514196210636e-01,1.430424981301648413e-01,-1.247599435701520071e-01,1.081508620737633569e-01
2.705459000000000000e+09,9.588645828502130319e-01,1.323032454010571179e-01,-1.235248709499892766e-01,1.093424734363434708e-01
2.710458000000000000e+09,9.599069118343024343e-01,1.215635760987868186e-01,-1.222672124322329718e-01,1.105136893581308566e-01
2.715457000000000000e+09,9.608315243913154724e-01,1.108247264072060034e-01,-1.209873095500947765e-01,1.116641282245076638e-01
2.720456000000000000e+09,9.616388180455516244e-01,1.000879156674658876e-01,-1.196855078861485261e-01,1.127934135214814504e-01
2.725455000000000000e+09,9.623292012319513145e-01,8.935434628950753022e-02,-1.183621570294614844e-01,1.139011737646933309e-01
2.730454000000000000e+09,9.629030927003774387e-01,7.862520368339639965e-02,-1.170176105400757005e-01,1.149870424295968974e-01
2.735453000000000000e+09,9.633609209190685529e-01,6.790165621063337653e-02,-1.156522259207653086e-01,1.160506578831707047e-01
2.740452000000000000e+09,9.637031234779280808e-01,5.718485515551813975e-02,-1.142663645959581531e-01,1.170916633175285021e-01
2.745451000000000000e+09,9.639301464923096807e-01,4.647593471664889647e-02,-1.128603918977185011e-01,1.181097066857891981e-01
2.750450000000000000e+09,9.640424440079780055e-01,3.577601201860881874e-02,-1.114346770586496227e-01,1.191044406405585843e-01
2.755449000000000000e+09,9.640404774079260886e-01,2.508618714385995457e-02,-1.099895932115832614e-01,1.200755224753782824e-01
2.760448000000000000e+09,9.639247148217411354e-01,1.440754318486320643e-02,-1.085255173958858954e-01,1.210226140694853902e-01
2.765447000000000000e+09,9.636956305381951804e-01,3.741146316379167103e-03,-1.070428305702135485e-01,1.219453818362229991e-01
2.770446000000000000e+09,9.633537044217738154e-01,-6.911954112059174975e-03,-1.055419176315250257e-01,1.228434966754350377e-01
2.775445000000000000e+09,9.628994213338245567e-01,-1.755072546360120223e-02,-1.040231674401550649e-01,1.237166339301715434e-01
2.780444000000000000e+09,9.623332705590363911e-01,-2.817415168151782626e-02,-1.024869728507170757e-01,1.245644733480254784e-01
2.785443000000000000e+09,9.616557452379406179e-01,-3.878123313678807221e-02,-1.009337307486257579e-01,1.253866990474070131e-01
2.790442000000000000e+09,9.608673418061428606e-01,-4.937098645592286755e-02,-9.936384209197642037e-02,1.261829994890636131e-01
2.795441000000000000e+09,9.599685594409802514e-01,-5.994244432923293703e-02,-9.777771195852873187e-02,1.269530674531346437e-01
2.800440000000000000e+09,9.589598995163043371e-01,-7.049465529970155853e-02,-9.617574959753560915e-02,1.276966000220195185e-01
2.805439000000000000e+09,9.578418650660861511e-01,-8.102668353271499924e-02,-9.455836848611316736e-02,1.284132985693461348e-01
2.810438000000000000e+09,9.566149602575338973e-01,-9.153760856685250191e-02,-9.292598638987480120e-02,1.291028687552833176e-01
2.815437000000000000e+09,9.552796898744113641e-01,-1.020265250460324902e-01,-9.127902542751038795e-02,1.297650205284597569e-01
2.820436000000000000e+09,9.538365588112452942e-01,-1.124925424333036300e-01,-8.961791213899601705e-02,1.303994681347268036e-01
2.825435000000000000e+09,9.522860715790850694e-01,-1.229347847065934279e-01,-8.794307755709847296e-02,1.310059301329872250e-01
2.830434000000000000e+09,9.506287318234992734e-01,-1.333523900367584170e-01,-8.625495728184046085e-02,1.315841294183039412e-01
2.835433000000000000e+09,9.488650418554567256e-01,-1.437445104483160707e-01,-8.455399155756679330e-02,1.321337932524928871e-01
2.840432000000000000e+09,9.469955021957475738e-01,-1.541103114632478566e-01,-8.284062535225351909e-02,1.326546533023832686e-01
2.845431000000000000e+09,9.450206111335942571e-01,-1.644489717282937025e-01,-8.111530843868644536e-02,1.331464456859134948e-01
2.850430000000000000e+09,9.429408643000593004e-01,-1.747596826261847425e-01,-7.937849547712938492e-02,1.336089110262292379e-01
2.855429000000000000e+09,9.407567542569000851e-01,-1.850416478712740842e-01,-7.763064609909517411e-02,1.340417945139159295e-01
2.860428000000000000e+09,9.384687701014379213e-01,-1.952940830900925240e-01,-7.587222499181274504e-02,1.344448459774971461e-01
2.865427000000000000e+09,9.360773970880656991e-01,-2.055162153873048014e-01,-7.410370198299974509e-02,1.348178199623112639e-01
2.870426000000000000e+09,9.335831162669474548e-01,-2.157072828976398515e-01,-7.232555212551732005e-02,1.351604758178544252e-01
2.875425000000000000e+09,9.309864041404730672e-01,-2.258665343243425605e-01,-7.053825578149618136e-02,1.354725777936732767e-01
2.880424000000000000e+09,9.282877323380149814e-01,-2.359932284647566769e-01,-6.874229870550495336e-02,1.357538951438654051e-01
2.885423000000000000e+09,9.254875673095129818e-01,-2.460866337236266577e-01,-6.693817212633730585e-02,1.360042022402296324e-01
2.890422000000000000e+09,9.225863700383772903e-01,-2.561460276147640158e-01,-6.512637282698215124e-02,1.362232786940960061e-01
2.895421000000000000e+09,9.195845957742132537e-01,-2.661706962517284003e-01,-6.330740322234104656e-02,1.364109094868367344e-01
2.900420000000000000e+09,9.164826937858200351e-01,-2.761599338282094140e-01,-6.148177143425170160e-02,1.365668851090533487e-01
2.905419000000000000e+09,9.132811071349128396e-01,-2.861130420887860182e-01,-5.964999136337456598e-02,1.366910017084082551e-01
2.910418000000000000e+09,9.099802724709862289e-01,-2.960293297907930499e-01,-5.781258275750456727e-02,1.367830612460538553e-01
2.915417000000000000e+09,9.065806198477174283e-01,-3.059081121580196627e-01,-5.597007127585272579e-02,1.368428716615911478e-01
2.920416000000000000e+09,9.030825725612763311e-01,-3.157487103270057438e-01,-5.412298854886174460e-02,1.368702470464761012e-01
2.925415000000000000e+09,8.994865470109062455e-01,-3.255504507866837094e-01,-5.227187223310238856e-02,1.368650078257659108e-01
2.930414000000000000e+09,8.957929525820722549e-01,-3.353126648121717013e-01,-5.041726606081922690e-02,1.368269809480819332e-01
2.935413000000000000e+09,8.920021915525045975e-01,-3.450346878935077188e-01,-4.855971988366403896e-02,1.367560000836480494e-01
2.940412000000000000e+09,8.881146590213748748e-01,-3.547158591601518585e-01,-4.669978971020077863e-02,1.366519058302411715e-01
2.945411000000000000e+09,8.841307428618655484e-01,-3.643555208020718972e-01,-4.483803773672878634e-02,1.365145459268692074e-01
2.950410000000000000e+09,8.800508236973406673e-01,-3.739530174882670366e-01,-4.297503237099995627e-02,1.363437754749811381e-01
2.955409000000000000e+09,8.758752749012949090e-01,-3.835076957835934497e-01,-4.111134824840505936e-02,1.361394571669818920e-01
2.960408000000000000e+09,8.716044626212364754e-01,-3.930189035647357332e-01,-3.924756624020505485e-02,1.359014615218164523e-01
2.965407000000000000e+09,8.672387458266288540e-01,-4.024859894362207147e-01,-3.738427345339401242e-02,1.356296671273650167e-01
2.970406000000000000e+09,8.627784763809804858e-01,-4.119083021473464168e-01,-3.552206322179290304e-02,1.353239608893628543e-01
2.975405000000000000e+09,8.582239991381377386e-01,-4.212851900109421122e-01,-3.366153508796380228e-02,1.349842382865597545e-01
2.980404000000000000e+09,8.535756520628126065e-01,-4.306160003248276080e-01,-3.180329477556902151e-02,1.346104036317917474e-01
2.985403000000000000e+09,8.488337663753386941e-01,-4.399000787969079007e-01,-2.994795415178846260e-02,1.342023703386353295e-01
2.990402000000000000e+09,8.439986667206157422e-01,-4.491367689747949865e-01,-2.809613117942966198e-02,1.337600611932934502e-01
2.995401000000000000e+09,8.390706713611740808e-01,-4.583254116808894163e-01,-2.624844985836594785e-02,1.332834086313365585e-01
3.000400000000000000e+09,8.340500923942422151e-01,-4.674653444538176550e-01,-2.440554015597216561e-02,1.327723550189127411e-01
3.005399000000000000e+09,8.289372359926937550e-01,-4.765559009971632731e-01,-2.256803792621318513e-02,1.322268529380231372e-01
3.010398000000000000e+09,8.237324026696867252e-01,-4.855964106363901966e-01,-2.073658481707442436e-02,1.316468654754323064e-01
3.015397000000000000e+09,8.184358875667907540e-01,-4.945861977848969859e-01,-1.891182816602716976e-02,1.310323665147828665e-01
3.020396000000000000e+09,8.130479807653560043e-01,-5.035245814200914882e-01,-1.709442088324521908e-02,1.303833410314491070e-01
3.025395000000000000e+09,8.075689676208497314e-01,-5.124108745704112344e-01,-1.528502132229897156e-02,1.296997853896667829e-01
3.030394000000000000e+09,8.019991291198416139e-01,-5.212443838141878061e-01,-1.348429313807253740e-02,1.289817076414404295e-01
3.035393000000000000e+09,7.963387422592910214e-01,-5.300244087912540092e-01,-1.169290513166665497e-02,1.282291278267433110e-01
3.040392000000000000e+09,7.905880804477558588e-01,-5.387502417281759826e-01,-9.911531082070997034e-03,1.274420782744768721e-01
3.045391000000000000e+09,7.847474139280952166e-01,-5.474211669779910361e-01,-8.140849564406393499e-03,1.266206039036742448e-01
3.050390000000000000e+09,7.788170102212258472e-01,-5.560364605753393974e-01,-6.381543754554013827e-03,1.257647625243983880e-01
3.055389000000000000e+09,7.727971345904263156e-01,-5.645953898078068800e-01,-4.634301220020219450e-03,1.248746251377844396e-01
3.060388000000000000e+09,7.666880505256872258e-01,-5.730972128043589908e-01,-2.899813696888809897e-03,1.239502762346619824e-01
3.065387000000000000e+09,7.604900202475338711e-01,-5.815411781416621739e-01,-1.178776852758444890e-03,1.229918140921793523e-01
3.070386000000000000e+09,7.542033052297372198e-01,-5.899265244691374033e-01,5.281099644422208774e-04,1.219993510678472337e-01
3.075385000000000000e+09,7.478281667402881805e-01,-5.982524801534983006e-01,2.220143991820903561e-03,1.209730138904051150e-01
3.080384000000000000e+09,7.413648663999837796e-01,-6.065182629435847961e-01,3.896619331122200009e-03,1.199129439469098918e-01
3.085383000000000000e+09,7.348136667579271419e-01,-6.147230796562159760e-01,5.556827242582443142e-03,1.188192975654392969e-01
3.090382000000000000e+09,7.281748318832237388e-01,-6.228661258838171788e-01,7.200056453040826025e-03,1.176922462927895152e-01
3.095381000000000000e+09,7.214486279721238349e-01,-6.309465857245086795e-01,8.825593478272265174e-03,1.165319771665509346e-01
3.100380000000000000e+09,7.146353239698212123e-01,-6.389636315353551810e-01,1.043272295949850166e-02,1.153386929809326195e-01
3.105379000000000000e+09,7.077351922061100309e-01,-6.469164237094136016e-01,1.202072801399149855e-02,1.141126125457145729e-01
3.110378000000000000e+09,7.007485090440331854e-01,-6.548041104772354126e-01,1.358889059967148885e-02,1.128539709376852884e-01
3.115377000000000000e+09,6.936755555406819429e-01,-6.626258277333972879e-01,1.513649189356263032e-02,1.115630197439447385e-01
3.120376000000000000e+09,6.865166181192199346e-01,-6.703806988886442664e-01,1.666281268395180051e-02,1.102400272964329797e-01
3.125375000000000000e+09,6.792719892512344426e-01,-6.780678347481818857e-01,1.816713377606649082e-02,1.088852788970549046e-01
3.130374000000000000e+09,6.719419681484444240e-01,-6.856863334166314328e-01,1.964873641105600865e-02,1.074990770327758915e-01
3.135373000000000000e+09,6.645268614628084825e-01,-6.932352802301021688e-01,2.110690269804252339e-02,1.060817415800550251e-01
3.140372000000000000e+09,6.570269839940290346e-01,-7.007137477158384975e-01,2.254091605896687417e-02,1.046336099980049589e-01
3.145371000000000000e+09,6.494426594034322653e-01,-7.081207955798385356e-01,2.395006168594586426e-02,1.031550375096509375e-01
3.150370000000000000e+09,6.417742209331948056e-01,-7.154554707227962496e-01,2.533362701080729001e-02,1.016463972706906360e-01
3.155369000000000000e+09,6.340220121298572042e-01,-7.227168072847182101e-01,2.669090218646603951e-02,1.001080805251468031e-01
3.160368000000000000e+09,6.261863875710428351e-01,-7.299038267184748685e-01,2.802118057975213836e-02,9.854049674732377750e-02
3.165367000000000000e+09,6.182677135942987734e-01,-7.370155378925605794e-01,2.932375927529892387e-02,9.694407376948467603e-02
3.170366000000000000e+09,6.102663690269517494e-01,-7.440509372232502194e-01,3.059793959005491226e-02,9.531925789468474741e-02
3.175365000000000000e+09,6.021827459158566320e-01,-7.510090088363202687e-01,3.184302759796171084e-02,9.366651399419383128e-02
3.180364000000000000e+09,5.940172502559131207e-01,-7.578887247584619180e-01,3.305833466431626344e-02,9.198632558897783251e-02
3.185363000000000000e+09,5.857703027162031173e-01,-7.646890451384652510e-01,3.424317798931331147e-02,9.027919491469768576e-02
3.190362000000000000e+09,5.774423393626056944e-01,-7.714089184982004799e-01,3.539688116022295106e-02,8.854564296972845805e-02
3.195361000000000000e+09,5.690338123757274769e-01,-7.780472820133919054e-01,3.651877471165308753e-02,8.678620954569618573e-02
3.200360000000000000e+09,5.605451907630100150e-01,-7.846030618241278676e-01,3.760819669331045417e-02,8.500145324005774217e-02
3.205359000000000000e+09,5.519769610638044499e-01,-7.910751733750095438e-01,3.866449324464661663e-02,8.319195145027677429e-02
3.210358000000000000e+09,5.433296280463154604e-01,-7.974625217847856051e-01,3.968701917577337895e-02,8.135830034915381148e-02
3.215357000000000000e+09,5.346037153951868071e-01,-8.037640022452793298e-01,4.067513855397268674e-02,7.950111484090414959e-02
3.220356000000000000e+09,5.257997663886183615e-01,-8.099785004493725848e-01,4.162822529514799419e-02,7.762102849760077472e-02
3.225355000000000000e+09,5.169183445638212415e-01,-8.161048930477610153e-01,4.254566375951066015e-02,7.571869347560254704e-02
3.230354000000000000e+09,5.079600343696895060e-01,-8.221420481341362718e-01,4.342684935078443970e-02,7.379478041165529745e-02
3.235353000000000000e+09,4.989254418055364404e-01,-8.280888257584275713e-01,4.427118911820360214e-02,7.184997829833278393e-02
3.240352000000000000e+09,4.898151950447590108e-01,-8.339440784676706020e-01,4.507810236054506092e-02,6.988499433854852838e-02
3.245351000000000000e+09,4.806299450423299757e-01,-8.397066518740256003e-01,4.584702123143002961e-02,6.790055377887611876e-02
3.250350000000000000e+09,4.713703661249932786e-01,-8.453753852494338972e-01,4.657739134511069273e-02,6.589739972145912394e-02
3.255349000000000000e+09,4.620371565631086752e-01,-8.509491121463376162e-01,4.726867238194405740e-02,6.387629291431512479e-02
3.260348000000000000e+09,4.526310391230342622e-01,-8.564266610438646676e-01,4.792033869274014979e-02,6.183801151986020178e-02
3.265347000000000000e+09,4.431527615990411006e-01,-8.618068560188090199e-01,4.853187990116341471e-02,5.978335086154378669e-02
3.270346000000000000e+09,4.336030973237108843e-01,-8.670885174407172435e-01,4.910280150335209759e-02,5.771312314847052566e-02
3.275345000000000000e+09,4.239828456558301650e-01,-8.722704626903313718e-01,4.963262546391115915e-02,5.562815717796393278e-02
3.280344000000000000e+09,4.142928324447954780e-01,-8.773515069006123657e-01,5.012089080743306613e-02,5.352929801602632209e-02
3.285343000000000000e+09,4.045339104705954481e-01,-8.823304637195065192e-01,5.056715420468074068e-02,5.141740665570654345e-02
3.290342000000000000e+09,3.947069598584465044e-01,-8.872061460935910526e-01,5.097099055257722777e-02,4.929335965340815584e-02
3.295341000000000000e+09,3.848128884672195604e-01,-8.919773670716951708e-01,5.133199354713428864e-02,4.715804874321402607e-02
3.300340000000000000e+09,3.748526322507668151e-01,-8.966429406275505665e-01,5.164977624844994952e-02,4.501238042933509986e-02
3.305339000000000000e+09,3.648271555913910613e-01,-9.012016825004849352e-01,5.192397163690944811e-02,4.285727555682521117e-02
3.310338000000000000e+09,3.547374516046312709e-01,-9.056524110531505301e-01,5.215423315972154278e-02,4.069366886074689965e-02
3.315337000000000000e+09,3.445845424146725677e-01,-9.099939481452195000e-01,5.234023526692633405e-02,3.852250849400457727e-02
3.320336000000000000e+09,3.343694793996415116e-01,-9.142251200219937424e-01,5.248167393601434194e-02,3.634475553409136084e-02
3.325335000000000000e+09,3.240933434061717966e-01,-9.183447582167723056e-01,5.257826718430321650e-02,3.416138346905207152e-02
3.330334000000000000e+09,3.137572449326111457e-01,-9.223517004658711160e-01,5.262975556822570983e-02,3.197337766297175116e-02
3.335333000000000000e+09,3.033623242802963582e-01,-9.262447916351053134e-01,5.263590266869246082e-02,2.978173480136481199e-02
3.340332000000000000e+09,2.929097516724051831e-01,-9.300228846565439245e-01,5.259649556170301749e-02,2.758746231685469188e-02
3.345331000000000000e+09,2.824007273398895235e-01,-9.336848414743096347e-01,5.251134527339020031e-02,2.539157779557756761e-02
3.350330000000000000e+09,2.718364815740796914e-01,-9.372295339981988604e-01,5.238028721870206794e-02,2.319510836477892135e-02
3.355329000000000000e+09,2.612182747455824572e-01,-9.406558450638476954e-01,5.220318162293134667e-02,2.099909006210259541e-02
3.360328000000000000e+09,2.505473972891555379e-01,-9.439626693981756356e-01,5.197991392533259786e-02,1.880456718710929453e-02
3.365327000000000000e+09,2.398251696542842426e-01,-9.471489145888095651e-01,5.171039516407136688e-02,1.661259163559476379e-02
3.370326000000000000e+09,2.290529422212571331e-01,-9.502135020561843781e-01,5.139456234178782501e-02,1.442422221730438325e-02
3.375325000000000000e+09,2.182320951825375277e-01,-9.531553680270153928e-01,5.103237877105756826e-02,1.224052395768195772e-02
3.380324000000000000e+09,2.073640383893696482e-01,-9.559734645077994086e-01,5.062383439907370414e-02,1.006256738431184246e-02
3.385323000000000000e+09,1.964502111635272330e-01,-9.586667602570331237e-01,5.016894611089453559e-02,7.891427798750464545e-03
3.390322000000000000e+09,1.854920820742181065e-01,-9.612342417548100926e-01,4.966775801061686091e-02,5.728184534474830593e-03
3.395321000000000000e+09,1.744911486801760669e-01,-9.636749141684608500e-01,4.912034167987779781e-02,3.573920201681290553e-03
3.400320000000000000e+09,1.634489372370782068e-01,-9.659878023129059299e-01,4.852679641310529701e-02,1.429719919731147447e-03
3.405319000000000000e+09,1.523670023704102872e-01,-9.681719516043957308e-01,4.788724942897158721e-02,-7.033294619683958708e-04
3.410318000000000000e+09,1.412469267140361029e-01,-9.702264290063055130e-01,4.720185605753647595e-02,-2.824140153815638769e-03
3.415317000000000000e+09,1.300903205146919095e-01,-9.721503239656906770e-01,4.647079990259872506e-02,-4.931624225757900992e-03
3.420316000000000000e+09,1.188988212027724395e-01,-9.739427493392723845e-01,4.569429297879461227e-02,-7.024694416042773747e-03
3.425315000000000000e+09,1.076740929297516774e-01,-9.756028423075953082e-01,4.487257582304987613e-02,-9.102264948105147011e-03
3.430314000000000000e+09,9.641782607270306393e-02,-9.771297652760532193e-01,4.400591757998212339e-02,-1.116325235466562524e-02
3.435313000000000000e+09,8.513173670633805701e-02,-9.785227067615512864e-01,4.309461606092154090e-02,-1.320657630813024293e-02
3.440312000000000000e+09,7.381756604317576964e-02,-9.797808822635538650e-01,4.213899777623933418e-02,-1.523116045633713354e-02
3.445311000000000000e+09,6.247707984234966705e-02,-9.809035351183122975e-01,4.113941794071561409e-02,-1.723593326271165987e-02
3.450310000000000000e+09,5.111206778773351445e-02,-9.818899373350812310e-01,4.009626045170507080e-02,-1.921982884984961212e-02
3.455309000000000000e+09,3.972434283603249600e-02,-9.827393904131649371e-01,3.900993783991930225e-02,-2.118178784556497621e-02
3.460308000000000000e+09,2.831574053559000534e-02,-9.834512261386589849e-01,3.788089119265828503e-02,-2.312075823040777092e-02
3.465307000000000000e+09,1.688811831666731447e-02,-9.840248073597833711e-01,3.670959004938390002e-02,-2.503569618567134600e-02
3.470306000000000000e+09,5.443354753998756734e-03,-9.844595287397522876e-01,3.549653226955188506e-02,-2.692556694088009059e-02
3.475305000000000000e+09,-6.016651197486908367e-03,-9.847548174861202597e-01,3.424224387267155861e-02,-2.878934561977159259e-02
3.480304000000000000e+09,-1.748998099292230560e-02,-9.849101340556389861e-01,3.294727885058590378e-02,-3.062601808375924051e-02
3.485303000000000000e+09,-2.897469731275719579e-02,-9.849249728336441079e-01,3.161221895203161769e-02,-3.243458177188233288e-02
3.490302000000000000e+09,-4.046884490208005336e-02,-9.847988627870637446e-01,3.023767343953880429e-02,-3.421404653624195158e-02
3.495301000000000000e+09,-5.197045143296731562e-02,-9.845313680901630615e-01,2.882427881881566636e-02,-3.596343547192439039e-02
3.500300000000000000e+09,-6.347752838882879389e-02,-9.841220887222088543e-01,2.737269854075515679e-02,-3.768178574042539003e-02
3.505299000000000000e+09,-7.498807196967541278e-02,-9.835706610362373592e-01,2.588362267628770488e-02,-3.936814938558961391e-02
3.510298000000000000e+09,-8.650006401721070659e-02,-9.828767582982063100e-01,2.435776756429861717e-02,-4.102159414109111252e-02
3.515297000000000000e+09,-9.801147295860404562e-02,-9.820400911958224732e-01,2.279587543289605250e-02,-4.264120422848783482e-02
3.520296000000000000e+09,-1.095202547678059829e-01,-9.810604083163920741e-01,2.119871399434622092e-02,-4.422608114490585857e-02
3.525295000000000000e+09,-1.210243539432063337e-01,-9.799374965931023640e-01,1.956707601401637409e-02,-4.577534443940247527e-02
3.530294000000000000e+09,-1.325217045004706551e-01,-9.786711817191764418e-01,1.790177885372421299e-02,-4.728813247709631740e-02
3.535293000000000000e+09,-1.440102309792943014e-01,-9.772613285293977325e-01,1.620366398990846085e-02,-4.876360319014930167e-02
3.540292000000000000e+09,-1.554878494628807450e-01,-9.757078413485633650e-01,1.447359650707778778e-02,-5.020093481471363944e-02
3.545291000000000000e+09,-1.669524686088729448e-01,-9.740106643064592173e-01,1.271246456703628742e-02,-5.159932661297850220e-02
3.550290000000000000e+09,-1.784019906904975028e-01,-9.721697816190054686e-01,1.092117885439558220e-02,-5.295799957946314279e-02
3.555289000000000000e+09,-1.898343126466335296e-01,-9.701852178352948775e-01,9.100671998939480895e-03,-5.427619713073068147e-02
3.560288000000000000e+09,-2.012473271395516516e-01,-9.680570380502514505e-01,7.251897975421098264e-03,-5.555318577772261346e-02
3.565287000000000000e+09,-2.126389236190429077e-01,-9.657853480827442993e-01,5.375831481405676793e-03,-5.678825577993209389e-02
3.570286000000000000e+09,-2.240069893916400989e-01,-9.633702946190004779e-01,3.473467293802619000e-03,-5.798072178066955573e-02
3.575285000000000000e+09,-2.353494106936845909e-01,-9.608120653212349760e-01,1.545819604758524651e-03,-5.912992342268661577e-02
3.580284000000000000e+09,-2.466640737669122119e-01,-9.581108889014597896e-01,-4.060786624008724181e-04,-6.023522594346542025e-02
3.585283000000000000e+09,-2.579488659353438296e-01,-9.552670351604760635e-01,-2.381176556453436753e-03,-6.129602074950767782e-02
3.590282000000000000e+09,-2.692016766821682117e-01,-9.522808149921394572e-01,-4.378405820054916478e-03,-6.231172596897407989e-02
3.595281000000000000e+09,-2.804203987253806041e-01,-9.491525803529713423e-01,-6.396681629233637832e-03,-6.328178698207526098e-02
3.600280000000000000e+09,-2.916029290909203375e-01,-9.458827241973288835e-01,-8.434903349828744637e-03,-6.420567692862835796e-02
3.605279000000000000e+09,-3.027471701820995675e-01,-9.424716803782925423e-01,-1.049195531006845081e-02,-6.508289719223527003e-02
3.610278000000000000e+09,-3.138510308440684016e-01,-9.389199235145763156e-01,-1.256670758846859665e-02,-6.591297786057040420e-02
3.615277000000000000e+09,-3.249124274221459330e-01,-9.352279688237256083e-01,-1.465801681622128788e-02,-6.669547816129241247e-02
3.620276000000000000e+09,-3.359292848128123121e-01,-9.313963719219879867e-01,-1.676472699321847684e-02,-6.742998687313131456e-02
3.625275000000000000e+09,-3.468995375062311481e-01,-9.274257285912170801e-01,-1.888567031685975048e-02,-6.811612271173951572e-02
3.630274000000000000e+09,-3.578211306191226293e-01,-9.233166745132751485e-01,-2.101966802275958418e-02,-6.875353468992223549e-02
3.635273000000000000e+09,-3.686920209169098905e-01,-9.190698849723868413e-01,-2.316553123648370030e-02,-6.934190245189597590e-02
3.640272000000000000e+09,-3.795101778240224100e-01,-9.146860745259890457e-01,-2.532206183541666975e-02,-6.988093658126943997e-02
3.645271000000000000e+09,-3.902735844213172101e-01,-9.101659966445986294e-01,-2.748805331986868897e-02,-7.037037888246042150e-02
3.650270000000000000e+09,-4.009802384295598210e-01,-9.055104433213335691e-01,-2.966229169251568751e-02,-7.081000263530362604e-02
3.655269000000000000e+09,-4.116281531779802938e-01,-9.007202446516777705e-01,-3.184355634526678247e-02,-7.119961282263567726e-02
3.660268000000000000e+09,-4.222153585569237144e-01,-8.957962683841803608e-01,-3.403062095265494552e-02,-7.153904633068935981e-02
3.665267000000000000e+09,-4.327399019536563585e-01,-8.907394194427727951e-01,-3.622225437083432392e-02,-7.182817212213271629e-02
3.670266000000000000e+09,-4.431998491704138288e-01,-8.855506394214260890e-01,-3.841722154127683725e-02,-7.206689138165937869e-02
3.675265000000000000e+09,-4.535932853238178186e-01,-8.802309060519258876e-01,-4.061428439826479664e-02,-7.225513763404306511e-02
3.680264000000000000e+09,-4.639183157248436551e-01,-8.747812326455145504e-01,-4.281220277926557627e-02,-7.239287683460590705e-02
3.685263000000000000e+09,-4.741730667385053444e-01,-8.692026675092419108e-01,-4.500973533728920561e-02,-7.248010743209418183e-02
3.690262000000000000e+09,-4.843556866225054436e-01,-8.634962933378336203e-01,-4.720564045434221673e-02,-7.251686040397245514e-02
3.695261000000000000e+09,-4.944643463441278919e-01,-8.576632265819481571e-01,-4.939867715506866125e-02,-7.250319926418748173e-02
3.700260000000000000e+09,-5.044972403746688094e-01,-8.517046167936824785e-01,-5.158760601971493220e-02,-7.243922004347301546e-02
3.705259000000000000e+09,-5.144525874607638327e-01,-8.456216459502317040e-01,-5.377119009553395224e-02,-7.232505124231465576e-02
3.710258000000000000e+09,-5.243286313719808245e-01,-8.394155277566098805e-01,-5.594819580576715357e-02,-7.216085375669882562e-02
3.715257000000000000e+09,-5.341236416241128548e-01,-8.330875069283558698e-01,-5.811739385534443053e-02,-7.194682077681870125e-02
3.720256000000000000e+09,-5.438359141776419881e-01,-8.266388584551601637e-01,-6.027756013247968780e-02,-7.168317765893061910e-02
3.725255000000000000e+09,-5.534637721108430775e-01,-8.200708868463698620e-01,-6.242747660529875120e-02,-7.137018177057018187e-02
3.730254000000000000e+09,-5.630055662671042960e-01,-8.133849253593343764e-01,-6.456593221271882121e-02,-7.100812230938693959e-02
3.735253000000000000e+09,-5.724596758760081006e-01,-8.065823352115483180e-01,-6.669172374875194376e-02,-7.059732009585609203e-02
3.740252000000000000e+09,-5.818245091478250197e-01,-7.996645047775716719e-01,-6.880365673945161575e-02,-7.013812734017020600e-02
3.745251000000000000e+09,-5.910985038410402348e-01,-7.926328487717260174e-01,-7.090054631173690891e-02,-6.963092738362321177e-02
3.750250000000000000e+09,-6.002801278026193010e-01,-7.854888074175176982e-01,-7.298121805332261069e-02,-6.907613441483026473e-02
3.755249000000000000e+09,-6.093678794807642074e-01,-7.782338456048040198e-01,-7.504450886303604129e-02,-6.847419316114640442e-02
3.760248000000000000e+09,-6.183602884098873265e-01,-7.708694520356694779e-01,-7.708926779077415747e-02,-6.782557855566115346e-02
3.765247000000000000e+09,-6.272559156676459358e-01,-7.633971383600055560e-01,-7.911435686641736520e-02,-6.713079538018577874e-02
3.770246000000000000e+09,-6.360533543038420223e-01,-7.558184383017891861e-01,-8.111865191699452193e-02,-6.639037788463407475e-02
3.775245000000000000e+09,-6.447512297411072124e-01,-7.481349067769993422e-01,-8.310104337144504083e-02,-6.560488938325989561e-02
3.780244000000000000e+09,-6.533482001472401546e-01,-7.403481190042043858e-01,-8.506043705231895735e-02,-6.477492182818971045e-02
3.785243000000000000e+09,-6.618429567791676016e-01,-7.324596696087336545e-01,-8.699575495378460144e-02,-6.390109536073609875e-02
3.790242000000000000e+09,-6.702342242985048770e-01,-7.244711717214342706e-01,-8.890593600533991392e-02,-6.298405784097524385e-02
3.795241000000000000e+09,-6.785207610587211668e-01,-7.163842560729343223e-01,-9.078993682061896331e-02,-6.202448435609332622e-02
3.800240000000000000e+09,-6.867013593639642588e-01,-7.082005700843864160e-01,-9.264673243074089681e-02,-6.102307670802350342e-02
3.805239000000000000e+09,-6.947748456996024613e-01,-6.999217769555869939e-01,-9.447531700163123991e-02,-5.998056288089502475e-02
3.810238000000000000e+09,-7.027400809346115995e-01,-6.915495547514342034e-01,-9.627470453478995105e-02,-5.889769648884735087e-02
3.815237000000000000e+09,-7.105959604959204423e-01,-6.830855954875868497e-01,-9.804392955099264229e-02,-5.777525620475527229e-02
3.820236000000000000e+09,-7.183414145148943053e-01,-6.745316042162556869e-01,-9.978204775643322033e-02,-5.661404517043312767e-02
3.825235000000000000e+09,-7.259754079461417930e-01,-6.658892981129856947e-01,-1.014881366908221422e-01,-5.541489038889086532e-02
3.830234000000000000e+09,-7.334969406588530694e-01,-6.571604055653047505e-01,-1.031612963570015112e-01,-5.417864209923242691e-02
3.835233000000000000e+09,-7.409050475009402170e-01,-6.483466652640850203e-01,-1.048006498316397528e-01,-5.290617313476783656e-02
3.840232000000000000e+09,-7.481987983362060612e-01,-6.394498252984371911e-01,-1.064053438565754905e-01,-5.159837826496872087e-02
3.845231000000000000e+09,-7.553772980548815186e-01,-6.304716422549885291e-01,-1.079745494104388248e-01,-5.025617352184569980e-02
3.850230000000000000e+09,-7.624396865577965920e-01,-6.214138803223047125e-01,-1.095074622601531905e-01,-4.888049551137817195e-02
3.855229000000000000e+09,-7.693851387145786980e-01,-6.122783104012551325e-01,-1.110033034919804540e-01,-4.747230071060380002e-02
3.860228000000000000e+09,-7.762128642961731995e-01,-6.030667092220872716e-01,-1.124613200217442766e-01,-4.603256475100325068e-02
3.865227000000000000e+09,-7.829221078821095858e-01,-5.937808584689545643e-01,-1.138807850839451685e-01,-4.456228168879710488e-02
3.870226000000000000e+09,-7.895121487429086482e-01,-5.844225439126026211e-01,-1.152609986994408281e-01,-4.306246326279251913e-02
3.875225000000000000e+09,-7.959823006980034643e-01,-5.749935545519506697e-01,-1.166012881214207181e-01,-4.153413814042175578e-02
3.880224000000000000e+09,-8.023319119496644669e-01,-5.654956817652342371e-01,-1.179010082594095371e-01,-3.997835115260350153e-02
3.885223000000000000e+09,-8.085603648933231691e-01,-5.559307184713810912e-01,-1.191595420810497158e-01,-3.839616251806898112e-02
3.890222000000000000e+09,-8.146670759048106891e-01,-5.463004583022739169e-01,-1.203763009914386867e-01,-3.678864705781187405e-02
3.895221000000000000e+09,-8.206514951049342921e-01,-5.366066947865013592e-01,-1.215507251898081120e-01,-3.515689340028767956e-02
3.900220000000000000e+09,-8.265131061019336256e-01,-5.268512205452594577e-01,-1.226822840033486711e-01,-3.350200317803214006e-02
3.905219000000000000e+09,-8.322514257122880510e-01,-5.170358265009287191e-01,-1.237704761980055329e-01,-3.182509021633030122e-02
3.910218000000000000e+09,-8.378660036604106409e-01,-5.071623010989211311e-01,-1.248148302660817416e-01,-3.012727971460599577e-02
3.915217000000000000e+09,-8.433564222577513148e-01,-4.972324295433684926e-01,-1.258149046905121804e-01,-2.840970742116418618e-02
3.920216000000000000e+09,-8.487222960618486800e-01,-4.872479930471278475e-01,-1.267702881856673236e-01,-2.667351880195455160e-02
3.925215000000000000e+09,-8.539632715158699261e-01,-4.772107680966623522e-01,-1.276805999145929349e-01,-2.491986820400092159e-02
3.930214000000000000e+09,-8.590790265692297423e-01,-4.671225257322438873e-01,-1.285454896825695970e-01,-2.314991801414931910e-02
3.935213000000000000e+09,-8.640692702798072888e-01,-4.569850308439761255e-01,-1.293646381069318563e-01,-2.136483781379253793e-02
3.940212000000000000e+09,-8.689337423983802822e-01,-4.468000414840697654e-01,-1.301377567630692955e-01,-1.956580353021918073e-02
3.945211000000000000e+09,-8.736722129358238664e-01,-4.365693081958118560e-01,-1.308645883065605586e-01,-1.775399658523639165e-02
3.950210000000000000e+09,-8.782844817136985505e-01,-4.262945733596164022e-01,-1.315449065714192067e-01,-1.593060304172880942e-02
3.955209000000000000e+09,-8.827703778987829875e-01,-4.159775705565721404e-01,-1.321785166444174320e-01,-1.409681274878721476e-02
3.960208000000000000e+09,-8.871297595221785404e-01,-4.056200239498508608e-01,-1.327652549154904049e-01,-1.225381848607829359e-02
3.965207000000000000e+09,-8.913625129836010297e-01,-3.952236476843276058e-01,-1.333049891042355495e-01,-1.040281510807662853e-02
3.970206000000000000e+09,-8.954685525414244340e-01,-3.847901453047402609e-01,-1.337976182625280896e-01,-8.544998688836007161e-03
3.975205000000000000e+09,-8.994478197891442317e-01,-3.743212091927329843e-01,-1.342430727532927248e-01,-6.681565667919723422e-03
3.980204000000000000e+09,-9.033002831188569060e-01,-3.638185200230427685e-01,-1.346413142054968259e-01,-4.813711998156108146e-03
3.985203000000000000e+09,-9.070259371723615738e-01,-3.532837462391474892e-01,-1.349923354454190538e-01,-2.942632295844830551e-03
3.990202000000000000e+09,-9.106248022805372155e-01,-3.427185435486128084e-01,-1.352961604042956789e-01,-1.069518994065745288e-03
3.995201000000000000e+09,-9.140969238916106798e-01,-3.321245544383959469e-01,-1.355528440024328096e-01,8.044385002702368961e-04
4.000200000000000000e+09,-9.174423719889422957e-01,-3.215034077103450794e-01,-1.357624720099044335e-01,2.678054644993501775e-03
4.005199000000000000e+09,-9.206612404989739096e-01,-3.108567180370762073e-01,-1.359251608839646130e-01,4.550148596240514813e-03
4.010198000000000000e+09,-9.237536466899531895e-01,-3.001860855384460569e-01,-1.360410575833196356e-01,6.419545036364310460e-03
4.015197000000000000e+09,-9.267197305620943348e-01,-2.894930953788124595e-01,-1.361103393594122191e-01,8.285074995570225129e-03
4.020196000000000000e+09,-9.295596542298052434e-01,-2.787793173852059492e-01,-1.361332135249104514e-01,1.014557666664376440e-02
4.025195000000000000e+09,-9.322736012965994190e-01,-2.680463056865817761e-01,-1.361099171995657497e-01,1.199989621215187194e-02
4.030194000000000000e+09,-9.348617762233600859e-01,-2.572955983742905572e-01,-1.360407170336684068e-01,1.384688856347776262e-02
4.035193000000000000e+09,-9.373244036905935550e-01,-2.465287171838583813e-01,-1.359259089093051986e-01,1.568541821108923248e-02
4.040192000000000000e+09,-9.396617279552845758e-01,-2.357471671981966888e-01,-1.357658176196702426e-01,1.751435998541275504e-02
4.045191000000000000e+09,-9.418740122030287987e-01,-2.249524365722968822e-01,-1.355607965266573123e-01,1.933259982769757954e-02
4.050190000000000000e+09,-9.439615378960584113e-01,-2.141459962795039806e-01,-1.353112271970341174e-01,2.113903555027286246e-02
4.055189000000000000e+09,-9.459246041178325237e-01,-2.033292998794112572e-01,-1.350175190174524587e-01,2.293257758558277584e-02
4.060188000000000000e+09,-9.477635269147844932e-01,-1.925037833073866833e-01,-1.346801087886096981e-01,2.471214972339552327e-02
4.065187000000000000e+09,-9.494786386359178598e-01,-1.816708646857948251e-01,-1.342994602988821506e-01,2.647668983561202519e-02
4.070186000000000000e+09,-9.510702872708581834e-01,-1.708319441568726671e-01,-1.338760638777468370e-01,2.822515058805638924e-02
4.075185000000000000e+09,-9.525388357870160361e-01,-1.599884037372931167e-01,-1.334104359293561137e-01,2.995650013868172631e-02
4.080184000000000000e+09,-9.538846614664867607e-01,-1.491416071943290900e-01,-1.329031184466352988e-01,3.166972282160768204e-02
4.085183000000000000e+09,-9.551081552433333677e-01,-1.382928999436496831e-01,-1.323546785062639508e-01,3.336381981641982353e-02
4.090182000000000000e+09,-9.562097210418953885e-01,-1.274436089686236118e-01,-1.317657077449713443e-01,3.503780980215611546e-02
4.095181000000000000e+09,-9.571897751167354196e-01,-1.165950427611056467e-01,-1.311368218175444356e-01,3.669072959544092405e-02
4.100180000000000000e+09,-9.580487453948793863e-01,-1.057484912835670449e-01,-1.304686598369931561e-01,3.832163477220065784e-02
4.105179000000000000e+09,-9.587870708209730308e-01,-9.490522595251810190e-02,-1.297618837973245898e-01,3.992960027242487692e-02
4.110178000000000000e+09,-9.594052007059867826e-01,-8.406649964306731060e-02,-1.290171779793963247e-01,4.151372098744796069e-02
4.115177000000000000e+09,-9.599035940800778599e-01,-7.323354671448585596e-02,-1.282352483403356447e-01,4.307311232922080013e-02
4.120176000000000000e+09,-9.602827190502761789e-01,-6.240758305662812838e-02,-1.274168218870445901e-01,4.460691078106317209e-02
4.125175000000000000e+09,-9.605430521635666130e-01,-5.158980615704171491e-02,-1.265626460342929305e-01,4.611427442940248950e-02
4.130174000000000000e+09,-9.606850777760236326e-01,-4.078139518857714502e-02,-1.256734879479629585e-01,4.759438347599909830e-02
4.135173000000000000e+09,-9.607092874285928508e-01,-2.998351111730582566e-02,-1.247501338739950144e-01,4.904644073019559514e-02
4.140172000000000000e+09,-9.606161792301396440e-01,-1.919729683049807914e-02,-1.237933884536108753e-01,5.046967208071251321e-02
4.145171000000000000e+09,-9.604062572483857974e-01,-8.423877284475918270e-03,-1.228040740254175145e-01,5.186332694655805542e-02
4.150170000000000000e+09,-9.600800309092928364e-01,2.335640327960155065e-03,-1.217830299150016865e-01,5.322667870660086065e-02
4.155169000000000000e+09,-9.596380144055612904e-01,1.308016639075612435e-02,-1.207311117126401018e-01,5.455902510740107125e-02
4.160168000000000000e+09,-9.590807261147785701e-01,2.380862865880326723e-02,-1.196491905397753797e-01,5.585968864889184066e-02
4.165167000000000000e+09,-9.584086880278177567e-01,3.451997203338826731e-02,-1.185381523049349600e-01,5.712801694751831749e-02
4.170166000000000000e+09,-9.576224251881219063e-01,4.521315831920839218e-02,-1.173988969497502671e-01,5.836338307648848700e-02
4.175165000000000000e+09,-9.567224651423543724e-01,5.588716596331809450e-02,-1.162323376857897078e-01,5.956518588276495108e-02
4.180164000000000000e+09,-9.557093374030857236e-01,6.654098977633503276e-02,-1.150394002229185864e-01,6.073285028047747253e-02
4.185163000000000000e+09,-9.545835729240010892e-01,7.717364063627581150e-02,-1.138210219899036119e-01,6.186582752045790418e-02
4.190162000000000000e+09,-9.533457035882348940e-01,8.778414517542008910e-02,-1.125781513480164225e-01,6.296359543559074123e-02
4.195161000000000000e+09,-9.519962617103508995e-01,9.837154545062044841e-02,-1.113117467983899267e-01,6.402565866173647036e-02
4.200160000000000000e+09,-9.505357795525122278e-01,1.089348985974414874e-01,-1.100227761838932089e-01,6.505154883396771504e-02
4.205159000000000000e+09,-9.489647888553816024e-01,1.194732764686139426e-01,-1.087122158863234322e-01,6.604082475791454854e-02
4.210158000000000000e+09,-9.472838203842547378e-01,1.299857652572259104e-01,-1.073810500196985263e-01,6.699307255601746891e-02
4.215157000000000000e+09,-9.454934034909281415e-01,1.404714651051584828e-01,-1.060302696204637463e-01,6.790790578851940706e-02
4.220156000000000000e+09,-9.435940656918306857e-01,1.509294896972326605e-01,-1.046608718354467282e-01,6.878496554907052862e-02
4.225155000000000000e+09,-9.415863322628709176e-01,1.613589658415915673e-01,-1.032738591083608576e-01,6.962392053480558063e-02
4.230154000000000000e+09,-9.394707258514799486e-01,1.717590330368429785e-01,-1.018702383657330707e-01,7.042446709083390044e-02
4.235153000000000000e+09,-9.372477661063146614e-01,1.821288430265057268e-01,-1.004510202030774041e-01,7.118632922906978355e-02
4.240152000000000000e+09,-9.349179693250668777e-01,1.924675593413308072e-01,-9.901721807217671312e-02,7.190925862137031999e-02
4.245151000000000000e+09,-9.324818481208091425e-01,2.027743568300547639e-01,-9.756984747035156447e-02,7.259303456699978119e-02
4.250150000000000000e+09,-9.299399111072664814e-01,2.130484211792035010e-01,-9.610992513255449399e-02,7.323746393443086866e-02
4.255149000000000000e+09,-9.272926626034666553e-01,2.232889484225477061e-01,-9.463846822718648133e-02,7.384238107756628533e-02
4.260148000000000000e+09,-9.245406023580938770e-01,2.334951444408356613e-01,-9.315649355650186536e-02,7.440764772644939407e-02
4.265147000000000000e+09,-9.216842252939388969e-01,2.436662244524557541e-01,-9.166501676246661956e-02,7.493315285262114323e-02
4.270146000000000000e+09,-9.187240212728087219e-01,2.538014124956568529e-01,-9.016505153897996783e-02,7.541881250925158708e-02
4.275145000000000000e+09,-9.156604748811776329e-01,2.638999409030673426e-01,-8.865760885128666502e-02,7.586456964626116239e-02
4.280144000000000000e+09,-9.124940652369359917e-01,2.739610497691079560e-01,-8.714369616350527148e-02,7.627039390064217772e-02
4.285143000000000000e+09,-9.092252658174920787e-01,2.839839864110768053e-01,-8.562431667511311018e-02,7.663628136224719112e-02
4.290142000000000000e+09,-9.058545443095006311e-01,2.939680048246008925e-01,-8.410046856725603148e-02,7.696225431532111028e-02
4.295141000000000000e+09,-9.023823624804868659e-01,3.039123651341416044e-01,-8.257314425975663397e-02,7.724836095613171749e-02
4.300140000000000000e+09,-8.988091760725520629e-01,3.138163330393710648e-01,-8.104332967966218493e-02,7.749467508702738427e-02
4.305139000000000000e+09,-8.951354347183790860e-01,3.236791792580800964e-01,-7.951200354217848043e-02,7.770129578733170339e-02
4.310138000000000000e+09,-8.913615818797269164e-01,3.335001789664772676e-01,-7.798013664482590646e-02,7.786834706149838026e-02
4.315137000000000000e+09,-8.874880548085409826e-01,3.432786112375738607e-01,-7.644869117562992644e-02,7.799597746499237205e-02
4.320136000000000000e+09,-8.835152845308227310e-01,3.530137584784752702e-01,-7.491862003616524268e-02,7.808435970838367712e-02
4.325135000000000000e+09,-8.794436958533526916e-01,3.627049058673660342e-01,-7.339086618023091257e-02,7.813369024018641806e-02
4.330134000000000000e+09,-8.752737073933576362e-01,3.723513407909829764e-01,-7.186636196894155559e-02,7.814418880900893261e-02
4.335133000000000000e+09,-8.710057316311294873e-01,3.819523522833996876e-01,-7.034602854299466801e-02,7.811609800558735883e-02
4.340132000000000000e+09,-8.666401749856823544e-01,3.915072304668957837e-01,-6.883077521283145761e-02,7.804968278536482396e-02
4.345131000000000000e+09,-8.621774379133863020e-01,4.010152659957769705e-01,-6.732149886743338252e-02,7.794522997223603256e-02
4.350130000000000000e+09,-8.576179150295650810e-01,4.104757495039436654e-01,-6.581908340242724476e-02,7.780304774416005320e-02
4.355129000000000000e+09,-8.529619952529972071e-01,4.198879710570354584e-01,-6.432439916817468684e-02,7.762346510136605704e-02
4.360128000000000000e+09,-8.482100619732299007e-01,4.292512196099858568e-01,-6.283830243849530817e-02,7.740683131788292370e-02
4.365127000000000000e+09,-8.433624932405804353e-01,4.385647824708063247e-01,-6.136163490062079146e-02,7.715351537718130592e-02
4.370126000000000000e+09,-8.384196619786765670e-01,4.478279447714534345e-01,-5.989522316699102261e-02,7.686390539271945044e-02
4.375125000000000000e+09,-8.333819362193627400e-01,4.570399889465824317e-01,-5.843987830943082884e-02,7.653840801422089057e-02
4.380124000000000000e+09,-8.282496793597472484e-01,4.662001942210278194e-01,-5.699639541624564737e-02,7.617744782055442532e-02
4.385123000000000000e+09,-8.230232504411848504e-01,4.753078361068434621e-01,-5.556555317271260480e-02,7.578146670006653818e-02
4.390122000000000000e+09,-8.177030044498706518e-01,4.843621859107016259e-01,-5.414811346545791299e-02,7.535092321928879566e-02
4.395121000000000000e+09,-8.122892926388115553e-01,4.933625102524836770e-01,-5.274482101110299775e-02,7.488629198093008088e-02
4.400120000000000000e+09,-8.067824628707905843e-01,5.023080705958765657e-01,-5.135640300961082094e-02,7.438806297209392404e-02
4.405119000000000000e+09,-8.011828599819903474e-01,5.111981227917540282e-01,-4.998356882265391626e-02,7.385674090368538058e-02
4.410118000000000000e+09,-7.954908261658948376e-01,5.200319166351609068e-01,-4.862700967732313390e-02,7.329284454198925491e-02
4.415117000000000000e+09,-7.897067013770147081e-01,5.288086954366451042e-01,-4.728739839547232982e-02,7.269690603338502255e-02
4.420116000000000000e+09,-7.838308237540193568e-01,5.375276956087892133e-01,-4.596538914889804900e-02,7.206947022324093621e-02
4.425115000000000000e+09,-7.778635300617984250e-01,5.461881462685908017e-01,-4.466161724057927246e-02,7.141109396997848136e-02
4.430114000000000000e+09,-7.718051561518944892e-01,5.547892688565189134e-01,-4.337669891211592271e-02,7.072234545533637173e-02
4.435113000000000000e+09,-7.656560374408467595e-01,5.633302767729705396e-01,-4.211123117746722738e-02,7.000380349188689566e-02
4.440112000000000000e+09,-7.594165094058082932e-01,5.718103750327976353e-01,-4.086579168308258903e-02,6.925605682882655934e-02
4.445111000000000000e+09,-7.530869080968854989e-01,5.802287599386483086e-01,-3.964093859442089501e-02,6.847970345709979145e-02
4.450110000000000000e+09,-7.466675706655763189e-01,5.885846187738063007e-01,-3.843721050885862134e-02,6.767534991490788132e-02
4.455109000000000000e+09,-7.401588359086028746e-01,5.968771295151213963e-01,-3.725512639491984634e-02,6.684361059464870303e-02
4.460108000000000000e+09,-7.335610448265669215e-01,6.051054605667836039e-01,-3.609518555771332876e-02,6.598510705232854545e-02
4.465107000000000000e+09,-7.268745411966252012e-01,6.132687705154583613e-01,-3.495786763043528395e-02,6.510046732052661433e-02
4.470106000000000000e+09,-7.200996721585029015e-01,6.213662079074481204e-01,-3.384363259173363975e-02,6.419032522591261447e-02
4.475105000000000000e+09,-7.132367888131043721e-01,6.293969110484145535e-01,-3.275292080871362171e-02,6.325531971237605133e-02
4.480104000000000000e+09,-7.062862468329211829e-01,6.373600078262421365e-01,-3.168615310527061329e-02,6.229609417080290285e-02
4.485103000000000000e+09,-6.992484070834554810e-01,6.452546155575356046e-01,-3.064373085545257086e-02,6.131329577648953616e-02
4.490102000000000000e+09,-6.921236362548219834e-01,6.530798408582828563e-01,-2.962603610146968477e-02,6.030757483522292128e-02
4.495101000000000000e+09,-6.849123075026988250e-01,6.608347795391249502e-01,-2.863343169593710741e-02,5.927958413899842710e-02
4.500100000000000000e+09,-6.776148010977915970e-01,6.685185165257019335e-01,-2.766626146790246432e-02,5.822997833236352033e-02
4.505099000000000000e+09,-6.702315050828364651e-01,6.761301258044579710e-01,-2.672485041216047727e-02,5.715941329031582613e-02
4.510098000000000000e+09,-6.627628159363921911e-01,6.836686703943215537e-01,-2.580950490130742847e-02,5.606854550872844567e-02
4.515097000000000000e+09,-6.552091392423453620e-01,6.911332023445837525e-01,-2.492051291997603862e-02,5.495803150816905291e-02
4.520096000000000000e+09,-6.475708903643133674e-01,6.985227627593320054e-01,-2.405814432062307676e-02,5.382852725203834954e-02
4.525095000000000000e+09,-6.398484951239378216e-01,7.058363818486811381e-01,-2.322265110021289047e-02,5.268068757986209272e-02
4.530094000000000000e+09,-6.320423904821055316e-01,7.130730790071043712e-01,-2.241426769711720238e-02,5.151516565659196301e-02
4.535093000000000000e+09,-6.241530252221878516e-01,7.202318629190586075e-01,-2.163321130749159410e-02,5.033261243870010976e-02
4.540092000000000000e+09,-6.161808606341828698e-01,7.273117316921003939e-01,-2.087968222037258834e-02,4.913367615786016357e-02
4.545091000000000000e+09,-6.081263711989011167e-01,7.343116730176650897e-01,-2.015386417070458291e-02,4.791900182293962890e-02
4.550090000000000000e+09,-5.999900452711034449e-01,7.412306643595950595e-01,-1.945592470945692321e-02,4.668923074102571125e-02
4.555089000000000000e+09,-5.917723857605897697e-01,7.480676731705276916e-01,-1.878601558998564333e-02,4.544500005814903348e-02
4.560088000000000000e+09,-5.834739108102312555e-01,7.548216571361866523e-01,-1.814427316974912344e-02,4.418694232034180852e-02
4.565087000000000000e+09,-5.750951544699127727e-01,7.614915644475764855e-01,-1.753081882645638606e-02,4.291568505562731034e-02
4.570086000000000000e+09,-5.666366673653382424e-01,7.680763341010803380e-01,-1.694575938772993617e-02,4.163185037750380402e-02
4.575085000000000000e+09,-5.580990173606829030e-01,7.745748962263703241e-01,-1.638918757328212961e-02,4.033605461044072887e-02
4.580084000000000000e+09,-5.494827902140502207e-01,7.809861724420563700e-01,-1.586118244866216442e-02,3.902890793785214474e-02
4.585083000000000000e+09,-5.407885902246680754e-01,7.873090762389263197e-01,-1.536180988953478321e-02,3.771101407299743552e-02
4.590082000000000000e+09,-5.320170408708452259e-01,7.935425133906158779e-01,-1.489112305548527700e-02,3.638296995319251909e-02
4.595081000000000000e+09,-5.231687854375759450e-01,7.996853823914732429e-01,-1.444916287228486564e-02,3.504536545767614891e-02
4.600080000000000000e+09,-5.142444876328302605e-01,8.057365749214122630e-01,-1.403595852160606158e-02,3.369878314943465514e-02
4.605079000000000000e+09,-5.052448321914628782e-01,8.116949763374189386e-01,-1.365152793704821343e-02,3.234379804124658947e-02
4.610078000000000000e+09,-4.961705254657228226e-01,8.175594661914474814e-01,-1.329587830547914427e-02,3.098097738614190647e-02
4.615077000000000000e+09,-4.870222960013593227e-01,8.233289187742787174e-01,-1.296900657251373427e-02,2.961088049245814632e-02
4.620076000000000000e+09,-4.778008950983152481e-01,8.290022036850193121e-01,-1.267089995111399421e-02,2.823405856359782404e-02
4.625075000000000000e+09,-4.685070973550002904e-01,8.345781864257350025e-01,-1.240153643214605451e-02,2.685105456254950965e-02
4.630074000000000000e+09,-4.591417011951898219e-01,8.400557290207977257e-01,-1.216088529584137892e-02,2.546240310121187025e-02
4.635073000000000000e+09,-4.497055293765095385e-01,8.454336906604189572e-01,-1.194890762301941550e-02,2.406863035447561264e-02
4.640072000000000000e+09,-4.401994294796582885e-01,8.507109283678429001e-01,-1.176555680498614885e-02,2.267025399900262847e-02
4.645071000000000000e+09,-4.306242743772990544e-01,8.558862976895761365e-01,-1.161077905101954438e-02,2.126778317656780742e-02
4.650070000000000000e+09,-4.209809626817788142e-01,8.609586534080936326e-01,-1.148451389232081100e-02,1.986171848180773303e-02
4.655069000000000000e+09,-4.112704191707321488e-01,8.659268502763558528e-01,-1.138669468136798389e-02,1.845255197413585638e-02
4.660068000000000000e+09,-4.014935951896897448e-01,8.707897437733894686e-01,-1.131724908559461965e-02,1.704076721359722504e-02
4.665067000000000000e+09,-3.916514690308016688e-01,8.755461908803452431e-01,-1.127609957430351570e-02,1.562683932031519451e-02
4.670066000000000000e+09,-3.817450462868527961e-01,8.801950508761284819e-01,-1.126316389780238764e-02,1.421123505718717081e-02
4.675065000000000000e+09,-3.717753601797046392e-01,8.847351861519104910e-01,-1.127835555768746077e-02,1.279441293543747381e-02
4.680064000000000000e+09,-3.617434718624127354e-01,8.891654630437064721e-01,-1.132158426729090034e-02,1.137682334256614330e-02
4.685063000000000000e+09,-3.516504706941703806e-01,8.934847526820848262e-01,-1.139275640126115145e-02,9.958908692206426549e-03
4.690062000000000000e+09,-3.414974744874313961e-01,8.976919318582364804e-01,-1.149177543331754946e-02,8.541103595363593037e-03
4.695061000000000000e+09,-3.312856297263202521e-01,9.017858839054058162e-01,-1.161854236122823909e-02,7.123835052445103184e-03
4.700060000000000000e+09,-3.210161117558201771e-01,9.057654995947581611e-01,-1.177295611806585679e-02,5.707522665470572340e-03
4.705059000000000000e+09,-3.106901249409648180e-01,9.096296780447717945e-01,-1.195491396883941772e-02,4.292578869818391811e-03
4.710058000000000000e+09,-3.003089027953581014e-01,9.133773276430533494e-01,-1.216431189164392246e-02,2.879409184774660291e-03
4.715057000000000000e+09,-2.898737080785441789e-01,9.170073669796450222e-01,-1.240104494247261380e-02,1.468412482186296419e-03
4.720056000000000000e+09,-2.793858328615468345e-01,9.205187257906987108e-01,-1.266500760286478830e-02,5.998127242783501137e-05
4.725055000000000000e+09,-2.688465985600934083e-01,9.239103459114705874e-01,-1.295609410963557626e-02,-1.345497993130110453e-03
4.730054000000000000e+09,-2.582573559349770065e-01,9.271811822375554124e-01,-1.327419876592072709e-02,-2.747644603980546173e-03
4.735053000000000000e+09,-2.476194850591352248e-01,9.303302036931544450e-01,-1.361921623284493427e-02,-4.146083257542228055e-03
4.740052000000000000e+09,-2.369343952510153395e-01,9.333563942053403339e-01,-1.399104180111564524e-02,-5.540443712360010320e-03
4.745051000000000000e+09,-2.262035249737652520e-01,9.362587536830081492e-01,-1.438957164194290365e-02,-6.930360428320262930e-03
4.750050000000000000e+09,-2.154283416999914214e-01,9.390362989994682774e-01,-1.481470303666363245e-02,-8.315472194903765837e-03
4.755049000000000000e+09,-2.046103417416898218e-01,9.416880649773619050e-01,-1.526633458454043635e-02,-9.695421748433971990e-03
4.760048000000000000e+09,-1.937510500451390116e-01,9.442131053747001568e-01,-1.574436638820286144e-02,-1.106985537933888840e-02
4.765047000000000000e+09,-1.828520199505015154e-01,9.466104938708079786e-01,-1.624870021628650740e-02,-1.243842253046284312e-02
4.770046000000000000e+09,-1.719148329159116140e-01,9.488793250508803512e-01,-1.677923964284171870e-02,-1.380077538749467474e-02
4.775045000000000000e+09,-1.609410982059723272e-01,9.510187153878888466e-01,-1.733589016312126960e-02,-1.515656846258811238e-02
4.780044000000000000e+09,-1.499324525445144829e-01,9.530278042205555522e-01,-1.791855928544785689e-02,-1.650545817224479891e-02
4.785043000000000000e+09,-1.388905597315707452e-01,9.549057547260585421e-01,-1.852715659884675639e-02,-1.784710241060646907e-02
4.790042000000000000e+09,-1.278171102245874435e-01,9.566517548862488729e-01,-1.916159381621835786e-02,-1.918116011926031261e-02
4.795041000000000000e+09,-1.167138206838561204e-01,9.582650184459351461e-01,-1.982178479288264350e-02,-2.050729085467719801e-02
4.800040000000000000e+09,-1.055824334822962063e-01,9.597447858620509198e-01,-2.050764552033428056e-02,-2.182515435446800295e-02
4.805039000000000000e+09,-9.442471617974237952e-02,9.610903252422191567e-01,-2.121909409511173530e-02,-2.313441010355932886e-02
4.810038000000000000e+09,-8.324246096180550059e-02,9.623009332715926067e-01,-2.195605066277504444e-02,-2.443471690149251127e-02
4.815037000000000000e+09,-7.203748404371605740e-02,9.633759361263743992e-01,-2.271843733697716597e-02,-2.572573243196636661e-02
4.820036000000000000e+09,-6.081162503926332286e-02,9.643146903729337138e-01,-2.350617809368803213e-02,-2.700711283581509400e-02
4.825035000000000000e+09,-4.956674629524746023e-02,9.651165838510226136e-01,-2.431919864068896736e-02,-2.827851228857251528e-02
4.830034000000000000e+09,-3.830473219185786399e-02,9.657810365398218355e-01,-2.515742626250761296e-02,-2.953958258376537110e-02
4.835033000000000000e+09,-2.702748840927306564e-02,9.663075014055270140e-01,-2.602078964097951502e-02,-3.078997272311545519e-02
4.840032000000000000e+09,-1.573694116114304070e-02,9.666954652290501437e-01,-2.690921865172840946e-02,-3.202932851477797993e-02
4.845031000000000000e+09,-4.435036395348993833e-03,9.669444494126820944e-01,-2.782264413684289173e-02,-3.325729218075899885e-02
4.850030000000000000e+09,6.876261037316239340e-03,9.670540107642904282e-01,-2.876099765413809781e-02,-3.447350197463535521e-02
4.855029000000000000e+09,1.819496824589959816e-02,9.670237422578361608e-01,-2.972421120339886411e-02,-3.567759181069415919e-02
4.860028000000000000e+09,2.951908519282426743e-02,9.668532737689274903e-01,-3.071221693006116055e-02,-3.686919090558629652e-02
4.865027000000000000e+09,4.084659561742517292e-02,9.665422727841698203e-01,-3.172494680684374152e-02,-3.804792343356035861e-02
4.870026000000000000e+09,5.217546798874064806e-02,9.660904450830514190e-01,-3.276233229388342966e-02,-3.921340819636601194e-02
4.875025000000000000e+09,6.350365648668254703e-02,9.654975353912093050e-01,-3.382430397797187016e-02,-4.036525830883721383e-02
4.880024000000000000e+09,7.482910201070566703e-02,9.647633280038214743e-01,-3.491079119154413823e-02,-4.150308090118545040e-02
4.885023000000000000e+09,8.614973321503067993e-02,9.638876473780392251e-01,-3.602172161210701051e-02,-4.262647683898192902e-02
4.890022000000000000e+09,9.746346756947905920e-02,9.628703586932587655e-01,-3.715702084284735335e-02,-4.373504046180019811e-02
4.895021000000000000e+09,1.087682124447405252e-01,9.617113683781941535e-01,-3.831661197519659057e-02,-4.482835934144790285e-02
4.900020000000000000e+09,1.200618662212079857e-01,9.604106246036097083e-01,-3.950041513418236366e-02,-4.590601406067978257e-02
4.905019000000000000e+09,1.313423194200283028e-01,9.589681177397619827e-01,-4.070834700740236928e-02,-4.696757801328326626e-02
4.910018000000000000e+09,1.426074558552906657e-01,9.573838807774575077e-01,-4.194032035856435497e-02,-4.801261722633700518e-02
4.915017000000000000e+09,1.538551538061497248e-01,9.556579897118476774e-01,-4.319624352647971621e-02,-4.904069020546890367e-02
4.920016000000000000e+09,1.650832872075511659e-01,9.537905638879893289e-01,-4.447601991054492970e-02,-5.005134780385034343e-02
4.925015000000000000e+09,1.762897268582735155e-01,9.517817663073070422e-01,-4.577954744366736356e-02,-5.104413311566272093e-02
4.930014000000000000e+09,1.874723416449294855e-01,9.496318038941369277e-01,-4.710671805370659354e-02,-5.201858139469410502e-02
4.935013000000000000e+09,1.986289997805360530e-01,9.473409277215421032e-01,-4.845741711452304645e-02,-5.297421999871759074e-02
4.940012000000000000e+09,2.097575700562108181e-01,9.449094331956541248e-01,-4.983152288769392840e-02,-5.391056836022312115e-02
4.945011000000000000e+09,2.208559231045076343e-01,9.423376601979475131e-01,-5.122890595607735437e-02,-5.482713798406606970e-02
4.950010000000000000e+09,2.319219326729385355e-01,9.396259931846362434e-01,-5.264942865036267849e-02,-5.572343247250882703e-02
4.955009000000000000e+09,2.429534769060602839e-01,9.367748612427724275e-01,-5.409294446978444443e-02,-5.659894757811383126e-02
4.960008000000000000e+09,2.539484396346295414e-01,9.337847381024926285e-01,-5.555929749822381691e-02,-5.745317128490171760e-02
4.965007000000000000e+09,2.649047116701759852e-01,9.306561421048300531e-01,-5.704832181692949533e-02,-5.828558391806867856e-02
4.970006000000000000e+09,2.758201921033993087e-01,9.273896361248702425e-01,-5.855984091506827999e-02,-5.909565828264314730e-02
4.975005000000000000e+09,2.866927896046735924e-01,9.239858274497447788e-01,-6.009366709941037221e-02,-5.988285983124125300e-02
4.980004000000000000e+09,2.975204237250769213e-01,9.204453676112924754e-01,-6.164960090439748630e-02,-6.064664686117143821e-02
4.985003000000000000e+09,3.083010261961625642e-01,9.167689521731017255e-01,-6.322743050388891783e-02,-6.138647074099729678e-02
4.990002000000000000e+09,3.190325422268135425e-01,9.129573204717859047e-01,-6.482693112587696593e-02,-6.210177616665047556e-02
4.995001000000000000e+09,3.297129317953810257e-01,9.090112553125058170e-01,-6.644786447148053055e-02,-6.279200144711898079e-02
5.000000000000000000e+09,3.403401709354788585e-01,9.049315826185473366e-01,-6.808997813952842593e-02,-6.345657881967128877e-02
