 time                     v(src0)                  v(out0)                  i(V0)                    v(src1)                  v(out1)                  i(V1)                    v(src2)                  v(out2)                  i(V2)                    v(src3)                  v(out3)                  i(V3)                    v(src4)                  v(out4)                  i(V4)                   
 0.00000000000000000e+00 -6.00000000000000089e-01 -6.00000000000000089e-01  0.00000000000000000e+00 -6.00000000000000089e-01 -6.00000000000000089e-01  0.00000000000000000e+00 -6.00000000000000089e-01 -6.00000000000000089e-01  0.00000000000000000e+00 -6.00000000000000089e-01 -6.00000000000000089e-01  0.00000000000000000e+00 -6.00000000000000089e-01 -6.00000000000000089e-01  0.00000000000000000e+00 
 1.30000000000000003e-11 -4.83000000000000040e-01 -5.99167239929383588e-01 -1.16167239929383504e-04  2.13000000000000023e-01 -5.89581494220652980e-01 -8.02581494220652920e-04 -4.83000000000000040e-01 -5.99167239929383588e-01 -1.16167239929383504e-04 -4.83000000000000040e-01 -5.99167239929383588e-01 -1.16167239929383504e-04 -6.00000000000000089e-01 -5.99999999999999645e-01  5.55653613398821022e-19 
 2.60000000000000007e-11 -3.66000000000000214e-01 -5.96687433730711203e-01 -2.30687433730711159e-04  2.26000000000000034e-01 -5.79126387416237898e-01 -8.05126387416237954e-04 -3.66000000000000214e-01 -5.96687433730711203e-01 -2.30687433730711159e-04 -3.66000000000000214e-01 -5.96687433730711203e-01 -2.30687433730711159e-04 -6.00000000000000089e-01 -5.99999999999999201e-01  7.72494047895921909e-19 
 3.90000000000000010e-11 -2.49000000000000055e-01 -5.92574386619670213e-01 -3.43574386619670009e-04  2.38999999999999990e-01 -5.68634986369325857e-01 -8.07634986369325843e-04 -2.49000000000000055e-01 -5.92574386619670213e-01 -3.43574386619670009e-04 -2.49000000000000055e-01 -5.92574386619670213e-01 -3.43574386619670009e-04 -6.00000000000000089e-01 -5.99999999999999201e-01  8.67361737988403547e-19 
 5.20000000000000014e-11 -1.32000000000000062e-01 -5.86892327677265513e-01 -4.54892327677265402e-04  2.52000000000000002e-01 -5.58108718392827940e-01 -8.10108718392828003e-04 -1.32000000000000062e-01 -5.86892327677265513e-01 -4.54892327677265402e-04 -1.32000000000000062e-01 -5.86892327677265513e-01 -4.54892327677265402e-04 -6.00000000000000089e-01 -5.99999999999999201e-01  8.67361737988403547e-19 
 6.50000000000000082e-11 -1.50000000000000133e-02 -5.81210268734860924e-01 -5.66210268734860904e-04  2.65000000000000013e-01 -5.47582450416330024e-01 -8.12582450416330054e-04 -1.50000000000000133e-02 -5.81210268734860924e-01 -5.66210268734860904e-04 -1.50000000000000133e-02 -5.81210268734860924e-01 -5.66210268734860904e-04 -6.00000000000000089e-01 -5.99999999999999201e-01  8.67361737988403547e-19 
 7.80000000000000150e-11  1.02000000000000091e-01 -5.72314012636858216e-01 -6.74314012636858108e-04  2.78000000000000080e-01 -5.36984755836374505e-01 -8.14984755836374434e-04  1.02000000000000091e-01 -5.72314012636858216e-01 -6.74314012636858108e-04  1.02000000000000091e-01 -5.72314012636858216e-01 -6.74314012636858108e-04 -6.00000000000000200e-01 -5.99999999999999201e-01  8.67361737988403547e-19 
 9.10000000000000218e-11  2.19000000000000195e-01 -5.62979456926728572e-01 -7.81979456926728579e-04  2.91000000000000092e-01 -5.26377321265038334e-01 -8.17377321265038218e-04  2.19000000000000195e-01 -5.62979456926728572e-01 -7.81979456926728579e-04  2.19000000000000195e-01 -5.62979456926728572e-01 -7.81979456926728579e-04 -6.00000000000000200e-01 -5.99999999999999201e-01  8.67361737988403547e-19 
 1.04000000000000029e-10  2.85333333333333883e-01 -5.53156106285744853e-01 -8.38489439619076807e-04  2.85333333333333883e-01 -5.15822140735479384e-01 -8.01155474068812427e-04  2.85333333333333883e-01 -5.53156106285744853e-01 -8.38489439619076807e-04  2.85333333333333883e-01 -5.53156106285744853e-01 -8.38489439619076807e-04 -5.99999999999998646e-01 -6.00000000000000977e-01  8.67361737988403547e-19 
 1.17000000000000035e-10  2.37666666666666859e-01 -5.42666638797393963e-01 -7.80333305464060104e-04  2.37666666666666859e-01 -5.05814609734534959e-01 -7.43481276401201994e-04  2.37666666666666859e-01 -5.42666638797393963e-01 -7.80333305464060104e-04  2.37666666666666859e-01 -5.42666638797393963e-01 -7.80333305464060104e-04 -5.99999999999999756e-01 -5.99999999999998646e-01  7.81229878865888156e-19 
 1.30000000000000042e-10  1.90000000000000058e-01 -5.33093256437925822e-01 -7.23093256437925755e-04  1.90000000000000058e-01 -4.96715572318509602e-01 -6.86715572318509927e-04  1.90000000000000058e-01 -5.33093256437925822e-01 -7.23093256437925755e-04  1.90000000000000058e-01 -5.33093256437925822e-01 -7.23093256437925755e-04 -6.00000000000000422e-01 -5.99999999999999867e-01  6.48128963427273234e-19 
 1.43000000000000049e-10  1.42333333333333201e-01 -5.24020733141421169e-01 -6.66354066474754382e-04  1.42333333333333201e-01 -4.88113243375644212e-01 -6.30446576708977341e-04  1.42333333333333201e-01 -5.24020733141421169e-01 -6.66354066474754382e-04  1.42333333333333201e-01 -5.24020733141421169e-01 -6.66354066474754382e-04 -5.99999999999999978e-01 -5.99999999999999534e-01  5.18133514244886204e-19 
 1.56000000000000056e-10  9.46666666666664547e-02 -5.16232846594221639e-01 -6.10899513260888252e-04  9.46666666666664547e-02 -4.80784905472364799e-01 -5.75451572139031183e-04  9.46666666666664547e-02 -5.16232846594221639e-01 -6.10899513260888252e-04  9.46666666666664547e-02 -5.16232846594221639e-01 -6.10899513260888252e-04 -5.99999999999999978e-01 -5.99999999999999645e-01  4.03852744712630103e-19 
 1.69000000000000063e-10  4.69999999999998197e-02 -5.08444960047022110e-01 -5.55444960047022014e-04  4.69999999999998197e-02 -4.73456567569085385e-01 -5.20456567569085133e-04  4.69999999999998197e-02 -5.08444960047022110e-01 -5.55444960047022014e-04  4.69999999999998197e-02 -5.08444960047022110e-01 -5.55444960047022014e-04 -5.99999999999999978e-01 -5.99999999999999756e-01  2.89571975180374193e-19 
 1.82000000000000069e-10 -6.66666666666926311e-04 -5.01389506178705036e-01 -5.00722839512038114e-04 -6.66666666666926311e-04 -4.66854592717852568e-01 -4.66187926051185348e-04 -6.66666666666926311e-04 -5.01389506178705036e-01 -5.00722839512038114e-04 -6.66666666666926311e-04 -5.01389506178705036e-01 -5.00722839512038114e-04 -6.00000000000000311e-01 -5.99999999999999978e-01  1.89140948597778766e-19 
 1.95000000000000076e-10 -4.83333333333336723e-02 -4.95616168938243951e-01 -4.47282835604910370e-04 -4.83333333333336723e-02 -4.61524109668856930e-01 -4.13190776335523122e-04 -4.83333333333336723e-02 -4.95616168938243951e-01 -4.47282835604910370e-04 -4.83333333333336723e-02 -4.95616168938243951e-01 -4.47282835604910370e-04 -6.00000000000000311e-01 -6.00000000000000089e-01  1.12953768909608289e-19 
 2.08000000000000083e-10 -9.60000000000003073e-02 -4.89842831697782866e-01 -3.93842831697782626e-04 -9.60000000000003073e-02 -4.56193626619861292e-01 -3.60193626619860789e-04 -9.60000000000003073e-02 -4.89842831697782866e-01 -3.93842831697782626e-04 -9.60000000000003073e-02 -4.89842831697782866e-01 -3.93842831697782626e-04 -6.00000000000000311e-01 -6.00000000000000089e-01  3.67665892214376184e-20 
 2.21000000000000090e-10 -1.43666666666667053e-01 -4.85073990892904039e-01 -3.41407324226236956e-04 -1.43666666666667053e-01 -4.51859315803149142e-01 -3.08192649136481973e-04 -1.43666666666667053e-01 -4.85073990892904039e-01 -3.41407324226236956e-04 -1.43666666666667053e-01 -4.85073990892904039e-01 -3.41407324226236956e-04 -6.00000000000000311e-01 -6.00000000000000200e-01 -1.97102952333665260e-20 
 2.34000000000000071e-10 -1.91333333333333577e-01 -4.81242018546467309e-01 -2.89908685213133592e-04 -1.91333333333333577e-01 -4.48454109670677337e-01 -2.57120776337343591e-04 -1.91333333333333577e-01 -4.81242018546467309e-01 -2.89908685213133592e-04 -1.91333333333333577e-01 -4.81242018546467309e-01 -2.89908685213133592e-04 -6.00000000000000311e-01 -6.00000000000000200e-01 -5.78038850774517648e-20 
 2.47000000000000078e-10 -2.39000000000000323e-01 -4.77410046200030580e-01 -2.38410046200030227e-04 -2.39000000000000323e-01 -4.45048903538205476e-01 -2.06048903538204992e-04 -2.39000000000000323e-01 -4.77410046200030580e-01 -2.38410046200030227e-04 -2.39000000000000323e-01 -4.77410046200030580e-01 -2.38410046200030227e-04 -6.00000000000000311e-01 -6.00000000000000311e-01 -9.58974749215371000e-20 
 2.60000000000000084e-10 -2.86666666666666958e-01 -4.74833900412770515e-01 -1.88167233746103788e-04 -2.86666666666666958e-01 -4.42889117003554766e-01 -1.56222450336888138e-04 -2.86666666666666958e-01 -4.74833900412770515e-01 -1.88167233746103788e-04 -2.86666666666666958e-01 -4.74833900412770515e-01 -1.88167233746103788e-04 -5.99999999999999978e-01 -5.99999999999999978e-01 -1.08420217248550443e-19 
 2.73000000000000091e-10 -3.34333333333333704e-01 -4.72872767186102827e-01 -1.38539433852769489e-04 -3.34333333333333704e-01 -4.41339246456324108e-01 -1.07005913122990709e-04 -3.34333333333333704e-01 -4.72872767186102827e-01 -1.38539433852769489e-04 -3.34333333333333704e-01 -4.72872767186102827e-01 -1.38539433852769489e-04 -5.99999999999999978e-01 -5.99999999999999978e-01 -1.08420217248550443e-19 
 2.86000000000000098e-10 -3.82000000000000450e-01 -4.70911633959435139e-01 -8.89116339594351896e-05 -3.82000000000000450e-01 -4.39789375909093394e-01 -5.77893759090932803e-05 -3.82000000000000450e-01 -4.70911633959435139e-01 -8.89116339594351896e-05 -3.82000000000000450e-01 -4.70911633959435139e-01 -8.89116339594351896e-05 -5.99999999999999978e-01 -5.99999999999999978e-01 -1.08420217248550443e-19 
 2.99000000000000105e-10 -4.29666666666667196e-01 -4.70438071154875570e-01 -4.07714044882087623e-05 -4.29666666666667196e-01 -4.39714748374757047e-01 -1.00480817080905119e-05 -4.29666666666667196e-01 -4.70438071154875570e-01 -4.07714044882087623e-05 -4.29666666666667196e-01 -4.70438071154875570e-01 -4.07714044882087623e-05 -5.99999999999999978e-01 -5.99999999999999978e-01 -1.08420217248550443e-19 
 3.12000000000000112e-10 -4.77333333333333720e-01 -4.70279813329340324e-01  7.05352000399312763e-06 -4.77333333333333720e-01 -4.39952812905498092e-01  3.73805204278352104e-05 -4.77333333333333720e-01 -4.70279813329340324e-01  7.05352000399312763e-06 -4.77333333333333720e-01 -4.70279813329340324e-01  7.05352000399312763e-06 -5.99999999999999978e-01 -5.99999999999999978e-01 -1.08420217248550443e-19 
 3.25000000000000118e-10 -5.25000000000000466e-01 -4.70121555503805022e-01  5.48784444961952344e-05 -5.25000000000000466e-01 -4.40190877436239136e-01  8.48091225637607159e-05 -5.25000000000000466e-01 -4.70121555503805022e-01  5.48784444961952344e-05 -5.25000000000000466e-01 -4.70121555503805022e-01  5.48784444961952344e-05 -5.99999999999999978e-01 -5.99999999999999978e-01 -1.08420217248550443e-19 
 3.38000000000000125e-10 -5.72666666666667212e-01 -4.71664117074313494e-01  1.01002549592353824e-04 -5.72666666666667212e-01 -4.42115666772017246e-01  1.30550999894649827e-04 -5.72666666666667212e-01 -4.71664117074313494e-01  1.01002549592353824e-04 -5.72666666666667212e-01 -4.71664117074313494e-01  1.01002549592353824e-04 -5.99999999999999978e-01 -6.00000000000000644e-01 -1.08420217248550443e-19 
 3.51000000000000132e-10 -6.20333333333333958e-01 -4.73243239912707003e-01  1.47090093420627031e-04 -6.20333333333333958e-01 -4.44076714394588679e-01  1.76256618938745160e-04 -6.20333333333333958e-01 -4.73243239912707003e-01  1.47090093420627031e-04 -6.20333333333333958e-01 -4.73243239912707003e-01  1.47090093420627031e-04 -5.99999999999999978e-01 -6.00000000000000644e-01 -1.08420217248550443e-19 
 3.64000000000000139e-10 -6.68000000000001148e-01 -4.74958710727128253e-01  1.93041289272870764e-04 -6.68000000000001148e-01 -4.46172980085475679e-01  2.21827019914525936e-04 -6.68000000000001148e-01 -4.74958710727128253e-01  1.93041289272870764e-04 -6.68000000000001148e-01 -4.74958710727128253e-01  1.93041289272870764e-04 -5.99999999999999978e-01 -5.99999999999999978e-01 -1.08420217248550443e-19 
 3.77000000000000146e-10 -7.15666666666666895e-01 -4.77771747030690142e-01  2.37894919635974139e-04 -7.15666666666666895e-01 -4.49357715804392877e-01  2.66308950862276326e-04 -7.15666666666666895e-01 -4.77771747030690142e-01  2.37894919635974139e-04 -7.15666666666666895e-01 -4.77771747030690142e-01  2.37894919635974139e-04 -5.36999999999998145e-01 -5.99704210399707893e-01 -6.27042103997100392e-05 
 3.90000000000000153e-10 -7.63333333333336861e-01 -4.81157523956016409e-01  2.82175809377317515e-04 -7.63333333333336861e-01 -4.53110445876984458e-01  3.10222887456350783e-04 -7.63333333333336861e-01 -4.81157523956016409e-01  2.82175809377317515e-04 -7.63333333333336861e-01 -4.81157523956016409e-01  2.82175809377317515e-04 -4.19999999999999041e-01 -5.98124961223318374e-01 -1.78124961223319247e-04 
 4.03000000000000159e-10  2.03000000000004427e-01 -4.82075289955142428e-01 -6.85075289955153362e-04 -7.86999999999981714e-01 -4.57369603966773286e-01  3.29630396033223387e-04 -7.86999999999981714e-01 -4.85054284750001119e-01  3.01945715249998629e-04  8.95999999999993912e-01 -4.79989993598761155e-01 -1.37598999359875426e-03 -3.03000000000009706e-01 -5.95112723120743925e-01 -2.92112723120757471e-04 
 4.16000000000000166e-10  2.16000000000000275e-01 -4.73139891057753559e-01 -6.89139891057752828e-04 -7.30666666666663023e-01 -4.61219187093257876e-01  2.69447479573408028e-04 -7.30666666666663023e-01 -4.88546553317011800e-01  2.42120113349654064e-04  8.78666666666665708e-01 -4.62355227476270003e-01 -1.34102189414293956e-03 -1.85999999999998167e-01 -5.90501770718399488e-01 -4.04501770718402112e-04 
 4.29000000000000173e-10  2.29000000000000287e-01 -4.64157762269712393e-01 -6.93157762269711671e-04 -6.74333333333329454e-01 -4.64376859492566185e-01  2.09956473840766395e-04 -6.74333333333329454e-01 -4.91351019129528999e-01  1.82982314203803537e-04  8.61333333333332396e-01 -4.45122482467837699e-01 -1.30645581580117421e-03 -6.89999999999981739e-02 -5.84598704337138009e-01 -5.15598704337140619e-04 
 4.42000000000000180e-10  2.42000000000000243e-01 -4.55089560299201445e-01 -6.97089560299200394e-04 -6.17999999999997884e-01 -4.66260080840171565e-01  1.51739919159827805e-04 -6.17999999999997884e-01 -4.92888600488025574e-01  1.25111399511974083e-04  8.43999999999998973e-01 -4.28630232167023340e-01 -1.27263023216702418e-03  4.80000000000018190e-02 -5.76315654592885807e-01 -6.24315654592889294e-04 
 4.55000000000000187e-10  2.55000000000000226e-01 -4.46020644748379935e-01 -7.01020644748378825e-04 -5.61666666666664538e-01 -4.68132736490634027e-01  9.35339301760319299e-05 -5.61666666666664538e-01 -4.94415678879428611e-01  6.72509877872378911e-05  8.26666666666665662e-01 -4.12144120856644425e-01 -1.23881078752331188e-03  1.65000000000001812e-01 -5.68012873856699962e-01 -7.33012873856703478e-04 
 4.68000000000000142e-10  2.68000000000000071e-01 -4.36892275105326022e-01 -7.04892275105325605e-04 -5.05333333333331414e-01 -4.69125079270131529e-01  3.62082540632017134e-05 -5.05333333333331414e-01 -4.95067670942947624e-01  1.02656623903853508e-05  8.09333333333333904e-01 -3.96169498018990374e-01 -1.20550283135232293e-03  2.82000000000001361e-01 -5.58066146117352058e-01 -8.40066146117350847e-04 
 4.81000000000000097e-10  2.81000000000000638e-01 -4.27704739263097933e-01 -7.08704739263097240e-04 -4.49000000000001176e-01 -4.69241371895522896e-01 -2.02413718955228930e-05 -4.49000000000001176e-01 -4.94848814087088862e-01 -4.58488140870870475e-05  7.92000000000000814e-01 -3.80703886886302856e-01 -1.17270388688631199e-03 -2.21999999999999975e-01 -5.52685476585535573e-01 -3.30685476585530855e-04 
 4.94000000000000052e-10  2.94000000000000594e-01 -4.18458766505564239e-01 -7.12458766505566499e-04 -3.92666666666667385e-01 -4.68492412580312989e-01 -7.58257459136462385e-05 -3.92666666666667385e-01 -4.93769842414814364e-01 -1.01103175748146895e-04  7.74666666666666504e-01 -3.65741013369090262e-01 -1.14040768003576009e-03 -2.47999999999999443e-01 -5.48649090993151400e-01 -3.00649090993152738e-04 
 5.07000000000000007e-10  3.07000000000000495e-01 -4.09179716672185168e-01 -7.16179716672187363e-04 -3.36333333333334483e-01 -4.67253694284532617e-01 -1.30920360951199133e-04 -3.36333333333334483e-01 -4.92204019530897652e-01 -1.55870686197563408e-04  7.57333333333333192e-01 -3.51062704671087689e-01 -1.10839603800442425e-03 -2.73999999999999355e-01 -5.44877358729114691e-01 -2.70877358729116171e-04 
 5.19999999999999962e-10  3.19999999999999896e-01 -3.99807560715868482e-01 -7.19807560715867985e-04 -2.80000000000000693e-01 -4.64636391011464811e-01 -1.84636391011462966e-04 -2.80000000000000693e-01 -4.89267796525341081e-01 -2.09267796525341738e-04  7.40000000000000213e-01 -3.37185395649235553e-01 -1.07718539564923563e-03 -2.99999999999999711e-01 -5.41850578813309669e-01 -2.41850578813309182e-04 
 5.32999999999999917e-10  3.32999999999999907e-01 -3.90425738410612622e-01 -7.23425738410612149e-04 -2.23666666666667791e-01 -4.61875961991014494e-01 -2.38209295324345784e-04 -2.23666666666667791e-01 -4.86189297530382480e-01 -2.62522630863716577e-04  7.22666666666667012e-01 -3.23391247026771578e-01 -1.04605791369343838e-03 -3.25999999999999734e-01 -5.38901140420412705e-01 -2.12901140420412209e-04 
 5.45999999999999872e-10  3.45999999999999808e-01 -3.81036057208777146e-01 -7.27036057208777778e-04 -1.67333333333334444e-01 -4.58999169444511801e-01 -2.91665836111177018e-04 -1.67333333333334444e-01 -4.82995125876226339e-01 -3.15661792542892491e-04  7.05333333333333368e-01 -3.09664709141562411e-01 -1.01499804247489386e-03 -3.51999999999999535e-01 -5.36014581924952438e-01 -1.84014581924952158e-04 
 5.58999999999999827e-10  3.58999999999999819e-01 -3.71522793985793742e-01 -7.30522793985794372e-04 -1.11000000000001098e-01 -4.54292547532970048e-01 -3.43292547532968650e-04 -1.11000000000001098e-01 -4.77981988814974279e-01 -3.66981988814973643e-04  6.88000000000000056e-01 -2.97001357605366945e-01 -9.85001357605365131e-04 -3.77999999999999559e-01 -5.34116816797187921e-01 -1.56116816797187592e-04 
 5.71999999999999783e-10  3.71999999999999720e-01 -3.62009530762810339e-01 -7.34009530762810966e-04 -5.46666666666681955e-02 -4.49585925621428295e-01 -3.94919258954759848e-04 -5.46666666666681955e-02 -4.72968851753722275e-01 -4.18302185087054794e-04  6.70666666666666744e-01 -2.84338006069171478e-01 -9.55004672735836405e-04 -4.03999999999999360e-01 -5.32219051669423293e-01 -1.28219051669423243e-04 
 5.84999999999999738e-10  3.84999999999999731e-01 -3.52469207072895252e-01 -7.37469207072896085e-04  1.66666666666515084e-03 -4.44478630241675443e-01 -4.46145296908340150e-04  1.66666666666515084e-03 -4.67557420079791564e-01 -4.69224086746456879e-04  6.53333333333333988e-01 -2.71907457968068256e-01 -9.25240791301400406e-04 -4.30000000000000049e-01 -5.30537800319144326e-01 -1.00537800319144225e-04 
 5.97999999999999693e-10  3.97999999999999632e-01 -3.42829277909067809e-01 -7.40829277909068619e-04  5.79999999999984972e-02 -4.37896516604452501e-01 -4.95896516604450201e-04  5.79999999999984972e-02 -4.60679926354752634e-01 -5.18679926354751126e-04  6.36000000000000676e-01 -2.60333823997088931e-01 -8.96333823997087819e-04 -4.55999999999999850e-01 -5.29653503340350995e-01 -7.36535033403508659e-05 
 6.10999999999999648e-10  4.10999999999999643e-01 -3.33189348745240366e-01 -7.44189348745241046e-04  1.14333333333331844e-01 -4.31314402967229504e-01 -5.45647736300560252e-04  1.14333333333331844e-01 -4.53802432629713648e-01 -5.68135765963045372e-04  6.18666666666667475e-01 -2.48760190026109607e-01 -8.67426856692775231e-04 -4.81999999999999873e-01 -5.28769206361557553e-01 -4.67692063615575068e-05 
 6.23999999999999603e-10  4.23999999999999544e-01 -3.23504563022394775e-01 -7.47504563022392886e-04  1.70666666666664746e-01 -4.24068116271952456e-01 -5.94734782938616691e-04  1.70666666666664746e-01 -4.46264709136802218e-01 -6.16931375803469106e-04  6.01333333333333608e-01 -2.37572460742308311e-01 -8.38905794075644031e-04 -5.07999999999999341e-01 -5.28243811653846707e-01 -2.02438116538464306e-05 
 6.36999999999999558e-10  4.36999999999999555e-01 -3.13742569429565465e-01 -7.50742569429563495e-04  2.26999999999998092e-01 -4.15678643647241941e-01 -6.42678643647239499e-04  2.26999999999998092e-01 -4.37590586972384843e-01 -6.64590586972385036e-04  5.84000000000000297e-01 -2.27048957149590724e-01 -8.11048957149593285e-04 -5.33999999999999364e-01 -5.28336165620772791e-01  5.66383437922732096e-06 
 6.49999999999999513e-10  4.49999999999999456e-01 -3.03980575836736155e-01 -7.53980575836734213e-04  2.83333333333330994e-01 -4.07289171022531427e-01 -6.90622504355861873e-04  2.83333333333330994e-01 -4.28916464807967523e-01 -7.12249798141300966e-04  5.66666666666667096e-01 -2.16525453556873027e-01 -7.83192120223542322e-04 -5.59999999999999165e-01 -5.28428519587698986e-01  3.15714804123010725e-05 
 6.62999999999999468e-10  4.62999999999999856e-01 -2.94157258295496549e-01 -7.57157258295497460e-04  3.39666666666664785e-01 -3.97991699317221670e-01 -7.37658365983884234e-04  3.39666666666664785e-01 -4.19339734483009763e-01 -7.59006401149675113e-04  5.49333333333333784e-01 -2.06529524964237488e-01 -7.55862858297572712e-04 -5.85999999999998966e-01 -5.29011533222636721e-01  5.69884667773624259e-05 
 6.75999999999999423e-10  4.75999999999999868e-01 -2.84277634622092656e-01 -7.60277634622093332e-04  3.95999999999998131e-01 -3.87860525321652938e-01 -7.83860525321648533e-04  3.95999999999998131e-01 -4.08934251677208205e-01 -8.04934251677206624e-04  5.32000000000000473e-01 -1.97018002683511828e-01 -7.29018002683513681e-04 -6.11999999999998989e-01 -5.30045058424932325e-01  8.19549415750667979e-05 
 6.88999999999999378e-10  4.88999999999999768e-01 -2.74398010948688653e-01 -7.63398010948689314e-04  4.52333333333331034e-01 -3.77729351326084317e-01 -8.30062684659412832e-04  4.52333333333331034e-01 -3.98528768871406647e-01 -8.50862102204738135e-04  5.14666666666667161e-01 -1.87506480402786169e-01 -7.02173147069454868e-04 -6.37999999999998790e-01 -5.31078583627227929e-01  1.06921416372770953e-04 
 7.01999999999999334e-10  5.00000000000000000e-01 -2.64472473801308783e-01 -7.64472473801384718e-04  5.00000000000000000e-01 -3.66895972588165864e-01 -8.66895972588177977e-04 -3.99999999999991307e-01 -3.89223382009269703e-01  1.07766179907069885e-05  5.00000000000000000e-01 -1.78405491685478423e-01 -6.78405491685537751e-04 -6.63999999999981494e-01 -5.32496566731054277e-01  1.31503433268937049e-04 
 7.14999999999999289e-10  5.00000000000000000e-01 -2.54606850396644546e-01 -7.54606850396648070e-04  5.00000000000000000e-01 -3.55708559712384687e-01 -8.55708559712387387e-04 -4.00000000000001077e-01 -3.89362455760560333e-01  1.06375442394390835e-05  5.00000000000000000e-01 -1.69650574633540274e-01 -6.69650574633544023e-04 -6.89999999999996394e-01 -5.34383359137570846e-01  1.55616640862428577e-04 
 7.27999999999999244e-10  5.00000000000000000e-01 -2.44885706009358217e-01 -7.44885706009357457e-04  5.00000000000000000e-01 -3.44684983053852867e-01 -8.44684983053850622e-04 -4.00000000000001077e-01 -3.89499492819557536e-01  1.05005071804415361e-05  5.00000000000000000e-01 -1.61023870646400002e-01 -6.61023870646399651e-04 -7.15999999999995196e-01 -5.36623282045429639e-01  1.79376717954569031e-04 
 7.40999999999999199e-10  5.00000000000000000e-01 -2.35262405725968682e-01 -7.35262405725969946e-04  5.00000000000000000e-01 -3.33772359585289169e-01 -8.33772359585290565e-04 -3.99999999999999023e-01 -3.89635150589481283e-01  1.03648494105177791e-05  5.00000000000000000e-01 -1.52483995132076167e-01 -6.52483995132076278e-04 -7.41999999999996662e-01 -5.39102352049446343e-01  2.02897647950550479e-04 
 7.53999999999999154e-10  5.00000000000000000e-01 -2.25826870935170509e-01 -7.25826870935171692e-04  5.00000000000000000e-01 -3.23072658301493343e-01 -8.23072658301494801e-04 -3.99999999999999023e-01 -3.89768161466214180e-01  1.02318385337849149e-05  5.00000000000000000e-01 -1.44110745815148267e-01 -6.44110745815148393e-04 -7.67999999999996463e-01 -5.42040351825668121e-01  2.25959648174328632e-04 
 7.66999999999999109e-10  5.00000000000000000e-01 -2.16391336144372226e-01 -7.16391336144373545e-04  5.00000000000000000e-01 -3.12372957017697628e-01 -8.12372957017699036e-04 -3.99999999999999023e-01 -3.89901172342947022e-01  1.00988276570520489e-05  5.00000000000000000e-01 -1.35737496498220311e-01 -6.35737496498220509e-04 -7.93999999999996486e-01 -5.44978351601889899e-01  2.49021648398106785e-04 
 7.79999999999999064e-10  5.00000000000000000e-01 -2.07114620296359075e-01 -7.07114620296365169e-04  5.00000000000000000e-01 -3.01853353129934443e-01 -8.01853353129939293e-04 -4.00000000000001410e-01 -3.90031944380308138e-01  9.96805561969525434e-06  5.00000000000000000e-01 -1.27505185732596060e-01 -6.27505185732605501e-04 -7.56666666666681476e-01 -5.47924517950074463e-01  2.08742148716598540e-04 
 7.92999999999999019e-10  5.00000000000000000e-01 -1.97991125813710922e-01 -6.97991125813705719e-04  5.00000000000000000e-01 -2.91507499101193890e-01 -7.91507499101191795e-04 -3.99999999999997913e-01 -3.90160556486233323e-01  9.83944351376701285e-06  5.00000000000000000e-01 -1.19408846135678370e-01 -6.19408846135681055e-04 -7.00333333333337027e-01 -5.50194980112978849e-01  1.50138353220356791e-04 
 8.05999999999998974e-10  5.00000000000000000e-01 -1.89003798790270849e-01 -6.89003798790271656e-04  5.00000000000000000e-01 -2.81316056154647276e-01 -7.81316056154646469e-04 -4.00000000000000966e-01 -3.90287249066290143e-01  9.71275093370916752e-06  5.00000000000000000e-01 -1.11433343789652306e-01 -6.11433343789651355e-04 -6.44000000000003681e-01 -5.51590785098439729e-01  9.24092149015643197e-05 
 8.18999999999998930e-10  5.00000000000000000e-01 -1.80082436427807746e-01 -6.80082436427808428e-04  5.00000000000000000e-01 -2.71199415769201813e-01 -7.71199415769200400e-04 -4.00000000000000022e-01 -3.90413011755507466e-01  9.58698824449316883e-06  5.00000000000000000e-01 -1.03516379572593575e-01 -6.03516379572592012e-04 -5.87666666666671222e-01 -5.52562873106905328e-01  3.51037935597668140e-05 
 8.31999999999998885e-10  5.00000000000000000e-01 -1.71389317208597292e-01 -6.71389317208598031e-04  5.00000000000000000e-01 -2.61341598387119234e-01 -7.61341598387117757e-04 -4.00000000000000022e-01 -3.90535556946058682e-01  9.46444305394195291e-06  5.00000000000000000e-01 -9.58019620882542000e-02 -5.95801962088252676e-04 -5.31333333333338320e-01 -5.52068865584095514e-01 -2.07355322507565137e-05 
 8.44999999999998840e-10  5.00000000000000000e-01 -1.62696197989386837e-01 -6.62696197989387633e-04  5.00000000000000000e-01 -2.51483781005036655e-01 -7.51483781005035114e-04 -4.00000000000000022e-01 -3.90658102136609897e-01  9.34189786339073699e-06  5.00000000000000000e-01 -8.80875446039147691e-02 -5.88087544603913231e-04 -4.75000000000004974e-01 -5.51574858061285811e-01 -7.65748580612798414e-05 
 8.57999999999998795e-10  5.00000000000000000e-01 -1.54087629211382193e-01 -6.54087629211380943e-04  5.00000000000000000e-01 -2.41721842074400728e-01 -7.41721842074400317e-04 -4.00000000000000022e-01 -3.90779455436232825e-01  9.22054456376699600e-06  5.00000000000000000e-01 -8.04481585766964047e-02 -5.80448158576694537e-04 -4.18666666666672960e-01 -5.50537749780869223e-01 -1.31871083114197801e-04 
 8.70999999999998750e-10  5.00000000000000000e-01 -1.45710313046772399e-01 -6.45710313046771200e-04  5.00000000000000000e-01 -2.32222138824018765e-01 -7.32222138824018291e-04 -4.00000000000000022e-01 -3.90897548813283424e-01  9.10245118671643513e-06  5.00000000000000000e-01 -7.30139899356761490e-02 -5.73013989935674379e-04 -3.62333333333340057e-01 -5.48015214958118890e-01 -1.85681881624780599e-04 
 8.83999999999998705e-10  5.00000000000000000e-01 -1.37332996882162606e-01 -6.37332996882161457e-04  5.00000000000000000e-01 -2.22722435573636690e-01 -7.22722435573636265e-04 -4.00000000000000022e-01 -3.91015642190333967e-01  8.98435780966587257e-06  5.00000000000000000e-01 -6.55798212946558934e-02 -5.65579821294654112e-04 -3.06000000000006711e-01 -5.45492680135368668e-01 -2.39492680135363397e-04 
 8.96999999999998660e-10  5.00000000000000000e-01 -1.29083979705562735e-01 -6.29083979705562560e-04  5.00000000000000000e-01 -2.13368220721862012e-01 -7.13368220721859875e-04 -4.00000000000000022e-01 -3.91131926961803766e-01  8.86807303819595481e-06  5.00000000000000000e-01 -5.82595072933074776e-02 -5.58259507293308891e-04 -2.49666666666673809e-01 -5.42146030422209990e-01 -2.92479363755537847e-04 
 9.09999999999998615e-10  5.00000000000000000e-01 -1.21010994123270654e-01 -6.21010994123270431e-04  5.00000000000000000e-01 -2.04213622056913624e-01 -7.04213622056911489e-04 -4.00000000000000022e-01 -3.91245730250537327e-01  8.75426974946240930e-06  5.00000000000000000e-01 -5.10954066343369817e-02 -5.51095406634338541e-04 -1.93333333333340462e-01 -5.37668660503837215e-01 -3.44335327170498025e-04 
 9.22999999999998570e-10  5.00000000000000000e-01 -1.12938008540978574e-01 -6.12938008540978301e-04  5.00000000000000000e-01 -1.95059023391965125e-01 -6.95059023391962996e-04 -4.00000000000000022e-01 -3.91359533539270887e-01  8.64046646072886380e-06  5.00000000000000000e-01 -4.39313059753666524e-02 -5.43931305975368083e-04 -1.37000000000007560e-01 -5.33191290585464439e-01 -3.96191290585458204e-04 
 9.35999999999998629e-10  5.00000000000000000e-01 -1.05033780322124071e-01 -6.05033780322125213e-04  5.00000000000000000e-01 -1.86095792086499512e-01 -6.86095792086500404e-04 -4.00000000000000300e-01 -3.91470957888668702e-01  8.52904211133091795e-06  5.00000000000000000e-01 -3.69169633862315161e-02 -5.36916963386231054e-04 -8.06666666666728815e-02 -5.27629925709432790e-01 -4.46963259042761074e-04 
 9.48999999999998687e-10  5.00000000000000000e-01 -9.72540696210737465e-02 -5.97254069621074826e-04  5.00000000000000000e-01 -1.77273761070645852e-01 -6.77273761070646763e-04 -4.00000000000000300e-01 -3.91580626939127208e-01  8.41937306087242818e-06  5.00000000000000000e-01 -3.00131196976900494e-02 -5.30013119697689554e-04 -2.43333333333390911e-02 -5.21268735814276907e-01 -4.96935402480938766e-04 
 9.61999999999998746e-10  5.00000000000000000e-01 -8.94743589200235334e-02 -5.89474358920024548e-04  5.00000000000000000e-01 -1.68451730054792304e-01 -6.68451730054793122e-04 -4.00000000000000300e-01 -3.91690295989585713e-01  8.30970401041393841e-06  5.00000000000000000e-01 -2.31092760091484717e-02 -5.23109276009148054e-04  3.19999999999946994e-02 -5.14907545919121024e-01 -5.46907545919116458e-04 
 9.74999999999998804e-10  5.00000000000000000e-01 -8.19007551009385271e-02 -5.81900755100939996e-04  5.00000000000000000e-01 -1.59863419979878518e-01 -6.59863419979878464e-04 -4.00000000000000022e-01 -3.91797059591898256e-01  8.20294040810215291e-06  5.00000000000000000e-01 -1.63883349696773428e-02 -5.16388334969677216e-04  8.83333333333276016e-02 -5.07222450410384718e-01 -5.95555783743709037e-04 
 9.87999999999998863e-10  5.00000000000000000e-01 -7.44036652108247543e-02 -5.74403665210826116e-04  5.00000000000000000e-01 -1.51361875117767331e-01 -6.51361875117767246e-04 -4.00000000000000022e-01 -3.91902744592413699e-01  8.09725540758670085e-06  5.00000000000000000e-01 -9.73529365371905708e-03 -5.09735293653718947e-04  1.44666666666661392e-01 -4.99045875824789320e-01 -6.43712542491447007e-04 
 1.00099999999999892e-09  5.00000000000000000e-01 -6.69065753207109815e-02 -5.66906575320712345e-04  5.00000000000000000e-01 -1.42860330255656032e-01 -6.42860330255656028e-04 -4.00000000000000022e-01 -3.92008429592929142e-01  7.99157040707124709e-06  5.00000000000000000e-01 -3.08225233776082685e-03 -5.03082252337760678e-04  2.00999999999995183e-01 -4.90869301239194034e-01 -6.91869301239185410e-04 
 1.01399999999999898e-09  5.00000000000000000e-01 -5.96500054572055571e-02 -5.59650005457204753e-04  5.00000000000000000e-01 -1.34631530128690002e-01 -6.34631530128689945e-04 -4.00000000000000022e-01 -3.92110724029971269e-01  7.88927597002889978e-06  5.00000000000000000e-01  3.35734753654537421e-03 -4.96642652463454622e-04  2.57333333333328973e-01 -4.81147771869121499e-01 -7.38481105202450951e-04 
 1.02699999999999904e-09  5.00000000000000000e-01 -5.24252693480777854e-02 -5.52425269348076880e-04  5.00000000000000000e-01 -1.26438828820725102e-01 -6.26438828820725046e-04 -4.00000000000000022e-01 -3.92212569712844072e-01  7.78743028715612388e-06  5.00000000000000000e-01  9.76869761176679674e-03 -4.90231302388233095e-04  3.13666666666661875e-01 -4.71221761766917213e-01 -7.84888428433580358e-04 
 1.03999999999999910e-09  5.00000000000000000e-01 -4.52068421258848829e-02 -5.45206842125879349e-04  5.00000000000000000e-01 -1.18253281660047449e-01 -6.18253281660055445e-04 -3.99999999999999023e-01 -3.92314326460581286e-01  7.68567353942070750e-06  5.00000000000000000e-01  1.61744490765869942e-02 -4.83825550923418224e-04  3.69999999999998330e-01 -4.61255227201147089e-01 -8.31255227201142376e-04 
 1.05299999999999916e-09  5.00000000000000000e-01 -3.81668543095722290e-02 -5.38166854309569563e-04  5.00000000000000000e-01 -1.10270081094718586e-01 -6.10270081094719369e-04 -4.00000000000000022e-01 -3.92413567783130857e-01  7.58643221686733282e-06  5.00000000000000000e-01  2.24218504672970553e-02 -4.77578149532709010e-04  4.26333333333327680e-01 -4.50142506108869411e-01 -8.76475839442202205e-04 
 1.06599999999999921e-09  5.00000000000000000e-01 -3.12132535177002124e-02 -5.31213253517717017e-04  5.00000000000000000e-01 -1.02384841628231138e-01 -6.02384841628244932e-04 -4.00000000000006295e-01 -3.92511591324803288e-01  7.48840867519379900e-06  5.00000000000000000e-01  2.85925905866068475e-02 -4.71407409413375565e-04  4.82666666666643707e-01 -4.38474887162117799e-01 -9.21141553828767456e-04 
 1.07899999999999927e-09  5.00000000000000000e-01 -2.43544301415097308e-02 -5.24354430141508445e-04  5.00000000000000000e-01 -9.46070777907095373e-02 -5.94607077790715527e-04 -4.00000000000001410e-01 -3.92608278807905942e-01  7.39172119209354346e-06  5.00000000000000000e-01  3.46792236628397088e-02 -4.65320776337152303e-04 -2.18000000000000194e-01 -4.33225396965455645e-01 -2.15225396965463851e-04 
 1.09199999999999933e-09  5.00000000000000000e-01 -1.75932478644011958e-02 -5.17593247864400882e-04  5.00000000000000000e-01 -8.69400369398931616e-02 -5.86940036939890045e-04 -4.00000000000000022e-01 -3.92703589863652502e-01  7.29641013634879171e-06  5.00000000000000000e-01  4.06792084160773060e-02 -4.59320791583924426e-04 -2.43999999999999551e-01 -4.30661620571462178e-01 -1.86661620571466468e-04 
 1.10499999999999939e-09  5.00000000000000000e-01 -1.09286340538632398e-02 -5.10928634053860642e-04  5.00000000000000000e-01 -7.93825027327001997e-02 -5.79382502732700443e-04 -4.00000000000000688e-01 -3.92797539612731561e-01  7.20246038726925870e-06  5.00000000000000000e-01  4.65934967181134696e-02 -4.53406503281885082e-04 -2.69999999999998463e-01 -4.28505814259148965e-01 -1.58505814259148579e-04 
 1.11799999999999945e-09  5.00000000000000000e-01 -4.34562124053972099e-03 -5.04345621240537213e-04  5.00000000000000000e-01 -7.19175023684757164e-02 -5.71917502368476049e-04 -4.00000000000000688e-01 -3.92890339048614923e-01  7.10966095138589318e-06  5.00000000000000000e-01  5.24353709483101893e-02 -4.47564629051688356e-04 -2.95999999999998709e-01 -4.26694745382153462e-01 -1.30694745382152911e-04 
 1.13099999999999951e-09  5.00000000000000000e-01  2.19947664428477019e-03 -4.97800523355715059e-04  5.00000000000000000e-01 -6.44954967489190789e-02 -5.64495496748921113e-04 -3.99999999999998579e-01 -3.92982604005213287e-01  7.01739599478677376e-06  5.00000000000000000e-01  5.82435988451302511e-02 -4.41756401154869377e-04 -3.21999999999999620e-01 -4.25043854636027119e-01 -1.03043854636029625e-04 
 1.14399999999999957e-09  5.00000000000000000e-01  8.56768415179798293e-03 -4.91432315848201740e-04  5.00000000000000000e-01 -5.72740811583510867e-02 -5.57274081158353005e-04 -3.99999999999998579e-01 -3.93072375372981175e-01  6.92762462701889904e-06  5.00000000000000000e-01  6.38948513013601338e-02 -4.36105148698639447e-04 -3.47999999999999421e-01 -4.24140267686294647e-01 -7.61402676862968884e-05 
 1.15699999999999962e-09  5.00000000000000000e-01  1.49358916593113067e-02 -4.85064108340688420e-04  5.00000000000000000e-01 -5.00526655677829835e-02 -5.50052665567784898e-04 -3.99999999999998579e-01 -3.93162146740749008e-01  6.83785325925102601e-06  5.00000000000000000e-01  6.95461037575899610e-02 -4.30453896242409626e-04 -3.73999999999999666e-01 -4.23236680736562176e-01 -4.92366807365645850e-05 
 1.16999999999999968e-09  5.00000000000000000e-01  2.12276736966128254e-02 -4.78772326303385492e-04  5.00000000000000000e-01 -4.29179148796152710e-02 -5.42917914879613764e-04 -4.00000000000000022e-01 -3.93250840753706643e-01  6.74915924629376318e-06  5.00000000000000000e-01  7.51295349900702458e-02 -4.24870465009929261e-04 -3.99999999999998135e-01 -4.22655966318954412e-01 -2.26559663189527041e-05 
 1.18299999999999974e-09  5.00000000000000000e-01  2.73645373869656483e-02 -4.72635462613032738e-04  5.00000000000000000e-01 -3.59588383924845933e-02 -5.35958838392483049e-04 -4.00000000000000022e-01 -3.93337350913219752e-01  6.66264908678062465e-06  5.00000000000000000e-01  8.05754891243751770e-02 -4.19424510875624303e-04 -4.25999999999998380e-01 -4.22729731079717841e-01  3.27026892028414035e-06 
 1.19599999999999980e-09  5.00000000000000000e-01  3.35014010773183601e-02 -4.66498598922679875e-04  5.00000000000000000e-01 -2.89997619053539157e-02 -5.28999761905352443e-04 -4.00000000000000022e-01 -3.93423861072732917e-01  6.57613892726748611e-06  5.00000000000000000e-01  8.60214432586802191e-02 -4.13978556741319346e-04 -4.51999999999998181e-01 -4.22803495840481269e-01  2.91965041595205511e-05 
 1.20899999999999986e-09  5.00000000000000000e-01  3.95303172807742742e-02 -4.60469682719227315e-04  5.00000000000000000e-01 -2.21630956355280961e-02 -5.22163095635529736e-04 -4.00000000000000022e-01 -3.93508849517772652e-01  6.49115048222961914e-06  5.00000000000000000e-01  9.13716030113245203e-02 -4.08628396988675458e-04 -4.77999999999999758e-01 -4.23333303309695208e-01  5.46666966903023265e-05 
 1.22199999999999992e-09  5.00000000000000000e-01  4.54442413967106607e-02 -4.54555758603290903e-04  5.00000000000000000e-01 -1.54568280144002923e-02 -5.15456828014401801e-04 -4.00000000000000022e-01 -3.93592216941986817e-01  6.40778305801543467e-06  5.00000000000000000e-01  9.66197168874367573e-02 -4.03380283112563182e-04 -5.03999999999999559e-01 -4.24348914613268458e-01  7.96510853867293984e-05 
 1.23499999999999997e-09  5.00000000000000000e-01  5.13581655126470471e-02 -4.48641834487354492e-04  5.00000000000000000e-01 -8.75056039327237745e-03 -5.08750560393273973e-04 -4.00000000000000022e-01 -3.93675584366200981e-01  6.32441563380125020e-06  5.00000000000000000e-01  1.01867830763548994e-01 -3.98132169236450960e-04 -5.29999999999999805e-01 -4.25364525916841707e-01  1.04635474083156470e-04 
 1.24800000000000003e-09  5.00000000000000000e-01  5.71350112445625502e-02 -4.42864988755436745e-04  5.00000000000000000e-01 -2.19973682423224570e-03 -5.02199736824233728e-04 -4.00000000000000022e-01 -3.93757019423412680e-01  6.24298057658521849e-06  5.00000000000000000e-01  1.06994299019055328e-01 -3.93005700980946177e-04 -5.55999999999999828e-01 -4.26959248409729208e-01  1.29040751590272628e-04 
 1.26100000000000009e-09  5.00000000000000000e-01  6.28340947200574096e-02 -4.37165905279941823e-04  5.00000000000000000e-01  4.26290595449829723e-03 -4.95737094045503265e-04 -4.00000000000000022e-01 -3.93837358281405980e-01  6.16264171859186936e-06  5.00000000000000000e-01  1.12051759764665693e-01 -3.87948240235335795e-04 -5.82000000000000073e-01 -4.28882490917787296e-01  1.53117509082214675e-04 
 1.27400000000000015e-09  5.00000000000000000e-01  6.85331781955523800e-02 -4.31466821804446900e-04  5.00000000000000000e-01  1.07255487332287291e-02 -4.89274451266772693e-04 -4.00000000000000022e-01 -3.93917697139399337e-01  6.08230286059852193e-06  5.00000000000000000e-01  1.17109220510276113e-01 -3.82890779489725467e-04 -6.07999999999999874e-01 -4.30805733425845383e-01  1.77194266574156722e-04 
 1.28700000000000021e-09  5.00000000000000000e-01  7.40683113807928395e-02 -4.25931688619207065e-04  5.00000000000000000e-01  1.70022752740347505e-02 -4.82997724725964120e-04 -4.00000000000000022e-01 -3.93995724822423954e-01  6.00427517757627410e-06  5.00000000000000000e-01  1.22021189062140101e-01 -3.77978810937859024e-04 -6.33999999999999231e-01 -4.33421612108849219e-01  2.00578387891149623e-04 
 1.30000000000000027e-09  5.00000000000000000e-01  7.95603589322884108e-02 -4.20439641067711384e-04  5.00000000000000000e-01  2.32301435973768511e-02 -4.76769856402622038e-04 -4.00000000000000022e-01 -3.94073145135747926e-01  5.92685486425230371e-06  5.00000000000000000e-01  1.26894922711444591e-01 -3.73105077288554557e-04 -6.59999999999999476e-01 -4.36219513455593455e-01  2.23780486544405272e-04 
 1.31300000000000033e-09  5.00000000000000000e-01  8.50524064837839822e-02 -4.14947593516215812e-04  5.00000000000000000e-01  2.94580119207190627e-02 -4.70541988079279847e-04 -4.00000000000000022e-01 -3.94150565449071899e-01  5.84943455092833162e-06  5.00000000000000000e-01  1.31768656360749026e-01 -3.68231343639250090e-04 -6.85999999999999721e-01 -4.39017414802337691e-01  2.46982585197661354e-04 
 1.32600000000000038e-09  5.00000000000000000e-01  9.03557651453353317e-02 -4.09644234854662868e-04  5.00000000000000000e-01  3.54719109457927173e-02 -4.64528089054206468e-04 -4.00000000000000022e-01 -3.94225325852254393e-01  5.77467414774596528e-06  5.00000000000000000e-01  1.36474944374605500e-01 -3.63525055625394224e-04 -7.12000000000002853e-01 -4.42612464789588156e-01  2.69387535210414020e-04 
 1.33900000000000044e-09  5.00000000000000000e-01  9.56482979600559724e-02 -4.04351702039942190e-04  5.00000000000000000e-01  4.14735336844872515e-02 -4.58526466315511928e-04 -4.00000000000000022e-01 -3.94299933645604894e-01  5.70006635439546824e-06  5.00000000000000000e-01  1.41171625353292141e-01 -3.58828374646707592e-04 -7.38000000000002654e-01 -4.46253250427123216e-01  2.91746749572879306e-04 
 1.35200000000000050e-09  5.00000000000000000e-01  1.00926137257680237e-01 -3.99073862742319865e-04  5.00000000000000000e-01  4.74584942787219521e-02 -4.52541505721278537e-04 -4.00000000000004297e-01 -3.94374334307334540e-01  5.62566569266331811e-06  5.00000000000000000e-01  1.45855267062375282e-01 -3.54144732937623655e-04 -7.64000000000004009e-01 -4.49956111352614319e-01  3.14043888647384155e-04 
 1.36500000000000056e-09  5.00000000000000000e-01  1.06071122972892617e-01 -3.93928877027107500e-04  5.00000000000000000e-01  5.32928016585064723e-02 -4.46707198341493908e-04 -4.00000000000004297e-01 -3.94446862158265188e-01  5.55313784173267649e-06  5.00000000000000000e-01  1.50421012309535862e-01 -3.49578987690463020e-04 -7.90000000000003810e-01 -4.54220235067013089e-01  3.35779764932985251e-04 
 1.37800000000000062e-09  5.00000000000000000e-01  1.11167814936490472e-01 -3.88832185063504214e-04  5.00000000000000000e-01  5.90723449228928166e-02 -4.40927655077106087e-04 -4.00000000000008404e-01 -3.94518709221685027e-01  5.48129077831295977e-06  5.00000000000000000e-01  1.54943900884375318e-01 -3.45056099115630089e-04 -7.65333333333309440e-01 -4.58401586634406499e-01  3.06931746698923917e-04 
 1.39100000000000068e-09  5.00000000000000000e-01  1.16183227691405266e-01 -3.83816772308591685e-04  5.00000000000000000e-01  6.47597192458442272e-02 -4.35240280754152931e-04 -3.99999999999994416e-01 -3.94589410508100147e-01  5.41058949189972477e-06  5.00000000000000000e-01  1.59394660947826006e-01 -3.40605339052173553e-04 -7.08999999999998742e-01 -4.61921438203351076e-01  2.47078561796646931e-04 
 1.40400000000000074e-09  5.00000000000000000e-01  1.21132208713238709e-01 -3.78867791286762639e-04  5.00000000000000000e-01  7.03717613575884915e-02 -4.29628238642410887e-04 -4.00000000000004186e-01 -3.94659175319450550e-01  5.34082468055178132e-06  5.00000000000000000e-01  1.63786468394815032e-01 -3.36213531605185031e-04 -6.52666666666664064e-01 -4.64648503415995895e-01  1.88018163250671527e-04 
 1.41700000000000079e-09  5.00000000000000000e-01  1.26033650781804674e-01 -3.73966349218195909e-04  5.00000000000000000e-01  7.59298952796469973e-02 -4.24070104720352206e-04 -4.00000000000000022e-01 -3.94728269983526892e-01  5.27173001647080156e-06  5.00000000000000000e-01  1.68136088989993771e-01 -3.31863911010006043e-04 -5.96333333333331161e-01 -4.66808245877961381e-01  1.29525087455368594e-04 
 1.43000000000000085e-09  5.00000000000000000e-01  1.30813777196843894e-01 -3.69186222803156647e-04  5.00000000000000000e-01  8.13504597599539192e-02 -4.18649540240045295e-04 -4.00000000000000022e-01 -3.94795654484718928e-01  5.20434551527876058e-06  5.00000000000000000e-01  1.72378052071788523e-01 -3.27621947928211348e-04 -5.39999999999997371e-01 -4.67520225494283348e-01  7.24797745057133291e-05 
 1.44300000000000091e-09  5.00000000000000000e-01  1.35593903611883004e-01 -3.64406096388117493e-04  5.00000000000000000e-01  8.67710242402607301e-02 -4.13228975759738493e-04 -4.00000000000000022e-01 -3.94863038985910964e-01  5.13696101408671874e-06  5.00000000000000000e-01  1.76620015153583221e-01 -3.23379984846416599e-04 -4.83666666666663581e-01 -4.68232205110605315e-01  1.54344615560580642e-05 
 1.45600000000000097e-09  5.00000000000000000e-01  1.40327763702515596e-01 -3.59672236297485710e-04  5.00000000000000000e-01  9.21391236656845525e-02 -4.07860876334316435e-04 -4.00000000000000022e-01 -3.94929771279836528e-01  5.07022872016310569e-06  5.00000000000000000e-01  1.80820920735425161e-01 -3.19179079264574560e-04 -4.27333333333328902e-01 -4.68392049338519634e-01 -4.10587160051909678e-05 
 1.46900000000000103e-09  5.00000000000000000e-01  1.44934238004293670e-01 -3.55065761995707638e-04  5.00000000000000000e-01  9.73627702414540108e-02 -4.02637229758547001e-04 -4.00000000000000022e-01 -3.94994707841368198e-01  5.00529215863140620e-06  5.00000000000000000e-01  1.84908782065598520e-01 -3.15091217934401193e-04 -3.70999999999996000e-01 -4.67031690634628294e-01 -9.60316906346335777e-05 
 1.48200000000000109e-09  5.00000000000000000e-01  1.49540712306071744e-01 -3.50459287693929565e-04  5.00000000000000000e-01  1.02586416817223580e-01 -3.97413583182777458e-04 -4.00000000000000022e-01 -3.95059644402899923e-01  4.94035559709970671e-06  5.00000000000000000e-01  1.88996643395771824e-01 -3.11003356604227881e-04 -3.14666666666662209e-01 -4.65671331930736954e-01 -1.51004665264076188e-04 
 1.49500000000000114e-09  5.00000000000000000e-01  1.54076855860174944e-01 -3.45923144139826852e-04  5.00000000000000000e-01  1.07730309779882072e-01 -3.92269690220117492e-04 -4.00000000000000022e-01 -3.95123589525727237e-01  4.87641047427471491e-06  5.00000000000000000e-01  1.93022092059574379e-01 -3.06977907940425207e-04 -2.58333333333328419e-01 -4.63471656614111494e-01 -2.05138323280780292e-04 
 1.50800000000000120e-09  5.00000000000000000e-01  1.58515986471068682e-01 -3.41484013528933262e-04  5.00000000000000000e-01  1.12764192071602931e-01 -3.87235807928396590e-04 -4.00000000000000022e-01 -3.95186167076187034e-01  4.81383292381491396e-06  5.00000000000000000e-01  1.96961449836270619e-01 -3.03038550163728967e-04 -2.01999999999994628e-01 -4.60114243358144215e-01 -2.58114243358146395e-04 
 1.52100000000000126e-09  5.00000000000000000e-01  1.62955117081962308e-01 -3.37044882918039672e-04  5.00000000000000000e-01  1.17798074363323901e-01 -3.82201925636675688e-04 -4.00000000000000022e-01 -3.95248744626646831e-01  4.75125537335511215e-06  5.00000000000000000e-01  2.00900807612966859e-01 -2.99099192387032727e-04 -1.45666666666661726e-01 -4.56756830102176936e-01 -3.11090163435512497e-04 
 1.53400000000000132e-09  5.00000000000000000e-01  1.67301662001970552e-01 -3.32698337998031126e-04  5.00000000000000000e-01  1.22726966396666859e-01 -3.77273033603331507e-04 -4.00000000000000022e-01 -3.95310017014845583e-01  4.68998298515592055e-06  5.00000000000000000e-01  2.04758003319345183e-01 -2.95241996680655340e-04 -8.93333333333288238e-02 -4.52294513073244087e-01 -3.62961179739914111e-04 
 1.54700000000000138e-09  5.00000000000000000e-01  1.71579528172409568e-01 -3.28420471827592137e-04  5.00000000000000000e-01  1.27577978148580573e-01 -3.72422021851417885e-04 -4.00000000000000022e-01 -3.95370321252230206e-01  4.62967874777125738e-06  5.00000000000000000e-01  2.08554252369740234e-01 -2.91445747630260257e-04 -3.29999999999950333e-02 -4.47012594129635565e-01 -4.14012594129639644e-04 
 1.56000000000000144e-09  5.00000000000000000e-01  1.75857394342848583e-01 -3.24142605657153147e-04  5.00000000000000000e-01  1.32428989900494287e-01 -3.67571010099504154e-04 -4.00000000000000022e-01 -3.95430625489614884e-01  4.56937451038659336e-06  5.00000000000000000e-01  2.12350501420135285e-01 -2.87649498579865229e-04  2.33333333333387571e-02 -4.41730675186027155e-01 -4.65064008519364309e-04 
 1.57300000000000150e-09  5.00000000000000000e-01  1.80022129648178431e-01 -3.19977870351822774e-04  5.00000000000000000e-01  1.37151713591425972e-01 -3.62848286408573974e-04 -4.00000000000000022e-01 -3.95489334943459669e-01  4.51066505653958809e-06  5.00000000000000000e-01  2.16046356273487367e-01 -2.83953643726512833e-04  7.96666666666716594e-02 -4.35098669436328911e-01 -5.14765336103004296e-04 
 1.58600000000000155e-09  5.00000000000000000e-01  1.84144589781988721e-01 -3.15855410218012422e-04  5.00000000000000000e-01  1.41826498112293198e-01 -3.58173501887706783e-04 -4.00000000000000022e-01 -3.95547448452534867e-01  4.45255154746438840e-06  5.00000000000000000e-01  2.19704695441835657e-01 -2.80295304558164562e-04  1.36000000000005450e-01 -4.27962158119210567e-01 -5.63962158119219424e-04 
 1.59900000000000161e-09  5.00000000000000000e-01  1.88267049915799178e-01 -3.11732950084202070e-04  5.00000000000000000e-01  1.46501282633160423e-01 -3.53498717366839484e-04 -4.00000000000000022e-01 -3.95605561961610064e-01  4.39443803838918870e-06  5.00000000000000000e-01  2.23363034610183947e-01 -2.76636965389816236e-04  1.92333333333339240e-01 -4.20825646802092224e-01 -6.13158980135434552e-04 
 1.61200000000000167e-09  5.00000000000000000e-01  1.92257448924783858e-01 -3.07742551075217206e-04  5.00000000000000000e-01  1.51026312570089360e-01 -3.48973687429910231e-04 -4.00000000000000022e-01 -3.95661813831004239e-01  4.33818616899679519e-06  5.00000000000000000e-01  2.26904180556553065e-01 -2.73095819443447288e-04  2.48666666666671254e-01 -4.12113137793690409e-01 -6.60779804460364002e-04 
 1.62500000000000173e-09  5.00000000000000000e-01  1.96230148602088594e-01 -3.03769851397912524e-04  5.00000000000000000e-01  1.55531271830993800e-01 -3.44468728169005788e-04 -4.00000000000000022e-01 -3.95717816196401728e-01  4.28218380359930722e-06  5.00000000000000000e-01  2.30429619823842108e-01 -2.69570380176158250e-04  3.05000000000005045e-01 -4.03189407610985429e-01 -7.08189407610992396e-04 
 1.63800000000000179e-09  5.00000000000000000e-01  2.00198006283294927e-01 -2.99801993716706562e-04  5.00000000000000000e-01  1.60030740368475699e-01 -3.39969259631521981e-04 -4.00000000000000022e-01 -3.95773750305134897e-01  4.22624969486776613e-06  5.00000000000000000e-01  2.33950762223869402e-01 -2.66049237776129542e-04  3.61333333333340612e-01 -3.94207893771790996e-01 -7.55541227105129172e-04 
 1.65100000000000185e-09  5.00000000000000000e-01  2.04034930816558602e-01 -2.95965069183442913e-04  5.00000000000000000e-01  1.64381733424473542e-01 -3.35618266575524117e-04 -4.00000000000000022e-01 -3.95827838675051724e-01  4.17216132495098119e-06  5.00000000000000000e-01  2.37355712387222695e-01 -2.62644287612776289e-04  4.17666666666674402e-01 -3.83663843348550415e-01 -8.01330510015222167e-04 
 1.66400000000000191e-09  5.00000000000000000e-01  2.07871855349822277e-01 -2.92128144650179210e-04  5.00000000000000000e-01  1.68732726480471384e-01 -3.31267273519526254e-04 -4.00000000000000022e-01 -3.95881927044968496e-01  4.11807295503419626e-06  5.00000000000000000e-01  2.40760662550575988e-01 -2.59239337449423035e-04  4.74000000000007304e-01 -3.73119792925309834e-01 -8.47119792925315161e-04 
 1.67700000000000196e-09  5.00000000000000000e-01  2.11667175278037134e-01 -2.88332824721972115e-04  5.00000000000000000e-01  1.73036540774902547e-01 -3.26963459225105202e-04 -3.99999999999988309e-01 -3.95935428922965238e-01  4.06457107704544927e-06  5.00000000000000000e-01  2.44128692100677558e-01 -2.55871307899328175e-04 -2.13999999999996859e-01 -3.67135791348876750e-01 -1.53135791348858828e-04 
 1.69000000000000202e-09  5.00000000000000000e-01  2.15390962391889984e-01 -2.84609037608111787e-04  5.00000000000000000e-01  1.77259238337486358e-01 -3.22740761662512971e-04 -4.00000000000005851e-01 -3.95987922416939475e-01  4.01207758306076253e-06  5.00000000000000000e-01  2.47433242250596430e-01 -2.52566757749402471e-04 -2.40000000000002878e-01 -3.65328276467585145e-01 -1.25328276467585441e-04 
 1.70300000000000208e-09  5.00000000000000000e-01  2.19052754978343922e-01 -2.80947245021657456e-04  5.00000000000000000e-01  1.81411635388313397e-01 -3.18588364611685211e-04 -3.99999999999997080e-01 -3.96039541986274279e-01  3.96045801372655318e-06  5.00000000000000000e-01  2.50682777433609782e-01 -2.49317222566388318e-04 -2.66000000000002679e-01 -3.63983707960714331e-01 -9.79837079607098586e-05 
 1.71600000000000214e-09  5.00000000000000000e-01  2.22679433426353712e-01 -2.77320566573644887e-04  5.00000000000000000e-01  1.85524213732459531e-01 -3.14475786267540158e-04 -4.00000000000000022e-01 -3.96090666558509830e-01  3.90933344149048000e-06  5.00000000000000000e-01  2.53901151750573262e-01 -2.46098848249426470e-04 -2.92000000000005144e-01 -3.62901355552000038e-01 -7.09013555519966490e-05 
 1.72900000000000220e-09  5.00000000000000000e-01  2.26232577288364600e-01 -2.73767422711633935e-04  5.00000000000000000e-01  1.89553405377107520e-01 -3.10446594622892187e-04 -4.00000000000000022e-01 -3.96140754528160999e-01  3.85924547183930941e-06  5.00000000000000000e-01  2.57054270262153883e-01 -2.42945729737845779e-04 -3.18000000000004945e-01 -3.62368125322371448e-01 -4.43681253223678594e-05 
 1.74200000000000226e-09  5.00000000000000000e-01  2.29785721150375544e-01 -2.70214278849622983e-04  5.00000000000000000e-01  1.93582597021755509e-01 -3.06417402978244216e-04 -4.00000000000000022e-01 -3.96190842497812168e-01  3.80915750218813882e-06  5.00000000000000000e-01  2.60207388773734505e-01 -2.39792611226265088e-04 -3.44000000000005191e-01 -3.61834895092742803e-01 -1.78348950927395035e-05 
 1.75500000000000231e-09  5.00000000000000000e-01  2.33280695759577383e-01 -2.66719304240421598e-04  5.00000000000000000e-01  1.97545825936918440e-01 -3.02454174063080750e-04 -4.00000000000000022e-01 -3.96240110466955786e-01  3.75988953304427466e-06  5.00000000000000000e-01  2.63308886930226360e-01 -2.36691113069773353e-04 -3.70000000000002327e-01 -3.61736045861182076e-01  8.26395413882101068e-06 
 1.76800000000000237e-09  5.00000000000000000e-01  2.36704761248594242e-01 -2.63295238751404747e-04  5.00000000000000000e-01  2.01428645376508009e-01 -2.98571354623491242e-04 -4.00000000000000022e-01 -3.96288378844189548e-01  3.71162115581049527e-06  5.00000000000000000e-01  2.66347459163035816e-01 -2.33652540836963910e-04 -3.96000000000002572e-01 -3.62166713047848310e-01  3.38332869521552199e-05 
 1.78100000000000243e-09  5.00000000000000000e-01  2.40128826737611156e-01 -2.59871173262387842e-04  5.00000000000000000e-01  2.05311464816097466e-01 -2.94688535183901734e-04 -4.00000000000000022e-01 -3.96336647221423366e-01  3.66335277857671674e-06  5.00000000000000000e-01  2.69386031395845216e-01 -2.30613968604154466e-04 -4.22000000000002373e-01 -3.62597380234514488e-01  5.94026197654889954e-05 
 1.79400000000000249e-09  5.00000000000000000e-01  2.43477699339093884e-01 -2.56522300660905699e-04  5.00000000000000000e-01  2.09109017076545944e-01 -2.90890982923454030e-04 -4.00000000000000022e-01 -3.96383855619321768e-01  3.61614438067815791e-06  5.00000000000000000e-01  2.72357876219118278e-01 -2.27642123780881175e-04 -4.48000000000002618e-01 -3.63589553026940848e-01  8.44104469730653714e-05 
 1.80700000000000255e-09  5.00000000000000000e-01  2.46777375605632981e-01 -2.53222624394366610e-04  5.00000000000000000e-01  2.12850781710769876e-01 -2.87149218289230006e-04 -4.00000000000000022e-01 -3.96430370506170082e-01  3.56962949382988459e-06  5.00000000000000000e-01  2.75286063402723991e-01 -2.24713936597275405e-04 -4.74000000000002863e-01 -3.64949101228917161e-01  1.09050898771089096e-04 
 1.82000000000000261e-09  5.00000000000000000e-01  2.50077051872172107e-01 -2.49922948127827467e-04  5.00000000000000000e-01  2.16592546344993919e-01 -2.83407453655006090e-04 -4.00000000000000022e-01 -3.96476885393018341e-01  3.52311460698161127e-06  5.00000000000000000e-01  2.78214250586329759e-01 -2.21785749413669689e-04 -5.00000000000002665e-01 -3.66308649430893474e-01  1.33691350569112820e-04 
 1.83300000000000267e-09  5.00000000000000000e-01  2.53285825250434748e-01 -2.46714174749564086e-04  5.00000000000000000e-01  2.20231228984190841e-01 -2.79768771015809366e-04 -4.00000000000000022e-01 -3.96522118839743476e-01  3.47788116025677680e-06  5.00000000000000000e-01  2.81061769046430543e-01 -2.18938230953569593e-04 -5.26000000000006018e-01 -3.68347018237055845e-01  1.57652981762950763e-04 
 1.84600000000000272e-09  5.00000000000000000e-01  2.56465631097865410e-01 -2.43534368902133453e-04  5.00000000000000000e-01  2.23837063042601148e-01 -2.76162936957399081e-04 -4.00000000000000022e-01 -3.96566943936887906e-01  3.43305606311235444e-06  5.00000000000000000e-01  2.83883581241530292e-01 -2.16116418758469878e-04 -5.52000000000006263e-01 -3.70601703126834658e-01  1.81398296873172028e-04 
 1.85900000000000278e-09  5.00000000000000000e-01  2.59645436945296071e-01 -2.40354563054702766e-04  5.00000000000000000e-01  2.27442897101011343e-01 -2.72557102898988903e-04 -4.00000000000000022e-01 -3.96611769034032280e-01  3.38823096596793208e-06  5.00000000000000000e-01  2.86705393436629985e-01 -2.13294606563370164e-04 -5.78000000000006509e-01 -3.72856388016613527e-01  2.05143611983393294e-04 
 1.87200000000000263e-09  5.00000000000000000e-01  2.62719870560887747e-01 -2.37280129439112293e-04  5.00000000000000000e-01  2.30929241228083781e-01 -2.69070758771918286e-04 -4.00000000000000022e-01 -3.96655108719564442e-01  3.34489128043513149e-06  5.00000000000000000e-01  2.89433696573914045e-01 -2.10566303426085665e-04 -6.04000000000005866e-01 -3.75897943856677796e-01  2.28102056143327393e-04 
 1.88500000000000249e-09  5.00000000000000000e-01  2.65784160633792177e-01 -2.34215839366207852e-04  5.00000000000000000e-01  2.34404082787562973e-01 -2.65595917212439118e-04 -4.00000000000000022e-01 -3.96698305413572538e-01  3.30169458642702545e-06  5.00000000000000000e-01  2.92152998163987987e-01 -2.07847001836011693e-04 -6.30000000000005667e-01 -3.79015246968428310e-01  2.50984753031576434e-04 
 1.89800000000000234e-09  5.00000000000000000e-01  2.68841099705411812e-01 -2.31158900294585760e-04  5.00000000000000000e-01  2.37870588463638621e-01 -2.62129411536360054e-04 -4.00000000000000577e-01 -3.96741398481962160e-01  3.25860151803709011e-06  5.00000000000000000e-01  2.94865776354186759e-01 -2.05134223645812364e-04 -6.56000000000007688e-01 -3.82187443947981820e-01  2.73812556052023016e-04 
 1.91100000000000219e-09  5.00000000000000000e-01  2.71794070453134640e-01 -2.28205929546862973e-04  5.00000000000000000e-01  2.41219196210942344e-01 -2.58780803789056377e-04 -4.00000000000000577e-01 -3.96783025929354327e-01  3.21697407064491144e-06  5.00000000000000000e-01  2.97486291337650255e-01 -2.02513708662348886e-04 -6.82000000000007045e-01 -3.86136028144528798e-01  2.95863971855475812e-04 
 1.92400000000000204e-09  5.00000000000000000e-01  2.74747041200857356e-01 -2.25252958799140185e-04  5.00000000000000000e-01  2.44567803958246066e-01 -2.55432196041752591e-04 -4.00000000000000577e-01 -3.96824653376746550e-01  3.17534662325273191e-06  5.00000000000000000e-01  3.00106806321113750e-01 -1.99893193678885408e-04 -7.08000000000006846e-01 -3.90084612341075776e-01  3.17915387658928607e-04 
 1.93700000000000189e-09  5.00000000000000000e-01  2.77676774947641425e-01 -2.22323225052361260e-04  5.00000000000000000e-01  2.47890061427126218e-01 -2.52109938572874892e-04 -4.00000000000000577e-01 -3.96865953256711090e-01  3.13404674328907607e-06  5.00000000000000000e-01  3.02706700406387919e-01 -1.97293299593609872e-04 -7.34000000000001318e-01 -3.94206719682141715e-01  3.39793280317861931e-04 
 1.95000000000000174e-09  5.00000000000000000e-01  2.80524066002521166e-01 -2.19475933997481524e-04  5.00000000000000000e-01  2.51118830588673625e-01 -2.48881169411327473e-04 -4.00000000000000577e-01 -3.96906090958274393e-01  3.09390904172576177e-06  5.00000000000000000e-01  3.05233433486066352e-01 -1.94766566513931440e-04 -7.60000000000001119e-01 -3.98944470805133844e-01  3.61055529194869232e-04 
 1.96300000000000160e-09  5.00000000000000000e-01  2.83371357057400908e-01 -2.16628642942601787e-04  5.00000000000000000e-01  2.54347599750221087e-01 -2.45652400249780000e-04 -4.00000000000000577e-01 -3.96946228659837697e-01  3.05377134016244747e-06  5.00000000000000000e-01  3.07760166565744842e-01 -1.92239833434252954e-04 -7.86000000000000476e-01 -4.03682221928125973e-01  3.82317778071876967e-04 
 1.97600000000000145e-09  5.00000000000000000e-01  2.86188512187641408e-01 -2.13811487812371229e-04  5.00000000000000000e-01  2.57542195396553764e-01 -2.42457804603439498e-04 -3.99999999999997191e-01 -3.96985941541200649e-01  3.01405845879722778e-06  5.00000000000000000e-01  3.10260156528463837e-01 -1.89739843471533470e-04 -7.73999999999979593e-01 -4.08451432426098215e-01  3.65548567573915212e-04 
 1.98900000000000130e-09  5.00000000000000000e-01  2.88945590214984893e-01 -2.11054409785018705e-04  5.00000000000000000e-01  2.60668664850899900e-01 -2.39331335149098865e-04 -4.00000000000001410e-01 -3.97024807527479151e-01  2.97519247252645524e-06  5.00000000000000000e-01  3.12706833078454094e-01 -1.87293166921543859e-04 -7.17666666666666231e-01 -4.12709717319970970e-01  3.04956949346697065e-04 
 2.00200000000000115e-09  5.00000000000000000e-01  2.91669429412234393e-01 -2.08330570587767795e-04  5.00000000000000000e-01  2.63757442159436473e-01 -2.36242557840566280e-04 -3.99999999999997746e-01 -3.97063204952500470e-01  2.93679504750096823e-06  5.00000000000000000e-01  3.15124012941969456e-01 -1.84875987058030614e-04 -6.61333333333331552e-01 -4.16237520709969611e-01  2.45095812623365161e-04 
 2.01500000000000100e-09  5.00000000000000000e-01  2.94365766723360012e-01 -2.05634233276637973e-04  5.00000000000000000e-01  2.66815032897963711e-01 -2.33184967102036090e-04 -4.00000000000000577e-01 -3.97101214688848458e-01  2.89878531115099619e-06  5.00000000000000000e-01  3.17516787177790860e-01 -1.82483212822210695e-04 -6.04999999999995097e-01 -4.19160921987234925e-01  1.85839078012763059e-04 
 2.02800000000000086e-09  5.00000000000000000e-01  2.96992078055060227e-01 -2.03007921944937768e-04  5.00000000000000000e-01  2.69793215624272498e-01 -2.30206784375727291e-04 -4.00000000000000577e-01 -3.97138237282749884e-01  2.86176271724956601e-06  5.00000000000000000e-01  3.19847419203613592e-01 -1.80152580796387918e-04 -5.48666666666662195e-01 -4.20545379727426616e-01  1.28121286939238133e-04 
 2.04100000000000071e-09  5.00000000000000000e-01  2.99618389386760331e-01 -2.00381610613237563e-04  5.00000000000000000e-01  2.72771398350581284e-01 -2.27228601649418546e-04 -4.00000000000000577e-01 -3.97175259876651310e-01  2.82474012334813583e-06  5.00000000000000000e-01  3.22178051229436380e-01 -1.77821948770565195e-04 -4.92333333333329293e-01 -4.21929837467618363e-01  7.04034958657149407e-05 
 2.05400000000000056e-09  5.00000000000000000e-01  3.02225302841933663e-01 -1.97774697158068803e-04  5.00000000000000000e-01  2.75727584286138250e-01 -2.24272415713861254e-04 -4.00000000000000577e-01 -3.97212009022506918e-01  2.78799097749401165e-06  5.00000000000000000e-01  3.24491469259440890e-01 -1.75508530740558165e-04 -4.35999999999999943e-01 -4.22887992898814846e-01  1.31120071011851108e-05 
 2.06700000000000041e-09  5.00000000000000000e-01  3.04756243645109393e-01 -1.95243756354893051e-04  5.00000000000000000e-01  2.78597618805788372e-01 -2.21402381194211117e-04 -4.00000000000000577e-01 -3.97247687196839727e-01  2.75231280316117667e-06  5.00000000000000000e-01  3.26737467904058609e-01 -1.73262532095940424e-04 -3.79666666666667041e-01 -4.22176516248629174e-01 -4.25098495819616756e-05 
 2.08000000000000026e-09  5.00000000000000000e-01  3.07287184448285122e-01 -1.92712815551717353e-04  5.00000000000000000e-01  2.81467653325438549e-01 -2.18532346674560980e-04 -4.00000000000000577e-01 -3.97283365371172592e-01  2.71663462882834253e-06  5.00000000000000000e-01  3.28983466548676329e-01 -1.71016533451322683e-04 -3.23333333333334139e-01 -4.21465039598443503e-01 -9.81317062651084621e-05 
 2.09300000000000011e-09  5.00000000000000000e-01  3.09785279136605030e-01 -1.90214720863392489e-04  5.00000000000000000e-01  2.84300441030251316e-01 -2.15699558969749470e-04 -3.99999999999997746e-01 -3.97318580520287568e-01  2.68141947971142499e-06  5.00000000000000000e-01  3.31200317008818024e-01 -1.68799682991183759e-04 -2.66999999999999460e-01 -4.20031712049753425e-01 -1.53031712049752147e-04 
 2.10599999999999997e-09  5.00000000000000000e-01  3.12224276091260911e-01 -1.87775723908736609e-04  5.00000000000000000e-01  2.87066213127489034e-01 -2.12933786872511758e-04 -3.99999999999997746e-01 -3.97352962580285296e-01  2.64703741971371306e-06  5.00000000000000000e-01  3.33364723164627841e-01 -1.66635276835373953e-04 -2.10666666666666558e-01 -4.17299608303567326e-01 -2.06632941636898659e-04 
 2.11899999999999982e-09  5.00000000000000000e-01  3.14663273045916791e-01 -1.85336726954080729e-04  5.00000000000000000e-01  2.89831985224726751e-01 -2.10168014775274047e-04 -3.99999999999997746e-01 -3.97387344640282969e-01  2.61265535971600113e-06  5.00000000000000000e-01  3.35529129320437713e-01 -1.64470870679564094e-04 -1.54333333333333655e-01 -4.14567504557381228e-01 -2.60234171224045172e-04 
 2.13199999999999967e-09  5.00000000000000000e-01  3.17056985775880151e-01 -1.82943014224120227e-04  5.00000000000000000e-01  2.92546405947841537e-01 -2.07453594052160566e-04 -4.00000000000000577e-01 -3.97421088337478301e-01  2.57891166252042143e-06  5.00000000000000000e-01  3.37653349507786693e-01 -1.62346650492214192e-04 -9.80000000000007532e-02 -4.10840200665515076e-01 -3.12840200665513712e-04 
 2.14499999999999952e-09  5.00000000000000000e-01  3.19407379012006554e-01 -1.80592620987993864e-04  5.00000000000000000e-01  2.95211703260987224e-01 -2.04788296739014943e-04 -4.00000000000000577e-01 -3.97454221368295946e-01  2.54577863170279121e-06  5.00000000000000000e-01  3.39739127261274532e-01 -1.60260872738726353e-04 -4.16666666666696273e-02 -4.06160875029565216e-01 -3.64494208362896310e-04 
 2.15799999999999937e-09  5.00000000000000000e-01  3.21757772248132956e-01 -1.78242227751867447e-04  5.00000000000000000e-01  2.97877000574132800e-01 -2.02122999425869375e-04 -4.00000000000000577e-01 -3.97487354399113590e-01  2.51264560088516183e-06  5.00000000000000000e-01  3.41824905014762315e-01 -1.58175094985238570e-04  1.46666666666632750e-02 -4.01481549393615356e-01 -4.16148216060278908e-04 
 2.17099999999999922e-09  5.00000000000000000e-01  3.24051390198998701e-01 -1.75948609801000917e-04  5.00000000000000000e-01  3.00477915888159641e-01 -1.99522084111841452e-04 -4.00000000000000577e-01 -3.97519687079911810e-01  2.48031292008868187e-06  5.00000000000000000e-01  3.43860299442972916e-01 -1.56139700557026903e-04  7.09999999999961773e-02 -3.95554487431360124e-01 -4.66554487431358397e-04 
 2.18399999999999908e-09  5.00000000000000000e-01  3.26316398506566685e-01 -1.73683601493432858e-04  5.00000000000000000e-01  3.03046388458461435e-01 -1.96953611541539613e-04 -4.00000000000000577e-01 -3.97551616456198020e-01  2.44838354380248267e-06  5.00000000000000000e-01  3.45870305201488648e-01 -1.54129694798511179e-04  1.27333333333329080e-01 -3.88998678452451729e-01 -5.16332011785781975e-04 
 2.19699999999999893e-09  5.00000000000000000e-01  3.28581406814134724e-01 -1.71418593185864853e-04  5.00000000000000000e-01  3.05614861028763285e-01 -1.94385138971237827e-04 -4.00000000000000577e-01 -3.97583545832484231e-01  2.41645416751628346e-06  5.00000000000000000e-01  3.47880310960004380e-01 -1.52119689039995456e-04  1.83666666666661982e-01 -3.82442869473543556e-01 -5.66109536140207287e-04 
 2.20999999999999878e-09  5.00000000000000000e-01  3.30779043431283837e-01 -1.69220956568719562e-04  5.00000000000000000e-01  3.08106935495673195e-01 -1.91893064504326902e-04 -4.00000000000000577e-01 -3.97614525483309666e-01  2.38547451668908392e-06  5.00000000000000000e-01  3.49830529968397863e-01 -1.50169470031601062e-04  2.39999999999993108e-01 -3.74406449607004088e-01 -6.14406449606995364e-04 
 2.22299999999999863e-09  5.00000000000000000e-01  3.32961768668277480e-01 -1.67038231331725852e-04  5.00000000000000000e-01  3.10582100765924796e-01 -1.89417899234075324e-04 -4.00000000000000577e-01 -3.97645294931345927e-01  2.35470506865287505e-06  5.00000000000000000e-01  3.51767516371916000e-01 -1.48232483628082934e-04  2.96333333333326010e-01 -3.66042326046737365e-01 -6.62375659380060738e-04 
 2.23599999999999848e-09  5.00000000000000000e-01  3.35144493905271179e-01 -1.64855506094732196e-04  5.00000000000000000e-01  3.13057266036176340e-01 -1.86942733963823746e-04 -4.00000000000000577e-01 -3.97676064379382133e-01  2.32393562061666533e-06  5.00000000000000000e-01  3.53704502775434082e-01 -1.46295497224564752e-04  3.52666666666658912e-01 -3.57678202486470420e-01 -7.10344869153126113e-04 
 2.24899999999999833e-09  5.00000000000000000e-01  3.37270579048133123e-01 -1.62729420951867839e-04  5.00000000000000000e-01  3.15468202611256632e-01 -1.84531797388741555e-04 -4.00000000000000022e-01 -3.97706035383161793e-01  2.29396461683877771e-06  5.00000000000000000e-01  3.55591225824516910e-01 -1.44408774175480020e-04  4.08999999999990038e-01 -3.48069313661778734e-01 -7.57069313661770139e-04 
 2.26199999999999819e-09  5.00000000000000000e-01  3.39373554076659867e-01 -1.60626445923336752e-04  5.00000000000000000e-01  3.17852932794698284e-01 -1.82147067205302971e-04 -4.00000000000000022e-01 -3.97735680608199915e-01  2.26431939179390556e-06  5.00000000000000000e-01  3.57457440576678775e-01 -1.42542559423316595e-04  4.65333333333328270e-01 -3.37952539600860025e-01 -8.03285872934186677e-04 
 2.27499999999999804e-09  5.00000000000000000e-01  3.41451243013295713e-01 -1.58548756986706067e-04  5.00000000000000000e-01  3.20208989072939043e-01 -1.79791010927044046e-04 -4.00000000000004075e-01 -3.97764969380196121e-01  2.23503061980932388e-06  5.00000000000000000e-01  3.59301216033522552e-01 -1.40698783966479327e-04 -2.09999999999983977e-01 -3.31212903311560336e-01 -1.21212903311559116e-04 
 2.28799999999999789e-09  5.00000000000000000e-01  3.43497682854117692e-01 -1.56502317145880887e-04  5.00000000000000000e-01  3.22529609522937355e-01 -1.77470390477055089e-04 -4.00000000000004075e-01 -3.97793817639828573e-01  2.20618236017735399e-06  5.00000000000000000e-01  3.61117260526934492e-01 -1.38882739473055112e-04 -2.35999999999993548e-01 -3.29833725582818926e-01 -9.38337255828296940e-05 
 2.30099999999999774e-09  5.00000000000000000e-01  3.45512545256546844e-01 -1.54487454743453695e-04  5.00000000000000000e-01  3.24814421810949994e-01 -1.75185578189050359e-04 -3.99999999999998967e-01 -3.97822220758519862e-01  2.17777924147927338e-06  5.00000000000000000e-01  3.62905282680316188e-01 -1.37094717319687629e-04 -2.61999999999993349e-01 -3.28877020228213524e-01 -6.68770202282191820e-05 
 2.31399999999999759e-09  5.00000000000000000e-01  3.47506914114058374e-01 -1.52493085885942637e-04  5.00000000000000000e-01  3.27075994842919937e-01 -1.72924005157078947e-04 -3.99999999999997746e-01 -3.97850334983750942e-01  2.14966501625009334e-06  5.00000000000000000e-01  3.64675118523656305e-01 -1.35324881476343937e-04 -2.87999999999995815e-01 -3.28194496600021146e-01 -4.01944966000279333e-05 
 2.32699999999999744e-09  5.00000000000000000e-01  3.49460060792909311e-01 -1.50539939207091646e-04  5.00000000000000000e-01  3.29290822776946879e-01 -1.70709177223051997e-04 -3.99999999999997746e-01 -3.97877868108041377e-01  2.12213189195965714e-06  5.00000000000000000e-01  3.66408373125239495e-01 -1.33591626874760721e-04 -3.13999999999995616e-01 -3.28063481661908352e-01 -1.40634816619151365e-05 
 2.33999999999999730e-09  5.00000000000000000e-01  3.51413207471760303e-01 -1.48586792528240710e-04  5.00000000000000000e-01  3.31505650710973876e-01 -1.68494349289024993e-04 -3.99999999999997746e-01 -3.97905401232331757e-01  2.09459876766922094e-06  5.00000000000000000e-01  3.68141627726822684e-01 -1.31858372273177505e-04 -3.39999999999995417e-01 -3.27932466723795502e-01  1.20675332761976603e-05 
 2.35299999999999715e-09  5.00000000000000000e-01  3.53336240894896791e-01 -1.46663759105101208e-04  5.00000000000000000e-01  3.33686330835902989e-01 -1.66313669164099421e-04 -4.00000000000003353e-01 -3.97932509855981775e-01  2.06749014401729211e-06  5.00000000000000000e-01  3.69848159328235948e-01 -1.30151840671765607e-04 -3.65999999999993442e-01 -3.28204334960495614e-01  3.77956650394976196e-05 
 2.36599999999999700e-09  5.00000000000000000e-01  3.55218433791600008e-01 -1.44781566208397952e-04  5.00000000000000000e-01  3.35820698648615246e-01 -1.64179301351387178e-04 -4.00000000000003353e-01 -3.97959042758771253e-01  2.04095724122781695e-06  5.00000000000000000e-01  3.71518448372373244e-01 -1.28481551627628292e-04 -3.91999999999992355e-01 -3.29022605788421352e-01  6.29773942115710236e-05 
 2.37899999999999685e-09  5.00000000000000000e-01  3.57100626688303224e-01 -1.42899373311694750e-04  5.00000000000000000e-01  3.37955066461327558e-01 -1.62044933538674880e-04 -4.00000000000003353e-01 -3.97985575661560731e-01  2.01442433843834095e-06  5.00000000000000000e-01  3.73188737416510541e-01 -1.26811262583490978e-04 -4.17999999999992156e-01 -3.29840876616347090e-01  8.81591233836444277e-05 
 2.39199999999999670e-09  5.00000000000000000e-01  3.58943280869654768e-01 -1.41056719130343950e-04  5.00000000000000000e-01  3.40044598188665503e-01 -1.59955401811334946e-04 -3.99999999999997746e-01 -3.98011551194861757e-01  1.98844880513672404e-06  5.00000000000000000e-01  3.74823939152015950e-01 -1.25176060847985134e-04 -4.43999999999990180e-01 -3.31188133194642575e-01  1.12811866805348840e-04 
 2.40499999999999655e-09  5.00000000000000000e-01  3.60757097588470854e-01 -1.39242902411527807e-04  5.00000000000000000e-01  3.42101428829978349e-01 -1.57898571170022098e-04 -3.99999999999997746e-01 -3.98037120212130113e-01  1.96287978786831542e-06  5.00000000000000000e-01  3.76433550047274412e-01 -1.23566449952726637e-04 -4.69999999999989981e-01 -3.32921204198676990e-01  1.37078795801314282e-04 
 2.41799999999999641e-09  5.00000000000000000e-01  3.62570914307286996e-01 -1.37429085692711717e-04  5.00000000000000000e-01  3.44158259471291139e-01 -1.55841740528709304e-04 -3.99999999999997746e-01 -3.98062689229398525e-01  1.93731077059990766e-06  5.00000000000000000e-01  3.78043160942532985e-01 -1.21956839057468141e-04 -4.95999999999989782e-01 -3.34654275202711460e-01  1.61345724797279724e-04 
 2.43099999999999626e-09  5.00000000000000000e-01  3.64336491407077134e-01 -1.35663508592921472e-04  5.00000000000000000e-01  3.46160387382439039e-01 -1.53839612617561079e-04 -4.00000000000003353e-01 -3.98087578222252270e-01  1.91242177774582713e-06  5.00000000000000000e-01  3.79609963203618894e-01 -1.20390036796380563e-04 -5.21999999999994913e-01 -3.37032740748306026e-01  1.84967259251683780e-04 
 2.44399999999999611e-09  5.00000000000000000e-01  3.66084415913231320e-01 -1.33915584086767309e-04  5.00000000000000000e-01  3.48142497617538238e-01 -1.51857502382461891e-04 -4.00000000000003353e-01 -3.98112218369968462e-01  1.88778163002963050e-06  5.00000000000000000e-01  3.81161100261739882e-01 -1.18838899738259553e-04 -5.47999999999994714e-01 -3.39647379128728000e-01  2.08352620871260844e-04 
 2.45699999999999596e-09  5.00000000000000000e-01  3.67832340419385506e-01 -1.32167659580613201e-04  5.00000000000000000e-01  3.50124607852637437e-01 -1.49875392147362702e-04 -4.00000000000003353e-01 -3.98136858517684655e-01  1.86314148231343387e-06  5.00000000000000000e-01  3.82712237319860871e-01 -1.17287762680138544e-04 -5.73999999999993626e-01 -3.42262017509150085e-01  2.31737982490838774e-04 
 2.46999999999999581e-09  5.00000000000000000e-01  3.69524008754519184e-01 -1.30475991245483441e-04  5.00000000000000000e-01  3.52042924753424413e-01 -1.47957075246575945e-04 -3.99999999999997746e-01 -3.98160705633229695e-01  1.83929436676714293e-06  5.00000000000000000e-01  3.84213451723246502e-01 -1.15786548276750978e-04 -5.99999999999988987e-01 -3.45629303328331194e-01  2.54370696671655551e-04 
 2.48299999999999566e-09  5.00000000000000000e-01  3.71208434775913698e-01 -1.28791565224088949e-04  5.00000000000000000e-01  3.53953029020238230e-01 -1.46046970979762188e-04 -3.99999999999997746e-01 -3.98184450655304722e-01  1.81554934469208191e-06  5.00000000000000000e-01  3.85708239177881440e-01 -1.14291760822115955e-04 -6.25999999999988788e-01 -3.49093483564348994e-01  2.76906516435637684e-04 
 2.49599999999999552e-09  5.00000000000000000e-01  3.72890425902593303e-01 -1.27109574097406853e-04  5.00000000000000000e-01  3.55860372166812211e-01 -1.44139627833189839e-04 -3.99999999999997746e-01 -3.98208161353154177e-01  1.79183864684853404e-06  5.00000000000000000e-01  3.87200865866757671e-01 -1.12799134133240717e-04 -6.51999999999990365e-01 -3.52590240089096785e-01  2.99409759910891637e-04 
 2.50899999999999537e-09  5.00000000000000000e-01  3.74513660207943022e-01 -1.25486339792057133e-04  5.00000000000000000e-01  3.57701086293349013e-01 -1.42298913706652994e-04 -3.99999999999997746e-01 -3.98231043767652559e-01  1.76895623235011003e-06  5.00000000000000000e-01  3.88641350782539918e-01 -1.11358649217458479e-04 -6.77999999999989278e-01 -3.56873100080899897e-01  3.21126899919088604e-04 
 2.52199999999999522e-09  5.00000000000000000e-01  3.76136894513292741e-01 -1.23863105486707412e-04  5.00000000000000000e-01  3.59541800419885815e-01 -1.40458199580116149e-04 -3.99999999999997746e-01 -3.98253926182150997e-01  1.74607381785168686e-06  5.00000000000000000e-01  3.90081835698322221e-01 -1.09918164301676241e-04 -7.03999999999989079e-01 -3.61155960072703008e-01  3.42844039927284704e-04 
 2.53499999999999507e-09  5.00000000000000000e-01  3.77748710263625331e-01 -1.22251289736375062e-04  5.00000000000000000e-01  3.61369566141221232e-01 -1.38630433858781359e-04 -4.00000000000003353e-01 -3.98276647631524261e-01  1.72335236847577703e-06  5.00000000000000000e-01  3.91512187599907135e-01 -1.08487812400091257e-04 -7.29999999999980886e-01 -3.65591588125878109e-01  3.64408411874108263e-04 
 2.54799999999999492e-09  5.00000000000000000e-01  3.79312975821505305e-01 -1.20687024178495054e-04  5.00000000000000000e-01  3.63143410927864230e-01 -1.36856589072138378e-04 -4.00000000000003353e-01 -3.98298698775196580e-01  1.70130122480350256e-06  5.00000000000000000e-01  3.92900342675842618e-01 -1.07099657324155758e-04 -7.55999999999980687e-01 -3.70663386929957372e-01  3.85336613070029217e-04 
 2.56099999999999478e-09  5.00000000000000000e-01  3.80877241379385334e-01 -1.19122758620615046e-04  5.00000000000000000e-01  3.64917255714507227e-01 -1.35082744285495396e-04 -4.00000000000003353e-01 -3.98320749918868844e-01  1.67925008113122810e-06  5.00000000000000000e-01  3.94288497751778044e-01 -1.05711502248220313e-04 -7.81999999999981377e-01 -3.75735185734036636e-01  4.06264814265949303e-04 
 2.57399999999999463e-09  5.00000000000000000e-01  3.82430014645986249e-01 -1.17569985353989197e-04  5.00000000000000000e-01  3.66678068480592367e-01 -1.33321931519422572e-04 -4.00000000000010014e-01 -3.98342639057974679e-01  1.65736094202665400e-06  5.00000000000000000e-01  3.95666454378776344e-01 -1.04333545621236199e-04 -7.82666666666679944e-01 -3.80897621408612275e-01  4.01769045258036639e-04 
 2.58699999999999448e-09  5.00000000000000000e-01  3.83947421346565287e-01 -1.16052578653432143e-04  5.00000000000000000e-01  3.68398776292272523e-01 -1.31601223707734319e-04 -4.00000000000010014e-01 -3.98364029641562201e-01  1.63597035844269873e-06  5.00000000000000000e-01  3.97013026131251057e-01 -1.02986973868746828e-04 -7.26333333333366582e-01 -3.85677471473622469e-01  3.40655861859738562e-04 
 2.59999999999999433e-09  5.00000000000000000e-01  3.85445922306341948e-01 -1.14554077693655493e-04  5.00000000000000000e-01  3.70098045384971763e-01 -1.29901954615035107e-04 -4.00000000000010014e-01 -3.98385153714639506e-01  1.61484628536540605e-06  5.00000000000000000e-01  3.98342820617314741e-01 -1.01657179382683139e-04 -6.70000000000033680e-01 -3.89695897457057516e-01  2.80304102542970959e-04 
 2.61299999999999418e-09  5.00000000000000000e-01  3.86913654751835256e-01 -1.13086345248164294e-04  5.00000000000000000e-01  3.71762423618900884e-01 -1.28237576381103285e-04 -3.99999999999997524e-01 -3.98405844050020941e-01  1.59415594997766417e-06  5.00000000000000000e-01  3.99645310615938554e-01 -1.00354689384061591e-04 -6.13666666666700777e-01 -3.92475129059968175e-01  2.21191537606723818e-04 
 2.62599999999999403e-09  5.00000000000000000e-01  3.88375554195506734e-01 -1.11624445804492823e-04  5.00000000000000000e-01  3.73420187349419508e-01 -1.26579812650584611e-04 -3.99999999999997524e-01 -3.98426452158730127e-01  1.57354784126850400e-06  5.00000000000000000e-01  4.00942624312463414e-01 -9.90573756875367411e-05 -5.57333333333367875e-01 -3.95019437942448204e-01  1.62313895390911456e-04 
 2.63899999999999389e-09  5.00000000000000000e-01  3.89822661745790833e-01 -1.10177338254208537e-04  5.00000000000000000e-01  3.75061177378795296e-01 -1.24938822621206724e-04 -3.99999999999997746e-01 -3.98446851749028774e-01  1.55314825096893529e-06  5.00000000000000000e-01  4.02226811438641141e-01 -9.77731885613602114e-05 -5.01000000000031420e-01 -3.96968006939813489e-01  1.04031993060213143e-04 
 2.65199999999999374e-09  5.00000000000000000e-01  3.91234247793742829e-01 -1.08765752206256517e-04  5.00000000000000000e-01  3.76661886759273645e-01 -1.23338113240728390e-04 -3.99999999999997746e-01 -3.98466750599701769e-01  1.53324940029594192e-06  5.00000000000000000e-01  4.03479476197328379e-01 -9.65205238026730608e-05 -4.44666666666698518e-01 -3.97485956126586826e-01  4.71807105401067517e-05 
 2.66499999999999359e-09  5.00000000000000000e-01  3.92645833841694825e-01 -1.07354166158304552e-04  5.00000000000000000e-01  3.78262596139751994e-01 -1.21737403860250001e-04 -3.99999999999997746e-01 -3.98486649450374764e-01  1.51335054962294854e-06  5.00000000000000000e-01  4.04732140956015507e-01 -9.52678590439859103e-05 -3.88333333333365616e-01 -3.98003905313360162e-01 -9.67057197999963980e-06 
 2.67799999999999344e-09  5.00000000000000000e-01  3.94034454586880356e-01 -1.05965545413123485e-04  5.00000000000000000e-01  3.79837263341914200e-01 -1.20162736658088038e-04 -4.00000000000003353e-01 -3.98506224563694111e-01  1.49377543630278997e-06  5.00000000000000000e-01  4.05964425925958439e-01 -9.40355740740433108e-05 -3.32000000000029161e-01 -3.97596932553063942e-01 -6.55969325530358915e-05 
 2.69099999999999329e-09  5.00000000000000000e-01  3.95394760631126718e-01 -1.04605239368877169e-04  5.00000000000000000e-01  3.81379822258889722e-01 -1.18620177741112572e-04 -4.00000000000003353e-01 -3.98525400530248430e-01  1.47459946974847295e-06  5.00000000000000000e-01  4.07171583962925965e-01 -9.28284160370757613e-05 -2.75666666666698035e-01 -3.96049592144114226e-01 -1.20382925477417399e-04 
 2.70399999999999314e-09  5.00000000000000000e-01  3.96755066675373025e-01 -1.03244933324630800e-04  5.00000000000000000e-01  3.82922381175865190e-01 -1.17077618824137106e-04 -4.00000000000003353e-01 -3.98544576496802749e-01  1.45542350319415509e-06  5.00000000000000000e-01  4.08378741999893546e-01 -9.16212580001082117e-05 -2.19333333333365132e-01 -3.94502251735164455e-01 -1.75168918401800641e-04 
 2.71699999999999300e-09  5.00000000000000000e-01  3.98085639066956765e-01 -1.01914360933038381e-04  5.00000000000000000e-01  3.84431222745753420e-01 -1.15568777254247213e-04 -3.99999999999997746e-01 -3.98563333313908252e-01  1.43666668608878410e-06  5.00000000000000000e-01  4.09559513902710282e-01 -9.04404860972909540e-05 -1.63000000000034007e-01 -3.91757395744478765e-01 -2.28757395744448935e-04 
 2.72999999999999285e-09  5.00000000000000000e-01  3.99396528004048401e-01 -1.00603471995946775e-04  5.00000000000000000e-01  3.85917743685381731e-01 -1.14082256314618886e-04 -3.99999999999997746e-01 -3.98581812657229806e-01  1.41818734276718258e-06  5.00000000000000000e-01  4.10722818383106536e-01 -8.92771816168946657e-05 -1.06666666666701104e-01 -3.88219793442350691e-01 -2.81553126775654569e-04 
 2.74299999999999270e-09  5.00000000000000000e-01  4.00707416941140038e-01 -9.92925830588551684e-05  5.00000000000000000e-01  3.87404264625010042e-01 -1.12595735374990558e-04 -3.99999999999997746e-01 -3.98600292000551415e-01  1.39970799944558023e-06  5.00000000000000000e-01  4.11886122863502846e-01 -8.81138771364983774e-05 -5.03333333333664257e-02 -3.84682191140222618e-01 -3.34348857806860203e-04 
 2.75599999999999255e-09  5.00000000000000000e-01  4.01982325943765872e-01 -9.80176740562367643e-05  5.00000000000000000e-01  3.88849985063170644e-01 -1.11150014936826913e-04 -4.00000000000003353e-01 -3.98618264141824608e-01  1.38173585817824802e-06  5.00000000000000000e-01  4.13017498156160512e-01 -8.69825018438406957e-05  5.99999999996470024e-03 -3.79695505785228482e-01 -3.85695505785189907e-04 
 2.76899999999999240e-09  5.00000000000000000e-01  4.03245592995072122e-01 -9.67544070049304659e-05  5.00000000000000000e-01  3.90282503769351474e-01 -1.09717496230646099e-04 -4.00000000000003353e-01 -3.98636072168795819e-01  1.36392783120705639e-06  5.00000000000000000e-01  4.14138542189060876e-01 -8.58614578109403721e-05  6.23333333332976025e-02 -3.74239943691097920e-01 -4.36573277024392137e-04 
 2.78199999999999225e-09  5.00000000000000000e-01  4.04508860046378427e-01 -9.54911399536242217e-05  5.00000000000000000e-01  3.91715022475532304e-01 -1.08284977524465286e-04 -4.00000000000003353e-01 -3.98653880195766974e-01  1.34611980423586433e-06  5.00000000000000000e-01  4.15259586221961186e-01 -8.47404137780400485e-05  1.18666666666628728e-01 -3.68784381596967359e-01 -4.87451048263592632e-04 
 2.79499999999999211e-09  5.00000000000000000e-01  4.05730393950469725e-01 -9.42696060495323515e-05  5.00000000000000000e-01  3.93100216656002255e-01 -1.06899783343998643e-04 -3.99999999999997746e-01 -3.98671099918774863e-01  1.32890008122656254e-06  5.00000000000000000e-01  4.16343595571168623e-01 -8.36564044288289814e-05  1.74999999999961631e-01 -3.61648027215170975e-01 -5.36648027215138809e-04 
 2.80799999999999196e-09  5.00000000000000000e-01  4.06947769120677927e-01 -9.30522308793241119e-05  5.00000000000000000e-01  3.94480694918266817e-01 -1.05519305081734063e-04 -3.99999999999997746e-01 -3.98688261016931222e-01  1.31173898307024924e-06  5.00000000000000000e-01  4.17423914391288065e-01 -8.25760856087095509e-05  2.31333333333296309e-01 -3.54344180844309520e-01 -5.85677514177609937e-04 
 2.82099999999999181e-09  5.00000000000000000e-01  4.08162348142880993e-01 -9.18376518571176496e-05  5.00000000000000000e-01  3.95858002406534848e-01 -1.04141997593466308e-04 -4.00000000000003353e-01 -3.98705382698338440e-01  1.29461730166193956e-06  5.00000000000000000e-01  4.18501751863522120e-01 -8.14982481364802738e-05  2.87666666666625659e-01 -3.46927720297196318e-01 -6.34594386963826043e-04 
 2.83399999999999166e-09  5.00000000000000000e-01  4.09335498589183833e-01 -9.06645014108147895e-05  5.00000000000000000e-01  3.97188330746655271e-01 -1.02811669253345900e-04 -4.00000000000003353e-01 -3.98721920369266680e-01  1.27807963073368734e-06  5.00000000000000000e-01  4.19542824933671621e-01 -8.04571750663307954e-05  3.43999999999956785e-01 -3.37842733997408606e-01 -6.81842733997370040e-04 
 2.84699999999999151e-09  5.00000000000000000e-01  4.10508649035486617e-01 -8.94913509645119836e-05  5.00000000000000000e-01  3.98518659086775695e-01 -1.01481340913225438e-04 -4.00000000000003353e-01 -3.98738458040194921e-01  1.26154195980543512e-06  5.00000000000000000e-01  4.20583898003821122e-01 -7.94161019961813169e-05  4.00333333333289687e-01 -3.28757747697620673e-01 -7.29091081030914037e-04 
 2.85999999999999136e-09  5.00000000000000000e-01  4.11675775046163928e-01 -8.83242249538194915e-05  5.00000000000000000e-01  3.99842155841522162e-01 -1.00157844158477464e-04 -3.99999999999996081e-01 -3.98754910785831307e-01  1.24508921416024402e-06  5.00000000000000000e-01  4.21619624890366695e-01 -7.83803751096364049e-05  4.56666666666610155e-01 -3.19430128728279694e-01 -7.76096795394918756e-04 
 2.87299999999999122e-09  5.00000000000000000e-01  4.12817490196279613e-01 -8.71825098038099999e-05  5.00000000000000000e-01  4.01136837205926688e-01 -9.88631627941308016e-05 -4.00000000000046707e-01 -3.98771005319557670e-01  1.22899468041549696e-06  5.00000000000000000e-01  4.22632801759801557e-01 -7.73671982402861181e-05 -2.05999999999971095e-01 -3.11993168457725123e-01 -1.05993168457704789e-04 
 2.88599999999999107e-09  5.00000000000000000e-01  4.13942542290739235e-01 -8.60574577092500649e-05  5.00000000000000000e-01  4.02412623010003467e-01 -9.75873769899956978e-05 -3.99999999999997080e-01 -3.98786864957512810e-01  1.21313504248428276e-06  5.00000000000000000e-01  4.23631191558608677e-01 -7.63688084413873187e-05 -2.31999999999985995e-01 -3.10816249249555643e-01 -7.88162492495738873e-05 
 2.89899999999999092e-09  5.00000000000000000e-01  4.15054189334279233e-01 -8.49458106657232780e-05  5.00000000000000000e-01  4.03673207763541986e-01 -9.63267922364593630e-05 -3.99999999999997080e-01 -3.98802535627080845e-01  1.19746437291920471e-06  5.00000000000000000e-01  4.24617685493958952e-01 -7.53823145060411148e-05 -2.57999999999978691e-01 -3.09963144370254851e-01 -5.19631443702756393e-05 
 2.91199999999999077e-09  5.00000000000000000e-01  4.16143868386178895e-01 -8.38561316138236720e-05  5.00000000000000000e-01  4.04908881268970289e-01 -9.50911187310310847e-05 -3.99999999999997080e-01 -3.98817896618192003e-01  1.18210338180801730e-06  5.00000000000000000e-01  4.25584684670930691e-01 -7.44153153290694268e-05 -2.83999999999978492e-01 -3.09640701436731003e-01 -2.56407014367519490e-05 
 2.92499999999999062e-09  5.00000000000000000e-01  4.17233547438078500e-01 -8.27664525619240389e-05  5.00000000000000000e-01  4.06144554774398592e-01 -9.38554452256028064e-05 -3.99999999999997080e-01 -3.98833257609303216e-01  1.16674239069682946e-06  5.00000000000000000e-01  4.26551683847902319e-01 -7.34483161520977387e-05 -3.09999999999978293e-01 -3.09318258503207155e-01  6.81741496771741395e-07 
 2.93799999999999047e-09  5.00000000000000000e-01  4.18292539410769104e-01 -8.17074605892305285e-05  5.00000000000000000e-01  4.07345429766748535e-01 -9.26545702332503868e-05 -4.00000000000003353e-01 -3.98848186010699768e-01  1.15181398930104436e-06  5.00000000000000000e-01  4.27491450804265205e-01 -7.25085491957380582e-05 -3.35999999999978982e-01 -3.09737097041355103e-01  2.62629029586262594e-05 
 2.95099999999999033e-09  5.00000000000000000e-01  4.19347260178222159e-01 -8.06527398217774753e-05  5.00000000000000000e-01  4.08541461300707676e-01 -9.14585386992911660e-05 -4.00000000000003353e-01 -3.98863054201755995e-01  1.13694579824480817e-06  5.00000000000000000e-01  4.28427427422595097e-01 -7.15725725774081468e-05 -3.61999999999978783e-01 -3.10259111423767886e-01  5.17408885762141169e-05 
 2.96399999999999018e-09  5.00000000000000000e-01  4.20400767633091421e-01 -7.95992323669111076e-05  5.00000000000000000e-01  4.09736116963286323e-01 -9.02638830367088986e-05 -3.99999999999997746e-01 -3.98877905288984258e-01  1.12209471101729790e-06  5.00000000000000000e-01  4.29362327327308668e-01 -7.06376726726941524e-05 -3.87999999999981249e-01 -3.10810434758467258e-01  7.71895652415168637e-05 
 2.97699999999999003e-09  5.00000000000000000e-01  4.21417172574922616e-01 -7.85828274250798420e-05  5.00000000000000000e-01  4.10888699143532654e-01 -8.91113008564625264e-05 -3.99999999999997746e-01 -3.98892233349388448e-01  1.10776665061308557e-06  5.00000000000000000e-01  4.30264301849538233e-01 -6.97356981504645729e-05 -4.13999999999980162e-01 -3.12258011701361804e-01  1.01741988298621570e-04 
 2.98999999999998988e-09  5.00000000000000000e-01  4.22433577516753922e-01 -7.75664224832485765e-05  5.00000000000000000e-01  4.12041281323778985e-01 -8.79587186762162084e-05 -3.99999999999997746e-01 -3.98906561409792637e-01  1.09343859020887324e-06  5.00000000000000000e-01  4.31166276371767743e-01 -6.88337236282350205e-05 -4.39999999999979963e-01 -3.13705588644256295e-01  1.26294411355726277e-04 
 3.00299999999998973e-09  5.00000000000000000e-01  4.23443132624537144e-01 -7.65568673754610913e-05  5.00000000000000000e-01  4.13186095933908093e-01 -8.68139040660903115e-05 -4.00000000000003353e-01 -3.98920792909430388e-01  1.07920709056689657e-06  5.00000000000000000e-01  4.32062172238199371e-01 -6.79378277617994633e-05 -4.65999999999980652e-01 -3.15318631157399831e-01  1.50681368842581209e-04 
 3.01599999999998959e-09  5.00000000000000000e-01  4.24422613675501603e-01 -7.55773863244965747e-05  5.00000000000000000e-01  4.14296807185662308e-01 -8.57031928143360739e-05 -4.00000000000003353e-01 -3.98934600461012867e-01  1.06539953898445707e-06  5.00000000000000000e-01  4.32931379890205581e-01 -6.70686201097932559e-05 -4.91999999999980453e-01 -3.17658146885873960e-01  1.74341853114106868e-04 
 3.02899999999998944e-09  5.00000000000000000e-01  4.25402094726466173e-01 -7.45979052735320581e-05  5.00000000000000000e-01  4.15407518437416634e-01 -8.45924815625817821e-05 -4.00000000000003353e-01 -3.98948408012595290e-01  1.05159198740201758e-06  5.00000000000000000e-01  4.33800587542211791e-01 -6.61994124577870485e-05 -5.17999999999980254e-01 -3.19997662614348088e-01  1.98002337385632526e-04 
 3.04199999999998929e-09  5.00000000000000000e-01  4.26369500549515779e-01 -7.36304994504853756e-05  5.00000000000000000e-01  4.16504536630483813e-01 -8.34954633695161506e-05 -3.99999999999997746e-01 -3.98962045342070026e-01  1.03795465793074967e-06  5.00000000000000000e-01  4.34659079437649698e-01 -6.53409205623500030e-05 -5.43999999999972950e-01 -3.22628869274404650e-01  2.21371130725573316e-04 
 3.05499999999998914e-09  5.00000000000000000e-01  4.27313399078255718e-01 -7.26866009217454168e-05  5.00000000000000000e-01  4.17574898038040820e-01 -8.24251019619590694e-05 -3.99999999999997746e-01 -3.98975351293840486e-01  1.02464870616032277e-06  5.00000000000000000e-01  4.35496710572106260e-01 -6.45032894278933702e-05 -5.69999999999972751e-01 -3.25827921495806139e-01  2.44172078504171011e-04 
 3.06799999999998899e-09  5.00000000000000000e-01  4.28257297606995713e-01 -7.17427023930054309e-05  5.00000000000000000e-01  4.18645259445597939e-01 -8.13547405544019341e-05 -3.99999999999997746e-01 -3.98988657245610889e-01  1.01134275438989587e-06  5.00000000000000000e-01  4.36334341706562934e-01 -6.36656582934367644e-05 -5.95999999999971664e-01 -3.29026973717207738e-01  2.66973026282769574e-04 
 3.08099999999998884e-09  5.00000000000000000e-01  4.29184284209316036e-01 -7.08157157906844342e-05  5.00000000000000000e-01  4.19696443078410697e-01 -8.03035569215897844e-05 -3.99999999999997746e-01 -3.99001724793282053e-01  9.98275206717399945e-07  5.00000000000000000e-01  4.37156964918367530e-01 -6.28430350816333800e-05 -6.21999999999975905e-01 -3.32634552850525012e-01  2.89365447149451775e-04 
 3.09399999999998870e-09  5.00000000000000000e-01  4.30093892855323179e-01 -6.99061071446773310e-05  5.00000000000000000e-01  4.20727920468216499e-01 -7.92720795317839594e-05 -3.99999999999997746e-01 -3.99014547367324945e-01  9.85452632674551461e-07  5.00000000000000000e-01  4.37964166644895903e-01 -6.20358333551049735e-05 -6.47999999999975707e-01 -3.36661916380525672e-01  3.11338083619451186e-04 
 3.10699999999998855e-09  5.00000000000000000e-01  4.31003501501330266e-01 -6.89964984986702007e-05  5.00000000000000000e-01  4.21759397858022356e-01 -7.82406021419780801e-05 -3.99999999999997746e-01 -3.99027369941367782e-01  9.72630058631702978e-07  5.00000000000000000e-01  4.38771368371424386e-01 -6.12286316285765399e-05 -6.73999999999975508e-01 -3.40689279910526222e-01  3.33310720089450598e-04 
 3.11999999999998840e-09  5.00000000000000000e-01  4.31891728872839886e-01 -6.81082711271580705e-05  5.00000000000000000e-01  4.22766629324809573e-01 -7.72333706751882813e-05 -4.00000000000003353e-01 -3.99039891107791145e-01  9.60108892206883976e-07  5.00000000000000000e-01  4.39559596002043085e-01 -6.04404039979554886e-05 -6.99999999999980638e-01 -3.45233132563398271e-01  3.54766867436580313e-04 
 3.13299999999998825e-09  5.00000000000000000e-01  4.32768293316684760e-01 -6.72317066833131932e-05  5.00000000000000000e-01  4.23760635272865005e-01 -7.62393647271328810e-05 -4.00000000000003353e-01 -3.99052247864220277e-01  9.47752135777755991e-07  5.00000000000000000e-01  4.40337473758142861e-01 -5.96625262418556870e-05 -7.25999999999980439e-01 -3.50058716564081274e-01  3.75941283435897444e-04 
 3.14599999999998810e-09  5.00000000000000000e-01  4.33644857760529634e-01 -6.63551422394683158e-05  5.00000000000000000e-01  4.24754641220920437e-01 -7.52453587790774807e-05 -4.00000000000003353e-01 -3.99064604620649410e-01  9.35395379348627582e-07  5.00000000000000000e-01  4.41115351514242637e-01 -5.88846484857558853e-05 -7.51999999999980240e-01 -3.54884300564764055e-01  3.97115699435213708e-04 
 3.15899999999998795e-09  5.00000000000000000e-01  4.34501135793351256e-01 -6.54988642066444402e-05  5.00000000000000000e-01  4.25725642798488901e-01 -7.42743572015078072e-05 -4.00000000000001910e-01 -3.99076675403539916e-01  9.23324596462662083e-07  5.00000000000000000e-01  4.41875226774351981e-01 -5.81247732256445109e-05 -7.77999999999986258e-01 -3.60199926009755589e-01  4.17800073990213551e-04 
 3.17199999999998781e-09  5.00000000000000000e-01  4.35350490998623219e-01 -6.46495090014104483e-05  5.00000000000000000e-01  4.26688794032749674e-01 -7.33112059672192491e-05 -3.99999999999977651e-01 -3.99088648596657547e-01  9.11351403314665830e-07  5.00000000000000000e-01  4.42628958602960920e-01 -5.73710413970057948e-05 -7.91333333333415823e-01 -3.65636086368336777e-01  4.25697246965024007e-04 
 3.18499999999998766e-09  5.00000000000000000e-01  4.36184056644235707e-01 -6.38159433557610725e-05  5.00000000000000000e-01  4.27634040233072832e-01 -7.23659597669175413e-05 -3.99999999999994416e-01 -3.99100399207517165e-01  8.99600792480362280e-07  5.00000000000000000e-01  4.43368678515835613e-01 -5.66313214841649662e-05 -7.35000000000052722e-01 -3.70663843933037862e-01  3.64336156067018510e-04 
 3.19799999999998751e-09  5.00000000000000000e-01  4.37008633243680444e-01 -6.29913667563274907e-05  5.00000000000000000e-01  4.28569093040913007e-01 -7.14309069590884644e-05 -4.00000000000004741e-01 -3.99112023101530766e-01  8.87976898461322160e-07  5.00000000000000000e-01  4.44100421400687895e-01 -5.58995785993121131e-05 -6.78666666666718044e-01 -3.75029892746758742e-01  3.03636773919969266e-04 
 3.21099999999998736e-09  5.00000000000000000e-01  4.37822116933802907e-01 -6.21778830662050234e-05  5.00000000000000000e-01  4.29491566719038709e-01 -7.05084332809627812e-05 -4.00000000000004741e-01 -3.99123490620990840e-01  8.76509379001237332e-07  5.00000000000000000e-01  4.44822320254719239e-01 -5.51776797452807372e-05 -6.22333333333385141e-01 -3.78579361582618235e-01  2.43753971750778134e-04 
 3.22399999999998721e-09  5.00000000000000000e-01  4.38618479448073639e-01 -6.13815205519259736e-05  5.00000000000000000e-01  4.30394625337900627e-01 -6.96053746620997203e-05 -3.99999999999998801e-01 -3.99134716786610944e-01  8.65283213386920400e-07  5.00000000000000000e-01  4.45529025494705966e-01 -5.44709745052964845e-05 -5.66000000000062897e-01 -3.80868492936169645e-01  1.85131507063883774e-04 
 3.23699999999998706e-09  5.00000000000000000e-01  4.39410992653162635e-01 -6.05890073468369505e-05  5.00000000000000000e-01  4.31293318919761581e-01 -6.87066810802387589e-05 -3.99999999999998801e-01 -3.99145888689271311e-01  8.54111310726556649e-07  5.00000000000000000e-01  4.46232314794178353e-01 -5.37676852058240756e-05 -5.09666666666729995e-01 -3.82874265909532219e-01  1.26792400757188423e-04 
 3.24999999999998692e-09  5.00000000000000000e-01  4.40199970723167411e-01 -5.98000292768325486e-05  5.00000000000000000e-01  4.32188003731559467e-01 -6.78119962684398483e-05 -3.99999999999997746e-01 -3.99157010757828667e-01  8.42989242169642869e-07  5.00000000000000000e-01  4.46932466956420082e-01 -5.30675330435767111e-05 -4.53333333333391764e-01 -3.84619807734494945e-01  6.87135255988992333e-05 
 3.26299999999998677e-09  5.00000000000000000e-01  4.40964482371193456e-01 -5.90355176288064965e-05  5.00000000000000000e-01  4.33054944126908148e-01 -6.69450558730911509e-05 -3.99999999999997746e-01 -3.99167787928050688e-01  8.32212071947615682e-07  5.00000000000000000e-01  4.47610907211959286e-01 -5.23890927880375236e-05 -3.97000000000057085e-01 -3.84564308032828928e-01  1.24356919672316546e-05 
 3.27599999999998662e-09  5.00000000000000000e-01  4.41728994019219501e-01 -5.82710059807804172e-05  5.00000000000000000e-01  4.33921884522256884e-01 -6.60781154777424534e-05 -3.99999999999997746e-01 -3.99178565098272709e-01  8.21434901725588495e-07  5.00000000000000000e-01  4.48289347467498489e-01 -5.17106525324983091e-05 -3.40666666666724183e-01 -3.84508808331162910e-01 -4.38421416644359241e-05 
 3.28899999999998647e-09  5.00000000000000000e-01  4.42485726581875016e-01 -5.75142734181245316e-05  5.00000000000000000e-01  4.34780003595703624e-01 -6.52199964042971653e-05 -4.00000000000003353e-01 -3.99189232608264277e-01  8.10767391738845570e-07  5.00000000000000000e-01  4.48960884434282614e-01 -5.10391155657182469e-05 -2.84333333333396610e-01 -3.83880668469764541e-01 -9.95473351363736908e-05 
 3.30199999999998632e-09  5.00000000000000000e-01  4.43222465101794083e-01 -5.67775348982054698e-05  5.00000000000000000e-01  4.35615449838251290e-01 -6.43845501617495031e-05 -4.00000000000003353e-01 -3.99199618266166012e-01  8.00381733837119814e-07  5.00000000000000000e-01  4.49614678357514563e-01 -5.03853216424863669e-05 -2.28000000000063707e-01 -3.81780711385308447e-01 -1.53780711385250249e-04 
 3.31499999999998617e-09  5.00000000000000000e-01  4.43959203621713150e-01 -5.60407963782864080e-05  5.00000000000000000e-01  4.36450896080798956e-01 -6.35491039192018139e-05 -4.00000000000003353e-01 -3.99210003924067691e-01  7.89996075935393634e-07  5.00000000000000000e-01  4.50268472280746401e-01 -4.97315277192544869e-05 -1.71666666666732581e-01 -3.79680754300852463e-01 -2.08014087634126807e-04 
 3.32799999999998603e-09  5.00000000000000000e-01  4.44684328087007419e-01 -5.53156719129906679e-05  5.00000000000000000e-01  4.37273172225632278e-01 -6.27268277743672623e-05 -3.99999999999997746e-01 -3.99220225860924594e-01  7.79774139075689626e-07  5.00000000000000000e-01  4.50911959700198650e-01 -4.90880402997976532e-05 -1.15333333333397903e-01 -3.76725854279158057e-01 -2.61392520945763138e-04 
 3.34099999999998588e-09  5.00000000000000000e-01  4.45394302419163113e-01 -5.46056975808349981e-05  5.00000000000000000e-01  4.38078268432859130e-01 -6.19217315671404087e-05 -3.99999999999997746e-01 -3.99230234229339453e-01  7.69765770660807617e-07  5.00000000000000000e-01  4.51542002641437845e-01 -4.84579973585584937e-05 -5.90000000000650004e-02 -3.72655710723216016e-01 -3.13655710723153430e-04 
 3.35399999999998573e-09  5.00000000000000000e-01  4.46104276751318807e-01 -5.38957232486793011e-05  5.00000000000000000e-01  4.38883364640085927e-01 -6.11166353599135821e-05 -3.99999999999997746e-01 -3.99240242597754369e-01  7.59757402245925608e-07  5.00000000000000000e-01  4.52172045582676985e-01 -4.78279544173193071e-05 -2.66666666673209818e-03 -3.68585567167273975e-01 -3.65918900500545458e-04 
 3.36699999999998558e-09  5.00000000000000000e-01  4.46799090958813760e-01 -5.32009090411834115e-05  5.00000000000000000e-01  4.39671269579529844e-01 -6.03287304204715115e-05 -3.99999999999997746e-01 -3.99250037256878743e-01  7.49962743124359760e-07  5.00000000000000000e-01  4.52788635179061261e-01 -4.72113648209374493e-05  5.36666666666025804e-02 -3.63399444573440533e-01 -4.17066111240042142e-04 
 3.37999999999998543e-09  5.00000000000000000e-01  4.47483273390832270e-01 -5.25167266091649090e-05  5.00000000000000000e-01  4.40447118305492658e-01 -5.95528816945087053e-05 -3.99999999999997746e-01 -3.99259682041954056e-01  7.40317958049041995e-07  5.00000000000000000e-01  4.53395789962395823e-01 -4.66042100376028732e-05  1.09999999999935483e-01 -3.57430687348609499e-01 -4.67430687348543983e-04 
 3.39299999999998528e-09  5.00000000000000000e-01  4.48167455822850780e-01 -5.18325441771464064e-05  5.00000000000000000e-01  4.41222967031455471e-01 -5.87770329685458721e-05 -3.99999999999997746e-01 -3.99269326827029369e-01  7.30673172973724230e-07  5.00000000000000000e-01  4.54002944745730330e-01 -4.59970552542683241e-05  1.66333333333266609e-01 -3.51461930123778465e-01 -5.17795263457044089e-04 
 3.40599999999998514e-09  5.00000000000000000e-01  4.48833205030249149e-01 -5.11667949697466656e-05  5.00000000000000000e-01  4.41977912861977906e-01 -5.80220871380188543e-05 -4.00000000000003353e-01 -3.99278711762561633e-01  7.21288237437596470e-07  5.00000000000000000e-01  4.54593741581279243e-01 -4.54062584187200761e-05  2.22666666666601287e-01 -3.44136251848686125e-01 -5.66802918515282861e-04 
 3.41899999999998499e-09  5.00000000000000000e-01  4.49492532528556588e-01 -5.05074674714392263e-05  5.00000000000000000e-01  4.42725576607223392e-01 -5.72744233927734039e-05 -4.00000000000003353e-01 -3.99288006172528687e-01  7.11993827470542761e-07  5.00000000000000000e-01  4.55178839686181447e-01 -4.48211603138179220e-05  2.78999999999934190e-01 -3.36337853665569231e-01 -6.15337853665499923e-04 
 3.43199999999998484e-09  5.00000000000000000e-01  4.50151860026864026e-01 -4.98481399731317870e-05  5.00000000000000000e-01  4.43473240352468823e-01 -5.65267596475279536e-05 -4.00000000000003353e-01 -3.99297300582495740e-01  7.02699417503489052e-07  5.00000000000000000e-01  4.55763937791083595e-01 -4.42360622089157680e-05  3.35333333333268868e-01 -3.28539455482451892e-01 -6.63872788815715251e-04 
 3.44499999999998469e-09  5.00000000000000000e-01  4.50795683116911872e-01 -4.92043168830969772e-05  5.00000000000000000e-01  4.44203322419423730e-01 -5.57966775805647823e-05 -3.99999999999997413e-01 -3.99306376429872489e-01  6.93623570128075372e-07  5.00000000000000000e-01  4.56335277028166231e-01 -4.36647229718320398e-05  3.91666666666587560e-01 -3.19599734584889550e-01 -7.11266401251497635e-04 
 3.45799999999998454e-09  5.00000000000000000e-01  4.51431700721237283e-01 -4.85682992787629859e-05  5.00000000000000000e-01  4.44924553227074804e-01 -5.50754467729321778e-05 -4.00000000000006795e-01 -3.99315342244845606e-01  6.84657755148142833e-07  5.00000000000000000e-01  4.56899689548394550e-01 -4.31003104515954112e-05  4.47999999999925791e-01 -3.10085430125728756e-01 -7.58085430125668078e-04 
 3.47099999999998439e-09  5.00000000000000000e-01  4.52059722641881767e-01 -4.79402773581330478e-05  5.00000000000000000e-01  4.45636717094824053e-01 -5.43632829052254855e-05 -3.99999999999962830e-01 -3.99324195346257738e-01  6.75804653747894723e-07  5.00000000000000000e-01  4.57457006566902524e-01 -4.25429934330479151e-05 -2.02000000000023050e-01 -3.01537892672299079e-01 -9.95378926721942128e-05 
 3.48399999999998425e-09  5.00000000000000000e-01  4.52678460799805338e-01 -4.73215392002000767e-05  5.00000000000000000e-01  4.46338353367589147e-01 -5.36616466324062169e-05 -3.99999999999995359e-01 -3.99332917576273483e-01  6.67082423722954284e-07  5.00000000000000000e-01  4.58006085021229414e-01 -4.19939149787750270e-05 -2.27999999999963343e-01 -3.00440339637098652e-01 -7.24403396371326586e-05 
 3.49699999999998410e-09  5.00000000000000000e-01  4.53288272890739141e-01 -4.67117271092575221e-05  5.00000000000000000e-01  4.47029867665093228e-01 -5.29701323349119387e-05 -3.99999999999995359e-01 -3.99341513977295504e-01  6.58486022707241209e-07  5.00000000000000000e-01  4.58547242336324490e-01 -4.14527576636725874e-05 -2.53999999999963144e-01 -2.99733702485616482e-01 -4.57337024856530397e-05 
 3.50999999999998395e-09  5.00000000000000000e-01  4.53890237473840275e-01 -4.61097625261622636e-05  5.00000000000000000e-01  4.47712483051004861e-01 -5.22875169489944985e-05 -4.00000000000001188e-01 -3.99349999753530416e-01  6.50000246465037992e-07  5.00000000000000000e-01  4.59081435643433122e-01 -4.09185643565648208e-05 -2.79999999999968274e-01 -2.99370745867432952e-01 -1.93707458674636027e-05 
 3.52299999999998380e-09  5.00000000000000000e-01  4.54481805393074589e-01 -4.55181946069279915e-05  5.00000000000000000e-01  4.48383308835151984e-01 -5.16166911648474028e-05 -4.00000000000001188e-01 -3.99358338970048521e-01  6.41661029946894019e-07  5.00000000000000000e-01  4.59606402779421552e-01 -4.03935972205763554e-05 -3.05999999999968075e-01 -2.99463109721669229e-01  6.53689027830042790e-06 
 3.53599999999998365e-09  5.00000000000000000e-01  4.55073373312308904e-01 -4.49266266876936922e-05  5.00000000000000000e-01  4.49054134619299106e-01 -5.09458653807003342e-05 -4.00000000000001188e-01 -3.99366678186566681e-01  6.33321813428750047e-07  5.00000000000000000e-01  4.60131369915410038e-01 -3.98686300845878900e-05 -3.31999999999967876e-01 -2.99555473575905507e-01  3.24445264240635911e-05 
 3.54899999999998351e-09  5.00000000000000000e-01  4.55652114651280304e-01 -4.43478853487224768e-05  5.00000000000000000e-01  4.49710415326740498e-01 -5.02895846732600486e-05 -4.00000000000003353e-01 -3.99374836589314719e-01  6.25163410687899176e-07  5.00000000000000000e-01  4.60644954532357431e-01 -3.93550454676411048e-05 -3.57999999999966789e-01 -3.00209575759140035e-01  5.77904242408241661e-05 
 3.56199999999998336e-09  5.00000000000000000e-01  4.56222594031156448e-01 -4.37774059688463197e-05  5.00000000000000000e-01  4.50357327143460551e-01 -4.96426728565400128e-05 -4.00000000000003353e-01 -3.99382878524844387e-01  6.17121475158218621e-07  5.00000000000000000e-01  4.61151207350430692e-01 -3.88487926495679082e-05 -3.83999999999966590e-01 -3.01225509311411010e-01  8.27744906885521589e-05 
 3.57499999999998321e-09  5.00000000000000000e-01  4.56793073411032591e-01 -4.32069265889701627e-05  5.00000000000000000e-01  4.51004238960180603e-01 -4.89957610398199770e-05 -4.00000000000003353e-01 -3.99390920460374055e-01  6.09079539628537642e-07  5.00000000000000000e-01  4.61657460168503897e-01 -3.83425398314946844e-05 -4.09999999999965503e-01 -3.02241442863682042e-01  1.07758557136281019e-04 
 3.58799999999998306e-09  5.00000000000000000e-01  4.57347759368275431e-01 -4.26522406317227565e-05  5.00000000000000000e-01  4.51633241362316362e-01 -4.83667586376833986e-05 -3.99999999999997746e-01 -3.99398739759126709e-01  6.01260240869054370e-07  5.00000000000000000e-01  4.62149697642650625e-01 -3.78503023573502286e-05 -4.35999999999965304e-01 -3.03949047200774591e-01  1.32050952799188381e-04 
 3.60099999999998291e-09  5.00000000000000000e-01  4.57897514411327422e-01 -4.21024855886707522e-05  5.00000000000000000e-01  4.52256652209749532e-01 -4.77433477902502058e-05 -3.99999999999997746e-01 -3.99406489547759314e-01  5.93510452236435401e-07  5.00000000000000000e-01  4.62637559342148785e-01 -3.73624406578520986e-05 -4.61999999999965105e-01 -3.05872600250901183e-01  1.56127399749061806e-04 
 3.61399999999998276e-09  5.00000000000000000e-01  4.58447269454379414e-01 -4.15527305456187478e-05  5.00000000000000000e-01  4.52880063057182758e-01 -4.71199369428170400e-05 -3.99999999999997746e-01 -3.99414239336391919e-01  5.85760663603816008e-07  5.00000000000000000e-01  4.63125421041646890e-01 -3.68745789583539685e-05 -4.87999999999965794e-01 -3.07796153301027775e-01  1.80203846698935230e-04 
 3.62699999999998262e-09  5.00000000000000000e-01  4.58978732284204383e-01 -4.10212677157935162e-05  5.00000000000000000e-01  4.53482730913185861e-01 -4.65172690868182457e-05 -3.99999999999997746e-01 -3.99421731263297664e-01  5.78268736700553128e-07  5.00000000000000000e-01  4.63597049929193705e-01 -3.64029500708056052e-05 -5.13999999999970036e-01 -3.10520811328547253e-01  2.03479188671413895e-04 
 3.63999999999998247e-09  5.00000000000000000e-01  4.59508515862756761e-01 -4.04914841372411771e-05  5.00000000000000000e-01  4.54083494532975473e-01 -4.59165054670286512e-05 -3.99999999999997746e-01 -3.99429199518126221e-01  5.70800481871960333e-07  5.00000000000000000e-01  4.64067188621444471e-01 -3.59328113785547783e-05 -5.39999999999968949e-01 -3.13319011936008529e-01  2.26680988063951774e-04 
 3.65299999999998232e-09  5.00000000000000000e-01  4.60036956774629358e-01 -3.99630432253698811e-05  5.00000000000000000e-01  4.54682735596517174e-01 -4.53172644034826287e-05 -4.00000000000003353e-01 -3.99436648845650111e-01  5.63351154351286192e-07  5.00000000000000000e-01  4.64536135809120787e-01 -3.54638641908786435e-05 -5.65999999999959869e-01 -3.16176014447200782e-01  2.49823985552760641e-04 
 3.66599999999998217e-09  5.00000000000000000e-01  4.60547494410710967e-01 -3.94525055892882507e-05  5.00000000000000000e-01  4.55261674715636944e-01 -4.47383252843628720e-05 -4.00000000000003353e-01 -3.99443845794215935e-01  5.56154205785459231e-07  5.00000000000000000e-01  4.64989195334348238e-01 -3.50108046656511462e-05 -5.91999999999960558e-01 -3.19817088473929534e-01  2.72182911526031891e-04 
 3.67899999999998202e-09  5.00000000000000000e-01  4.61058032046792632e-01 -3.89419679532066474e-05  5.00000000000000000e-01  4.55840613834756714e-01 -4.41593861652431424e-05 -4.00000000000003353e-01 -3.99451042742781759e-01  5.48957257219632694e-07  5.00000000000000000e-01  4.65442254859575744e-01 -3.45577451404236488e-05 -6.17999999999960359e-01 -3.23458162500658286e-01  2.94541837499303141e-04 
 3.69199999999998187e-09  5.00000000000000000e-01  4.61564422442170885e-01 -3.84355775578323368e-05  5.00000000000000000e-01  4.56414850068701861e-01 -4.35851499313017051e-05 -3.99999999999997746e-01 -3.99458181228511677e-01  5.41818771489753662e-07  5.00000000000000000e-01  4.65891634054947379e-01 -3.41083659450540507e-05 -6.43999999999961936e-01 -3.27280864367173407e-01  3.16719135632794087e-04 
 3.70499999999998173e-09  5.00000000000000000e-01  4.62056413301094926e-01 -3.79435866989083406e-05  5.00000000000000000e-01  4.56972757526155071e-01 -4.30272424738485149e-05 -3.99999999999997746e-01 -3.99465116726810510e-01  5.34883273190955899e-07  5.00000000000000000e-01  4.66328234863990831e-01 -3.36717651360106038e-05 -6.69999999999960849e-01 -3.31734191963868774e-01  3.38265808036098022e-04 
 3.71799999999998158e-09  5.00000000000000000e-01  4.62548404160018911e-01 -3.74515958399843172e-05  5.00000000000000000e-01  4.57530664983608226e-01 -4.24693350163953519e-05 -3.99999999999997746e-01 -3.99472052225109286e-01  5.27947774892158559e-07  5.00000000000000000e-01  4.66764835673034284e-01 -3.32351643269671569e-05 -6.95999999999960650e-01 -3.36187519560564141e-01  3.59812480439401956e-04 
 3.73099999999998143e-09  5.00000000000000000e-01  4.63033648744902160e-01 -3.69663512550957678e-05  5.00000000000000000e-01  4.58080922305843852e-01 -4.19190776941551625e-05 -4.00000000000002243e-01 -3.99478892622510129e-01  5.21107377490551879e-07  5.00000000000000000e-01  4.67195449727142609e-01 -3.28045502728578582e-05 -7.21999999999956010e-01 -3.40936299306308532e-01  3.81063700693649865e-04 
 3.74399999999998128e-09  5.00000000000000000e-01  4.63507766592750892e-01 -3.64922334072470100e-05  5.00000000000000000e-01  4.58618562138431274e-01 -4.13814378615677797e-05 -4.00000000000002243e-01 -3.99485576168489787e-01  5.14423831510868702e-07  5.00000000000000000e-01  4.67616189731144660e-01 -3.23838102688557729e-05 -7.47999999999955811e-01 -3.46172372979510756e-01  4.01827627020447282e-04 
 3.75699999999998113e-09  5.00000000000000000e-01  4.63981884440599623e-01 -3.60181155593982793e-05  5.00000000000000000e-01  4.59156201971018696e-01 -4.08437980289803968e-05 -4.00000000000002243e-01 -3.99492259714469444e-01  5.07740285531185949e-07  5.00000000000000000e-01  4.68036929735146767e-01 -3.19630702648537011e-05 -7.73999999999955612e-01 -3.51408446652712980e-01  4.22591553347244700e-04 
 3.76999999999998098e-09  5.00000000000000000e-01  4.64450491247524744e-01 -3.55495087524722872e-05  5.00000000000000000e-01  4.59687592397192590e-01 -4.03124076028070868e-05 -4.00000000000005962e-01 -3.99498865572387118e-01  5.01134427610674339e-07  5.00000000000000000e-01  4.68452779150461573e-01 -3.15472208495323482e-05 -7.99999999999930544e-01 -3.56885875609636249e-01  4.43114124390341438e-04 
 3.78299999999998084e-09  5.00000000000000000e-01  4.64908978221956426e-01 -3.50910217780349486e-05  5.00000000000000000e-01  4.60207507142651850e-01 -3.97924928573517198e-05 -3.99999999999997191e-01 -3.99505328773033463e-01  4.94671226977183499e-07  5.00000000000000000e-01  4.68859648059406109e-01 -3.11403519405996728e-05 -7.43666666666747744e-01 -3.62155051573662123e-01  3.81511615093092088e-04 
 3.79599999999998069e-09  5.00000000000000000e-01  4.65362610703918322e-01 -3.46373892960805205e-05  5.00000000000000000e-01  4.60721916994049074e-01 -3.92780830059587271e-05 -3.99999999999997635e-01 -3.99511723540827091e-01  4.88276459168507565e-07  5.00000000000000000e-01  4.69262209011585496e-01 -3.07377909884225752e-05 -6.87333333333427277e-01 -3.66771975816831630e-01  3.20561357516603584e-04 
 3.80899999999998054e-09  5.00000000000000000e-01  4.65809081471838304e-01 -3.41909185281605646e-05  5.00000000000000000e-01  4.61228205609862163e-01 -3.87717943901456225e-05 -3.99999999999997635e-01 -3.99518017351362664e-01  4.81982648632897674e-07  5.00000000000000000e-01  4.69658414540514269e-01 -3.03415854594937779e-05 -6.31000000000096151e-01 -3.70426649047190026e-01  2.60573350952909150e-04 
 3.82199999999998039e-09  5.00000000000000000e-01  4.66247838855058994e-01 -3.37521611449429957e-05  5.00000000000000000e-01  4.61725747406960929e-01 -3.82742525930381537e-05 -4.00000000000003575e-01 -3.99524202427838482e-01  4.75797572163155320e-07  5.00000000000000000e-01  4.70047775084528607e-01 -2.99522249154688048e-05 -5.74666666666747261e-01 -3.73044948554059230e-01  2.01621718112693360e-04 
 3.83499999999998024e-09  5.00000000000000000e-01  4.66682926625202166e-01 -3.33170733747998270e-05  5.00000000000000000e-01  4.62219127938746532e-01 -3.77808720612525636e-05 -4.00000000000003575e-01 -3.99530335774495038e-01  4.69664225506586330e-07  5.00000000000000000e-01  4.70433879153341783e-01 -2.95661208466556748e-05 -5.18333333333412583e-01 -3.75170197252264304e-01  1.43163136081154996e-04 
 3.84799999999998009e-09  5.00000000000000000e-01  4.67117747056327914e-01 -3.28822529436717601e-05  5.00000000000000000e-01  4.62712205313618785e-01 -3.72877946863809067e-05 -3.99999999999996636e-01 -3.99536465352523684e-01  4.63534647475482677e-07  5.00000000000000000e-01  4.70819745981105153e-01 -2.91802540188977963e-05 -4.62000000000088562e-01 -3.77259526164130776e-01  8.47404738359598675e-05 
 3.86099999999997995e-09  5.00000000000000000e-01  4.67537545497537843e-01 -3.24624545024618726e-05  5.00000000000000000e-01  4.63188248062645580e-01 -3.68117519373541895e-05 -3.99999999999996636e-01 -3.99542383168519755e-01  4.57616831479419837e-07  5.00000000000000000e-01  4.71192282047056210e-01 -2.88077179529467654e-05 -4.05666666666753883e-01 -3.77330493976990311e-01  2.83361726897655986e-05 
 3.87399999999997980e-09  5.00000000000000000e-01  4.67957343938747772e-01 -3.20426560612519580e-05  5.00000000000000000e-01  4.63664290811672264e-01 -3.63357091883274451e-05 -3.99999999999996636e-01 -3.99548300984515825e-01  4.51699015483356997e-07  5.00000000000000000e-01  4.71564818113007211e-01 -2.84351818869957345e-05 -3.49333333333422758e-01 -3.77401461789849790e-01 -2.80681284564252009e-05 
 3.88699999999997965e-09  5.00000000000000000e-01  4.68374529504572534e-01 -3.16254704954258323e-05  5.00000000000000000e-01  4.64137370614059019e-01 -3.58626293859395278e-05 -4.00000000000002243e-01 -3.99554181967319066e-01  4.45818032677283322e-07  5.00000000000000000e-01  4.71935035470209874e-01 -2.80649645297883897e-05 -2.93000000000088079e-01 -3.77121362529703741e-01 -8.41213625296134693e-05 
 3.89999999999997950e-09  5.00000000000000000e-01  4.68779077536037980e-01 -3.12209224639603772e-05  5.00000000000000000e-01  4.64596119713881983e-01 -3.54038802861165287e-05 -4.00000000000002243e-01 -3.99559884801290732e-01  4.40115198705621112e-07  5.00000000000000000e-01  4.72294038070829370e-01 -2.77059619291688939e-05 -2.36666666666756953e-01 -3.75143278656349111e-01 -1.38476611989589438e-04 
 3.91299999999997935e-09  5.00000000000000000e-01  4.69183625567503482e-01 -3.08163744324949220e-05  5.00000000000000000e-01  4.65054868813704947e-01 -3.49451311862935025e-05 -4.00000000000002243e-01 -3.99565587635262398e-01  4.34412364733959114e-07  5.00000000000000000e-01  4.72653040671448865e-01 -2.73469593285494117e-05 -1.80333333333425827e-01 -3.73165194782994480e-01 -1.92831861449568875e-04 
 3.92599999999997920e-09  5.00000000000000000e-01  4.69583394660278486e-01 -3.04166053397241762e-05  5.00000000000000000e-01  4.65508198695898712e-01 -3.44918013041014334e-05 -3.99999999999996636e-01 -3.99571223101483020e-01  4.28776898520432583e-07  5.00000000000000000e-01  4.73007802362989338e-01 -2.69921976370090009e-05 -1.24000000000091148e-01 -3.70545010628081872e-01 -2.46545010627985395e-04 
 3.93899999999997906e-09  5.00000000000000000e-01  4.69973246297866465e-01 -3.00267537021361574e-05  5.00000000000000000e-01  4.65950282389051673e-01 -3.40497176109485003e-05 -3.99999999999996636e-01 -3.99576718763282934e-01  4.23281236720539111e-07  5.00000000000000000e-01  4.73353763141102279e-01 -2.66462368588960105e-05 -6.76666666667600225e-02 -3.66592312881365290e-01 -2.98925646214601159e-04 
 3.95199999999997891e-09  5.00000000000000000e-01  4.70363097935454444e-01 -2.96369020645481521e-05  5.00000000000000000e-01  4.66392366082204579e-01 -3.36076339177955401e-05 -3.99999999999996636e-01 -3.99582214425082793e-01  4.17785574920645639e-07  5.00000000000000000e-01  4.73699723919215276e-01 -2.63002760807830066e-05 -1.13333333334253439e-02 -3.62639615134648707e-01 -3.51306281801216924e-04 
 3.96499999999997876e-09  5.00000000000000000e-01  4.70746165396506377e-01 -2.92538346034982904e-05  5.00000000000000000e-01  4.66826756659497244e-01 -3.31732433405094746e-05 -4.00000000000002243e-01 -3.99587614451677009e-01  4.12385548322064107e-07  5.00000000000000000e-01  4.74039664307087216e-01 -2.59603356929105779e-05  4.49999999999057820e-02 -3.57775392477541088e-01 -4.02775392477442221e-04 
 3.97799999999997861e-09  5.00000000000000000e-01  4.71121854529832407e-01 -2.88781454701722752e-05  5.00000000000000000e-01  4.67252780365761011e-01 -3.27472196342457034e-05 -4.00000000000002243e-01 -3.99592910467441997e-01  4.07089532557107569e-07  5.00000000000000000e-01  4.74373057045150870e-01 -2.56269429548468974e-05  1.01333333333240461e-01 -3.51919814498419248e-01 -4.53253147831652117e-04 
 3.99099999999997846e-09  5.00000000000000000e-01  4.71497543663158436e-01 -2.85024563368462599e-05  5.00000000000000000e-01  4.67678804072024834e-01 -3.23211959279819051e-05 -4.00000000000002243e-01 -3.99598206483206930e-01  4.01793516792150820e-07  5.00000000000000000e-01  4.74706449783214524e-01 -2.52935502167832304e-05  1.57666666666571587e-01 -3.46064236519297186e-01 -5.03730903185863749e-04 
 4.00399999999997832e-09  5.00000000000000000e-01  4.71755123169943502e-01 -2.82448768300565018e-05  5.00000000000000000e-01  4.67970893904824214e-01 -3.20291060951757639e-05 -4.00000000000000022e-01 -3.99601837530815240e-01  3.98162469184785289e-07  5.00000000000000000e-01  4.74935030089166987e-01 -2.50649699108330070e-05  1.96666666666664547e-01 -3.41672731081981429e-01 -5.38339397748645960e-04 
