frequency_hz,s1_real,s1_imag,s2_real,s2_imag
1.000000000000000000e+06,-2.588867149460026898e-02,-7.790958562904622229e-05,1.003637215901276969e+00,-2.675800988330556598e-03
5.999000000000000000e+06,-2.588407024724589597e-02,-4.677431516428867350e-04,1.003499729765373383e+00,-1.605093397129210911e-02
1.099800000000000000e+07,-2.587297962706696861e-02,-8.591315633137178946e-04,1.003165975205638105e+00,-2.942094471320850710e-02
1.599700000000000000e+07,-2.585560770857143337e-02,-1.253357479104135136e-03,1.002636274360489077e+00,-4.278158086747931715e-02
2.099600000000000000e+07,-2.583228327662584825e-02,-1.651680696765540001e-03,1.001911136969740435e+00,-5.612861831409893948e-02
2.599500000000000000e+07,-2.580345354163103913e-02,-2.055327955736622678e-03,1.000991257811041590e+00,-6.945787379011521268e-02
3.099400000000000000e+07,-2.576968102853718218e-02,-2.465482953301061098e-03,9.998775132054000814e-01,-8.276521729922475812e-02
3.599300000000000000e+07,-2.573163965841524653e-02,-2.883276639471769962e-03,9.985709566091451883e-01,-9.604658423287770752e-02
4.099200000000000000e+07,-2.569011004621863867e-02,-3.309777854084848710e-03,9.970728133143144101e-01,-1.092979871364013200e-01
4.599100000000000000e+07,-2.564597404320786631e-02,-3.745984367751099917e-03,9.953844742840519677e-01,-1.225155270550695452e-01
5.099000000000000000e+07,-2.560020855722885957e-02,-4.192814386129239262e-03,9.935074891541509912e-01,-1.356954043967496526e-01
5.598900000000000000e+07,-2.555387868860526171e-02,-4.651098574452787633e-03,9.914435584363673337e-01,-1.488339292497545818e-01
6.098800000000000000e+07,-2.550813022383057252e-02,-5.121572656370062919e-03,9.891945249635233361e-01,-1.619275310968211201e-01
6.598700000000000000e+07,-2.546418153345781851e-02,-5.604870637943896138e-03,9.867623646207370758e-01,-1.749727678687374999e-01
7.098600000000000000e+07,-2.542331492461790896e-02,-6.101518704118475550e-03,9.841491764113090568e-01,-1.879663342840477980e-01
7.598500000000000000e+07,-2.538686750235214645e-02,-6.611929831094361630e-03,9.813571719098314050e-01,-2.009050694244823021e-01
8.098400000000000000e+07,-2.535622159746223764e-02,-7.136399153882037188e-03,9.783886641589908395e-01,-2.137859634992982372e-01
8.598300000000000000e+07,-2.533279482179969649e-02,-7.675100123832423286e-03,9.752460560702274073e-01,-2.266061637555638331e-01
9.098200000000000000e+07,-2.531802981479168782e-02,-8.228081486192364083e-03,9.719318283918908508e-01,-2.393629794955831613e-01
9.598100000000000000e+07,-2.531338374756536211e-02,-8.795265102723338543e-03,9.684485273117746651e-01,-2.520538861671220987e-01
1.009800000000000000e+08,-2.532031765317811420e-02,-9.376444639168621947e-03,9.647987517638551003e-01,-2.646765284968703447e-01
1.059790000000000000e+08,-2.534028565324959736e-02,-9.971285131896360024e-03,9.609851405117219025e-01,-2.772287226426181639e-01
1.109780000000000000e+08,-2.537472415260565509e-02,-1.057932344239398414e-02,9.570103590834775353e-01,-2.897084573449590361e-01
1.159770000000000000e+08,-2.542504107445908365e-02,-1.119996960249815612e-02,9.528770866348235113e-01,-3.021138940648900317e-01
1.209760000000000000e+08,-2.549260520905714117e-02,-1.183250904732592416e-02,9.485880028185752488e-01,-3.144433660994899737e-01
1.259750000000000000e+08,-2.557873574866501715e-02,-1.247610572688448959e-02,9.441457747399470968e-01,-3.266953766738459608e-01
1.309740000000000000e+08,-2.568469208119179489e-02,-1.312980608130858914e-02,9.395530440775765602e-01,-3.388685960135581765e-01
1.359730000000000000e+08,-2.581166391367968604e-02,-1.379254385865659287e-02,9.348124144504077471e-01,-3.509618574084417131e-01
1.409720000000000000e+08,-2.596076179528994735e-02,-1.446314574822755647e-02,9.299264391101959015e-01,-3.629741522844248669e-01
1.459710000000000000e+08,-2.613300810729664997e-02,-1.514033779649938058e-02,9.248976090385104820e-01,-3.749046243070550122e-01
1.509700000000000000e+08,-2.632932858496981124e-02,-1.582275256707074348e-02,9.197283415256790606e-01,-3.867525625464518502e-01
1.559690000000000000e+08,-2.655054443309123879e-02,-1.650893700047460083e-02,9.144209693071523315e-01,-3.985173937399024702e-01
1.609680000000000000e+08,-2.679736509320387525e-02,-1.719736092446186998e-02,9.089777303302399858e-01,-4.101986736945689160e-01
1.659670000000000000e+08,-2.707038171659058301e-02,-1.788642616038460878e-02,9.034007582210755727e-01,-4.217960778788690801e-01
1.709660000000000000e+08,-2.737006139241344657e-02,-1.857447616668037732e-02,8.976920735180623501e-01,-4.333093912570055162e-01
1.759650000000000000e+08,-2.769674217545093839e-02,-1.925980615622192513e-02,8.918535757338855730e-01,-4.447384974267348245e-01
1.809640000000000000e+08,-2.805062895250580793e-02,-1.994067362049353753e-02,8.858870363035089568e-01,-4.560833671257981670e-01
1.859630000000000000e+08,-2.843179018082615112e-02,-2.061530919021849900e-02,8.797940924704198418e-01,-4.673440461773741283e-01
1.909620000000000000e+08,-2.884015552586230435e-02,-2.128192775923908736e-02,8.735762421577774051e-01,-4.785206429494538449e-01
1.959610000000000000e+08,-2.927551441938853680e-02,-2.193873979615728470e-02,8.672348398650797652e-01,-4.896133154071004578e-01
2.009600000000000000e+08,-2.973751555254243104e-02,-2.258396276652081119e-02,8.607710936245592803e-01,-5.006222578401230416e-01
2.059590000000000000e+08,-3.022566731168228535e-02,-2.321583258719413928e-02,8.541860630447665192e-01,-5.115476873517060818e-01
2.109580000000000000e+08,-3.073933915824388421e-02,-2.383261503400829415e-02,8.474806584617901040e-01,-5.223898301959883916e-01
2.159570000000000000e+08,-3.127776394699446905e-02,-2.443261702384461401e-02,8.406556412112879961e-01,-5.331489080544047354e-01
2.209560000000000000e+08,-3.184004117034881787e-02,-2.501419769297501261e-02,8.337116250270981688e-01,-5.438251243418248393e-01
2.259550000000000000e+08,-3.242514110973331726e-02,-2.557577919475076747e-02,8.266490785646558592e-01,-5.544186506340802456e-01
2.309540000000000000e+08,-3.303190986847615029e-02,-2.611585714159954733e-02,8.194683290398623310e-01,-5.649296133083813176e-01
2.359530000000000000e+08,-3.365907525435063441e-02,-2.663301061872462572e-02,8.121695669664724671e-01,-5.753580804873825727e-01
2.409520000000000000e+08,-3.430525347384110607e-02,-2.712591169989929385e-02,8.047528519675759551e-01,-5.857040493762538658e-01
2.459510000000000000e+08,-3.496895659440561743e-02,-2.759333439926106579e-02,7.972181196293722794e-01,-5.959674340800724668e-01
2.509500000000000000e+08,-3.564860072559080523e-02,-2.803416299702463782e-02,7.895651893582722458e-01,-6.061480539861853201e-01
2.559490000000000000e+08,-3.634251486481359511e-02,-2.844739968149186463e-02,7.817937731954192060e-01,-6.162456227929061781e-01
2.609480000000000000e+08,-3.704895034901690282e-02,-2.883217145461120651e-02,7.739034855361236476e-01,-6.262597382620785913e-01
2.659470000000000000e+08,-3.776609084926947635e-02,-2.918773625357926060e-02,7.658938536953920906e-01,-6.361898727686090549e-01
2.709460000000000000e+08,-3.849206284173146975e-02,-2.951348824653727415e-02,7.577643292549017806e-01,-6.460353647151998446e-01
2.759450000000000000e+08,-3.922494648527040384e-02,-2.980896226623332840e-02,7.495143001212926093e-01,-6.557954108751076205e-01
2.809440000000000000e+08,-3.996278683342690402e-02,-3.007383735156902646e-02,7.411431032207158598e-01,-6.654690597199705016e-01
2.859430000000000000e+08,-4.070360530636214780e-02,-3.030793937315041583e-02,7.326500377501039551e-01,-6.750552057835672581e-01
2.909420000000000000e+08,-4.144541134692936168e-02,-3.051124272527624623e-02,7.240343789017107401e-01,-6.845525851058582578e-01
2.959410000000000000e+08,-4.218621418405771317e-02,-3.068387107317644552e-02,7.152953919740902000e-01,-6.939597717948764455e-01
3.009400000000000000e+08,-4.292403462623452237e-02,-3.082609715069613288e-02,7.064323467798886425e-01,-7.032751757370295786e-01
3.059390000000000000e+08,-4.365691680800923291e-02,-3.093834160996370222e-02,6.974445322585901552e-01,-7.124970414791584883e-01
3.109380000000000000e+08,-4.438293981310608566e-02,-3.102117093084736515e-02,6.883312712007183531e-01,-7.216234482983986398e-01
3.159370000000000000e+08,-4.510022909889324638e-02,-3.107529440413337590e-02,6.790919349889495971e-01,-7.306523114684613240e-01
3.209360000000000000e+08,-4.580696764861771214e-02,-3.110156020832172130e-02,6.697259582611021500e-01,-7.395813847235398475e-01
3.259350000000000000e+08,-4.650140677992094240e-02,-3.110095060569325817e-02,6.602328534000987403e-01,-7.484082639135923865e-01
3.309340000000000000e+08,-4.718187654070746251e-02,-3.107457628882243431e-02,6.506122247566396011e-01,-7.571303918374019393e-01
3.359330000000000000e+08,-4.784679562638535083e-02,-3.102366991395251461e-02,6.408637825115706121e-01,-7.657450642325267509e-01
3.409320000000000000e+08,-4.849468075582936272e-02,-3.094957886260930879e-02,6.309873560866802178e-01,-7.742494368941180705e-01
3.459310000000000000e+08,-4.912415544709447524e-02,-3.085375727745960292e-02,6.209829070149417429e-01,-7.826405338876086804e-01
3.509300000000000000e+08,-4.973395813788588499e-02,-3.073775742271704289e-02,6.108505411839999510e-01,-7.909152568135005001e-01
3.559290000000000000e+08,-5.032294960006125639e-02,-3.060322042335058418e-02,6.005905203699634098e-01,-7.990703950759554530e-01
3.609280000000000000e+08,-5.089011960194911310e-02,-3.045186644091394182e-02,5.902032729822799251e-01,-8.071026371006072564e-01
3.659270000000000000e+08,-5.143459277700201254e-02,-3.028548434703352138e-02,5.796894039446338631e-01,-8.150085824410322477e-01
3.709260000000000000e+08,-5.195563366220964929e-02,-3.010592095840132487e-02,5.690497036413704190e-01,-8.227847547076460044e-01
3.759250000000000000e+08,-5.245265087477121030e-02,-2.991506989955700080e-02,5.582851558639175815e-01,-8.304276152474382444e-01
3.809240000000000000e+08,-5.292520040072558329e-02,-2.971486016178881417e-02,5.473969446970020636e-01,-8.379335774979964624e-01
3.859230000000000000e+08,-5.337298797452377092e-02,-2.950724442812774351e-02,5.363864602901351475e-01,-8.452990219346325773e-01
3.909220000000000000e+08,-5.379587053391102214e-02,-2.929418723568496738e-02,5.252553034658460351e-01,-8.525203115252376618e-01
3.959210000000000000e+08,-5.419385673989316615e-02,-2.907765304744384591e-02,5.140052891224293763e-01,-8.595938076036577780e-01
4.009200000000000000e+08,-5.456710655700432178e-02,-2.885959430611417451e-02,5.026384483955658178e-01,-8.665158860690325149e-01
4.059190000000000000e+08,-5.491592989454242152e-02,-2.864193954276463699e-02,4.911570295499876893e-01,-8.732829538155908455e-01
4.109180000000000000e+08,-5.524078431484797519e-02,-2.842658161267355363e-02,4.795634975794329513e-01,-8.798914652949365589e-01
4.159170000000000000e+08,-5.554227182009092295e-02,-2.821536613019552317e-02,4.678605325003957760e-01,-8.863379391108761052e-01
4.209160000000000000e+08,-5.582113473434171386e-02,-2.801008017343374623e-02,4.560510263326175706e-01,-8.926189745453327884e-01
4.259150000000000000e+08,-5.607825070292945385e-02,-2.781244132812666844e-02,4.441380787668646746e-01,-8.987312679129293436e-01
4.309140000000000000e+08,-5.631462683622891208e-02,-2.762408713842373978e-02,4.321249915282626697e-01,-9.046716286413588604e-01
4.359130000000000000e+08,-5.653139303000838389e-02,-2.744656503014674537e-02,4.200152614512590588e-01,-9.104369949747581625e-01
4.409120000000000000e+08,-5.672979449934418411e-02,-2.728132276969413850e-02,4.078125722901672634e-01,-9.160244491979554482e-01
4.459110000000000000e+08,-5.691118356778965964e-02,-2.712969951897956089e-02,3.955207852971455718e-01,-9.214312322806824662e-01
4.509100000000000000e+08,-5.707701075800480223e-02,-2.699291754369699883e-02,3.831439286073431427e-01,-9.266547578426514997e-01
4.559090000000000000e+08,-5.722881523435230378e-02,-2.687207462877255412e-02,3.706861854787878996e-01,-9.316926253428086113e-01
4.609080000000000000e+08,-5.736821465203792436e-02,-2.676813725113653258e-02,3.581518814423306218e-01,-9.365426323990787560e-01
4.659070000000000000e+08,-5.749689447120183428e-02,-2.668193455589920257e-02,3.455454704245641828e-01,-9.412027861485506852e-01
4.709060000000000000e+08,-5.761659679791149985e-02,-2.661415317768521180e-02,3.328715199140460101e-01,-9.456713135622686339e-01
4.759050000000000000e+08,-5.772910881726983634e-02,-2.656533294427931846e-02,3.201346952483474784e-01,-9.499466706336661126e-01
4.809040000000000000e+08,-5.783625088677804560e-02,-2.653586349486123513e-02,3.073397431063282226e-01,-9.540275503651239886e-01
4.859030000000000000e+08,-5.793986436070207996e-02,-2.652598184000082987e-02,2.944914742966001087e-01,-9.579128894831858698e-01
4.909020000000000000e+08,-5.804179921840792872e-02,-2.653577088525321120e-02,2.815947459392970087e-01,-9.616018738196258075e-01
4.959010000000000000e+08,-5.814390157148921490e-02,-2.656515893466272760e-02,2.686544431439654712e-01,-9.650939423027475872e-01
5.009000000000000000e+08,-5.824800112595054924e-02,-2.661392018477889282e-02,2.556754602916069818e-01,-9.683887895110533384e-01
5.058990000000000000e+08,-5.835589867671722719e-02,-2.668167621394124112e-02,2.426626820335216761e-01,-9.714863667496733690e-01
5.108980000000000000e+08,-5.846935371232955120e-02,-2.676789846562314251e-02,2.296209641236396093e-01,-9.743868816186711523e-01
5.158970000000000000e+08,-5.859007220778334607e-02,-2.687191171858079736e-02,2.165551142043840860e-01,-9.770907960514914059e-01
5.208960000000000000e+08,-5.871969468313034679e-02,-2.699289853045957685e-02,2.034698726687471648e-01,-9.795988228113527985e-01
5.258950000000000000e+08,-5.885978460461209483e-02,-2.712990463541262165e-02,1.903698937231461108e-01,-9.819119204432280590e-01
5.308940000000000000e+08,-5.901181720377658702e-02,-2.728184527021254926e-02,1.772597267767145601e-01,-9.840312866891804955e-01
5.358930000000000000e+08,-5.917716878820970111e-02,-2.744751239734437992e-02,1.641437982829255515e-01,-9.859583503851133690e-01
5.408920000000000000e+08,-5.935710661520517128e-02,-2.762558278767808170e-02,1.510263941588309566e-01,-9.876947618674251084e-01
5.458910000000000000e+08,-5.955277939689843786e-02,-2.781462691960211175e-02,1.379116429056920778e-01,-9.892423819285255382e-01
5.508900000000000000e+08,-5.976520850212581337e-02,-2.801311864596514253e-02,1.248034995523755047e-01,-9.906032693705991710e-01
5.558890000000000000e+08,-5.999527991651269765e-02,-2.821944557490370722e-02,1.117057305395644379e-01,-9.917796672173232464e-01
5.608880000000000000e+08,-6.024373701813179327e-02,-2.843192010563176664e-02,9.862189965861306584e-02,-9.927739876533491215e-01
5.658870000000000000e+08,-6.051117422144018654e-02,-2.864879105561289954e-02,8.555535515374183830e-02,-9.935887957711881935e-01
5.708860000000000000e+08,-6.079803153720464426e-02,-2.886825581123920320e-02,7.250921809026705800e-02,-9.942267922145782144e-01
5.758850000000000000e+08,-6.110459009074762499e-02,-2.908847293025022124e-02,5.948637208470018700e-02,-9.946907948164046553e-01
5.808840000000000000e+08,-6.143096863512731431e-02,-2.930757512068639034e-02,4.648945448486333648e-02,-9.949837193376962485e-01
5.858830000000000000e+08,-6.177712108987204465e-02,-2.952368251819147485e-02,3.352084907973965078e-02,-9.951085594220290265e-01
5.908820000000000000e+08,-6.214283512962144596e-02,-2.973491618101175779e-02,2.058268040958670386e-02,-9.950683658868193504e-01
5.958810000000000000e+08,-6.252773184057561218e-02,-2.993941172008315540e-02,7.676809737044937819e-03,-9.948662254793362303e-01
6.008800000000000000e+08,-6.293126645602031832e-02,-3.013533298019903731e-02,-5.195167270458379317e-03,-9.945052392308085798e-01
6.058790000000000000e+08,-6.335273017547385366e-02,-3.032088568739615964e-02,-1.803192110761018402e-02,-9.939885005466421175e-01
6.108780000000000000e+08,-6.379125306520436189e-02,-3.049433097741323373e-02,-3.083238721937452825e-02,-9.933190731744873103e-01
6.158770000000000000e+08,-6.424580803107536597e-02,-3.065399872035779252e-02,-4.359576299406827532e-02,-9.924999691946344571e-01
6.208760000000000000e+08,-6.471521584791464776e-02,-3.079830055757475094e-02,-5.632150295693502673e-02,-9.915341271789446242e-01
6.258750000000000000e+08,-6.519815122295936904e-02,-3.092574256811196631e-02,-6.900931217191448586e-02,-9.904243906652395735e-01
6.308740000000000000e+08,-6.569314986440343007e-02,-3.103493748414428224e-02,-8.165913787146872327e-02,-9.891734870937376467e-01
6.358730000000000000e+08,-6.619861651976727268e-02,-3.112461637720286348e-02,-9.427115934646652928e-02,-9.877840073507464513e-01
6.408720000000000000e+08,-6.671283394273136436e-02,-3.119363974005547741e-02,-1.068457761401366002e-01,-9.862583860624167809e-01
6.458710000000000000e+08,-6.723397274128020684e-02,-3.124100789256159180e-02,-1.193835946018970140e-01,-9.845988827779292851e-01
6.508700000000000000e+08,-6.776010205453640578e-02,-3.126587064376056685e-02,-1.318854128683530358e-01,-9.828075641770570581e-01
6.558690000000000000e+08,-6.828920100055636822e-02,-3.126753614679568527e-02,-1.443522043498409735e-01,-9.808862874316752745e-01
6.608680000000000000e+08,-6.881917083263726365e-02,-3.124547888801156026e-02,-1.567850998115139782e-01,-9.788366848444759460e-01
6.658670000000000000e+08,-6.934784773739890995e-02,-3.119934675662739201e-02,-1.691853681480099403e-01,-9.766601498809738269e-01
6.708660000000000000e+08,-6.987301620403595093e-02,-3.112896714676354620e-02,-1.815543959601801094e-01,-9.743578247029252015e-01
6.758650000000000000e+08,-7.039242289075932357e-02,-3.103435204922437921e-02,-1.938936660510899301e-01,-9.719305893025118603e-01
6.808640000000000000e+08,-7.090379091152242130e-02,-3.091570209627788127e-02,-2.062047349664949958e-01,-9.693790523272659554e-01
6.858630000000000000e+08,-7.140483446370073095e-02,-3.077340952868639137e-02,-2.184892097121808319e-01,-9.667035436756449274e-01
6.908620000000000000e+08,-7.189327371545770062e-02,-3.060806006037414262e-02,-2.307487237869104701e-01,-9.639041089326062517e-01
6.958610000000000000e+08,-7.236684987008405734e-02,-3.042043362233531542e-02,-2.429849126751914834e-01,-9.609805057035003539e-01
7.008600000000000000e+08,-7.282334032363828313e-02,-3.021150397364523454e-02,-2.551993889486409151e-01,-9.579322018931606397e-01
7.058590000000000000e+08,-7.326057383174069959e-02,-2.998243717369884764e-02,-2.673937171283761738e-01,-9.547583759653480717e-01
7.108580000000000000e+08,-7.367644560137100174e-02,-2.973458891601952689e-02,-2.795693884635530591e-01,-9.514579192057313062e-01
7.158570000000000000e+08,-7.406893222397055443e-02,-2.946950073013882010e-02,-2.917277957829496060e-01,-9.480294399994686483e-01
7.208560000000000000e+08,-7.443610636704144079e-02,-2.918889506408758883e-02,-3.038702085772901351e-01,-9.444712701222404139e-01
7.258550000000000000e+08,-7.477615114276336961e-02,-2.889466926595519666e-02,-3.159977484698979766e-01,-9.407814730313770468e-01
7.308540000000000000e+08,-7.508737407384688534e-02,-2.858888848872098015e-02,-3.281113652322028562e-01,-9.369578541315721765e-01
7.358530000000000000e+08,-7.536822057897687999e-02,-2.827377754812281790e-02,-3.402118134986681364e-01,-9.329979729776370911e-01
7.408520000000000000e+08,-7.561728690262906061e-02,-2.795171176868439106e-02,-3.522996303328425616e-01,-9.288991573649275635e-01
7.458510000000000000e+08,-7.583333241686433801e-02,-2.762520685814822546e-02,-3.643751137925207439e-01,-9.246585192464923386e-01
7.508500000000000000e+08,-7.601529122581006381e-02,-2.729690785544438766e-02,-3.764383026374161778e-01,-9.202729724047228332e-01
7.558490000000000000e+08,-7.616228300693582420e-02,-2.696957720195691105e-02,-3.884889573173784250e-01,-9.157392517943712118e-01
7.608480000000000000e+08,-7.627362302691836904e-02,-2.664608199020230411e-02,-4.005265423730107743e-01,-9.110539344633343806e-01
7.658470000000000000e+08,-7.634883127379485379e-02,-2.632938044812292364e-02,-4.125502103736403137e-01,-9.062134619475560315e-01
7.708460000000000000e+08,-7.638764065125855374e-02,-2.602250772099265475e-02,-4.245587875099592901e-01,-9.012141640269040188e-01
7.758450000000000000e+08,-7.639000418530147996e-02,-2.572856101643889934e-02,-4.365507609503530007e-01,-8.960522837199086377e-01
7.808440000000000000e+08,-7.635610119794573880e-02,-2.545068418129503574e-02,-4.485242680609965449e-01,-8.907240033868841778e-01
7.858430000000000000e+08,-7.628634240751790141e-02,-2.519205178191111574e-02,-4.604770875802459695e-01,-8.852254718032280811e-01
7.908420000000000000e+08,-7.618137391978298256e-02,-2.495585276215378859e-02,-4.724066328277590210e-01,-8.795528320576103676e-01
7.958410000000000000e+08,-7.604208007925189472e-02,-2.474527375562981385e-02,-4.843099470181507216e-01,-8.737022501234290583e-01
8.008400000000000000e+08,-7.586958515509846512e-02,-2.456348213065982083e-02,-4.961837007378990805e-01,-8.676699439462538521e-01
8.058390000000000000e+08,-7.566525384135927568e-02,-2.441360884820561322e-02,-5.080241916326729834e-01,-8.614522128851572758e-01
8.108380000000000000e+08,-7.543069055640039267e-02,-2.429873121431865360e-02,-5.198273463403503269e-01,-8.550454673417527962e-01
8.158370000000000000e+08,-7.516773753205632791e-02,-2.422185560972140231e-02,-5.315887246927236687e-01,-8.484462584075567193e-01
8.208360000000000000e+08,-7.487847168830474853e-02,-2.418590027985196081e-02,-5.433035261963539142e-01,-8.416513073579191540e-01
8.258350000000000000e+08,-7.456520029487725965e-02,-2.419367826909483987e-02,-5.549665987902361319e-01,-8.346575348192937227e-01
8.308340000000000000e+08,-7.423045542676873221e-02,-2.424788058297809579e-02,-5.665724498649828966e-01,-8.274620894360512624e-01
8.358330000000000000e+08,-7.387698722619732983e-02,-2.435105966183759296e-02,-5.781152595151335394e-01,-8.200623758634184579e-01
8.408320000000000000e+08,-7.350775598916664544e-02,-2.450561324882221184e-02,-5.895888959830349885e-01,-8.124560819144330814e-01
8.458310000000000000e+08,-7.312592310038246168e-02,-2.471376873414078343e-02,-6.009869332395948449e-01,-8.046412046911248783e-01
8.508300000000000000e+08,-7.273484084582981790e-02,-2.497756805611645384e-02,-6.123026706341045955e-01,-7.966160755333994148e-01
8.558290000000000000e+08,-7.233804113784775280e-02,-2.529885323792567878e-02,-6.235291545323923268e-01,-7.883793836234014307e-01
8.608280000000000000e+08,-7.193922319298677592e-02,-2.567925263683594125e-02,-6.346592018498170562e-01,-7.799301980884043584e-01
8.658270000000000000e+08,-7.154224020830524111e-02,-2.612016798032939721e-02,-6.456854253731776350e-01,-7.712679884515930562e-01
8.708260000000000000e+08,-7.115108508700493384e-02,-2.662276226069806850e-02,-6.566002607535251778e-01,-7.623926432873689985e-01
8.758250000000000000e+08,-7.076987526942059292e-02,-2.718794855652087797e-02,-6.673959950402473806e-01,-7.533044869461080761e-01
8.808240000000000000e+08,-7.040283673032692036e-02,-2.781637984588480189e-02,-6.780647966156989614e-01,-7.440042942225547629e-01
8.858230000000000000e+08,-7.005428720825915279e-02,-2.850843987229597504e-02,-6.885987463791916063e-01,-7.344933028522074858e-01
8.908220000000000000e+08,-6.972861873708358083e-02,-2.926423511994524426e-02,-6.989898700193829528e-01,-7.247732237311897974e-01
8.958210000000000000e+08,-6.943027955430214337e-02,-3.008358795035597638e-02,-7.092301712051463092e-01,-7.148462487670393939e-01
9.008200000000000000e+08,-6.916375546455924561e-02,-3.096603094746160426e-02,-7.193116655168942941e-01,-7.047150562806583363e-01
9.058190000000000000e+08,-6.893355074047187447e-02,-3.191080251285088876e-02,-7.292264149331997292e-01,-6.943828138931998906e-01
9.108180000000000000e+08,-6.874416864620780387e-02,-3.291684374729696855e-02,-7.389665626814401200e-01,-6.838531788458966920e-01
9.158170000000000000e+08,-6.860009167215785908e-02,-3.398279664877768003e-02,-7.485243682561942835e-01,-6.731302957156757305e-01
9.208160000000000000e+08,-6.850576157155999213e-02,-3.510700365101928483e-02,-7.578922424052975115e-01,-6.622187915047673679e-01
9.258150000000000000e+08,-6.846555929199921176e-02,-3.628750852018709089e-02,-7.670627818808478660e-01,-6.511237680982896459e-01
9.308140000000000000e+08,-6.848378489631762323e-02,-3.752205862073284409e-02,-7.760288037511788861e-01,-6.398507920999142451e-01
9.358130000000000000e+08,-6.856463756857041070e-02,-3.880810855463188991e-02,-7.847833790697927858e-01,-6.284058820720311855e-01
9.408120000000000000e+08,-6.871219580128924698e-02,-4.014282517133264255e-02,-7.933198656986744091e-01,-6.167954932232597720e-01
9.458110000000000000e+08,-6.893039786037051531e-02,-4.152309393874881877e-02,-8.016319400861359190e-01,-6.050264996025509490e-01
9.508100000000000000e+08,-6.922302262345522705e-02,-4.294552665858441393e-02,-8.097136278035308443e-01,-5.931061738753738988e-01
9.558090000000000000e+08,-6.959367088666014445e-02,-4.440647050225262488e-02,-8.175593326507207825e-01,-5.810421647734731465e-01
9.608080000000000000e+08,-7.004574723293639782e-02,-4.590201833665907144e-02,-8.251638641471127356e-01,-5.688424723252335502e-01
9.658070000000000000e+08,-7.058244255324140626e-02,-4.742802030224577831e-02,-8.325224632333787511e-01,-5.565154209887551717e-01
9.708060000000000000e+08,-7.120671730901582952e-02,-4.898009659894830836e-02,-8.396308260185646466e-01,-5.440696308241140811e-01
9.758050000000000000e+08,-7.192128562127583780e-02,-5.055365142918930021e-02,-8.464851254181465778e-01,-5.315139868548808266e-01
9.808040000000000000e+08,-7.272860026789257359e-02,-5.214388804073563644e-02,-8.530820305406364712e-01,-5.188576067816754733e-01
9.858030000000000000e+08,-7.363083866640823816e-02,-5.374582480625165332e-02,-8.594187236934999197e-01,-5.061098072222174338e-01
9.908020000000000000e+08,-7.462988991504053427e-02,-5.535431227072243332e-02,-8.654929148933118155e-01,-4.932800686628872611e-01
9.958010000000000000e+08,-7.572734295936540960e-02,-5.696405109263914107e-02,-8.713028537801599249e-01,-4.803779993161730322e-01
1.000800000000000000e+09,-7.692447594662274457e-02,-5.856961079998539849e-02,-8.768473388522105560e-01,-4.674132980864032505e-01
1.005799000000000000e+09,-7.822224682364367632e-02,-6.016544927765717782e-02,-8.821257239529080030e-01,-4.543957168528580670e-01
1.010798000000000000e+09,-7.962128522814260201e-02,-6.174593289903944349e-02,-8.871379219604127453e-01,-4.413350222845510151e-01
1.015797000000000000e+09,-8.112188571656435421e-02,-6.330535721106048119e-02,-8.918844056464225734e-01,-4.282409574047442158e-01
1.020796000000000000e+09,-8.272400236488981762e-02,-6.483796807918885963e-02,-8.963662056893493268e-01,-4.151232031254576404e-01
1.025795000000000000e+09,-8.442724477182526888e-02,-6.633798319652720044e-02,-9.005849058447774613e-01,-4.019913399729278525e-01
1.030794000000000000e+09,-8.623087548669906843e-02,-6.779961385942637198e-02,-9.045426352940855175e-01,-3.888548102240949600e-01
1.035793000000000000e+09,-8.813380887717751910e-02,-6.921708691087387344e-02,-9.082420582099189899e-01,-3.757228806717881064e-01
1.040792000000000000e+09,-9.013461144469636643e-02,-7.058466675232688559e-02,-9.116863605947120863e-01,-3.626046062323717845e-01
1.045791000000000000e+09,-9.223150358828337281e-02,-7.189667732464011252e-02,-9.148792344655398701e-01,-3.495087946041900429e-01
1.050790000000000000e+09,-9.442236281030852441e-02,-7.314752395928883488e-02,-9.178248594751154954e-01,-3.364439721783484272e-01
1.055789000000000000e+09,-9.670472835067338291e-02,-7.433171500217664041e-02,-9.205278820745815826e-01,-3.234183513951597866e-01
1.060788000000000000e+09,-9.907580722908364279e-02,-7.544388311394450986e-02,-9.229933923387818595e-01,-3.104397997301139855e-01
1.065787000000000000e+09,-1.015324816683960685e-01,-7.647880615282259820e-02,-9.252268985888324471e-01,-2.975158104825435523e-01
1.070786000000000000e+09,-1.040713178656176435e-01,-7.743142754867947397e-02,-9.272342999599199054e-01,-2.846534755283756102e-01
1.075785000000000000e+09,-1.066885760710064718e-01,-7.829687607997425081e-02,-9.290218570742777571e-01,-2.718594601855526816e-01
1.080784000000000000e+09,-1.093802219299057216e-01,-7.907048496879380550e-02,-9.305961609901418630e-01,-2.591399803270363345e-01
1.085783000000000000e+09,-1.121419390364777890e-01,-7.974781021300454686e-02,-9.319641006070802369e-01,-2.465007818618185353e-01
1.090782000000000000e+09,-1.149691426433846753e-01,-8.032464807874309387e-02,-9.331328287164307733e-01,-2.339471226892639033e-01
1.095781000000000000e+09,-1.178569944667600816e-01,-8.079705168096931733e-02,-9.341097268925500074e-01,-2.214837572164099488e-01
1.100780000000000000e+09,-1.208004185214711090e-01,-8.116134658455903539e-02,-9.349023694262289519e-01,-2.091149235118119620e-01
1.105779000000000000e+09,-1.237941179177829143e-01,-8.141414536340728370e-02,-9.355184865058810972e-01,-1.968443331531100349e-01
1.110778000000000000e+09,-1.268325925470222826e-01,-8.155236106017764441e-02,-9.359659268550061251e-01,-1.846751638089866310e-01
1.115777000000000000e+09,-1.299101575807735665e-01,-8.157321949465534683e-02,-9.362526200359518880e-01,-1.726100545795644925e-01
1.120776000000000000e+09,-1.330209627054713961e-01,-8.147427037408647155e-02,-9.363865386301744032e-01,-1.606511041027885167e-01
1.125775000000000000e+09,-1.361590120120121372e-01,-8.125339716439959614e-02,-9.363756605040489678e-01,-1.487998714179604165e-01
1.130774000000000000e+09,-1.393181844581529438e-01,-8.090882568674195863e-02,-9.362279313668601111e-01,-1.370573795615372403e-01
1.135773000000000000e+09,-1.424922548200175665e-01,-8.043913140933371675e-02,-9.359512278239382477e-01,-1.254241218545961711e-01
1.140772000000000000e+09,-1.456749150479483279e-01,-7.984324541018239518e-02,-9.355533211230457891e-01,-1.139000708261480727e-01
1.145771000000000000e+09,-1.488597959412332472e-01,-7.912045899170543073e-02,-9.350418417861646736e-01,-1.024846897018183711e-01
1.150770000000000000e+09,-1.520404890558664790e-01,-7.827042693375418914e-02,-9.344242453117705960e-01,-9.117694637337137031e-02
1.155769000000000000e+09,-1.552105687594629302e-01,-7.729316937688687772e-02,-9.337077791246728431e-01,-7.997532975123614052e-02
1.160768000000000000e+09,-1.583636143477184788e-01,-7.618907233300324655e-02,-9.328994509415263758e-01,-6.887786838963089187e-02
1.165767000000000000e+09,-1.614932321373684088e-01,-7.495888682560274130e-02,-9.320059987103328503e-01,-5.788215126215434658e-02
1.170766000000000000e+09,-1.645930774514315076e-01,-7.360372666695300103e-02,-9.310338622716599621e-01,-4.698535055484668460e-02
1.175765000000000000e+09,-1.676568764136172340e-01,-7.212506488435330154e-02,-9.299891568780654927e-01,-3.618424633379065808e-02
1.180764000000000000e+09,-1.706784474700988596e-01,-7.052472881243181113e-02,-9.288776486963066237e-01,-2.547525293532396790e-02
1.185763000000000000e+09,-1.736517225584077173e-01,-6.880489387303631577e-02,-9.277047324045207821e-01,-1.485444691892415237e-02
1.190762000000000000e+09,-1.765707678449531526e-01,-6.696807606874635721e-02,-9.264754109836722540e-01,-4.317596415809286242e-03
1.195761000000000000e+09,-1.794298039546302903e-01,-6.501712322036488911e-02,-9.251942777893145120e-01,6.139808299687269863e-03
1.200760000000000000e+09,-1.822232256181050836e-01,-6.295520498293120937e-02,-9.238655009761571613e-01,1.652252319388967244e-02
1.205759000000000000e+09,-1.849456206646671319e-01,-6.078580167883355923e-02,-9.224928103341264451e-01,2.683551799454163278e-02
1.210758000000000000e+09,-1.875917882910202727e-01,-5.851269199050147113e-02,-9.210794865806817278e-01,3.708394303330162650e-02
1.215757000000000000e+09,-1.901567565389939984e-01,-5.613993955891374149e-02,-9.196283531400968325e-01,4.727309559656977384e-02
1.220756000000000000e+09,-1.926357989179484087e-01,-5.367187853777316553e-02,-9.181417704263920010e-01,5.740838597208649391e-02
1.225755000000000000e+09,-1.950244501105681261e-01,-5.111309815668590995e-02,-9.166216326325928865e-01,6.749530337854223183e-02
1.230754000000000000e+09,-1.973185207038214706e-01,-4.846842635002081290e-02,-9.150693670151394121e-01,7.753938196426579665e-02
1.235753000000000000e+09,-1.995141108900818638e-01,-4.574291251133204977e-02,-9.134859356485722781e-01,8.754616705885909234e-02
1.240752000000000000e+09,-2.016076230867805963e-01,-4.294180943629334612e-02,-9.118718396121954228e-01,9.752118185852029497e-02
1.245751000000000000e+09,-2.035957734264787211e-01,-4.007055452001039714e-02,-9.102271255572930153e-01,1.074698947216768119e-01
1.250750000000000000e+09,-2.054756020729135157e-01,-3.713475027735797102e-02,-9.085513945907203182e-01,1.173976872465675864e-01
1.255749000000000000e+09,-2.072444823223952293e-01,-3.414014425760551058e-02,-9.068438133983897087e-01,1.273098232964778309e-01
1.260748000000000000e+09,-2.089001284538973546e-01,-3.109260842705503444e-02,-9.051031275203191839e-01,1.372114191315787490e-01
1.265747000000000000e+09,-2.104406022953138611e-01,-2.799811809570432186e-02,-9.033276766776504596e-01,1.471074147987359027e-01
1.270746000000000000e+09,-2.118643184776281552e-01,-2.486273046605814302e-02,-9.015154120413515493e-01,1.570025469222550429e-01
1.275745000000000000e+09,-2.131700483531733248e-01,-2.169256288412332520e-02,-8.996639153222850682e-01,1.669013230294225936e-01
1.280744000000000000e+09,-2.143569225587443061e-01,-1.849377087433303271e-02,-8.977704195530161746e-01,1.768079975348676447e-01
1.285743000000000000e+09,-2.154244322090450581e-01,-1.527252604163021124e-02,-8.958318314231406010e-01,1.867265494972782380e-01
1.290742000000000000e+09,-2.163724287108329258e-01,-1.203499392519472716e-02,-8.938447550221669813e-01,1.966606622509396995e-01
1.295741000000000000e+09,-2.172011221931223757e-01,-8.787311889290451081e-03,-8.918055168370389030e-01,2.066137050029081268e-01
1.300740000000000000e+09,-2.179110785539379036e-01,-5.535567137438974182e-03,-8.897101918453619307e-01,2.165887164745424476e-01
1.305739000000000000e+09,-2.185032151293603564e-01,-2.285774936567132407e-03,-8.875546305402690628e-01,2.265883906535302306e-01
1.310738000000000000e+09,-2.189787949959428048e-01,9.561428620901722469e-04,-8.853344867187126210e-01,2.366150647096768034e-01
1.315737000000000000e+09,-2.193394199230194463e-01,4.184378918730104029e-03,-8.830452458617850109e-01,2.466707091145020070e-01
1.320736000000000000e+09,-2.195870219969058845e-01,7.393261031285122860e-03,-8.806822539335282807e-01,2.567569199912810296e-01
1.325735000000000000e+09,-2.197238539445479366e-01,1.057727220707481604e-02,-8.782407464235606476e-01,2.668749137086096068e-01
1.330734000000000000e+09,-2.197524781897258195e-01,1.373107009582609853e-02,-8.757158774587741057e-01,2.770255237169392815e-01
1.335733000000000000e+09,-2.196757546804914696e-01,1.684950570168567557e-02,-8.731027488103447753e-01,2.872091996139297665e-01
1.340732000000000000e+09,-2.194968275320351159e-01,1.992764129384289387e-02,-8.703964386243412399e-01,2.974260084109448532e-01
1.345731000000000000e+09,-2.192191105346542601e-01,2.296076743775544299e-02,-8.675920297073224097e-01,3.076756379596990998e-01
1.350730000000000000e+09,-2.188462715818800530e-01,2.594441907175612516e-02,-8.646846372024594718e-01,3.179574024849827762e-01
1.355729000000000000e+09,-2.183822160790703515e-01,2.887439055698933291e-02,-8.616694354969151037e-01,3.282702501567014708e-01
1.360728000000000000e+09,-2.178310693978887658e-01,3.174674963219691060e-02,-8.585416842073853028e-01,3.386127726221643819e-01
1.365727000000000000e+09,-2.171971584470063776e-01,3.455785020884222930e-02,-8.552967530978725641e-01,3.489832164078155996e-01
1.370726000000000000e+09,-2.164849924340598308e-01,3.730434394640626261e-02,-8.519301457918756482e-01,3.593794960884300616e-01
1.375725000000000000e+09,-2.156992428983425525e-01,3.998319055241665587e-02,-8.484375221501286868e-01,3.697992091113138091e-01
1.380724000000000000e+09,-2.148447230978620115e-01,4.259166675685680664e-02,-8.448147191948810475e-01,3.802396521533189522e-01
1.385723000000000000e+09,-2.139263668382306027e-01,4.512737391603002107e-02,-8.410577704722653758e-01,3.906978388795852575e-01
1.390722000000000000e+09,-2.129492068343386002e-01,4.758824420670351718e-02,-8.371629237556234004e-01,4.011705189648748227e-01
1.395721000000000000e+09,-2.119183526988621946e-01,4.997254537741742386e-02,-8.331266570045691155e-01,4.116541982313466908e-01
1.400720000000000000e+09,-2.108389686543492847e-01,5.227888403015724939e-02,-8.289456925070612936e-01,4.221451597504993769e-01
1.405719000000000000e+09,-2.097162510678788339e-01,5.450620741216843229e-02,-8.246170091446889394e-01,4.326394857520592940e-01
1.410718000000000000e+09,-2.085554059090927170e-01,5.665380370446279623e-02,-8.201378527347198411e-01,4.431330801786206863e-01
1.415717000000000000e+09,-2.073616262337015237e-01,5.872130080053290097e-02,-8.155057444160432878e-01,4.536216917221032041e-01
1.420716000000000000e+09,-2.061400697953950645e-01,6.070866357587802881e-02,-8.107184870599544180e-01,4.641009371763964997e-01
1.425715000000000000e+09,-2.048958368893831483e-01,6.261618965615819987e-02,-8.057741697006031156e-01,4.745663249401413375e-01
1.430714000000000000e+09,-2.036339485305687647e-01,6.444450369904422549e-02,-8.006711699938067195e-01,4.850132785042272632e-01
1.435713000000000000e+09,-2.023593250686060441e-01,6.619455021212308776e-02,-7.954081547266771413e-01,4.954371597605006228e-01
1.440712000000000000e+09,-2.010767653407958822e-01,6.786758493647965240e-02,-7.899840784140756966e-01,5.058332919711473474e-01
1.445711000000000000e+09,-1.997909264619373015e-01,6.946516483277702381e-02,-7.843981800311219388e-01,5.161969822424010701e-01
1.450710000000000000e+09,-1.985063043478901279e-01,7.098913671374908196e-02,-7.786499779438318392e-01,5.265235433514514618e-01
1.455709000000000000e+09,-1.972272150666962987e-01,7.244162457397443355e-02,-7.727392631122457223e-01,5.368083147817684919e-01
1.460708000000000000e+09,-1.959577771076931874e-01,7.382501567455461433e-02,-7.666660906521620689e-01,5.470466828293966133e-01
1.465707000000000000e+09,-1.947018946551197505e-01,7.514194544684330013e-02,-7.604307698526078241e-01,5.572340996510587452e-01
1.470706000000000000e+09,-1.934632419483005017e-01,7.639528128564142262e-02,-7.540338527564584004e-01,5.673661011341498694e-01
1.475705000000000000e+09,-1.922452488056062836e-01,7.758810530821293183e-02,-7.474761214210695615e-01,5.774383234786927277e-01
1.480704000000000000e+09,-1.910510873840496893e-01,7.872369616108804147e-02,-7.407585739842785788e-01,5.874465183921663280e-01
1.485703000000000000e+09,-1.898836602406190621e-01,7.980550996183911894e-02,-7.338824096687371901e-01,5.973865668095386106e-01
1.490702000000000000e+09,-1.887455897553020068e-01,8.083716046783664955e-02,-7.268490128640272552e-01,6.072544910629255055e-01
1.495701000000000000e+09,-1.876392089692403287e-01,8.182239856835567260e-02,-7.196599364315162672e-01,6.170464654378077229e-01
1.500700000000000000e+09,-1.865665538846079108e-01,8.276509120031323719e-02,-7.123168843812424100e-01,6.267588250657135651e-01
1.505699000000000000e+09,-1.855293572656808443e-01,8.366919979132272922e-02,-7.048216940733628144e-01,6.363880731164948124e-01
1.510698000000000000e+09,-1.845290439731596954e-01,8.453875833664692419e-02,-6.971763180987513575e-01,6.459308862667976214e-01
1.515697000000000000e+09,-1.835667278562096161e-01,8.537785121898733287e-02,-6.893828059942560538e-01,6.553841184348548898e-01
1.520696000000000000e+09,-1.826432102188821627e-01,8.619059088186201145e-02,-6.814432859478333215e-01,6.647448027853062325e-01
1.525695000000000000e+09,-1.817589798696594150e-01,8.698109546856258589e-02,-6.733599466473779716e-01,6.740101520211720931e-01
1.530694000000000000e+09,-1.809142147548347956e-01,8.775346653936068331e-02,-6.651350194244616265e-01,6.831775569933963288e-01
1.535693000000000000e+09,-1.801087851683673968e-01,8.851176697972026886e-02,-6.567707608405202180e-01,6.922445836712921574e-01
1.540692000000000000e+09,-1.793422585227461286e-01,8.925999921178583152e-02,-6.482694358582118399e-01,7.012089685298241726e-01
1.545691000000000000e+09,-1.786139056573467776e-01,9.000208382033922372e-02,-6.396333017348474481e-01,7.100686124217155948e-01
1.550690000000000000e+09,-1.779227086527601642e-01,9.074183870275964736e-02,-6.308645927679215060e-01,7.188215730139170256e-01
1.555689000000000000e+09,-1.772673701117002121e-01,9.148295885029107677e-02,-6.219655060149926751e-01,7.274660558787997555e-01
1.560688000000000000e+09,-1.766463238593659058e-01,9.222899686511405737e-02,-6.129381881014471789e-01,7.360004043406115359e-01
1.565687000000000000e+09,-1.760577470086096274e-01,9.298334431436475200e-02,-6.037847232201755121e-01,7.444230881870476102e-01
1.570686000000000000e+09,-1.754995733279543779e-01,9.374921401833204160e-02,-5.945071224169276025e-01,7.527326913642597983e-01
1.575685000000000000e+09,-1.749695078434926609e-01,9.452962336564393886e-02,-5.851073142441433061e-01,7.609278987812033712e-01
1.580684000000000000e+09,-1.744650425989743292e-01,9.532737874330315941e-02,-5.755871368545534272e-01,7.690074823557505601e-01
1.585683000000000000e+09,-1.739834734920263359e-01,9.614506116401175251e-02,-5.659483315937613446e-01,7.769702864406013987e-01
1.590682000000000000e+09,-1.735219180984653442e-01,9.698501316733314226e-02,-5.561925381385858236e-01,7.848152127714704829e-01
1.595681000000000000e+09,-1.730773343910823325e-01,9.784932706491429599e-02,-5.463212912151158562e-01,7.925412050834766964e-01
1.600680000000000000e+09,-1.726465402541583483e-01,9.873983459324914280e-02,-5.363360189174329884e-01,8.001472335439183681e-01
1.605679000000000000e+09,-1.722262336903116198e-01,9.965809803036068670e-02,-5.262380426347463835e-01,8.076322791508230292e-01
1.610678000000000000e+09,-1.718130136121321927e-01,1.006054028253072635e-01,-5.160285785815011961e-01,8.149953182466644908e-01
1.615677000000000000e+09,-1.714034011074263286e-01,1.015827517816598746e-01,-5.057087409118106169e-01,8.222353072955801423e-01
1.620676000000000000e+09,-1.709938610638339351e-01,1.025908608280395595e-01,-4.952795463865654058e-01,8.293511680701648459e-01
1.625675000000000000e+09,-1.705808240360678907e-01,1.036301564005300130e-01,-4.847419205487503713e-01,8.363417733906389762e-01
1.630674000000000000e+09,-1.701607082371222879e-01,1.047007744532897078e-01,-4.740967053500395045e-01,8.432059335547310575e-01
1.635673000000000000e+09,-1.697299415334890815e-01,1.058025611050589926e-01,-4.633446681596755101e-01,8.499423835912023328e-01
1.640672000000000000e+09,-1.692849833237309032e-01,1.069350749204928674e-01,-4.524865120750989900e-01,8.565497714634289217e-01
1.645671000000000000e+09,-1.688223461797142555e-01,1.080975908164317628e-01,-4.415228874427943317e-01,8.630266473420338258e-01
1.650670000000000000e+09,-1.683386171303707102e-01,1.092891055743626383e-01,-4.304544044875437958e-01,8.693714540571837457e-01
1.655669000000000000e+09,-1.678304784690943519e-01,1.105083449314906013e-01,-4.192816469386692058e-01,8.755825188319479313e-01
1.660668000000000000e+09,-1.672947279677356180e-01,1.117537722140596185e-01,-4.080051865331150718e-01,8.816580463880882013e-01
1.665667000000000000e+09,-1.667282983826687548e-01,1.130235984678991529e-01,-3.966255982672987623e-01,8.875961135048924255e-01
1.670666000000000000e+09,-1.661282761415532883e-01,1.143157940326595401e-01,-3.851434762627060637e-01,8.933946651002546702e-01
1.675665000000000000e+09,-1.654919191031867520e-01,1.156281014978833288e-01,-3.735594501042372451e-01,8.990515118912060233e-01
1.680664000000000000e+09,-1.648166732872396734e-01,1.169580499710021620e-01,-3.618742015053216243e-01,9.045643296786414211e-01
1.685663000000000000e+09,-1.641001884756654039e-01,1.183029705795677206e-01,-3.500884811499875293e-01,9.099306602880404826e-01
1.690662000000000000e+09,-1.633403325931623296e-01,1.196600131225937919e-01,-3.382031255592349850e-01,9.151479141848153365e-01
1.695661000000000000e+09,-1.625352047802187394e-01,1.210261637788320327e-01,-3.262190738274674540e-01,9.202133747694294374e-01
1.700660000000000000e+09,-1.616831470789662772e-01,1.223982637731731438e-01,-3.141373840741664702e-01,9.251242043438636653e-01
1.705659000000000000e+09,-1.607827546592753842e-01,1.237730288961988029e-01,-3.019592494567093777e-01,9.298774517273706852e-01
1.710658000000000000e+09,-1.598328845202201809e-01,1.251470697662588338e-01,-2.896860135919816504e-01,9.344700614858830745e-01
1.715657000000000000e+09,-1.588326626101803918e-01,1.265169127183254083e-01,-2.773191852374530808e-01,9.388988847260152371e-01
1.720656000000000000e+09,-1.577814893174080135e-01,1.278790211993516834e-01,-2.648604520864555889e-01,9.431606913914214463e-01
1.725655000000000000e+09,-1.566790432918161169e-01,1.292298175459410392e-01,-2.523116935376801262e-01,9.472521839864195270e-01
1.730654000000000000e+09,-1.555252835679990231e-01,1.305657050168603783e-01,-2.396749923051953446e-01,9.511700126393999311e-01
1.735653000000000000e+09,-1.543204499690550568e-01,1.318830899503354304e-01,-2.269526447427426541e-01,9.549107914066333747e-01
1.740652000000000000e+09,-1.530650617805542069e-01,1.331784039141704901e-01,-2.141471697644225791e-01,9.584711157058417585e-01
1.745651000000000000e+09,-1.517599146939714039e-01,1.344481257155555887e-01,-2.012613162533279099e-01,9.618475807583048987e-01
1.750650000000000000e+09,-1.504060760290183707e-01,1.356888031369995196e-01,-1.882980688599375230e-01,9.650368009084954179e-01
1.755649000000000000e+09,-1.490048782544892703e-01,1.368970742651435257e-01,-1.752606521032820663e-01,9.680354296812916370e-01
1.760648000000000000e+09,-1.475579108374614479e-01,1.380696882803091607e-01,-1.621525326997864946e-01,9.708401804288089298e-01
1.765647000000000000e+09,-1.460670104608717546e-01,1.392035255764988155e-01,-1.489774200573859286e-01,9.734478474118845037e-01
1.770646000000000000e+09,-1.445342496595922455e-01,1.402956170842181993e-01,-1.357392648857431716e-01,9.758553271552908859e-01
1.775645000000000000e+09,-1.429619239350722049e-01,1.413431626719148793e-01,-1.224422558872292344e-01,9.780596399109097172e-01
1.780644000000000000e+09,-1.413525374183604577e-01,1.423435485060271788e-01,-1.090908145075969171e-01,9.800579510594200627e-01
1.785643000000000000e+09,-1.397087871607913534e-01,1.432943632546014590e-01,-9.568958773985895838e-02,9.818475922785603327e-01
1.790642000000000000e+09,-1.380335461407665165e-01,1.441934130251458224e-01,-8.224343898980386591e-02,9.834260823047842326e-01
1.795641000000000000e+09,-1.363298450838237308e-01,1.450387349338323750e-01,-6.875743702655250089e-02,9.847911471151283846e-01
1.800640000000000000e+09,-1.346008532014999204e-01,1.458286092103050768e-01,-5.523684305668943861e-02,9.859407393574028955e-01
1.805639000000000000e+09,-1.328498579623061948e-01,1.465615697501774228e-01,-4.168709597546337020e-02,9.868730568593672148e-01
1.810638000000000000e+09,-1.310802440153885640e-01,1.472364130357723955e-01,-2.811379586346479317e-02,9.875865600514236453e-01
1.815637000000000000e+09,-1.292954713940878131e-01,1.478522053547353110e-01,-1.452268581171199495e-02,9.880799881424675579e-01
1.820636000000000000e+09,-1.274990531325976284e-01,1.484082882557853367e-01,-9.196321723361342753e-04,9.883523738949261395e-01
1.825635000000000000e+09,-1.256945324341753323e-01,1.489042821910375458e-01,1.268939665428135861e-02,9.884030568526294136e-01
1.830634000000000000e+09,-1.238854595338829967e-01,1.493400883049442462e-01,2.629835277188853626e-02,9.882316948839579007e-01
1.835633000000000000e+09,-1.220753684025327052e-01,1.497158883409412944e-01,3.990113254384596020e-02,9.878382739126732037e-01
1.840632000000000000e+09,-1.202677534413879867e-01,1.500321426482765785e-01,5.349160140361557819e-02,9.872231157198861906e-01
1.845631000000000000e+09,-1.184660463191706120e-01,1.502895862831680196e-01,6.706361956145717729e-02,9.863868837127074407e-01
1.850630000000000000e+09,-1.166735931040168428e-01,1.504892232103429983e-01,8.061106843871024275e-02,9.853305865681687425e-01
1.855629000000000000e+09,-1.148936318431991455e-01,1.506323186230611455e-01,9.412787765239266635e-02,9.840555796749489437e-01
1.860628000000000000e+09,-1.131292707426547611e-01,1.507203894118598619e-01,1.076080523652310494e-01,9.825635643101577887e-01
1.865627000000000000e+09,-1.113834670966298984e-01,1.507551928244027784e-01,1.210457008099534992e-01,9.808565845038826891e-01
1.870626000000000000e+09,-1.096590071150425200e-01,1.507387133708883997e-01,1.344350617915567314e-01,9.789370215602425374e-01
1.875625000000000000e+09,-1.079584867925102304e-01,1.506731480414015556e-01,1.477705319675895745e-01,9.768075862202373338e-01
1.880624000000000000e+09,-1.062842939583441143e-01,1.505608899132989675e-01,1.610466927041268592e-01,9.744713084686147386e-01
1.885623000000000000e+09,-1.046385916412363309e-01,1.504045102381201260e-01,1.742583363042073952e-01,9.719315250041841159e-01
1.890622000000000000e+09,-1.030233028758476693e-01,1.502067391085334935e-01,1.874004914060711513e-01,9.691918644103523217e-01
1.895621000000000000e+09,-1.014400970710701150e-01,1.499704448163982351e-01,2.004684473505162212e-01,9.662562300800588977e-01
1.900620000000000000e+09,-9.989037805143873017e-02,1.496986120230388850e-01,2.134577773202403495e-01,9.631287809665545208e-01
1.905619000000000000e+09,-9.837527387401621970e-02,1.493943188722563209e-01,2.263643600589588523e-01,9.598139102485543361e-01
1.910618000000000000e+09,-9.689562851312476244e-02,1.490607131853335099e-01,2.391843999845909841e-01,9.563162220149892256e-01
1.915617000000000000e+09,-9.545199549461648447e-02,1.487009878852800782e-01,2.519144455186391740e-01,9.526405060908398337e-01
1.920616000000000000e+09,-9.404463354998524038e-02,1.483183558047409534e-01,2.645514054632144840e-01,9.487917111411563464e-01
1.925615000000000000e+09,-9.267350434862151043e-02,1.479160240382818847e-01,2.770925632677777584e-01,9.447749162052919703e-01
1.930614000000000000e+09,-9.133827235393235378e-02,1.474971680051494483e-01,2.895355890396400511e-01,9.405953008274532401e-01
1.935613000000000000e+09,-9.003830683601077300e-02,1.470649053929815597e-01,3.018785491654171760e-01,9.362581139627899063e-01
1.940612000000000000e+09,-8.877268606005825347e-02,1.466222701563191511e-01,3.141199134249894609e-01,9.317686418502977297e-01
1.945611000000000000e+09,-8.754020365598555453e-02,1.461721867460696600e-01,3.262585594948920198e-01,9.271321750547315554e-01
1.950610000000000000e+09,-8.633937716057704659e-02,1.457174447472924794e-01,3.382937747544648710e-01,9.223539748893316848e-01
1.955609000000000000e+09,-8.516845870941756880e-02,1.452606741027698267e-01,3.502252553252687695e-01,9.174392394395015637e-01
1.960608000000000000e+09,-8.402544784152941870e-02,1.448043210987960960e-01,3.620531022923290654e-01,9.123930694144514186e-01
1.965607000000000000e+09,-8.290810636543960443e-02,1.443506252874448836e-01,3.737778150743105154e-01,9.072204340592155969e-01
1.970606000000000000e+09,-8.181397522129425781e-02,1.439015975162523109e-01,3.854002819289336079e-01,9.019261373633375989e-01
1.975605000000000000e+09,-8.074039325974127768e-02,1.434589992318147933e-01,3.969217675993696459e-01,8.965147848047984036e-01
1.980604000000000000e+09,-7.968451784471594634e-02,1.430243232182191182e-01,4.083438981271724777e-01,8.909907508684300481e-01
1.985603000000000000e+09,-7.864334717406738784e-02,1.425987759245651021e-01,4.196686428771276289e-01,8.853581475771002962e-01
1.990602000000000000e+09,-7.761374419925709534e-02,1.421832615280954615e-01,4.308982938392520445e-01,8.796207942713409889e-01
1.995601000000000000e+09,-7.659246201321646963e-02,1.417783678706974471e-01,4.420354422928604587e-01,8.737821888688395155e-01
2.000600000000000000e+09,-7.557617056396906396e-02,1.413843543967742700e-01,4.530829529369617692e-01,8.678454808293371014e-01
2.005599000000000000e+09,-7.456148454085552435e-02,1.410011422098106648e-01,4.640439356102360469e-01,8.618134460429710542e-01
2.010598000000000000e+09,-7.354499227026436992e-02,1.406283063533879107e-01,4.749217147421552210e-01,8.556884638510713348e-01
2.015597000000000000e+09,-7.252328544868479054e-02,1.402650704100285306e-01,4.857197966945532297e-01,8.494724963978099730e-01
2.020596000000000000e+09,-7.149298953276730928e-02,1.399103034981232785e-01,4.964418351697416076e-01,8.431670704991038878e-01
2.025595000000000000e+09,-7.045079459894165730e-02,1.395625197334018908e-01,5.070915948772540816e-01,8.367732622017046706e-01
2.030594000000000000e+09,-6.939348647905146938e-02,1.392198802070089836e-01,5.176729136661161190e-01,8.302916841906877732e-01
2.035593000000000000e+09,-6.831797797347462231e-02,1.388801975173421799e-01,5.281896633432976440e-01,8.237224761875500123e-01
2.040592000000000000e+09,-6.722133993934288620e-02,1.385409428774704854e-01,5.386457094114434074e-01,8.170652984640404126e-01
2.045591000000000000e+09,-6.610083204878450247e-02,1.381992558042629826e-01,5.490448699701262480e-01,8.103193285786670641e-01
2.050590000000000000e+09,-6.495393301062050984e-02,1.378519563794179392e-01,5.593908740345521213e-01,8.034832614237568116e-01
2.055589000000000000e+09,-6.377837004866387938e-02,1.374955600564767288e-01,5.696873195338907347e-01,7.965553126510538373e-01
2.060588000000000000e+09,-6.257214743071694285e-02,1.371262949717143298e-01,5.799376312580363235e-01,7.895332255232316854e-01
2.065587000000000000e+09,-6.133357384453613781e-02,1.367401217006294079e-01,5.901450190267010232e-01,7.824142812175360895e-01
2.070586000000000000e+09,-6.006128842044997085e-02,1.363327553856915619e-01,6.003124363581044953e-01,7.751953125861272831e-01
2.075585000000000000e+09,-5.875428520494721529e-02,1.358996901451151595e-01,6.104425399163073696e-01,7.678727213557461351e-01
2.080584000000000000e+09,-5.741193589539970304e-02,1.354362256568519274e-01,6.205376500161934317e-01,7.604424987271696246e-01
2.085583000000000000e+09,-5.603401065313731028e-02,1.349374957967555966e-01,6.305997124634602491e-01,7.529002493126778495e-01
2.090582000000000000e+09,-5.462069682029752765e-02,1.343984991951130137e-01,6.406302620035152495e-01,7.452412183275791691e-01
2.095581000000000000e+09,-5.317261537524518161e-02,1.338141315615050952e-01,6.506303876480097337e-01,7.374603219298736523e-01
2.100580000000000000e+09,-5.169083497181403697e-02,1.331792196143520568e-01,6.606007001409094359e-01,7.295521805804076054e-01
2.105579000000000000e+09,-5.017688341916890643e-02,1.324885564385964443e-01,6.705413018173909112e-01,7.215111552746831247e-01
2.110578000000000000e+09,-4.863275647164400084e-02,1.317369380828516123e-01,6.804517590986539632e-01,7.133313864767595325e-01
2.115577000000000000e+09,-4.706092381146039644e-02,1.309192011960732815e-01,6.903310778538492842e-01,7.050068355657372887e-01
2.120576000000000000e+09,-4.546433212168273647e-02,1.300302614934728818e-01,7.001776818468969932e-01,6.965313285860836867e-01
2.125575000000000000e+09,-4.384640516211299466e-02,1.290651528320466424e-01,7.099893944709460003e-01,6.878986020748468766e-01
2.130574000000000000e+09,-4.221104077695118917e-02,1.280190666678176770e-01,7.197634239568113657e-01,6.791023507215372401e-01
2.135573000000000000e+09,-4.056260477992439106e-02,1.268873916597467455e-01,7.294963522237851716e-01,6.701362766004326232e-01
2.140572000000000000e+09,-3.890592168012480673e-02,1.256657531793048399e-01,7.391841275220704111e-01,6.609941397002192520e-01
2.145571000000000000e+09,-3.724626222993152047e-02,1.243500524800100204e-01,7.488220609955571483e-01,6.516698094624794324e-01
2.150570000000000000e+09,-3.558932779501752103e-02,1.229365052778214062e-01,7.584048272720699257e-01,6.421573170285328480e-01
2.155569000000000000e+09,-3.394123156552533715e-02,1.214216794912554159e-01,7.679264691654644759e-01,6.324509078837717846e-01
2.160568000000000000e+09,-3.230847664687143406e-02,1.198025318894456875e-01,7.773804065503083782e-01,6.225450945798564062e-01
2.165567000000000000e+09,-3.069793108829629164e-02,1.180764433971867866e-01,7.867594494453052922e-01,6.124347092081778854e-01
2.170566000000000000e+09,-2.911679992704073461e-02,1.162412528082919644e-01,7.960558153163913575e-01,6.021149552927899107e-01
2.175565000000000000e+09,-2.757259434584461225e-02,1.142952886624186287e-01,8.052611505844891049e-01,5.915814587678051018e-01
2.180564000000000000e+09,-2.607309806120024220e-02,1.122373990458587212e-01,8.143665562965964888e-01,5.808303177029144893e-01
2.185563000000000000e+09,-2.462633107932935342e-02,1.100669790837246337e-01,8.233626178921356065e-01,5.698581504414914622e-01
2.190562000000000000e+09,-2.324051097609835734e-02,1.077839958994401548e-01,8.322394389696309291e-01,5.586621418185528931e-01
2.195561000000000000e+09,-2.192401187587173991e-02,1.053890108275205850e-01,8.409866789318584113e-01,5.472400871308336079e-01
2.200560000000000000e+09,-2.068532132255366390e-02,1.028831986772630464e-01,8.495935943608222685e-01,5.355904335383919745e-01
2.205559000000000000e+09,-1.953299525360696620e-02,1.002683638581570308e-01,8.580490839474460563e-01,5.237123185864446251e-01
2.210558000000000000e+09,-1.847561130455759038e-02,9.754695319254802488e-02,8.663417367748788012e-01,5.116056055476999598e-01
2.215557000000000000e+09,-1.752172068726081527e-02,9.472206525729127968e-02,8.744598837289788706e-01,4.992709152991223198e-01
2.220556000000000000e+09,-1.667979889985532482e-02,9.179745611378131720e-02,8.823916517850686203e-01,4.867096544629668231e-01
2.225555000000000000e+09,-1.595819553977110422e-02,8.877754130475924710e-02,8.901250208966264843e-01,4.739240395598965372e-01
2.230554000000000000e+09,-1.536508350322161875e-02,8.566739401662225306e-02,8.976478831893617283e-01,4.609171169421096281e-01
2.235553000000000000e+09,-1.490840786517031932e-02,8.247273932748090675e-02,9.049481041433593553e-01,4.476927782964442160e-01
2.240552000000000000e+09,-1.459583474272102208e-02,7.919994448384012897e-02,9.120135854267895636e-01,4.342557715314789846e-01
2.245551000000000000e+09,-1.443470045206799585e-02,7.585600517238784424e-02,9.188323290273257005e-01,4.206117068884034360e-01
2.250550000000000000e+09,-1.443196127450737352e-02,7.244852777784188680e-02,9.253925023119987658e-01,4.067670581429608245e-01
2.255549000000000000e+09,-1.459414415038724766e-02,6.898570764296320379e-02,9.316825036329952070e-01,3.927291587947366880e-01
2.260548000000000000e+09,-1.492729862122662253e-02,6.547630337257331901e-02,9.376910280859391822e-01,3.785061931704876148e-01
2.265547000000000000e+09,-1.543695033944716272e-02,6.192960724947285667e-02,9.434071330187701054e-01,3.641071823997129031e-01
2.270546000000000000e+09,-1.612805646218704383e-02,5.835541185646960644e-02,9.488203028834064634e-01,3.495419652532474886e-01
2.275545000000000000e+09,-1.700496324046374408e-02,5.476397302496491259e-02,9.539205130192696114e-01,3.348211738688862127e-01
2.280544000000000000e+09,-1.807136610747764327e-02,5.116596925665495288e-02,9.586982919573616702e-01,3.199562044219070311e-01
2.285543000000000000e+09,-1.933027256009973299e-02,4.757245779054605772e-02,9.631447818361628110e-01,3.049591828323621745e-01
2.290542000000000000e+09,-2.078396811559160215e-02,4.399482751254862878e-02,9.672517965260772899e-01,2.898429256351491290e-01
2.295541000000000000e+09,-2.243398561134937741e-02,4.044474892911523178e-02,9.710118770676483546e-01,2.746208961726326336e-01
2.300540000000000000e+09,-2.428107809907814607e-02,3.693412144956750853e-02,9.744183440401735785e-01,2.593071563028782056e-01
2.305539000000000000e+09,-2.632519556626878796e-02,3.347501824367164064e-02,9.774653464917423262e-01,2.439163138490389182e-01
2.310538000000000000e+09,-2.856546569736146193e-02,3.007962896146354828e-02,9.801479070790030113e-01,2.284634660467247114e-01
2.315537000000000000e+09,-3.100017886459002781e-02,2.676020062114442544e-02,9.824619630850306429e-01,2.129641392762379182e-01
2.320536000000000000e+09,-3.362677751438240825e-02,2.352897698779777766e-02,9.844044030064534878e-01,1.974342253947995451e-01
2.325535000000000000e+09,-3.644185008950993898e-02,2.039813678064513608e-02,9.859730984263144205e-01,1.818899150103841789e-01
2.330534000000000000e+09,-3.944112960010497798e-02,1.737973105930827947e-02,9.871669309168327189e-01,1.663476280629660187e-01
2.335533000000000000e+09,-4.261949692839227255e-02,1.448562015002326057e-02,9.879858137461376977e-01,1.508239421009061054e-01
2.340532000000000000e+09,-4.597098892276012955e-02,1.172741048077594744e-02,9.884307081948513485e-01,1.353355186594108750e-01
2.345531000000000000e+09,-4.948881130679481932e-02,9.116391699856122438e-03,9.885036343219592014e-01,1.198990281645242878e-01
2.350530000000000000e+09,-5.316535639842449174e-02,6.663474455237836103e-03,9.882076760543915261e-01,1.045310737995900907e-01
2.355529000000000000e+09,-5.699222560355452633e-02,4.379129212482341452e-03,9.875469805108990640e-01,8.924811478157029798e-02
2.360528000000000000e+09,-6.096025661781125787e-02,2.273326486484314631e-03,9.865267515077974503e-01,7.406638950184576964e-02
2.365527000000000000e+09,-6.505955523947383468e-02,3.554788573466154686e-04,9.851532372317520769e-01,5.900183899008971250e-02
2.370526000000000000e+09,-6.927953166663559925e-02,-1.365614866980539464e-03,9.834337121025614747e-01,4.407003116046809971e-02
2.375525000000000000e+09,-7.360894112230906283e-02,-2.881822988868677077e-03,9.813764528866573134e-01,2.928608629679894243e-02
2.380524000000000000e+09,-7.803592862284901288e-02,-4.185731420269385959e-03,9.789907091593739175e-01,1.466460422732805517e-02
2.385523000000000000e+09,-8.254807767789959505e-02,-5.270691018387741074e-03,9.762866682506937677e-01,2.195936306829744558e-04
2.390522000000000000e+09,-8.713246268432142672e-02,-6.130861450418797348e-03,9.732754148448395926e-01,-1.403559609778519748e-02
2.395521000000000000e+09,-9.177570475239221759e-02,-6.761251299373037017e-03,9.699688854384318493e-01,-2.808834000531133107e-02
2.400520000000000000e+09,-9.646403068017996019e-02,-7.157754144340501903e-03,9.663798178947660134e-01,-4.192679937088156228e-02
2.405519000000000000e+09,-1.011833347715452996e-01,-7.317180371585618563e-03,9.625216963627506450e-01,-5.553997974932235737e-02
2.410518000000000000e+09,-1.059192431748137986e-01,-7.237284497446166802e-03,9.584086918580320136e-01,-6.891778491864344880e-02
2.415517000000000000e+09,-1.106571804029544970e-01,-6.916787809924092832e-03,9.540555988305701174e-01,-8.205106640458334488e-02
2.420516000000000000e+09,-1.153824376821207254e-01,-6.355396162874098892e-03,9.494777680672424891e-01,-9.493166828383926836e-02
2.425515000000000000e+09,-1.200802427637792380e-01,-5.553812784609117245e-03,9.446910362998203192e-01,-1.075524669968562219e-01
2.430514000000000000e+09,-1.247358308263571830e-01,-4.513745991329479006e-03,9.397116529077667035e-01,-1.199074059318542135e-01
2.435513000000000000e+09,-1.293345160854435238e-01,-3.237911724816942144e-03,9.345562041215894622e-01,-1.319915245738907394e-01
2.440512000000000000e+09,-1.338617637270166083e-01,-1.730030863108604142e-03,9.292415351460185935e-01,-1.438009820457383792e-01
2.445511000000000000e+09,-1.383032617759828997e-01,5.178717828713141545e-06,9.237846706328854962e-01,-1.553330749011641310e-01
2.450510000000000000e+09,-1.426449925123650653e-01,1.962015324254613290e-03,9.182027339413995071e-01,-1.665862490652573746e-01
2.455509000000000000e+09,-1.468733030498033665e-01,4.133811830698914426e-03,9.125128656284590134e-01,-1.775601058508594898e-01
2.460508000000000000e+09,-1.509749746954318628e-01,6.512959207665596981e-03,9.067321416138429679e-01,-1.882554020143318851e-01
2.465507000000000000e+09,-1.549372907166915170e-01,9.090935099188981322e-03,9.008774914645779619e-01,-1.986740438478679649e-01
2.470506000000000000e+09,-1.587481021490253497e-01,1.185833733166322297e-02,8.949656172397018050e-01,-2.088190753389410625e-01
2.475505000000000000e+09,-1.623958912886218076e-01,1.480492220953481125e-02,8.890129133309676579e-01,-2.186946604601720801e-01
2.480504000000000000e+09,-1.658698325262861484e-01,1.791964742866510377e-02,8.830353877270986640e-01,-2.283060596846631374e-01
2.485503000000000000e+09,-1.691598501919893416e-01,2.119071941453275557e-02,8.770485851189270265e-01,-2.376596008525667936e-01
2.490502000000000000e+09,-1.722566730945691016e-01,2.460564487000605274e-02,8.710675122504869528e-01,-2.467626445441316596e-01
2.495501000000000000e+09,-1.751518854572920447e-01,2.815128629625687773e-02,8.651065659068587488e-01,-2.556235441426734645e-01
2.500500000000000000e+09,-1.778379739674118276e-01,3.181392123052746712e-02,8.591794639135514888e-01,-2.642516007976424830e-01
2.505499000000000000e+09,-1.803083706763758121e-01,3.557930492594602728e-02,8.532991795045662409e-01,-2.726570135231988212e-01
2.510498000000000000e+09,-1.825574915068041981e-01,3.943273618143665338e-02,8.474778793971641244e-01,-2.808508246914074302e-01
2.515497000000000000e+09,-1.845807701427214231e-01,4.335912601396275240e-02,8.417268658909327073e-01,-2.888448612011849104e-01
2.520496000000000000e+09,-1.863746871006391193e-01,4.734306885093494260e-02,8.360565232871095542e-01,-2.966516716245771179e-01
2.525495000000000000e+09,-1.879367938009052497e-01,5.136891590752959424e-02,8.304762689014748567e-01,-3.042844596506829036e-01
2.530494000000000000e+09,-1.892657314811828084e-01,5.542085040197023554e-02,8.249945089205275028e-01,-3.117570141646285320e-01
2.535493000000000000e+09,-1.903612448169075544e-01,5.948296425143913962e-02,8.196185993262684599e-01,-3.190836363144073373e-01
2.540492000000000000e+09,-1.912241901370825836e-01,6.353933588226091944e-02,8.143548120898080889e-01,-3.262790639321735964e-01
2.545491000000000000e+09,-1.918565381477205234e-01,6.757410878028186074e-02,8.092083068083234521e-01,-3.333583936886607701e-01
2.550490000000000000e+09,-1.922613710996349812e-01,7.157157040099254575e-02,8.041831079336283494e-01,-3.403370013699166807e-01
2.555489000000000000e+09,-1.924428743620390236e-01,7.551623105387220147e-02,7.992820877139648061e-01,-3.472304606743423228e-01
2.560488000000000000e+09,-1.924063223885499885e-01,7.939290237172942633e-02,7.945069549435086476e-01,-3.540544609353429295e-01
2.565487000000000000e+09,-1.921580590876540151e-01,8.318677497344019456e-02,7.898582495867122466e-01,-3.608247241804860006e-01
2.570486000000000000e+09,-1.917054726354700256e-01,8.688349492752424352e-02,7.853353433168837050e-01,-3.675569219421454537e-01
2.575485000000000000e+09,-1.910569647946937788e-01,9.046923862443652375e-02,7.809364459805312464e-01,-3.742665922370465581e-01
2.580484000000000000e+09,-1.902219148299237883e-01,9.393078566738759239e-02,7.766586179708654392e-01,-3.809690571329550912e-01
2.585483000000000000e+09,-1.892106381360772749e-01,9.725558939492789934e-02,7.724977884656418770e-01,-3.876793413199540739e-01
2.590482000000000000e+09,-1.880343397232920044e-01,1.004318446535893694e-01,7.684487794562198104e-01,-3.944120921012880254e-01
2.595481000000000000e+09,-1.867050627284999043e-01,1.034485524455412003e-01,7.645053354663454703e-01,-4.011815012145915627e-01
2.600480000000000000e+09,-1.852356321506767045e-01,1.062955810846574062e-01,7.606601588308843365e-01,-4.080012288884305449e-01
2.605479000000000000e+09,-1.836395940335527610e-01,1.089637235046022889e-01,7.569049503764979647e-01,-4.148843305314161567e-01
2.610478000000000000e+09,-1.819311503461834567e-01,1.114447503746672646e-01,7.532304553182674889e-01,-4.218431864416238297e-01
2.615477000000000000e+09,-1.801250898381276389e-01,1.137314586931580107e-01,7.496265141584973479e-01,-4.288894349127036487e-01
2.620476000000000000e+09,-1.782367151719268239e-01,1.158177155442320361e-01,7.460821183466200823e-01,-4.360339090997213951e-01
2.625475000000000000e+09,-1.762817666609381440e-01,1.176984967222976658e-01,7.425854704322538691e-01,-4.432865779925003191e-01
2.630474000000000000e+09,-1.742763429652194329e-01,1.193699199484062334e-01,7.391240484173132730e-01,-4.506564918269166942e-01
2.635473000000000000e+09,-1.722368191218527356e-01,1.208292724256035122e-01,7.356846739876844454e-01,-4.581517322452451357e-01
2.640472000000000000e+09,-1.701797623086698241e-01,1.220750325049126256e-01,7.322535842805727446e-01,-4.657793674952221963e-01
2.645471000000000000e+09,-1.681218457615196449e-01,1.231068852605342462e-01,7.288165068204105479e-01,-4.735454129340009310e-01
2.650470000000000000e+09,-1.660797612848552152e-01,1.239257318019119647e-01,7.253587372343142103e-01,-4.814547970775794328e-01
2.655469000000000000e+09,-1.640701308131453651e-01,1.245336921814959030e-01,7.218652193377753656e-01,-4.895113334087447532e-01
2.660468000000000000e+09,-1.621094174963257084e-01,1.249341017902350498e-01,7.183206271627199380e-01,-4.977176981269335054e-01
2.665467000000000000e+09,-1.602138367958199361e-01,1.251315011679278444e-01,7.147094484835458950e-01,-5.060754139920496941e-01
2.670466000000000000e+09,-1.583992680884289128e-01,1.251316191924210230e-01,7.110160693824302269e-01,-5.145848403809757388e-01
2.675465000000000000e+09,-1.566811672832919278e-01,1.249413496500736132e-01,7.072248593833162511e-01,-5.232451696407132147e-01
2.680464000000000000e+09,-1.550744809620024645e-01,1.245687212296683194e-01,7.033202566748062434e-01,-5.320544297857234817e-01
2.685463000000000000e+09,-1.535935625535415627e-01,1.240228610228238382e-01,6.992868529358160501e-01,-5.410094935494981216e-01
2.690462000000000000e+09,-1.522520910538335270e-01,1.233139516556442800e-01,6.951094772745752826e-01,-5.501060937617316959e-01
2.695461000000000000e+09,-1.510629927942287176e-01,1.224531822184975333e-01,6.907732787914739880e-01,-5.593388449831420139e-01
2.700460000000000000e+09,-1.500383667539800514e-01,1.214526932031406298e-01,6.862638072795808064e-01,-5.687012712900780809e-01
2.705459000000000000e+09,-1.491894138986699092e-01,1.203255156985019447e-01,6.815670915834282084e-01,-5.781858400610965232e-01
2.710458000000000000e+09,-1.485263710095602874e-01,1.190855051379070551e-01,6.766697151470296712e-01,-5.877840015777856530e-01
2.715457000000000000e+09,-1.480584494479062485e-01,1.177472699310130599e-01,6.715588882960874528e-01,-5.974862342128549608e-01
2.720456000000000000e+09,-1.477937792735054823e-01,1.163260953527502917e-01,6.662225168169316758e-01,-6.072820949400710155e-01
2.725455000000000000e+09,-1.477393591081524737e-01,1.148378630987721832e-01,6.606492664159601125e-01,-6.171602748634762436e-01
2.730454000000000000e+09,-1.479010121024567082e-01,1.132989669518470743e-01,6.548286226680315458e-01,-6.271086594278705295e-01
2.735453000000000000e+09,-1.482833483287712140e-01,1.117262250359206677e-01,6.487509460903888581e-01,-6.371143929390430394e-01
2.740452000000000000e+09,-1.488897338840606266e-01,1.101367891637917984e-01,6.424075220099906280e-01,-6.471639469912400244e-01
2.745451000000000000e+09,-1.497222669446669208e-01,1.085480518101895331e-01,6.357906049264425707e-01,-6.572431923710181367e-01
2.750450000000000000e+09,-1.507817609704529549e-01,1.069775512641118476e-01,6.288934571097889448e-01,-6.673374739814335044e-01
2.755449000000000000e+09,-1.520677352090834822e-01,1.054428755323416761e-01,6.217103812119016970e-01,-6.774316883087049268e-01
2.760448000000000000e+09,-1.535784126026564500e-01,1.039615655798196564e-01,6.142367467118050595e-01,-6.875103629353056522e-01
2.765447000000000000e+09,-1.553107251489625473e-01,1.025510185018117248e-01,6.064690100585778954e-01,-6.975577375891920395e-01
2.770446000000000000e+09,-1.572603267187901166e-01,1.012283912274416497e-01,5.984047284201267081e-01,-7.075578462086566933e-01
2.775445000000000000e+09,-1.594216132794018248e-01,1.000105053540192301e-01,5.900425669916410376e-01,-7.174945994963625173e-01
2.780444000000000000e+09,-1.617877504230706975e-01,9.891375370669139300e-02,5.813822998635346240e-01,-7.273518674344296997e-01
2.785443000000000000e+09,-1.643507080488919581e-01,9.795400920825078628e-02,5.724248044946400604e-01,-7.371135612351980004e-01
2.790442000000000000e+09,-1.671013019964628643e-01,9.714653662956507230e-02,5.631720498819878795e-01,-7.467637142092731217e-01
2.795441000000000000e+09,-1.700292423819357024e-01,9.650590777214805571e-02,5.536270785630654778e-01,-7.562865610438647135e-01
2.800440000000000000e+09,-1.731231883408709538e-01,9.604592061109305801e-02,5.437939826297487622e-01,-7.656666149998190285e-01
2.805439000000000000e+09,-1.763708088386704842e-01,9.577952289915049600e-02,5.336778739745327016e-01,-7.748887425553010466e-01
2.810438000000000000e+09,-1.797588491685538081e-01,9.571874070146922653e-02,5.232848490290350485e-01,-7.839382350472168248e-01
2.815437000000000000e+09,-1.832732027194466928e-01,9.587461229575196253e-02,5.126219482914382564e-01,-7.928008768882450763e-01
2.820436000000000000e+09,-1.868989875620746255e-01,9.625712783467416100e-02,5.016971109733900924e-01,-8.014630099672666041e-01
2.825435000000000000e+09,-1.906206273712476862e-01,9.687517512679771903e-02,4.905191251275752840e-01,-8.099115938737150300e-01
2.830434000000000000e+09,-1.944219361760685105e-01,9.773649184928449862e-02,4.790975736443415234e-01,-8.181342616216713548e-01
2.835433000000000000e+09,-1.982862064076770514e-01,9.884762446093853239e-02,4.674427765293834858e-01,-8.261193705868591364e-01
2.840432000000000000e+09,-2.021962996963580228e-01,1.002138940379237730e-01,4.555657298941954148e-01,-8.338560484087523816e-01
2.845431000000000000e+09,-2.061347398563324329e-01,1.018393692073731455e-01,4.434780421069354217e-01,-8.413342336503010221e-01
2.850430000000000000e+09,-2.100838074874683825e-01,1.037268463064761476e-01,4.311918675631604136e-01,-8.485447110489656719e-01
2.855429000000000000e+09,-2.140256356182827779e-01,1.058778368469386749e-01,4.187198385438549164e-01,-8.554791412343053514e-01
2.860428000000000000e+09,-2.179423058140028957e-01,1.082925623173734836e-01,4.060749956321054732e-01,-8.621300848290152086e-01
2.865427000000000000e+09,-2.218159441768566831e-01,1.109699563095896402e-01,3.932707171599356677e-01,-8.684910208915092023e-01
2.870426000000000000e+09,-2.256288166730820999e-01,1.139076739092790974e-01,3.803206481531731242e-01,-8.745563596986447585e-01
2.875425000000000000e+09,-2.293634232320973521e-01,1.171021082475680736e-01,3.672386292350671710e-01,-8.803214499066023269e-01
2.880424000000000000e+09,-2.330025900776601655e-01,1.205484140676215121e-01,3.540386259388016987e-01,-8.857825801658814058e-01
2.885423000000000000e+09,-2.365295597683703677e-01,1.242405381201884679e-01,3.407346588654113217e-01,-8.909369753026631367e-01
2.890422000000000000e+09,-2.399280784452747783e-01,1.281712561639114789e-01,3.273407351069815285e-01,-8.957827872131242097e-01
2.895421000000000000e+09,-2.431824798073036198e-01,1.323322163105253579e-01,3.138707813358271315e-01,-9.003190806493931442e-01
2.900420000000000000e+09,-2.462777653605271455e-01,1.367139884219109591e-01,3.003385789387715832e-01,-9.045458141056765822e-01
2.905419000000000000e+09,-2.491996805144416072e-01,1.413061192354147233e-01,2.867577015520610395e-01,-9.084638160403109008e-01
2.910418000000000000e+09,-2.519347861274220945e-01,1.460971928659830499e-01,2.731414553270366530e-01,-9.120747566942059015e-01
2.915417000000000000e+09,-2.544705251338062468e-01,1.510748963084822816e-01,2.595028222298527698e-01,-9.153811157881092120e-01
2.920416000000000000e+09,-2.567952839165486001e-01,1.562260895411184403e-01,2.458544066504479431e-01,-9.183861464003917341e-01
2.925415000000000000e+09,-2.588984481217399547e-01,1.615368798110494164e-01,2.322083855670696861e-01,-9.210938353435377257e-01
2.930414000000000000e+09,-2.607704526443419546e-01,1.669926996660812402e-01,2.185764624829923952e-01,-9.235088603713585975e-01
2.935413000000000000e+09,-2.624028255479811667e-01,1.725783882817017445e-01,2.049698253220556821e-01,-9.256365445600086561e-01
2.940412000000000000e+09,-2.637882257154380850e-01,1.782782756204385477e-01,1.913991084395325892e-01,-9.274828082144095376e-01
2.945411000000000000e+09,-2.649204740604047537e-01,1.840762689506999783e-01,1.778743588746208026e-01,-9.290541186575993482e-01
2.950410000000000000e+09,-2.657945781650048467e-01,1.899559412446022444e-01,1.644050069410503967e-01,-9.303574382640580342e-01
2.955409000000000000e+09,-2.664067502414104172e-01,1.959006209688273770e-01,1.509998412227293862e-01,-9.314001710991923755e-01
2.960408000000000000e+09,-2.667544183495296761e-01,2.018934827790911934e-01,1.376669880125662715e-01,-9.321901085261299347e-01
2.965407000000000000e+09,-2.668362308361384438e-01,2.079176386273434152e-01,1.244138952043278012e-01,-9.327353741377865104e-01
2.970406000000000000e+09,-2.666520539939337131e-01,2.139562287911751515e-01,1.112473206200823156e-01,-9.330443683670417432e-01
2.975405000000000000e+09,-2.662029629717460599e-01,2.199925123371236635e-01,9.817332472932278897e-02,-9.331257131208494648e-01
2.980404000000000000e+09,-2.654912259995895196e-01,2.260099565334494631e-01,8.519726769047505921e-02,-9.329881967753606009e-01
2.985403000000000000e+09,-2.645202820242616437e-01,2.319923247336277417e-01,7.232381062116506609e-02,-9.326407198587947089e-01
2.990402000000000000e+09,-2.632947118828921074e-01,2.379237622590822665e-01,5.955692098043055549e-02,-9.320922417369097435e-01
2.995401000000000000e+09,-2.618202031731334256e-01,2.437888798186886585e-01,4.689988192410490808e-02,-9.313517286026521402e-01
3.000400000000000000e+09,-2.601035090095434321e-01,2.495728340132414014e-01,3.435530547388442046e-02,-9.304281030570055178e-01
3.005399000000000000e+09,-2.581524008861798558e-01,2.552614044854571440e-01,2.192514932113884263e-02,-9.293301955522665914e-01
3.010398000000000000e+09,-2.559756158953822025e-01,2.608410672902324312e-01,9.610737068415756840e-03,-9.280666979520768578e-01
3.015397000000000000e+09,-2.535827985821760278e-01,2.662990640757836314e-01,-2.587218305193368043e-03,-9.266461194445970717e-01
3.020396000000000000e+09,-2.509844377426043160e-01,2.716234666840912082e-01,-1.466858798398545764e-02,-9.250767450263270852e-01
3.025395000000000000e+09,-2.481917985024571227e-01,2.768032367987488529e-01,-2.663379810402168035e-02,-9.233665967542740161e-01
3.030394000000000000e+09,-2.452168500402719387e-01,2.818282802900121675e-01,-3.848379804558350881e-02,-9.215233979435738521e-01
3.035393000000000000e+09,-2.420721893449455653e-01,2.866894959304919777e-01,-5.022002649630175758e-02,-9.195545404663623135e-01
3.040392000000000000e+09,-2.387709614236868672e-01,2.913788181807571709e-01,-6.184437556102614225e-02,-9.174670552856557526e-01
3.045391000000000000e+09,-2.353267764001797380e-01,2.958892537719622906e-01,-7.335915320235965320e-02,-9.152675863354444719e-01
3.050390000000000000e+09,-2.317536239655128283e-01,3.002149118426505336e-01,-8.476704430200987517e-02,-9.129623678350855531e-01
3.055389000000000000e+09,-2.280657856654487448e-01,3.043510274190094900e-01,-9.607107063764606936e-02,-9.105572051025804248e-01
3.060388000000000000e+09,-2.242777455267379594e-01,3.082939780621087311e-01,-1.072745500727915746e-01,-9.080574589074789094e-01
3.065387000000000000e+09,-2.204040995421308047e-01,3.120412935419216716e-01,-1.183810552582891529e-01,-9.054680333801076175e-01
3.070386000000000000e+09,-2.164594645483459978e-01,3.155916584361573851e-01,-1.293943721431410621e-01,-9.027933674696415611e-01
3.075385000000000000e+09,-2.124583870431539234e-01,3.189449075919835175e-01,-1.403184585898140102e-01,-9.000374299194154881e-01
3.080384000000000000e+09,-2.084152524967364806e-01,3.221020144304224675e-01,-1.511574033846354026e-01,-8.972037177038814093e-01
3.085383000000000000e+09,-2.043441957183524671e-01,3.250650721163546586e-01,-1.619153859273653739e-01,-8.942952578479236303e-01
3.090382000000000000e+09,-2.002590128417318371e-01,3.278372676614680903e-01,-1.725966368757107794e-01,-8.913146125260223984e-01
3.095381000000000000e+09,-1.961730754915034514e-01,3.304228490727601497e-01,-1.832054000101430713e-01,-8.882638873161332604e-01
3.100380000000000000e+09,-1.920992476879248845e-01,3.328270857051745524e-01,-1.937458955721915455e-01,-8.851447424613343440e-01
3.105379000000000000e+09,-1.880498060382580494e-01,3.350562220231171895e-01,-2.042222853152132755e-01,-8.819584069714347940e-01
3.110378000000000000e+09,-1.840363637500395388e-01,3.371174250217250923e-01,-2.146386394906999728e-01,-8.787056953770220336e-01
3.115377000000000000e+09,-1.800697989842963420e-01,3.390187256042941910e-01,-2.249989059754247678e-01,-8.753870269300536577e-01
3.120376000000000000e+09,-1.761601880452543512e-01,3.407689542569481977e-01,-2.353068817253555212e-01,-8.720024470282292661e-01
3.125375000000000000e+09,-1.723167438774422799e-01,3.423776714048368253e-01,-2.455661867213120853e-01,-8.685516506252017876e-01
3.130374000000000000e+09,-1.685477603112769396e-01,3.438550928755871872e-01,-2.557802405489854047e-01,-8.650340073753327585e-01
3.135373000000000000e+09,-1.648605624643879330e-01,3.452120109348531529e-01,-2.659522417322901511e-01,-8.614485882504215875e-01
3.140372000000000000e+09,-1.612614636682783709e-01,3.464597113951842777e-01,-2.760851499143912036e-01,-8.577941933566473054e-01
3.145371000000000000e+09,-1.577557292486155560e-01,3.476098873327018168e-01,-2.861816709551217031e-01,-8.540693806730760285e-01
3.150370000000000000e+09,-1.543475474428962491e-01,3.486745499757194500e-01,-2.962442449873227690e-01,-8.502724954286352554e-01
3.155369000000000000e+09,-1.510400076915995593e-01,3.496659373551888605e-01,-3.062750374479929483e-01,-8.464016998323875551e-01
3.160368000000000000e+09,-1.478350864888271221e-01,3.505964213283088715e-01,-3.162759330732674568e-01,-8.424550028724718809e-01
3.165367000000000000e+09,-1.447336409260633339e-01,3.514784136035166151e-01,-3.262485328195811052e-01,-8.384302899021423006e-01
3.170366000000000000e+09,-1.417354100086903601e-01,3.523242714071633808e-01,-3.361941536468488478e-01,-8.343253517369626504e-01
3.175365000000000000e+09,-1.388390237696763008e-01,3.531462034392325311e-01,-3.461138310737769119e-01,-8.301379129953844194e-01
3.180364000000000000e+09,-1.360420201489595249e-01,3.539561767674277992e-01,-3.560083243903679473e-01,-8.258656594255817662e-01
3.185363000000000000e+09,-1.333408695510282793e-01,3.547658253056868993e-01,-3.658781243889253076e-01,-8.215062639744489248e-01
3.190362000000000000e+09,-1.307310069375684503e-01,3.555863605147604467e-01,-3.757234634522634287e-01,-8.170574113699949903e-01
3.195361000000000000e+09,-1.282068712573675717e-01,3.564284849489062212e-01,-3.855443278170076482e-01,-8.125168210058172358e-01
3.200360000000000000e+09,-1.257619519624278148e-01,3.573023092541910972e-01,-3.953404718107060845e-01,-8.078822679357382519e-01
3.205359000000000000e+09,-1.233888423079929492e-01,3.582172732005041715e-01,-4.051114338443956853e-01,-8.031516018078923569e-01
3.210358000000000000e+09,-1.210792990853822165e-01,3.591820713014295396e-01,-4.148565539272933145e-01,-7.983227635903098474e-01
3.215357000000000000e+09,-1.188243083905941300e-01,3.602045835439026678e-01,-4.245749924576791012e-01,-7.933937999640895411e-01
3.220356000000000000e+09,-1.166141569890142560e-01,3.612918117134337748e-01,-4.342657500338264476e-01,-7.883628752854601185e-01
3.225355000000000000e+09,-1.144385087975504506e-01,3.624498217609953277e-01,-4.439276880211675547e-01,-7.832282810439732401e-01
3.230354000000000000e+09,-1.122864859704518214e-01,3.636836926148613869e-01,-4.535595496068122179e-01,-7.779884427706882377e-01
3.235353000000000000e+09,-1.101467540441932180e-01,3.649974717952241265e-01,-4.631599810700368081e-01,-7.726419243770306089e-01
3.240352000000000000e+09,-1.080076105702690165e-01,3.663941381417182841e-01,-4.727275529975691892e-01,-7.671874299319182411e-01
3.245351000000000000e+09,-1.058570766427146953e-01,3.678755719145551661e-01,-4.822607811752052109e-01,-7.616238029114524855e-01
3.250350000000000000e+09,-1.036829907097170933e-01,3.694425324792847687e-01,-4.917581468926109922e-01,-7.559500229816630279e-01
3.255349000000000000e+09,-1.014731040457752670e-01,3.710946437336860582e-01,-5.012181164059303917e-01,-7.501652004002936636e-01
3.260348000000000000e+09,-9.921517725251573216e-02,3.728303873834556414e-01,-5.106391593129631090e-01,-7.442685681481701065e-01
3.265347000000000000e+09,-9.689707715238145280e-02,3.746471041215695408e-01,-5.200197656080214337e-01,-7.382594719241073467e-01
3.270346000000000000e+09,-9.450687343982218380e-02,3.765410027149019845e-01,-5.293584611981082544e-01,-7.321373581593326740e-01
3.275345000000000000e+09,-9.203293445916096993e-02,3.785071769512381445e-01,-5.386538216784506616e-01,-7.259017602279654868e-01
3.280344000000000000e+09,-8.946402148684100275e-02,3.805396303505468869e-01,-5.479044841836971935e-01,-7.195522830488824129e-01
3.285343000000000000e+09,-8.678938090796022020e-02,3.826313084965963784e-01,-5.571091571508469675e-01,-7.130885862913802775e-01
3.290342000000000000e+09,-8.399883369267407973e-02,3.847741387989398465e-01,-5.662666278512979989e-01,-7.065103664120835347e-01
3.295341000000000000e+09,-8.108286159694376438e-02,3.869590774512076115e-01,-5.753757675718416120e-01,-6.998173377636214276e-01
3.300340000000000000e+09,-7.803268953390277152e-02,3.891761633096484929e-01,-5.844355343479757936e-01,-6.930092130265408379e-01
3.305339000000000000e+09,-7.484036358659040822e-02,3.914145783761658337e-01,-5.934449731772797332e-01,-6.860856832246782222e-01
3.310338000000000000e+09,-7.149882415969062432e-02,3.936627145327081245e-01,-6.024032136656225500e-01,-6.790463975908019867e-01
3.315337000000000000e+09,-6.800197379690997579e-02,3.959082461389520358e-01,-6.113094650845016798e-01,-6.718909435536145613e-01
3.320336000000000000e+09,-6.434473922158705228e-02,3.981382080727250417e-01,-6.201630088435907684e-01,-6.646188271193091968e-01
3.325335000000000000e+09,-6.052312719074991187e-02,4.003390787625875080e-01,-6.289631884084858626e-01,-6.572294539206608999e-01
3.330334000000000000e+09,-5.653427378696427447e-02,4.024968677344536450e-01,-6.377093967194686908e-01,-6.497221112042121938e-01
3.335333000000000000e+09,-5.237648680778645566e-02,4.045972071689689642e-01,-6.464010611927334393e-01,-6.420959510214464538e-01
3.340332000000000000e+09,-4.804928094927130716e-02,4.066254469436700880e-01,-6.550376264107043989e-01,-6.343499748829989349e-01
3.345331000000000000e+09,-4.355340551771334084e-02,4.085667526135416394e-01,-6.636185346327182488e-01,-6.264830201259533604e-01
3.350330000000000000e+09,-3.889086444244596596e-02,4.104062057655774032e-01,-6.721432042812965912e-01,-6.184937482331307468e-01
3.355329000000000000e+09,-3.406492840209585787e-02,4.121289061671778442e-01,-6.806110065822632560e-01,-6.103806353301082233e-01
3.360328000000000000e+09,-2.908013891708293927e-02,4.137200751147649402e-01,-6.890212405590060429e-01,-6.021419650704917803e-01
3.365327000000000000e+09,-2.394230430232098181e-02,4.151651593778006855e-01,-6.973731066020543157e-01,-5.937758241028656681e-01
3.370326000000000000e+09,-1.865848741600138055e-02,4.164499351244850822e-01,-7.056656788546774584e-01,-5.852801002937776387e-01
3.375325000000000000e+09,-1.323698518299687259e-02,4.175606112088643407e-01,-7.138978766732910763e-01,-5.766524838603540593e-01
3.380324000000000000e+09,-7.687299914787705524e-03,4.184839311948623797e-01,-7.220684354378994474e-01,-5.678904715435961759e-01
3.385323000000000000e+09,-2.020102491825738304e-03,4.192072734910716747e-01,-7.301758770025124079e-01,-5.589913739292962092e-01
3.390322000000000000e+09,3.752812481075800191e-03,4.197187489709682251e-01,-7.382184800882177766e-01,-5.499523259978749135e-01
3.395321000000000000e+09,9.618579390530764342e-03,4.200072954568003225e-01,-7.461942509323372663e-01,-5.407703009574055253e-01
3.400320000000000000e+09,1.556332199998406579e-02,4.200627684517815874e-01,-7.541008945155508458e-01,-5.314421273858682682e-01
3.405319000000000000e+09,2.157222125708279162e-02,4.198760275146412591e-01,-7.619357866950272618e-01,-5.219645096792833172e-01
3.410318000000000000e+09,2.762959022899060327e-02,4.194390176831585548e-01,-7.696959475752841451e-01,-5.123340517721027831e-01
3.415317000000000000e+09,3.371895582514662648e-02,4.187448453692336203e-01,-7.773780164494690226e-01,-5.025472840652140949e-01
3.420316000000000000e+09,3.982314692065482692e-02,4.177878481675133537e-01,-7.849782286420634581e-01,-4.926006934653472391e-01
3.425315000000000000e+09,4.592438844753536642e-02,4.165636580427248270e-01,-7.924923945794317692e-01,-4.824907564078043110e-01
3.430314000000000000e+09,5.200440097579200893e-02,4.150692573878869140e-01,-7.999158814070979062e-01,-4.722139747025192458e-01
3.435313000000000000e+09,5.804450526195081839e-02,4.133030274765264744e-01,-8.072435974620822963e-01,-4.617669140116790749e-01
3.440312000000000000e+09,6.402573119983384631e-02,4.112647888671125407e-01,-8.144699798950015834e-01,-4.511462447359655958e-01
3.445311000000000000e+09,6.992893056719283462e-02,4.089558333570985083e-01,-8.215889857198712676e-01,-4.403487850559409389e-01
3.450310000000000000e+09,7.573489292295601527e-02,4.063789471273559495e-01,-8.285940865497593011e-01,-4.293715458457713074e-01
3.455309000000000000e+09,8.142446397359767718e-02,4.035384247652790690e-01,-8.354782672534938337e-01,-4.182117771485514557e-01
3.460308000000000000e+09,8.697866569418179206e-02,4.004400739063659898e-01,-8.422340287427263483e-01,-4.068670158762711098e-01
3.465307000000000000e+09,9.237881746026745111e-02,3.970912102895149398e-01,-8.488533950699238551e-01,-3.953351343733725876e-01
3.470306000000000000e+09,9.760665742177153381e-02,3.935006430803288935e-01,-8.553279249863042777e-01,-3.836143894611694916e-01
3.475305000000000000e+09,1.026444633294515824e-01,3.896786503791447864e-01,-8.616487280746923938e-01,-3.717034715614576657e-01
3.480304000000000000e+09,1.074751720094270224e-01,3.856369448959124924e-01,-8.678064855359610696e-01,-3.596015534817637582e-01
3.485303000000000000e+09,1.120824966715788656e-01,3.813886298419582599e-01,-8.737914756692963802e-01,-3.473083384321814515e-01
3.490302000000000000e+09,1.164510412340887119e-01,3.769481451586418896e-01,-8.795936040465123229e-01,-3.348241068347700966e-01
3.495301000000000000e+09,1.205664108492482678e-01,3.723312042742676353e-01,-8.852024383391638995e-01,-3.221497614815476696e-01
3.500300000000000000e+09,1.244153178252411784e-01,3.675547216527871863e-01,-8.906072477148738731e-01,-3.092868705960339359e-01
3.505299000000000000e+09,1.279856821550988677e-01,3.626367314700617017e-01,-8.957970466763622852e-01,-2.962377083565826963e-01
3.510298000000000000e+09,1.312667258876029086e-01,3.575962978250197266e-01,-9.007606431737030794e-01,-2.830052924472298281e-01
3.515297000000000000e+09,1.342490606056254976e-01,3.524534169631956537e-01,-9.054866907777144869e-01,-2.695934182137901258e-01
3.520296000000000000e+09,1.369247673151619826e-01,3.472289120579891697e-01,-9.099637446607059532e-01,-2.560066890191263211e-01
3.525295000000000000e+09,1.392874680930367426e-01,3.419443211598370835e-01,-9.141803210904243526e-01,-2.422505424122317896e-01
3.530294000000000000e+09,1.413323888926474592e-01,3.366217789844379027e-01,-9.181249601045452513e-01,-2.283312717504301648e-01
3.535293000000000000e+09,1.430564129647933502e-01,3.312838932675268855e-01,-9.217862909968657092e-01,-2.142560429429336277e-01
3.540292000000000000e+09,1.444581244142140730e-01,3.259536164646441025e-01,-9.251531002129199655e-01,-2.000329060164551254e-01
3.545291000000000000e+09,1.455378414812835697e-01,3.206541136192240793e-01,-9.282144012225790330e-01,-1.856708012396268426e-01
3.550290000000000000e+09,1.462976392117950331e-01,3.154086272605741148e-01,-9.309595059104978088e-01,-1.711795595821322957e-01
3.555289000000000000e+09,1.467413612551562718e-01,3.102403402242494557e-01,-9.333780970026129831e-01,-1.565698973262399651e-01
3.560288000000000000e+09,1.468746206117912678e-01,3.051722373106640629e-01,-9.354603010284266995e-01,-1.418534046925603587e-01
3.565287000000000000e+09,1.467047892332681014e-01,3.002269667130418873e-01,-9.371967613047620382e-01,-1.270425283876519540e-01
3.570286000000000000e+09,1.462409764627077002e-01,2.954267021528512727e-01,-9.385787104173068940e-01,-1.121505480283280926e-01
3.575285000000000000e+09,1.454939963874820885e-01,2.907930066595098562e-01,-9.395980416716226413e-01,-9.719154644528217590e-02
3.580284000000000000e+09,1.444763242600779485e-01,2.863466989214168423e-01,-9.402473789854035591e-01,-8.218037391682063431e-02
3.585283000000000000e+09,1.432020422254384473e-01,2.821077231174187738e-01,-9.405201446986516389e-01,-6.713260643116637783e-02
3.590282000000000000e+09,1.416867746730816613e-01,2.780950231118031746e-01,-9.404106247880060776e-01,-5.206449812279413669e-02
3.595281000000000000e+09,1.399476136090430922e-01,2.743264218623073791e-01,-9.399140309854302489e-01,-3.699292807372610986e-02
3.600280000000000000e+09,1.380030345153627769e-01,2.708185068497666603e-01,-9.390265593198328098e-01,-2.193534171449131390e-02
3.605279000000000000e+09,1.358728032326440016e-01,2.675865222905683960e-01,-9.377454446224341433e-01,-6.909687100897015863e-03
3.610278000000000000e+09,1.335778744635806592e-01,2.646442688396159482e-01,-9.360690105627303970e-01,8.065653618418031079e-03
3.615277000000000000e+09,1.311402825516317094e-01,2.620040114327433223e-01,-9.339967148111038009e-01,2.297193719286893740e-02
3.620276000000000000e+09,1.285830252387980821e-01,2.596763958542832595e-01,-9.315291889563798167e-01,3.779013633593866078e-02
3.625275000000000000e+09,1.259299411493470244e-01,2.576703745485162123e-01,-9.286682728412009036e-01,5.250102045401545264e-02
3.630274000000000000e+09,1.232055817821396254e-01,2.559931421239535765e-01,-9.254170430148285220e-01,6.708523960032367062e-02
3.635273000000000000e+09,1.204350788227201985e-01,2.546500809275414889e-01,-9.217798350411856578e-01,8.152341119474224018e-02
3.640272000000000000e+09,1.176440076076126773e-01,2.536447169929261780e-01,-9.177622594393819444e-01,9.579620903246102714e-02
3.645271000000000000e+09,1.148582475873301950e-01,2.529786865935441109e-01,-9.133712110740104251e-01,1.098844540905654504e-01
3.650270000000000000e+09,1.121038406417131789e-01,2.526517135583831730e-01,-9.086148718528829216e-01,1.237692066313233058e-01
3.655269000000000000e+09,1.094068481015372241e-01,2.526615974365048478e-01,-9.035027066301408727e-01,1.374318590944136331e-01
3.660268000000000000e+09,1.067932073243494928e-01,2.530042125264382880e-01,-8.980454522524259353e-01,1.508542292671478657e-01
3.665267000000000000e+09,1.042885886605721124e-01,2.536735177190449497e-01,-8.922550997248545057e-01,1.640186532217736137e-01
3.670266000000000000e+09,1.019182536284933965e-01,2.546615770378271026e-01,-8.861448695114412244e-01,1.769080775120708549e-01
3.675265000000000000e+09,9.970691509451688750e-02,2.559585906994180649e-01,-8.797291800213399293e-01,1.895061501271900206e-01
3.680264000000000000e+09,9.767860022836100109e-02,2.575529364594514314e-01,-8.730236093674187403e-01,2.017973097090714207e-01
3.685263000000000000e+09,9.585651697250588410e-02,2.594312209554462401e-01,-8.660448505173843348e-01,2.137668725500722899e-01
3.690262000000000000e+09,9.426292473156225316e-02,2.615783407089034562e-01,-8.588106599895231064e-01,2.254011168999970616e-01
3.695261000000000000e+09,9.291900995101370908e-02,2.639775524036018783e-01,-8.513398002754660743e-01,2.366873641255014260e-01
3.700260000000000000e+09,9.184476721649123543e-02,2.666105520161107245e-01,-8.436519762008171108e-01,2.476140562803858247e-01
3.705259000000000000e+09,9.105888646491011595e-02,2.694575623376948559e-01,-8.357677654614401597e-01,2.581708296616307408e-01
3.710258000000000000e+09,9.057864685788342973e-02,2.724974283940362896e-01,-8.277085435984484763e-01,2.683485839435214015e-01
3.715257000000000000e+09,9.041981782630437170e-02,2.757077202402116178e-01,-8.194964036987855138e-01,2.781395465003186351e-01
3.720256000000000000e+09,9.059656775318911115e-02,2.790648425830702384e-01,-8.111540711307633211e-01,2.875373315466647761e-01
3.725255000000000000e+09,9.112138072012757051e-02,2.825441506611317544e-01,-8.027048136452169524e-01,2.965369937441659220e-01
3.730254000000000000e+09,9.200498170127362207e-02,2.861200717931839388e-01,-7.941723471931902978e-01,3.051350759421862513e-01
3.735253000000000000e+09,9.325627054785025349e-02,2.897662319905388029e-01,-7.855807378304063837e-01,3.133296507409937259e-01
3.740252000000000000e+09,9.488226506584220010e-02,2.934555870140922451e-01,-7.769543000974552527e-01,3.211203555857827796e-01
3.745251000000000000e+09,9.688805344989979973e-02,2.971605572456449407e-01,-7.683174922825848352e-01,3.285084211210424487e-01
3.750250000000000000e+09,9.927675629751850361e-02,3.008531657330462128e-01,-7.596948089916457647e-01,3.354966925561316260e-01
3.755249000000000000e+09,1.020494983892290264e-01,3.045051787604272642e-01,-7.511106714668076556e-01,3.420896438150935470e-01
3.760248000000000000e+09,1.052053903827100401e-01,3.080882482877271844e-01,-7.425893161125987074e-01,3.482933842665809077e-01
3.765247000000000000e+09,1.087415205313201627e-01,3.115740555978814275e-01,-7.341546817043465012e-01,3.541156578536887034e-01
3.770246000000000000e+09,1.126529565003009797e-01,3.149344554851010169e-01,-7.258302957704003688e-01,3.595658344685004337e-01
3.775245000000000000e+09,1.169327573166977358e-01,3.181416203136796517e-01,-7.176391606553570446e-01,3.646548934425813404e-01
3.780244000000000000e+09,1.215719954515639828e-01,3.211681832735919784e-01,-7.096036397870703061e-01,3.693953990525296605e-01
3.785243000000000000e+09,1.265597889951631250e-01,3.239873801568652345e-01,-7.017453446849839516e-01,3.738014679694052211e-01
3.790242000000000000e+09,1.318833438473025199e-01,3.265731889773592633e-01,-6.940850232614503845e-01,3.778887286124291145e-01
3.795241000000000000e+09,1.375280058055247112e-01,3.289004667563706352e-01,-6.866424499807007864e-01,3.816742724009943299e-01
3.800240000000000000e+09,1.434773223934007191e-01,3.309450827974667608e-01,-6.794363184518578125e-01,3.851765969348591723e-01
3.805239000000000000e+09,1.497131142295130835e-01,3.326840477765573012e-01,-6.724841370424585740e-01,3.884155411705529359e-01
3.810238000000000000e+09,1.562155556946987767e-01,3.340956379775510410e-01,-6.658021281070725106e-01,3.914122127024778353e-01
3.815237000000000000e+09,1.629632646108489791e-01,3.351595140104705606e-01,-6.594051314312338041e-01,3.941889072999412158e-01
3.820236000000000000e+09,1.699334005987941931e-01,3.358568333579091125e-01,-6.533065124939335666e-01,3.967690208964741450e-01
3.825235000000000000e+09,1.771017717358781829e-01,3.361703561076109237e-01,-6.475180761515229033e-01,3.991769542748613842e-01
3.830234000000000000e+09,1.844429490856711595e-01,3.360845432441432190e-01,-6.420499863420109365e-01,4.014380107405435827e-01
3.835233000000000000e+09,1.919303886232284206e-01,3.355856468914734103e-01,-6.369106924006738835e-01,4.035782871267412641e-01
3.840232000000000000e+09,1.995365600295675168e-01,3.346617919211953285e-01,-6.321068625654868711e-01,4.056245585268176690e-01
3.845231000000000000e+09,2.072330817791040447e-01,3.333030483684769063e-01,-6.276433252334372437e-01,4.076041572024275972e-01
3.850230000000000000e+09,2.149908618939099236e-01,3.315014941299224138e-01,-6.235230185063493913e-01,4.095448461694931597e-01
3.855229000000000000e+09,2.227802436895618132e-01,3.292512674546171358e-01,-6.197469485366918773e-01,4.114746880173985599e-01
3.860228000000000000e+09,2.305711557894074559e-01,3.265486087820510530e-01,-6.163141571501233873e-01,4.134219095694715573e-01
3.865227000000000000e+09,2.383332656380698356e-01,3.233918915283201523e-01,-6.132216991818615348e-01,4.154147630440764849e-01
3.870226000000000000e+09,2.460361357015867778e-01,3.197816414752516212e-01,-6.104646299182433511e-01,4.174813844248174144e-01
3.875225000000000000e+09,2.536493815013449726e-01,3.157205444757016366e-01,-6.080360029833727920e-01,4.196496497946467508e-01
3.880224000000000000e+09,2.611428305928733540e-01,3.112134422522070398e-01,-6.059268789531830901e-01,4.219470304313841513e-01
3.885223000000000000e+09,2.684866815691331343e-01,3.062673161351205930e-01,-6.041263449163006838e-01,4.244004475004624077e-01
3.890222000000000000e+09,2.756516621421270519e-01,3.008912586600041017e-01,-6.026215451326878414e-01,4.270361272137702668e-01
3.895221000000000000e+09,2.826091853369399609e-01,2.950964330219712495e-01,-6.013977228679119325e-01,4.298794573506999894e-01
3.900220000000000000e+09,2.893315028196618011e-01,2.888960204661730202e-01,-6.004382734033614222e-01,4.329548460580261993e-01
3.905219000000000000e+09,2.957918543754046725e-01,2.823051557781703913e-01,-5.997248081417188015e-01,4.362855838584787649e-01
3.910218000000000000e+09,3.019646125554923954e-01,2.753408511246323576e-01,-5.992372296429445688e-01,4.398937098031837079e-01
3.915217000000000000e+09,3.078254215242895997e-01,2.680219085828302039e-01,-5.989538173401366405e-01,4.437998827001991553e-01
3.920216000000000000e+09,3.133513291563578829e-01,2.603688217858122211e-01,-5.988513235975703175e-01,4.480232583394490042e-01
3.925215000000000000e+09,3.185209114639503958e-01,2.524036671978649449e-01,-5.989050796860835302e-01,4.525813736135849141e-01
3.930214000000000000e+09,3.233143884733190032e-01,2.441499856209337072e-01,-5.990891111649838674e-01,4.574900384042164259e-01
3.935213000000000000e+09,3.277137307159040391e-01,2.356326546158951929e-01,-5.993762620754635728e-01,4.627632360636836917e-01
3.940212000000000000e+09,3.317027555569668773e-01,2.268777526019099544e-01,-5.997383272698321166e-01,4.684130332742328928e-01
3.945211000000000000e+09,3.352672126492947102e-01,2.179124154714393302e-01,-6.001461921242614572e-01,4.744495000093545967e-01
3.950210000000000000e+09,3.383948578727463685e-01,2.087646866267987289e-01,-6.005699788114913229e-01,4.808806402565971028e-01
3.955209000000000000e+09,3.410755152009506963e-01,1.994633614054410475e-01,-6.009791982451926362e-01,4.877123340878712909e-01
3.960208000000000000e+09,3.433011260237318063e-01,1.900378269144885890e-01,-6.013429067500980496e-01,4.949482915830746843e-01
3.965207000000000000e+09,3.450657855467954005e-01,1.805178983396230341e-01,-6.016298664626672510e-01,5.025900190262013734e-01
3.970206000000000000e+09,3.463657659879648687e-01,1.709336528286189705e-01,-6.018087084265693054e-01,5.106367977014271142e-01
3.975205000000000000e+09,3.471995263906597073e-01,1.613152620749412347e-01,-6.018480973163541359e-01,5.190856755204992234e-01
3.980204000000000000e+09,3.475677089792277852e-01,1.516928247415337550e-01,-6.017168967016832681e-01,5.279314716137031294e-01
3.985203000000000000e+09,3.474731220858804925e-01,1.420961998689700134e-01,-6.013843337539255263e-01,5.371667939155325699e-01
3.990202000000000000e+09,3.469207097842000875e-01,1.325548424053934471e-01,-6.008201622967068722e-01,5.467820696744447595e-01
3.995201000000000000e+09,3.459175084681657686e-01,1.230976419781727726e-01,-5.999948231124286879e-01,5.567655887147440197e-01
4.000200000000000000e+09,3.444725907171520274e-01,1.137527659992671747e-01,-5.988796004374294935e-01,5.671035591791552255e-01
4.005199000000000000e+09,3.425969968852640157e-01,1.045475081581663385e-01,-5.974467736092162751e-01,5.777801753838990306e-01
4.010198000000000000e+09,3.403036549464790728e-01,9.550814330866358448e-02,-5.956697628694929136e-01,5.887776973255668400e-01
4.015197000000000000e+09,3.376072892144406090e-01,8.665978969912427332e-02,-5.935232683760519601e-01,6.000765412914323971e-01
4.020196000000000000e+09,3.345243186363624499e-01,7.802627943124652854e-02,-5.909834015340875712e-01,6.116553809433731281e-01
4.025195000000000000e+09,3.310727454335993802e-01,6.963003796039714255e-02,-5.880278078225731342e-01,6.234912581708840218e-01
4.030194000000000000e+09,3.272720349263710249e-01,6.149197337249459605e-02,-5.846357803627653116e-01,6.355597029414985499e-01
4.035193000000000000e+09,3.231429874362876098e-01,5.363137608905799852e-02,-5.807883635530161071e-01,6.478348613180453519e-01
4.040192000000000000e+09,3.187076032073536402e-01,4.606582956461886119e-02,-5.764684461755682499e-01,6.602896307616927807e-01
4.045191000000000000e+09,3.139889413238415861e-01,3.881113245023946196e-02,-5.716608434659790072e-01,6.728958017983019957e-01
4.050190000000000000e+09,3.090109736316341005e-01,3.188123260457313701e-02,-5.663523677231866449e-01,6.856242050930083654e-01
4.055189000000000000e+09,3.037984346884585185e-01,2.528817324074688830e-02,-5.605318871268517578e-01,6.984448629545777498e-01
4.060188000000000000e+09,2.983766687780219362e-01,1.904205140443235300e-02,-5.541903725175555406e-01,7.113271442764488306e-01
4.065187000000000000e+09,2.927714750237243035e-01,1.315098888677616179e-02,-5.473209319836895848e-01,7.242399219155362111e-01
4.070186000000000000e+09,2.870089516298073296e-01,7.621115586284630573e-03,-5.399188331856334955e-01,7.371517315121638436e-01
4.075185000000000000e+09,2.811153402619709918e-01,2.456565247116861660e-03,-5.319815134320239336e-01,7.500309307648819201e-01
4.080184000000000000e+09,2.751168715562376521e-01,-2.340516581742938928e-03,-5.235085776041827899e-01,7.628458581913390990e-01
4.085183000000000000e+09,2.690396127149298211e-01,-6.769952600637608314e-03,-5.145017841021777283e-01,7.755649904307430065e-01
4.090182000000000000e+09,2.629093181125886636e-01,-1.083350213481062453e-02,-5.049650190591647991e-01,7.881570971736501230e-01
4.095181000000000000e+09,2.567512837933489944e-01,-1.453481820821461365e-02,-4.949042591390706014e-01,8.005913928406240831e-01
4.100180000000000000e+09,2.505902066954033280e-01,-1.787939375554866220e-02,-4.843275232962322985e-01,8.128376841715095891e-01
4.105179000000000000e+09,2.444500493884748660e-01,-2.087449747005984402e-02,-4.732448139337425141e-01,8.248665129314812772e-01
4.110178000000000000e+09,2.383539110573515141e-01,-2.352909983639822275e-02,-4.616680479501849010e-01,8.366492929875406492e-01
4.115177000000000000e+09,2.323239054093025890e-01,-2.585378994382578344e-02,-4.496109782120057408e-01,8.481584410593738799e-01
4.120176000000000000e+09,2.263810461260983009e-01,-2.786068371537343824e-02,-4.370891060309166631e-01,8.593675005006653489e-01
4.125175000000000000e+09,2.205451404231278667e-01,-2.956332422335438553e-02,-4.241195852628526497e-01,8.702512575205888501e-01
4.130174000000000000e+09,2.148346912191639591e-01,-3.097657479110342213e-02,-4.107211186770162725e-01,8.807858493097969754e-01
4.135173000000000000e+09,2.092668083611876895e-01,-3.211650560525790288e-02,-3.969138472708786947e-01,8.909488635901091635e-01
4.140172000000000000e+09,2.038571292897503606e-01,-3.300027458256396540e-02,-3.827192332297633115e-01,9.007194291623979998e-01
4.145171000000000000e+09,1.986197494719268430e-01,-3.364600325043213408e-02,-3.681599372484005150e-01,9.100782970817609119e-01
4.150170000000000000e+09,1.935671628712632153e-01,-3.407264841160975721e-02,-3.532596909464582047e-01,9.190079121436646181e-01
4.155169000000000000e+09,1.887102126674370661e-01,-3.429987037068723404e-02,-3.380431651213657851e-01,9.274924744182206915e-01
4.160168000000000000e+09,1.840580523828138637e-01,-3.434789850404926237e-02,-3.225358345895465995e-01,9.355179906228032749e-01
4.165167000000000000e+09,1.796181175186470358e-01,-3.423739495560339935e-02,-3.067638403722501850e-01,9.430723151750489697e-01
4.170166000000000000e+09,1.753961077505402366e-01,-3.398931723846473213e-02,-2.907538499842166058e-01,9.501451808194646409e-01
4.175165000000000000e+09,1.713959796807667524e-01,-3.362478051789105638e-02,-2.745329165831623675e-01,9.567282187711361185e-01
4.180164000000000000e+09,1.676199500942587572e-01,-3.316492034350868034e-02,-2.581283377353518205e-01,9.628149683692766025e-01
4.185163000000000000e+09,1.640685096153201294e-01,-3.263075658916063382e-02,-2.415675145476319785e-01,9.684008762821387784e-01
4.190162000000000000e+09,1.607404466134076948e-01,-3.204305934688608803e-02,-2.248778119092836036e-01,9.734832853527788377e-01
4.195161000000000000e+09,1.576328811585241407e-01,-3.142221750749630421e-02,-2.080864205778826803e-01,9.780614132224874080e-01
4.200160000000000000e+09,1.547413087798390208e-01,-3.078811074401507919e-02,-1.912202218322111569e-01,9.821363209157778495e-01
4.205159000000000000e+09,1.520596537350001332e-01,-3.015998559589009795e-02,-1.743056554018307114e-01,9.857108716172917617e-01
4.210158000000000000e+09,1.495803314521792216e-01,-2.955633633129069529e-02,-1.573685913673590897e-01,9.887896799171931317e-01
4.215157000000000000e+09,1.472943197622747780e-01,-2.899479124180346507e-02,-1.404342067074598743e-01,9.913790518475010805e-01
4.220156000000000000e+09,1.451912384947866008e-01,-2.849200499845503526e-02,-1.235268671481176000e-01,9.934869160773197594e-01
4.225155000000000000e+09,1.432594369678105439e-01,-2.806355766994079667e-02,-1.066700149464980957e-01,9.951227466800451893e-01
4.230154000000000000e+09,1.414860888605377065e-01,-2.772386097313798287e-02,-8.988606321566776358e-02,9.962974779302269379e-01
4.235153000000000000e+09,1.398572939156438877e-01,-2.748607229230713364e-02,-7.319629736715722867e-02,9.970234116316728512e-01
4.240152000000000000e+09,1.383581858792756747e-01,-2.736201696661534621e-02,-5.662078421607051604e-02,9.973141175214307319e-01
4.245151000000000000e+09,1.369730460483017942e-01,-2.736211930572814491e-02,-4.017828925739587442e-02,9.971843273361675752e-01
4.250150000000000000e+09,1.356854217582595390e-01,-2.749534275001085104e-02,-2.388620258282959236e-02,9.966498231677828334e-01
4.255149000000000000e+09,1.344782491115152911e-01,-2.776913954540725579e-02,-7.760473864217833952e-03,9.957273207738319698e-01
4.260148000000000000e+09,1.333339792137761826e-01,-2.818941025321568955e-02,8.184443217137930479e-03,9.944343485444213648e-01
4.265147000000000000e+09,1.322347071587763323e-01,-2.876047336190052511e-02,2.393563676671588494e-02,9.927891228610633556e-01
4.270146000000000000e+09,1.311623029761050385e-01,-2.948504521172486820e-02,3.948177242431337441e-02,9.908104206133232505e-01
4.275145000000000000e+09,1.300985437361517616e-01,-3.036423038375175507e-02,5.481311884657418670e-02,9.885174496659192567e-01
4.280144000000000000e+09,1.290252459895488146e-01,-3.139752264258909714e-02,6.992156276938603365e-02,9.859297180915940206e-01
4.285143000000000000e+09,1.279243977065984139e-01,-3.258281645774645935e-02,8.480061355957128899e-02,9.830669030030867450e-01
4.290142000000000000e+09,1.267782888755419612e-01,-3.391642906179301309e-02,9.944539723233523920e-02,9.799487198303449276e-01
4.295141000000000000e+09,1.255696399174321409e-01,-3.539313293519230630e-02,1.138526399803991146e-01,9.765947928964355818e-01
4.300140000000000000e+09,1.242817270801463009e-01,-3.700619853829920092e-02,1.280206413321023085e-01,9.730245281468734575e-01
4.305139000000000000e+09,1.228985039850916949e-01,-3.874744704098294357e-02,1.419492371282042309e-01,9.692569888819615453e-01
4.310138000000000000e+09,1.214047185175436694e-01,-4.060731273046672141e-02,1.556397525803345505e-01,9.653107753300407268e-01
4.315137000000000000e+09,1.197860242754001242e-01,-4.257491470881224344e-02,1.690949457469717310e-01,9.612039088808460585e-01
4.320136000000000000e+09,1.180290858216920119e-01,-4.463813742378209409e-02,1.823189418351664481e-01,9.569537217725414546e-01
4.325135000000000000e+09,1.161216770231555673e-01,-4.678371951130889939e-02,1.953171588067697528e-01,9.525767529933290012e-01
4.330134000000000000e+09,1.140527718005966279e-01,-4.899735036522576137e-02,2.080962248361436229e-01,9.480886511186680243e-01
4.335133000000000000e+09,1.118126266664145330e-01,-5.126377379096327264e-02,2.206638882313949612e-01,9.435040847586781965e-01
4.340132000000000000e+09,1.093928544800394226e-01,-5.356689804538517646e-02,2.330289204922048052e-01,9.388366612370550035e-01
4.345131000000000000e+09,1.067864889129531841e-01,-5.588991151541028435e-02,2.452010132335778470e-01,9.340988540633992088e-01
4.350130000000000000e+09,1.039880391807127408e-01,-5.821540324422806029e-02,2.571906697557311272e-01,9.293019396956915257e-01
4.355129000000000000e+09,1.009935346695032404e-01,-6.052548747634114296e-02,2.690090920849196321e-01,9.244559440192695599e-01
4.360128000000000000e+09,9.780055915846991299e-02,-6.280193136179712532e-02,2.806680643479854131e-01,9.195695988936628540e-01
4.365127000000000000e+09,9.440827441572753609e-02,-6.502628493629515616e-02,2.921798333739591413e-01,9.146503090399283886e-01
4.370126000000000000e+09,9.081743302472065904e-02,-6.718001247759065875e-02,3.035569874390527945e-01,9.097041294592698168e-01
4.375125000000000000e+09,8.703038037759019963e-02,-6.924462433012051887e-02,3.148123340861336827e-01,9.047357534896982578e-01
4.380124000000000000e+09,8.305104585278937079e-02,-7.120180828895573966e-02,3.259587779564415699e-01,8.997485115223128327e-01
4.385123000000000000e+09,7.888492327414528549e-02,-7.303355964127662692e-02,3.370091995694445841e-01,8.947443803128941608e-01
4.390122000000000000e+09,7.453904082742988935e-02,-7.472230897828976981e-02,3.479763359765433717e-01,8.897240027394875961e-01
4.395121000000000000e+09,7.002192068714760409e-02,-7.625104691266883228e-02,3.588726641958203678e-01,8.846867177728622300e-01
4.400120000000000000e+09,6.534352868004231207e-02,-7.760344486603731884e-02,3.697102883084921743e-01,8.796306003453476796e-01
4.405119000000000000e+09,6.051521438194375213e-02,-7.876397112706862158e-02,3.805008310634849233e-01,8.745525107252448693e-01
4.410118000000000000e+09,5.554964211041242550e-02,-7.971800142318766214e-02,3.912553307948135051e-01,8.694481529298638822e-01
4.415117000000000000e+09,5.046071333652060037e-02,-8.045192329691407129e-02,4.019841444082534188e-01,8.643121416404844215e-01
4.420116000000000000e+09,4.526348109452300872e-02,-8.095323363096762481e-02,4.126968571390528528e-01,8.591380770185035320e-01
4.425115000000000000e+09,3.997405701774623538e-02,-8.121062872377969588e-02,4.234021997224033940e-01,8.539186267635286987e-01
4.430114000000000000e+09,3.460951167231809955e-02,-8.121408637810498266e-02,4.341079735534046913e-01,8.486456147023428986e-01
4.435113000000000000e+09,2.918776889727377546e-02,-8.095493952948833172e-02,4.448209843442177402e-01,8.433101151525508321e-01
4.440112000000000000e+09,2.372749488978728380e-02,-8.042594100746028318e-02,4.555469847138080008e-01,8.379025522664605985e-01
4.445111000000000000e+09,1.824798279793889144e-02,-7.962131908987915563e-02,4.662906260707805894e-01,8.324128035300838446e-01
4.450110000000000000e+09,1.276903360039635844e-02,-7.853682357907473821e-02,4.770554200732551875e-01,8.268303065684333708e-01
4.455109000000000000e+09,7.310834063008805200e-03,-7.716976219657338543e-02,4.878437098721319920e-01,8.211441683922363621e-01
4.460108000000000000e+09,1.893832566537630418e-03,-7.551902716073659316e-02,4.986566512663093698e-01,8.153432762120755850e-01
4.465107000000000000e+09,-3.461386401868112896e-03,-7.358511187776517470e-02,5.094942038210609203e-01,8.094164089442081877e-01
4.470106000000000000e+09,-8.734228308150130543e-03,-7.137011774093328376e-02,5.203551319245458551e-01,8.033523485371160122e-01
4.475105000000000000e+09,-1.390421440898927455e-02,-6.887775109490378023e-02,5.312370156828933876e-01,7.971399902594392683e-01
4.480104000000000000e+09,-1.895110661213457101e-02,-6.611331048129208410e-02,5.421362714820967543e-01,7.907684511075091516e-01
4.485103000000000000e+09,-2.385503062557547613e-02,-6.308366433785361771e-02,5.530481819753297890e-01,7.842271755141989598e-01
4.490102000000000000e+09,-2.859659668718137968e-02,-5.979721937657102998e-02,5.639669351879732506e-01,7.775060375697109283e-01
4.495101000000000000e+09,-3.315701719527475166e-02,-5.626387991522895093e-02,5.748856723697446380e-01,7.705954389986205966e-01
4.500100000000000000e+09,-3.751822059238384827e-02,-5.249499848276944353e-02,5.857965441642554172e-01,7.634864021759169006e-01
4.505099000000000000e+09,-4.166296088847998291e-02,-4.850331806065871776e-02,5.966907746111325128e-01,7.561706575070685776e-01
4.510098000000000000e+09,-4.557492224617461229e-02,-4.430290636070161048e-02,6.075587324451102722e-01,7.486407245431945245e-01
4.515097000000000000e+09,-4.923881808803656085e-02,-3.990908257429753164e-02,6.183900091098829543e-01,7.408899862516082901e-01
4.520096000000000000e+09,-5.264048422496938467e-02,-3.533833705903757783e-02,6.291735028622938986e-01,7.329127559139515524e-01
4.525095000000000000e+09,-5.576696554434718706e-02,-3.060824445607578798e-02,6.398975083048576984e-01,7.247043361786341675e-01
4.530094000000000000e+09,-5.860659583679275753e-02,-2.573737075584012560e-02,6.505498106512950240e-01,7.162610698506968188e-01
4.535093000000000000e+09,-6.114907038102634224e-02,-2.074517485080099380e-02,6.611177840011042139e-01,7.075803820604189553e-01
4.540092000000000000e+09,-6.338551094681854625e-02,-1.565190513208442394e-02,6.715884928747786198e-01,6.986608135117473584e-01
4.545091000000000000e+09,-6.530852291663881426e-02,-1.047849170229065048e-02,6.819487962415113902e-01,6.895020445722849223e-01
4.550090000000000000e+09,-6.691224426696500138e-02,-5.246434789697300947e-03,6.921854532556623862e-01,6.801049100284599636e-01
4.555089000000000000e+09,-6.819238619032362558e-02,2.231004026600033713e-05,7.022852299071129512e-01,6.704714043918413857e-01
4.560088000000000000e+09,-6.914626517899982727e-02,5.305449271961541237e-03,7.122350057839794690e-01,6.606046777055721853e-01
4.565087000000000000e+09,-6.977282643084439795e-02,1.058047081412095101e-02,7.220218801434481470e-01,6.505090218630485976e-01
4.570086000000000000e+09,-7.007265847694478522e-02,1.582476474665628699e-02,7.316332764886062101e-01,6.401898475143660283e-01
4.575085000000000000e+09,-7.004799896994651220e-02,2.101574482147992515e-02,7.410570448550884981e-01,6.296536516993015420e-01
4.580084000000000000e+09,-6.970273161068166190e-02,2.613097009802988965e-02,7.502815610221207354e-01,6.189079764085613222e-01
4.585083000000000000e+09,-6.904237422960883552e-02,3.114826609469235549e-02,7.592958218773665502e-01,6.079613583376209940e-01
4.590082000000000000e+09,-6.807405807827832112e-02,3.604584483961806307e-02,7.680895361843966818e-01,5.968232701592208755e-01
4.595081000000000000e+09,-6.680649842481135858e-02,4.080242320836162395e-02,7.766532100256017257e-01,5.855040537016326097e-01
4.600080000000000000e+09,-6.524995658628829354e-02,4.539733894152844784e-02,7.849782262217407380e-01,5.740148454794313793e-01
4.605079000000000000e+09,-6.341619356983445310e-02,4.981066374324440854e-02,7.930569170624482966e-01,5.623674950818704499e-01
4.610078000000000000e+09,-6.131841553329107908e-02,5.402331287090675338e-02,8.008826297198042843e-01,5.505744769803978533e-01
4.615077000000000000e+09,-5.897121131548573036e-02,5.801715063845085812e-02,8.084497837594618597e-01,5.386487963711927840e-01
4.620076000000000000e+09,-5.639048232526628485e-02,6.177509126944629586e-02,8.157539202108916587e-01,5.266038897204936564e-01
4.625075000000000000e+09,-5.359336511756136040e-02,6.528119455290347373e-02,8.227917417103007836e-01,5.144535207293055024e-01
4.630074000000000000e+09,-5.059814702359811955e-02,6.852075577383909266e-02,8.295611432858496226e-01,5.022116724796653608e-01
4.635073000000000000e+09,-4.742417524088691355e-02,7.148038941261827817e-02,8.360612334159078785e-01,4.898924365662474800e-01
4.640072000000000000e+09,-4.409175982648540909e-02,7.414810613206465617e-02,8.422923450561464742e-01,4.775099000546226269e-01
4.645071000000000000e+09,-4.062207107407479756e-02,7.651338259923687324e-02,8.482560364005129472e-01,4.650780311398495237e-01
4.650070000000000000e+09,-3.703703179129254341e-02,7.856722372003485666e-02,8.539550812142856495e-01,4.526105644064819522e-01
4.655069000000000000e+09,-3.335920502814648109e-02,8.030221689913366601e-02,8.593934486538957751e-01,4.401208866124505792e-01
4.660068000000000000e+09,-2.961167783997111641e-02,8.171257797551066682e-02,8.645762725677560434e-01,4.276219239344831169e-01
4.665067000000000000e+09,-2.581794169873813730e-02,8.279418852469154488e-02,8.695098103545148005e-01,4.151260316211118351e-01
4.670066000000000000e+09,-2.200177019437732362e-02,8.354462426305520051e-02,8.742013915390728362e-01,4.026448870007658387e-01
4.675065000000000000e+09,-1.818709469250347904e-02,8.396317433669724106e-02,8.786593563124099893e-01,3.901893867858738374e-01
4.680064000000000000e+09,-1.439787863639947763e-02,8.405085132743718435e-02,8.828929843670398903e-01,3.777695496003354303e-01
4.685063000000000000e+09,-1.065799119865844594e-02,8.381039186132097085e-02,8.869124144461031367e-01,3.653944246351378822e-01
4.690062000000000000e+09,-6.991081001321043653e-03,8.324624776002838289e-02,8.907285551090762254e-01,3.530720073067734610e-01
4.695061000000000000e+09,-3.420450632215641610e-03,8.236456773267371301e-02,8.943529873004834041e-01,3.408091627543992641e-01
4.700060000000000000e+09,3.106731075227272247e-05,8.117316966416955604e-02,8.977978593885498348e-01,3.286115579647075902e-01
4.705059000000000000e+09,3.341231916738075271e-03,7.968150361605261245e-02,9.010757754181110135e-01,3.164836032583494552e-01
4.710058000000000000e+09,6.488512676357411149e-03,7.790060571609615236e-02,9.041996773946923138e-01,3.044284038086919608e-01
4.715057000000000000e+09,9.452204501151261623e-03,7.584304317344173207e-02,9.071827224842365922e-01,2.924477217931216733e-01
4.720056000000000000e+09,1.221253835354292952e-02,7.352285071587826015e-02,9.100381560742802911e-01,2.805419496992315742e-01
4.725055000000000000e+09,1.475078681593317183e-02,7.095545880474042610e-02,9.127791816966731586e-01,2.687100952238344886e-01
4.730054000000000000e+09,1.704936395647068878e-02,6.815761403985674816e-02,9.154188288585598521e-01,2.569497781126369174e-01
4.735053000000000000e+09,1.909191888333259743e-02,6.514729222174640844e-02,9.179698198665603437e-01,2.452572391926935991e-01
4.740052000000000000e+09,2.086342241895830854e-02,6.194360458988694418e-02,9.204444367580856268e-01,2.336273617501705702e-01
4.745051000000000000e+09,2.235024637029680433e-02,5.856669780414095611e-02,9.228543894734126951e-01,2.220537053027264451e-01
4.750050000000000000e+09,2.354023492033780612e-02,5.503764828034511669e-02,9.252106864116412810e-01,2.105285517101646575e-01
4.755049000000000000e+09,2.442276771969450339e-02,5.137835153058151888e-02,9.275235085129348578e-01,1.990429634602825515e-01
4.760048000000000000e+09,2.498881431412788498e-02,4.761140719291968859e-02,9.298020879985281484e-01,1.875868538593662704e-01
4.765047000000000000e+09,2.523097960432977085e-02,4.376000046420452927e-02,9.320545928780100686e-01,1.761490687507134001e-01
4.770046000000000000e+09,2.514354009714948879e-02,3.984778067248932049e-02,9.342880183017916451e-01,1.647174792797529985e-01
4.775045000000000000e+09,2.472247077237398408e-02,3.589873774255748079e-02,9.365080857941227022e-01,1.532790851233040985e-01
4.780044000000000000e+09,2.396546245530330882e-02,3.193707731852987036e-02,9.387191513501427220e-01,1.418201275027277386e-01
4.785043000000000000e+09,2.287192965211767501e-02,2.798709531182087470e-02,9.409241233189683529e-01,1.303262112088392488e-01
4.790042000000000000e+09,2.144300887164218156e-02,2.407305264043573673e-02,9.431243909245150547e-01,1.187824347798895480e-01
4.795041000000000000e+09,1.968154752302129357e-02,2.021905091706621346e-02,9.453197641972695964e-01,1.071735278949133147e-01
4.800040000000000000e+09,1.759208354314724387e-02,1.644890982878742178e-02,9.475084260045389950e-01,9.548399497287844706e-02
4.805039000000000000e+09,1.518081597001599836e-02,1.278604693032646747e-02,9.496868967742280176e-01,8.369826390508708358e-02
4.810038000000000000e+09,1.245556673775498509e-02,9.253360546711976442e-03,9.518500124091864301e-01,7.180083879394316693e-02
4.815037000000000000e+09,9.425734025336451535e-03,5.873116449332359788e-03,9.539909157866196532e-01,5.977645552654557021e-02
4.820036000000000000e+09,6.102237543585990395e-03,2.666838933066472545e-03,9.561010621305838786e-01,4.761023897664517363e-02
4.825035000000000000e+09,2.497456193339190472e-03,-3.447931187446083069e-04,9.581702384366486136e-01,3.528786060365612237e-02
4.830034000000000000e+09,-1.374841428649558684e-03,-3.142044639410965668e-03,9.601865970171107323e-01,2.279569520290071136e-02
4.835033000000000000e+09,-5.499573160677241265e-03,-5.706216759933378443e-03,9.621367031239375089e-01,1.012097555668785981e-02
4.840032000000000000e+09,-9.860425494890336096e-03,-8.019732722577123038e-03,9.640055964955813739e-01,-2.748056258086456309e-03
4.845031000000000000e+09,-1.443994130651381387e-02,-1.006621693630317844e-02,9.657768665642791905e-01,-1.582200213478256873e-02
4.850030000000000000e+09,-1.921961249317882467e-02,-1.183056683775285389e-02,9.674327409530005806e-01,-2.911016697756188196e-02
4.855029000000000000e+09,-2.417997690644429695e-02,-1.329901727672310602e-02,9.689541867868839420e-01,-4.262042468637963072e-02
4.860028000000000000e+09,-2.930071894540554195e-02,-1.445919720063086958e-02,9.703210242435253985e-01,-5.635909221144860121e-02
4.865027000000000000e+09,-3.456077317542288058e-02,-1.530017846800769965e-02,9.715120516705817444e-01,-7.033081275040085900e-02
4.870026000000000000e+09,-3.993843033302685308e-02,-1.581251667565489530e-02,9.725051815084947426e-01,-8.453844910136834589e-02
4.875025000000000000e+09,-4.541144508113507949e-02,-1.598828393775852605e-02,9.732775861713556242e-01,-9.898298811840214317e-02
4.880024000000000000e+09,-5.095714488624433075e-02,-1.582109360716275198e-02,9.738058529602389157e-01,-1.136634571418320694e-01
4.885023000000000000e+09,-5.655253940115267247e-02,-1.530611697887278820e-02,9.740661470118207044e-01,-1.285768531967190487e-01
4.890022000000000000e+09,-6.217442975253720944e-02,-1.444009206357634023e-02,9.740343812202213458e-01,-1.437180856675107088e-01
4.895021000000000000e+09,-6.779951715208676344e-02,-1.322132456380007218e-02,9.736863920128716599e-01,-1.590799330675150836e-01
4.900020000000000000e+09,-7.340451027256934824e-02,-1.164968122749527289e-02,9.729981198116426366e-01,-1.746530144282844865e-01
4.905019000000000000e+09,-7.896623085554269061e-02,-9.726575792788712607e-03,9.719457929685886288e-01,-1.904257757370207971e-01
4.910018000000000000e+09,-8.446171704536663272e-02,-7.454947773501836329e-03,9.705061139319958174e-01,-2.063844917506008070e-01
4.915017000000000000e+09,-8.986832397406742390e-02,-4.839234367529842915e-03,9.686564463725014784e-01,-2.225132834130544857e-01
4.920016000000000000e+09,-9.516382115329644065e-02,-1.885335799338850671e-03,9.663750019813076575e-01,-2.387941510003557810e-01
4.925015000000000000e+09,-1.003264862625218995e-01,1.399425566374608819e-03,9.636410256429880361e-01,-2.552070230120841998e-01
4.930014000000000000e+09,-1.053351949566073420e-01,5.006351980314976795e-03,9.604349776834661956e-01,-2.717298207254500442e-01
4.935013000000000000e+09,-1.101695063505711003e-01,8.925422554786529780e-03,9.567387119003524232e-01,-2.883385382227459659e-01
4.940012000000000000e+09,-1.148097438742715776e-01,1.314535060582352165e-02,9.525356480967407391e-01,-3.050073376002835346e-01
4.945011000000000000e+09,-1.192370712250088449e-01,1.765364568353855121e-02,9.478109378617097791e-01,-3.217086589643372574e-01
4.950010000000000000e+09,-1.234335631808732570e-01,2.243667987323772969e-02,9.425516223703660490e-01,-3.384133447197746891e-01
4.955009000000000000e+09,-1.273822710724436813e-01,2.747975794258580504e-02,9.367467810132942274e-01,-3.550907775586202297e-01
4.960008000000000000e+09,-1.310672827444222810e-01,3.276719090573977644e-02,9.303876697098474313e-01,-3.717090314608411106e-01
4.965007000000000000e+09,-1.344737768721953886e-01,3.828237257341499111e-02,9.234678478113661493e-01,-3.882350349273803736e-01
4.970006000000000000e+09,-1.375880715307795099e-01,4.400785865829413834e-02,9.159832925588715646e-01,-4.046347455773572355e-01
4.975005000000000000e+09,-1.403976669451746373e-01,4.992544800783672160e-02,9.079325001253311100e-01,-4.208733351570625447e-01
4.980004000000000000e+09,-1.428912823815066124e-01,5.601626554116733575e-02,8.993165723442363424e-01,-4.369153839290956243e-01
4.985003000000000000e+09,-1.450588871675660696e-01,6.226084647338116229e-02,8.901392883044361160e-01,-4.527250833354546922e-01
4.990002000000000000e+09,-1.468917258594807373e-01,6.863922141876582783e-02,8.804071600750903448e-01,-4.682664457599068353e-01
4.995001000000000000e+09,-1.483823375977386949e-01,7.513100197448625839e-02,8.701294719141026146e-01,-4.835035201519628512e-01
5.000000000000000000e+09,-1.495245697213549163e-01,8.171546639747993834e-02,8.593183024082889920e-01,-4.984006122188867072e-01
