 frequency                v(srcp,srcn)             v(srcp,srcn)             v(txp,txn)               v(txp,txn)               v(rdiep,rdien)           v(rdiep,rdien)           v(csrc)                  v(csrc)                  v(cload)                 v(cload)                 v(rxp,rxn)               v(rxp,rxn)              
 4.00000000000000000e+09  1.00000000000000000e+00  0.00000000000000000e+00  3.45566033071255774e-01 -7.50049227052553058e-01  3.38864372077196441e-01 -3.17054793041462057e-01  3.45566033071256107e-01 -7.50049227052553058e-01 -7.75096147887038844e-04  3.27860161138242623e-01 -7.75096147887038844e-04  3.27860161138242623e-01 
 4.00500000000000000e+09  1.00000000000000000e+00  0.00000000000000000e+00  3.23501042358625646e-01 -7.56366297553255795e-01  3.23819816718746711e-01 -3.22833780571775364e-01  3.23501042358625590e-01 -7.56366297553255684e-01  8.48012593663491354e-03  3.24324642947822706e-01  8.48012593663491354e-03  3.24324642947822706e-01 
 4.01000000000000000e+09  1.00000000000000000e+00  0.00000000000000000e+00  3.01666205506172069e-01 -7.61208874887086329e-01  3.08929828204987211e-01 -3.27632666999071454e-01  3.01666205506172069e-01 -7.61208874887086329e-01  1.72718258035783889e-02  3.20412559599964952e-01  1.72718258035783889e-02  3.20412559599964952e-01 
 4.01500000000000000e+09  1.00000000000000000e+00  0.00000000000000000e+00  2.80169510412447087e-01 -7.64663212292042482e-01  2.94265275769205636e-01 -3.31509368680615368e-01  2.80169510412446976e-01 -7.64663212292042482e-01  2.55914244647242328e-02  3.16178590693502848e-01  2.55914244647242328e-02  3.16178590693502848e-01 
 4.02000000000000000e+09  1.00000000000000000e+00  0.00000000000000000e+00  2.59103185142104953e-01 -7.66821234855697531e-01  2.79886563675621480e-01 -3.34525448980158013e-01  2.59103185142105064e-01 -7.66821234855697420e-01  3.34365338514490684e-02  3.11674843464239237e-01  3.34365338514490684e-02  3.11674843464239237e-01 
 4.02500000000000000e+09  1.00000000000000000e+00  0.00000000000000000e+00  2.38544268952119803e-01 -7.67778109851553037e-01  2.65844024997386186e-01 -3.36744514963655317e-01  2.38544268952119748e-01 -7.67778109851552926e-01  4.08101329601287671e-02  3.06950288290560702e-01  4.08101329601287671e-02  3.06950288290560702e-01 
 4.03000000000000000e+09  1.00000000000000000e+00  0.00000000000000000e+00  2.18555479037966516e-01 -7.67630141490430074e-01  2.52178508852878180e-01 -3.38230830638123758e-01  2.18555479037966488e-01 -7.67630141490430074e-01  4.77197440171190090e-02  3.02050369856264767e-01  4.77197440171190090e-02  3.02050369856264767e-01 
 4.03500000000000000e+09  1.00000000000000000e+00  0.00000000000000000e+00  1.99186284999852525e-01 -7.66473000213519828e-01  2.38922102825045862e-01 -3.39048152849920292e-01  1.99186284999852220e-01 -7.66473000213520050e-01  5.41766374153873215e-02  2.97016773239983878e-01  5.41766374153873215e-02  2.97016773239983878e-01 
 4.04000000000000000e+09  1.00000000000000000e+00  0.00000000000000000e+00  1.80474113234374400e-01 -7.64400279355252454e-01  2.26098939153301703e-01 -3.39258784584045903e-01  1.80474113234374456e-01 -7.64400279355252232e-01  6.01950864934347324e-02  2.91887321836750091e-01  6.01950864934347324e-02  2.91887321836750091e-01 
 4.04500000000000000e+09  1.00000000000000000e+00  0.00000000000000000e+00  1.62445615474170357e-01 -7.61502359404335083e-01  2.13726041319684840e-01 -3.38922832151290598e-01  1.62445615474170135e-01 -7.61502359404335527e-01  6.57916862766538268e-02  2.86695983531319365e-01  6.57916862766538268e-02  2.86695983531319365e-01 
 4.05000000000000000e+09  1.00000000000000000e+00  0.00000000000000000e+00  1.45117948219234572e-01 -7.57865551752118005e-01  2.01814175988382971e-01 -3.38097647316839611e-01  1.45117948219234766e-01 -7.57865551752117894e-01  7.09847443504596637e-02  2.81472962452685938e-01  7.09847443504596637e-02  2.81472962452685938e-01 
 4.05500000000000000e+09  1.00000000000000000e+00  0.00000000000000000e+00  1.28500021872871517e-01 -7.53571489092760727e-01  1.90368683272229972e-01 -3.36837432378609414e-01  1.28500021872871684e-01 -7.53571489092760283e-01  7.57937471918313371e-02  2.76244855496030561e-01  7.57937471918313371e-02  2.76244855496030561e-01 
 4.06000000000000000e+09  1.00000000000000000e+00  0.00000000000000000e+00  1.12593689381252665e-01 -7.48696727801905437e-01  1.79390265578800806e-01 -3.35192985060633331e-01  1.12593689381252360e-01 -7.48696727801905992e-01  8.02389015418057544e-02  2.71034855216786497e-01  8.02389015418057544e-02  2.71034855216786497e-01 
 4.06500000000000000e+09  1.00000000000000000e+00  0.00000000000000000e+00  9.73948537230087119e-02 -7.43312527952533220e-01  1.68875721601685097e-01 -3.33211560369551241e-01  9.73948537230086009e-02 -7.43312527952533553e-01  8.43407476677904000e-02  2.65862983373680473e-01  8.43407476677904000e-02  2.65862983373680473e-01 
 4.07000000000000000e+09  1.00000000000000000e+00  0.00000000000000000e+00  8.28944815616735470e-02 -7.37484778479415737e-01  1.58818617279783969e-01 -3.30936827840477621e-01  8.28944815616730613e-02 -7.37484778479415848e-01  8.81198395083539615e-02  2.60746342093262751e-01  8.81198395083539615e-02  2.60746342093262751e-01 
 4.07500000000000000e+09  1.00000000000000000e+00  0.00000000000000000e+00  6.90795167717591641e-02 -7.31274037827465584e-01  1.49209889760720249e-01 -3.28408904508686539e-01  6.90795167717591641e-02 -7.31274037827465362e-01  9.15964855625916452e-02  2.55699372188358531e-01  9.15964855625916452e-02  2.55699372188358531e-01 
 4.08000000000000000e+09  1.00000000000000000e+00  0.00000000000000000e+00  5.59336924911217545e-02 -7.24735663774292438e-01  1.40038383651099302e-01 -3.25664446195478630e-01  5.59336924911222333e-02 -7.24735663774292327e-01  9.47905438293867447e-02  2.50734110487311146e-01  9.47905438293867447e-02  2.50734110487311146e-01 
 4.08500000000000000e+09  1.00000000000000000e+00  0.00000000000000000e+00  4.34382440089353256e-02 -7.17920009669562154e-01  1.31291321231661706e-01 -3.22736782070441430e-01  4.34382440089352562e-02 -7.17920009669562154e-01  9.77212639782590320e-02  2.45860440067187325e-01  9.77212639782590320e-02  2.45860440067187325e-01 
 4.09000000000000000e+09  1.00000000000000000e+00  0.00000000000000000e+00  3.15725273656153327e-02 -7.10872667844148376e-01  1.22954709989999744e-01 -3.19656079791286296e-01  3.15725273656153327e-02 -7.10872667844148376e-01  1.00407170120902722e-01  2.41086329014171818e-01  1.00407170120902722e-01  2.41086329014171818e-01 
 4.09500000000000000e+09  1.00000000000000000e+00  0.00000000000000000e+00  2.03145502167082631e-02 -7.03634744250870914e-01  1.15013691910128446e-01 -3.16449530722161088e-01  2.03145502167080272e-02 -7.03634744250871025e-01  1.02865977949022719e-01  2.36418054764623686e-01  1.02865977949022719e-01  2.36418054764623686e-01 
 4.10000000000000000e+09  1.00000000000000000e+00  0.00000000000000000e+00  9.64142248304480920e-03 -6.96243151408964200e-01  1.07452839580021886e-01 -3.13141546728980424e-01  9.64142248304461491e-03 -6.96243151408964200e-01  1.05114540528799469e-01  2.31860412232000018e-01  1.05114540528799469e-01  2.31860412232000018e-01 
 4.10500000000000000e+09  1.00000000000000000e+00  0.00000000000000000e+00 -4.70265259867791441e-04 -6.88730909387623713e-01  1.00256404445479813e-01 -3.09753961814751400e-01 -4.70265259867874708e-04 -6.88730909387623713e-01  1.07168817632970897e-01  2.27416904828472100e-01  1.07168817632970897e-01  2.27416904828472100e-01 
 4.11000000000000000e+09  1.00000000000000000e+00  0.00000000000000000e+00 -1.00441276679972408e-02 -6.81127446865426811e-01  9.34085225448527678e-02 -3.06306233380417847e-01 -1.00441276679974489e-02 -6.81127446865427144e-01  1.09043864102444599e-01  2.23089918179339958e-01  1.09043864102444599e-01  2.23089918179339958e-01 
 4.11500000000000000e+09  1.00000000000000000e+00  0.00000000000000000e+00 -1.91037270542762615e-02 -6.73458896251332817e-01  8.68933828814030806e-02 -3.02815639184191965e-01 -1.91037270542758209e-02 -6.73458896251332595e-01  1.10753833328483570e-01  2.18880876837426214e-01  1.10753833328483570e-01  2.18880876837426214e-01 
 4.12000000000000000e+09  1.00000000000000000e+00  0.00000000000000000e+00 -2.76723650543641946e-02 -6.65748378473284719e-01  8.06953632904277851e-02 -2.99297467141263707e-01 -2.76723650543642674e-02 -6.65748378473285052e-01  1.12311992512529449e-01  2.14790384666035616e-01  1.12311992512529449e-01  2.14790384666035616e-01 
 4.12500000000000000e+09  1.00000000000000000e+00  0.00000000000000000e+00 -3.57729167855798807e-02 -6.58016274364322529e-01  7.47991382841847186e-02 -2.95765195977781614e-01 -3.57729167855800334e-02 -6.58016274364322307e-01  1.13730746880962297e-01  2.10818349801599136e-01  1.13730746880962297e-01  2.10818349801599136e-01 
 4.13000000000000000e+09  1.00000000000000000e+00  0.00000000000000000e+00 -4.34277013640282025e-02 -6.50280480639827907e-01  6.91897629458566865e-02 -2.92230665452581695e-01 -4.34277013640284593e-02 -6.50280480639828351e-01  1.15021670499844159e-01  2.06964095256716885e-01  1.15021670499844159e-01  2.06964095256716885e-01 
 4.13500000000000000e+09  1.00000000000000000e+00  0.00000000000000000e+00 -5.06583832766748926e-02 -6.42556649299182103e-01  6.38527365203217928e-02 -2.88704235411336607e-01 -5.06583832766750453e-02 -6.42556649299182103e-01  1.16195541747881284e-01  2.03226456302240593e-01  1.16195541747881284e-01  2.03226456302240593e-01 
 4.14000000000000000e+09  1.00000000000000000e+00  0.00000000000000000e+00 -5.74858997280551579e-02 -6.34858409935773471e-01  5.87740489331976465e-02 -2.85194933364108505e-01 -5.74858997280551232e-02 -6.34858409935773471e-01  1.17262381865470375e-01  1.99603865791548651e-01  1.17262381865470375e-01  1.99603865791548651e-01 
 4.14500000000000000e+09  1.00000000000000000e+00  0.00000000000000000e+00 -6.39304096760368729e-02 -6.27197574932871094e-01  5.39402130728130341e-02 -2.81710590599745236e-01 -6.39304096760369145e-02 -6.27197574932871205e-01  1.18231495306665629e-01  1.96094428575652180e-01  1.18231495306665629e-01  1.96094428575652180e-01 
 4.15000000000000000e+09  1.00000000000000000e+00  0.00000000000000000e+00 -7.00112608261285602e-02 -6.19584327887636288e-01  4.93382853004400226e-02 -2.78257967088283764e-01 -7.00112608261281300e-02 -6.19584327887636510e-01  1.19111510883314425e-01  1.92695986116162704e-01  1.19111510883314425e-01  1.92695986116162704e-01 
 4.15500000000000000e+09  1.00000000000000000e+00  0.00000000000000000e+00 -7.57469713616224227e-02 -6.12027395866672541e-01  4.49558763162132349e-02 -2.74842865591769181e-01 -7.57469713616228946e-02 -6.12027395866672541e-01  1.19910422911263206e-01  1.89406172343263485e-01  1.19910422911263206e-01  1.89406172343263485e-01 
 4.16000000000000000e+09  1.00000000000000000e+00  0.00000000000000000e+00 -8.11552236455512499e-02 -6.04534206274704999e-01  4.07811542037919694e-02 -2.71470235518818881e-01 -8.11552236455509446e-02 -6.04534206274704999e-01  1.20635631752147948e-01  1.86222461735003147e-01  1.20635631752147948e-01  1.86222461735003147e-01 
 4.16500000000000000e+09  1.00000000000000000e+00  0.00000000000000000e+00 -8.62528675390794863e-02 -5.97111029231510493e-01  3.68028412056296828e-02 -2.68144267130599023e-01 -8.62528675390798749e-02 -5.97111029231510049e-01  1.21293983295778826e-01  1.83142210517528908e-01  1.21293983295778826e-01  1.83142210517528908e-01 
 4.17000000000000000e+09  1.00000000000000000e+00  0.00000000000000000e+00 -9.10559313418308203e-02 -5.89763106415423510e-01  3.30102055416774537e-02 -2.64868476745339754e-01 -9.10559313418310423e-02 -5.89763106415423621e-01  1.21891807051856108e-01  1.80162691807342096e-01  1.21891807051856108e-01  1.80162691807342096e-01 
 4.17500000000000000e+09  1.00000000000000000e+00  0.00000000000000000e+00 -9.55796386753483551e-02 -5.82494767357019549e-01  2.93930493752546616e-02 -2.61645783603111415e-01 -9.55796386753483829e-02 -5.82494767357019549e-01  1.22434952619967674e-01  1.77281125438941256e-01  1.22434952619967674e-01  1.77281125438941256e-01 
 4.18000000000000000e+09  1.00000000000000000e+00  0.00000000000000000e+00 -9.98384299051311569e-02 -5.75309534163485514e-01  2.59416938485253004e-02 -2.58478579048757262e-01 -9.98384299051307822e-02 -5.75309534163485958e-01  1.22928824387048774e-01  1.74494703146436919e-01  1.22928824387048774e-01  1.74494703146436919e-01 
 4.18500000000000000e+09  1.00000000000000000e+00  0.00000000000000000e+00 -1.03845986933308959e-01 -5.68210215630604143e-01  2.26469619535553390e-02 -2.55368788673679847e-01 -1.03845986933308820e-01 -5.68210215630604032e-01  1.23378414365142242e-01  1.71800609696872719e-01  1.23378414365142242e-01  1.71800609696872719e-01 
 4.19000000000000000e+09  1.00000000000000000e+00  0.00000000000000000e+00 -1.07615260396997925e-01 -5.61198991661393976e-01  1.95001598710091047e-02 -2.52317928030815319e-01 -1.07615260396998258e-01 -5.61198991661393531e-01  1.23788333132076073e-01  1.69196040507141154e-01  1.23788333132076073e-01  1.69196040507141154e-01 
 4.19500000000000000e+09  1.00000000000000000e+00  0.00000000000000000e+00 -1.11158498480488227e-01 -5.54277488862987111e-01  1.64930572942312940e-02 -2.49327152504553506e-01 -1.11158498480488394e-01 -5.54277488862986889e-01  1.24162838876117579e-01  1.66678216215586622e-01  1.24162838876117579e-01  1.66678216215586622e-01 
 4.20000000000000000e+09  1.00000000000000000e+00  0.00000000000000000e+00 -1.14487276696417672e-01 -5.47446848140127340e-01  1.36178671596468501e-02 -2.46397301881222719e-01 -1.14487276696417867e-01 -5.47446848140127007e-01  1.24505864574770822e-01  1.64244394624078804e-01  1.24505864574770822e-01  1.64244394624078804e-01 
 4.20500000000000000e+09  1.00000000000000000e+00  0.00000000000000000e+00 -1.17612528115230680e-01 -5.40707785047387368e-01  1.08672251226372453e-02 -2.43528940127711147e-01 -1.17612528115230208e-01 -5.40707785047387590e-01  1.24821043359436570e-01  1.61891880376210662e-01  1.24821043359436570e-01  1.61891880376210662e-01 
 4.21000000000000000e+09  1.00000000000000000e+00  0.00000000000000000e+00 -1.20544573626605367e-01 -5.34060643605102525e-01  8.23416904931004515e-03 -2.40722390847302847e-01 -1.20544573626605450e-01 -5.34060643605102414e-01  1.25111732133160347e-01  1.59618032692192657e-01  1.25111732133160347e-01  1.59618032692192657e-01 
 4.21500000000000000e+09  1.00000000000000000e+00  0.00000000000000000e+00 -1.23293151903958412e-01 -5.27505444227485576e-01  5.71211873723241614e-03 -2.37977768843887189e-01 -1.23293151903957843e-01 -5.27505444227485687e-01  1.25381033519270546e-01  1.57420271440813969e-01  1.25381033519270546e-01  1.57420271440813969e-01 
 4.22000000000000000e+09  1.00000000000000000e+00  0.00000000000000000e+00 -1.25867448815896094e-01 -5.21041926356612950e-01  3.29485603025996693e-03 -2.35295008188920463e-01 -1.25867448815896510e-01 -5.21041926356613505e-01  1.25631816225529713e-01  1.55296081792900720e-01  1.25631816225529713e-01  1.55296081792900720e-01 
 4.22500000000000000e+09  1.00000000000000000e+00  0.00000000000000000e+00 -1.28276126088922637e-01 -5.14669586343634577e-01  9.76505453114923094e-04 -2.32673887150566749e-01 -1.28276126088923081e-01 -5.14669586343634688e-01  1.25866733912130990e-01  1.53243017669047271e-01  1.25866733912130990e-01  1.53243017669047271e-01 
 4.23000000000000000e+09  1.00000000000000000e+00  0.00000000000000000e+00 -1.30527349075487575e-01 -5.08387711069160475e-01 -1.24848454138602738e-03 -2.30114050311390816e-01 -1.30527349075486743e-01 -5.08387711069161030e-01  1.26088242653346005e-01  1.51258704166262442e-01  1.26088242653346005e-01  1.51258704166262442e-01 
 4.23500000000000000e+09  1.00000000000000000e+00  0.00000000000000000e+00 -1.32628813522344235e-01 -5.02195407748602829e-01 -3.38535964626301283e-03 -2.27615028170158551e-01 -1.32628813522343347e-01 -5.02195407748603606e-01  1.26298617082255649e-01  1.49340839123509400e-01  1.26298617082255649e-01  1.49340839123509400e-01 
 4.24000000000000000e+09  1.00000000000000000e+00  0.00000000000000000e+00 -1.34587771267599604e-01 -4.96091630325338095e-01 -5.43907705101430439e-03 -2.25176254494762002e-01 -1.34587771267599854e-01 -4.96091630325338540e-01  1.26499965306302031e-01  1.47487193964494001e-01  1.26499965306302031e-01  1.47487193964494001e-01 
 4.24500000000000000e+09  1.00000000000000000e+00  0.00000000000000000e+00 -1.36411054821752586e-01 -4.90075202815079880e-01 -7.41432204228640451e-03 -2.22797081666877672e-01 -1.36411054821752309e-01 -4.90075202815078936e-01  1.26694242678797031e-01  1.45695613936949409e-01  1.26694242678797031e-01  1.45695613936949409e-01 
 4.25000000000000000e+09  1.00000000000000000e+00  0.00000000000000000e+00 -1.38105100809850473e-01 -4.84144839928548620e-01 -9.31552384189518121e-03 -2.20476794234924500e-01 -1.38105100809850445e-01 -4.84144839928548676e-01  1.26883264508138416e-01  1.43964017851205744e-01  1.26883264508138416e-01  1.43964017851205744e-01 
 4.25500000000000000e+09  1.00000000000000000e+00  0.00000000000000000e+00 -1.39675972269135001e-01 -4.78299165266392379e-01 -1.11468706808529917e-02 -2.18214620869779163e-01 -1.39675972269135362e-01 -4.78299165266391713e-01  1.27068717782701485e-01  1.42290397406268199e-01  1.27068717782701485e-01  1.42290397406268199e-01 
 4.26000000000000000e+09  1.00000000000000000e+00  0.00000000000000000e+00 -1.41129379810177147e-01 -4.72536727350231833e-01 -1.29123241168880853e-02 -2.16009744897743383e-01 -1.41129379810177480e-01 -4.72536727350231944e-01  1.27252171985329371e-01  1.40672816179068544e-01  1.27252171985329371e-01  1.40672816179068544e-01 
 4.26500000000000000e+09  1.00000000000000000e+00  0.00000000000000000e+00 -1.42470701660126875e-01 -4.66856013726288932e-01 -1.46156326097631566e-02 -2.13861313567046962e-01 -1.42470701660126570e-01 -4.66856013726288988e-01  1.27435089067078955e-01  1.39109408341585111e-01  1.27435089067078955e-01  1.39109408341585111e-01 
 4.27000000000000000e+09  1.00000000000000000e+00  0.00000000000000000e+00 -1.43705002614743033e-01 -4.61255463353386519e-01 -1.62603443739204045e-02 -2.11768446187804549e-01 -1.43705002614742589e-01 -4.61255463353385631e-01  1.27618832645658403e-01  1.37598377161040702e-01  1.27618832645658403e-01  1.37598377161040702e-01 
 4.27500000000000000e+09  1.00000000000000000e+00  0.00000000000000000e+00 -1.44837051931902550e-01 -4.55733477464767112e-01 -1.78498195318388987e-02 -2.09730241270501772e-01 -1.44837051931902189e-01 -4.55733477464766779e-01  1.27804676489758712e-01  1.36137993330127882e-01  1.27804676489758712e-01  1.36137993330127882e-01 
 4.28000000000000000e+09  1.00000000000000000e+00  0.00000000000000000e+00 -1.45871340203611283e-01 -4.50288429073067431e-01 -1.93872415942523135e-02 -2.07745782774765964e-01 -1.45871340203611283e-01 -4.50288429073067820e-01  1.27993812346372970e-01  1.34726593167089098e-01  1.27993812346372970e-01  1.34726593167089098e-01 
 4.28500000000000000e+09  1.00000000000000000e+00  0.00000000000000000e+00 -1.46812095246505958e-01 -4.44918671269730559e-01 -2.08756282952338376e-02 -2.05814145568211898e-01 -1.46812095246505875e-01 -4.44918671269730170e-01  1.28187357164225829e-01  1.33362576719327941e-01  1.28187357164225829e-01  1.33362576719327941e-01 
 4.29000000000000000e+09  1.00000000000000000e+00  0.00000000000000000e+00 -1.47663297052679832e-01 -4.39622544453890152e-01 -2.23178418113244362e-02 -2.03934400184374143e-01 -1.47663297052680026e-01 -4.39622544453890263e-01  1.28386359762634406e-01  1.32044405798888542e-01  1.28386359762634406e-01  1.32044405798888542e-01 
 4.29500000000000000e+09  1.00000000000000000e+00  0.00000000000000000e+00 -1.48428691843649541e-01 -4.34398382611225486e-01 -2.37165983944362946e-02 -2.02105616959119050e-01 -1.48428691843649430e-01 -4.34398382611224654e-01  1.28591806991507546e-01  1.30770601973571543e-01  1.28591806991507546e-01  1.30770601973571543e-01 
 4.30000000000000000e+09  1.00000000000000000e+00  0.00000000000000000e+00 -1.49111805270516290e-01 -4.29244518750233950e-01 -2.50744774484142757e-02 -2.00326869616289982e-01 -1.49111805270516540e-01 -4.29244518750234283e-01  1.28804629424800227e-01  1.29539744533494816e-01  1.28804629424800227e-01  1.29539744533494816e-01 
 4.30500000000000000e+09  1.00000000000000000e+00  0.00000000000000000e+00 -1.49715954803105261e-01 -4.24159289591724831e-01 -2.63939300788738444e-02 -1.98597238365619488e-01 -1.49715954803105095e-01 -4.24159289591724997e-01  1.29025706626515912e-01  1.28350468449519306e-01  1.29025706626515912e-01  1.28350468449519306e-01 
 4.31000000000000000e+09  1.00000000000000000e+00  0.00000000000000000e+00 -1.50244261350121699e-01 -4.19141039596893361e-01 -2.76772871454568116e-02 -1.96915812569047555e-01 -1.50244261350121977e-01 -4.19141039596893306e-01  1.29255872025386298e-01  1.27201462337043325e-01  1.29255872025386298e-01  1.27201462337043325e-01 
 4.31500000000000000e+09  1.00000000000000000e+00  0.00000000000000000e+00 -1.50699660151314696e-01 -4.14188124410024283e-01 -2.89267668449152728e-02 -1.95281693025397662e-01 -1.50699660151315140e-01 -4.14188124410024228e-01  1.29495917431544205e-01  1.26091466436154626e-01  1.29495917431544205e-01  1.26091466436154626e-01 
 4.32000000000000000e+09  1.00000000000000000e+00  0.00000000000000000e+00 -1.51084910981343745e-01 -4.09298913783559648e-01 -3.01444818525619801e-02 -1.93693993917891050e-01 -1.51084910981343357e-01 -4.09298913783559648e-01  1.29746597225933125e-01  1.25019270617016148e-01  1.29746597225933125e-01  1.25019270617016148e-01 
 4.32500000000000000e+09  1.00000000000000000e+00  0.00000000000000000e+00 -1.51402607703556624e-01 -4.04471794045820565e-01 -3.13324460486625045e-02 -1.92151844464035770e-01 -1.51402607703556763e-01 -4.04471794045820898e-01  1.30008632250791650e-01  1.23983712417502528e-01  1.30008632250791650e-01  1.23983712417502528e-01 
 4.33000000000000000e+09  1.00000000000000000e+00  0.00000000000000000e+00 -1.51655187210282594e-01 -3.99705170165095214e-01 -3.24925808552905121e-02 -1.90654390303053090e-01 -1.51655187210282566e-01 -3.99705170165094992e-01  1.30282713427335883e-01  1.22983675118545827e-01  1.30282713427335883e-01  1.22983675118545827e-01 
 4.33500000000000000e+09  1.00000000000000000e+00  0.00000000000000000e+00 -1.51844937784577305e-01 -3.94997467457839813e-01 -3.36267212080702954e-02 -1.89200794652107679e-01 -1.51844937784577333e-01 -3.94997467457840090e-01  1.30569505124725843e-01  1.22018085861330700e-01  1.30569505124725843e-01  1.22018085861330700e-01 
 4.34000000000000000e+09  1.00000000000000000e+00  0.00000000000000000e+00 -1.51974006916627880e-01 -3.90347132983534406e-01 -3.47366211861164301e-02 -1.87790239259102709e-01 -1.51974006916627713e-01 -3.90347132983534184e-01  1.30869648302507219e-01  1.21085913809326415e-01  1.30869648302507219e-01  1.21085913809326415e-01 
 4.34500000000000000e+09  1.00000000000000000e+00  0.00000000000000000e+00 -1.52044408606276826e-01 -3.85752636664018711e-01 -3.58239593223833724e-02 -1.86421925176705083e-01 -1.52044408606277048e-01 -3.85752636664018711e-01  1.31183763447016932e-01  1.20186168357180392e-01  1.31183763447016932e-01  1.20186168357180392e-01 
 4.35000000000000000e+09  1.00000000000000000e+00  0.00000000000000000e+00 -1.52058030181411230e-01 -3.81212472160958771e-01 -3.68903436155133893e-02 -1.85095073379485053e-01 -1.52058030181411341e-01 -3.81212472160958438e-01  1.31512453320633438e-01  1.19317897387679728e-01  1.31512453320633438e-01  1.19317897387679728e-01 
 4.35500000000000000e+09  1.00000000000000000e+00  0.00000000000000000e+00 -1.52016638660250780e-01 -3.76725157541388356e-01 -3.79373162631956445e-02 -1.83808925243608590e-01 -1.52016638660250614e-01 -3.76725157541388134e-01  1.31856305541320634e-01  1.18480185577309660e-01  1.31856305541320634e-01  1.18480185577309660e-01 
 4.36000000000000000e+09  1.00000000000000000e+00  0.00000000000000000e+00 -1.51921886683881291e-01 -3.72289235757965464e-01 -3.89663581360352590e-02 -1.82562742906272502e-01 -1.51921886683881180e-01 -3.72289235757965686e-01  1.32215895008588213e-01  1.17672152750297160e-01  1.32215895008588213e-01  1.17672152750297160e-01 
 4.36500000000000000e+09  1.00000000000000000e+00  0.00000000000000000e+00 -1.51775318043796792e-01 -3.67903274967618321e-01 -3.99788930098522177e-02 -1.81355809520173467e-01 -1.51775318043796736e-01 -3.67903274967618099e-01  1.32591786190765226e-01  1.16892952280615109e-01  1.32591786190765226e-01  1.16892952280615109e-01 
 4.37000000000000000e+09  1.00000000000000000e+00  0.00000000000000000e+00 -1.51578372827587654e-01 -3.63565868709672557e-01 -4.09762915734580152e-02 -1.80187429416481221e-01 -1.51578372827587460e-01 -3.63565868709672391e-01  1.32984535287416078e-01  1.16141769540901357e-01  1.32984535287416078e-01  1.16141769540901357e-01 
 4.37500000000000000e+09  1.00000000000000000e+00  0.00000000000000000e+00 -1.51332392204448940e-01 -3.59275635962205131e-01 -4.19598752279581599e-02 -1.79056928188275538e-01 -1.51332392204448829e-01 -3.59275635962205131e-01  1.33394692279692251e-01  1.15417820396968060e-01  1.33394692279692251e-01  1.15417820396968060e-01 
 4.38000000000000000e+09  1.00000000000000000e+00  0.00000000000000000e+00 -1.51038622870700190e-01 -3.55031221093310312e-01 -4.29309196928015502e-02 -1.77963652704991010e-01 -1.51038622870700190e-01 -3.55031221093310534e-01  1.33822802880526559e-01  1.14720349746238542e-01  1.33822802880526559e-01  1.14720349746238542e-01 
 4.38500000000000000e+09  1.00000000000000000e+00  0.00000000000000000e+00 -1.50698221174125013e-01 -3.50831293722128568e-01 -4.38906584329653432e-02 -1.76906971067165686e-01 -1.50698221174124874e-01 -3.50831293722128512e-01  1.34269410395745137e-01  1.14048630098193868e-01  1.34269410395745137e-01  1.14048630098193868e-01 
 4.39000000000000000e+09  1.00000000000000000e+00  0.00000000000000000e+00 -1.50312256934607535e-01 -3.46674548502879265e-01 -4.48402859208904894e-02 -1.75886272509688135e-01 -1.50312256934607313e-01 -3.46674548502879043e-01  1.34735057506429085e-01  1.13401960194697171e-01  1.34735057506429085e-01  1.13401960194697171e-01 
 4.39500000000000000e+09  1.00000000000000000e+00  0.00000000000000000e+00 -1.49881716977272428e-01 -3.42559704843672597e-01 -4.57809607460650803e-02 -1.74900967260726625e-01 -1.49881716977272372e-01 -3.42559704843672486e-01  1.35220287982186937e-01  1.12779663667865238e-01  1.35220287982186937e-01  1.12779663667865238e-01 
 4.40000000000000000e+09  1.00000000000000000e+00  0.00000000000000000e+00 -1.49407508393119615e-01 -3.38485506570640082e-01 -4.67138085844771775e-02 -1.73950486362648066e-01 -1.49407508393119642e-01 -3.38485506570640138e-01  1.35725648334396820e-01  1.12181087732995344e-01  1.35725648334396820e-01  1.12181087732995344e-01 
 4.40500000000000000e+09  1.00000000000000000e+00  0.00000000000000000e+00 -1.48890461540994834e-01 -3.34450721546757368e-01 -4.76399250395443119e-02 -1.73034281460414163e-01 -1.48890461540994889e-01 -3.34450721546757368e-01  1.36251689417939387e-01  1.11605601913893682e-01  1.36251689417939387e-01  1.11605601913893682e-01 
 4.41000000000000000e+09  1.00000000000000000e+00  0.00000000000000000e+00 -1.48331332803640359e-01 -3.30454141253780753e-01 -4.85603783655205457e-02 -1.72151824562258415e-01 -1.48331332803640387e-01 -3.30454141253781031e-01  1.36798967989452513e-01  1.11052596797853259e-01  1.36798967989452513e-01  1.11052596797853259e-01 
 4.41500000000000000e+09  1.00000000000000000e+00  0.00000000000000000e+00 -1.47730807109508366e-01 -3.26494580344821705e-01 -4.94762120838937169e-02 -1.71302607776752658e-01 -1.47730807109508533e-01 -3.26494580344821650e-01  1.37368048229722206e-01  1.10521482817344946e-01  1.37368048229722206e-01  1.10521482817344946e-01 
 4.42000000000000000e+09  1.00000000000000000e+00  0.00000000000000000e+00 -1.47089500231024628e-01 -3.22570876174357202e-01 -5.03884475027812570e-02 -1.70486143029816739e-01 -1.47089500231024795e-01 -3.22570876174356980e-01  1.37959503237449571e-01  1.10011689055400236e-01  1.37959503237449571e-01  1.10011689055400236e-01 
 4.42500000000000000e+09  1.00000000000000000e+00  0.00000000000000000e+00 -1.46407960869051890e-01 -3.18681888311750927e-01 -5.12980861488555595e-02 -1.69701961764714249e-01 -1.46407960869051917e-01 -3.18681888311751038e-01  1.38573916501283534e-01  1.09522662071573518e-01  1.38573916501283534e-01  1.09522662071573518e-01 
 4.43000000000000000e+09  1.00000000000000000e+00  0.00000000000000000e+00 -1.45686672532351458e-01 -3.14826498043868863e-01 -5.22061121210094098e-02 -1.68949614627530664e-01 -1.45686672532351430e-01 -3.14826498043868752e-01  1.39211883356758076e-01  1.09053864745165707e-01  1.39211883356758076e-01  1.09053864745165707e-01 
 4.43500000000000000e+09  1.00000000000000000e+00  0.00000000000000000e+00 -1.44926055220007288e-01 -3.11003607871792931e-01 -5.31134943745288982e-02 -1.68228671140270847e-01 -1.44926055220007455e-01 -3.11003607871792986e-01  1.39874012434499817e-01  1.08604775132366688e-01  1.39874012434499817e-01  1.08604775132366688e-01 
 4.44000000000000000e+09  1.00000000000000000e+00  0.00000000000000000e+00 -1.44126466913901796e-01 -3.07212141006296180e-01 -5.40211889442898524e-02 -1.67538719363231836e-01 -1.44126466913901796e-01 -3.07212141006296124e-01  1.40560927105886579e-01  1.08174885333754953e-01  1.40560927105886579e-01  1.08174885333754953e-01 
 4.44500000000000000e+09  1.00000000000000000e+00  0.00000000000000000e+00 -1.43288204887552562e-01 -3.03451040866313526e-01 -5.49301411151635055e-02 -1.66879365548001424e-01 -1.43288204887552562e-01 -3.03451040866313249e-01  1.41273266932161884e-01  1.07763700368525228e-01  1.41273266932161884e-01  1.07763700368525228e-01 
 4.45000000000000000e+09  1.00000000000000000e+00  0.00000000000000000e+00 -1.42411506836812807e-01 -2.99719270584437980e-01 -5.58412875476268986e-02 -1.66250233782013673e-01 -1.42411506836812696e-01 -2.99719270584438147e-01  1.42011689122886919e-01  1.07370737051582024e-01  1.42011689122886919e-01  1.07370737051582024e-01 
 4.45500000000000000e+09  1.00000000000000000e+00  0.00000000000000000e+00 -1.41496551837199724e-01 -2.96015812523161892e-01 -5.67555583663255786e-02 -1.65650965625322666e-01 -1.41496551837199613e-01 -2.96015812523161725e-01  1.42776870009507506e-01  1.06995522869536341e-01  1.42776870009507506e-01  1.06995522869536341e-01 
 4.46000000000000000e+09  1.00000000000000000e+00  0.00000000000000000e+00 -1.40543461131879266e-01 -2.92339667805457060e-01 -5.76738792191846122e-02 -1.65081219739915963e-01 -1.40543461131879183e-01 -2.92339667805456949e-01  1.43569506539746261e-01  1.06637594851422116e-01  1.43569506539746261e-01  1.06637594851422116e-01 
 4.46500000000000000e+09  1.00000000000000000e+00  0.00000000000000000e+00 -1.39552298753600534e-01 -2.88689855863154432e-01 -5.85971733145579793e-02 -1.64540671511573117e-01 -1.39552298753600534e-01 -2.88689855863154321e-01  1.44390317798508749e-01  1.06296498429715516e-01  1.44390317798508749e-01  1.06296498429715516e-01 
 4.47000000000000000e+09  1.00000000000000000e+00  0.00000000000000000e+00 -1.38523071983191415e-01 -2.85065414006511753e-01 -5.95263634437776662e-02 -1.64029012664007906e-01 -1.38523071983191359e-01 -2.85065414006511753e-01  1.45240046560973279e-01  1.05971786287042818e-01  1.45240046560973279e-01  1.05971786287042818e-01 
 4.47500000000000000e+09  1.00000000000000000e+00  0.00000000000000000e+00 -1.37455731646525497e-01 -2.81465397018309749e-01 -6.04623739964132781e-02 -1.63545950864738915e-01 -1.37455731646525470e-01 -2.81465397018309693e-01  1.46119460883563035e-01  1.05663017183694419e-01  1.46119460883563035e-01  1.05663017183694419e-01 
 4.48000000000000000e+09  1.00000000000000000e+00  0.00000000000000000e+00 -1.36350172251176571e-01 -2.77888876775896132e-01 -6.14061329755558744e-02 -1.63091209321819086e-01 -1.36350172251176682e-01 -2.77888876775896076e-01  1.47029355738560324e-01  1.05369754760731099e-01  1.47029355738560324e-01  1.05369754760731099e-01 
 4.48500000000000000e+09  1.00000000000000000e+00  0.00000000000000000e+00 -1.35206231963319046e-01 -2.74334941904605112e-01 -6.23585740204059269e-02 -1.62664526370300266e-01 -1.35206231963318990e-01 -2.74334941904605167e-01  1.47970554698183654e-01  1.05091566313199145e-01  1.47970554698183654e-01  1.05091566313199145e-01 
 4.49000000000000000e+09  1.00000000000000000e+00  0.00000000000000000e+00 -1.34023692424717122e-01 -2.70802697466151987e-01 -6.33206384435510694e-02 -1.62265655046964913e-01 -1.34023692424717067e-01 -2.70802697466152043e-01  1.48943911674083579e-01  1.04828021527537840e-01  1.48943911674083579e-01  1.04828021527537840e-01 
 4.49500000000000000e+09  1.00000000000000000e+00  0.00000000000000000e+00 -1.32802278409005881e-01 -2.67291264685744323e-01 -6.42932772903412886e-02 -1.61894362651595902e-01 -1.32802278409005992e-01 -2.67291264685744323e-01  1.49950312718315604e-01  1.04578691176925143e-01  1.49950312718315604e-01  1.04578691176925143e-01 
 4.50000000000000000e+09  1.00000000000000000e+00  0.00000000000000000e+00 -1.31541657315734362e-01 -2.63799780721877375e-01 -6.52774534279516871e-02 -1.61550430292675462e-01 -1.31541657315734362e-01 -2.63799780721877375e-01  1.50990677892037406e-01  1.04343145767778964e-01  1.50990677892037406e-01  1.04343145767778964e-01 
 4.50500000000000000e+09  1.00000000000000000e+00  0.00000000000000000e+00 -1.30241438499970719e-01 -2.60327398483072181e-01 -6.62741436718425336e-02 -1.61233652415095713e-01 -1.30241438499970719e-01 -2.60327398483072181e-01  1.52065963208345978e-01  1.04120954130169974e-01  1.52065963208345978e-01  1.04120954130169974e-01 
 4.51000000000000000e+09  1.00000000000000000e+00  0.00000000000000000e+00 -1.28901172434549738e-01 -2.56873286496106967e-01 -6.72843409575319407e-02 -1.60943836307087751e-01 -1.28901172434549738e-01 -2.56873286496106912e-01  1.53177162655888377e-01  1.03911681944331452e-01  1.53177162655888377e-01  1.03911681944331452e-01 
 4.51500000000000000e+09  1.00000000000000000e+00  0.00000000000000000e+00 -1.27520349701296248e-01 -2.53436628830745858e-01 -6.83090565658700799e-02 -1.60680801583137522e-01 -1.27520349701296221e-01 -2.53436628830745803e-01  1.54325310310123809e-01  1.03714890194760337e-01  1.54325310310123809e-01  1.03714890194760337e-01 
 4.52000000000000000e+09  1.00000000000000000e+00  0.00000000000000000e+00 -1.26098399806837402e-01 -2.50016625086357858e-01 -6.93493224102263162e-02 -1.60444379639288870e-01 -1.26098399806837458e-01 -2.50016625086357913e-01  1.55511482539367141e-01  1.03530133542793334e-01  1.55511482539367141e-01  1.03530133542793334e-01 
 4.52500000000000000e+09  1.00000000000000000e+00  0.00000000000000000e+00 -1.24634689817812325e-01 -2.46612490446391330e-01 -7.04061933943760515e-02 -1.60234413076697918e-01 -1.24634689817812297e-01 -2.46612490446391414e-01  1.56736800313040603e-01  1.03356958607671440e-01  1.56736800313040603e-01  1.03356958607671440e-01 
 4.53000000000000000e+09  1.00000000000000000e+00  0.00000000000000000e+00 -1.23128522809496557e-01 -2.43223455807278249e-01 -7.14807498502347538e-02 -1.60050755088798680e-01 -1.23128522809496599e-01 -2.43223455807278360e-01  1.58002431619876149e-01  1.03194902145250456e-01  1.58002431619876149e-01  1.03194902145250456e-01 
 4.53500000000000000e+09  1.00000000000000000e+00  0.00000000000000000e+00 -1.21579136121027886e-01 -2.39848767988985162e-01 -7.25741000649682139e-02 -1.59893268806893085e-01 -1.21579136121027914e-01 -2.39848767988985245e-01  1.59309594004134636e-01  1.03043489112589162e-01  1.59309594004134636e-01  1.03043489112589162e-01 
 4.54000000000000000e+09  1.00000000000000000e+00  0.00000000000000000e+00 -1.19985699409534893e-01 -2.36487690035281417e-01 -7.36873829075311571e-02 -1.59761826598285306e-01 -1.19985699409534907e-01 -2.36487690035281362e-01  1.60659557228284733e-01  1.02902230605475736e-01  1.60659557228284733e-01  1.02902230605475736e-01 
 4.54500000000000000e+09  1.00000000000000000e+00  0.00000000000000000e+00 -1.18347312494561346e-01 -2.33139501612620370e-01 -7.48217705651604420e-02 -1.59656309310417854e-01 -1.18347312494561319e-01 -2.33139501612620481e-01  1.62053646070956098e-01  1.02770621654815680e-01  1.62053646070956098e-01  1.02770621654815680e-01 
 4.55000000000000000e+09  1.00000000000000000e+00  0.00000000000000000e+00 -1.16663002983232261e-01 -2.29803499517580001e-01 -7.59784714009379136e-02 -1.59576605453653569e-01 -1.16663002983232289e-01 -2.29803499517580112e-01  1.63493243269382027e-01  1.02648138866422323e-01  1.63493243269382027e-01  1.02648138866422323e-01 
 4.55500000000000000e+09  1.00000000000000000e+00  0.00000000000000000e+00 -1.14931723665584892e-01 -2.26478998303922985e-01 -7.71587329441735525e-02 -1.59522610314467905e-01 -1.14931723665584892e-01 -2.26478998303922929e-01  1.64979792615974757e-01  1.02534237887254076e-01  1.64979792615974757e-01  1.02534237887254076e-01 
 4.56000000000000000e+09  1.00000000000000000e+00  0.00000000000000000e+00 -1.13152349668440372e-01 -2.23165331041617038e-01 -7.83638450260433217e-02 -1.59494224989828542e-01 -1.13152349668440400e-01 -2.23165331041617010e-01  1.66514802219106639e-01  1.02428350679473743e-01  1.66514802219106639e-01  1.02428350679473743e-01 
 4.56500000000000000e+09  1.00000000000000000e+00  0.00000000000000000e+00 -1.11323675355078561e-01 -2.19861850221624133e-01 -7.95951430736709931e-02 -1.59491355332427476e-01 -1.11323675355078616e-01 -2.19861850221624078e-01  1.68099847938612879e-01  1.02329882581832038e-01  1.68099847938612879e-01  1.02329882581832038e-01 
 4.57000000000000000e+09  1.00000000000000000e+00  0.00000000000000000e+00 -1.09444410956800325e-01 -2.16567928821844669e-01 -8.08540115766498424e-02 -1.59513910795218705e-01 -1.09444410956800367e-01 -2.16567928821844724e-01  1.69736577006993933e-01  1.02238209135839642e-01  1.69736577006993933e-01  1.02238209135839642e-01 
 4.57500000000000000e+09  1.00000000000000000e+00  0.00000000000000000e+00 -1.07513178921225250e-01 -2.13282961551501227e-01 -8.21418877409146320e-02 -1.59561803162261706e-01 -1.07513178921225222e-01 -2.13282961551501143e-01  1.71426711847739943e-01  1.02152672651803667e-01  1.71426711847739943e-01  1.02152672651803667e-01 
 4.58000000000000000e+09  1.00000000000000000e+00  0.00000000000000000e+00 -1.05528509960868822e-01 -2.10006366293253588e-01 -8.34602653458059729e-02 -1.59634945151360008e-01 -1.05528509960868849e-01 -2.10006366293253616e-01  1.73172054102654849e-01  1.02072578487288845e-01  1.73172054102654849e-01  1.02072578487288845e-01 
 4.58500000000000000e+09  1.00000000000000000e+00  0.00000000000000000e+00 -1.03488838784177029e-01 -2.06737585764698584e-01 -8.48106988212063428e-02 -1.59733248872186873e-01 -1.03488838784177029e-01 -2.06737585764698584e-01  1.74974488880478563e-01  1.01997191007653421e-01  1.74974488880478563e-01  1.01997191007653421e-01 
 4.59000000000000000e+09  1.00000000000000000e+00  0.00000000000000000e+00 -1.01392499489740620e-01 -2.03476089423538065e-01 -8.61948075627616828e-02 -1.59856624121583080e-01 -1.01392499489740662e-01 -2.03476089423538065e-01  1.76835989239520763e-01  1.01925729195052911e-01  1.76835989239520763e-01  1.01925729195052911e-01 
 4.59500000000000000e+09  1.00000000000000000e+00  0.00000000000000000e+00 -9.92377206029154413e-02 -2.00221375643611560e-01 -8.76142805043310935e-02 -1.60004976495523754e-01 -9.92377206029154690e-02 -2.00221375643611643e-01  1.78758620917364663e-01  1.01857361868805230e-01  1.78758620917364663e-01  1.01857361868805230e-01 
 4.60000000000000000e+09  1.00000000000000000e+00  0.00000000000000000e+00 -9.70226197324781103e-02 -1.96972974192406364e-01 -8.90708809681372837e-02 -1.60178205294630838e-01 -9.70226197324781381e-02 -1.96972974192406419e-01  1.80744547321009641e-01  1.01791202475865636e-01  1.80744547321009641e-01  1.01791202475865636e-01 
 4.60500000000000000e+09  1.00000000000000000e+00  0.00000000000000000e+00 -9.47451978233019576e-02 -1.93730449044355379e-01 -9.05664518143812630e-02 -1.60376201197308832e-01 -9.47451978233019854e-02 -1.93730449044355435e-01  1.82796034791031792e-01  1.01726303405766466e-01  1.82796034791031792e-01  1.01726303405766466e-01 
 4.61000000000000000e+09  1.00000000000000000e+00  0.00000000000000000e+00 -9.24033329793334940e-02 -1.90493401568541776e-01 -9.21029209135164895e-02 -1.60598843671307612e-01 -9.24033329793334801e-02 -1.90493401568541804e-01  1.84915458153443735e-01  1.01661649779308236e-01  1.84915458153443735e-01  1.01661649779308236e-01 
 4.61500000000000000e+09  1.00000000000000000e+00  0.00000000000000000e+00 -8.99947738293673805e-02 -1.87261474134214484e-01 -9.36823069658721530e-02 -1.60845998090848652e-01 -8.99947738293673805e-02 -1.87261474134214456e-01  1.87105306572901975e-01  1.01596152654663624e-01  1.87105306572901975e-01  1.01596152654663624e-01 
 4.62000000000000000e+09  1.00000000000000000e+00  0.00000000000000000e+00 -8.75171324063322709e-02 -1.84034354182984999e-01 -9.53067256948584018e-02 -1.61117512522293282e-01 -8.75171324063322431e-02 -1.84034354182984972e-01  1.89368189720677094e-01  1.01528641588264107e-01  1.89368189720677094e-01  1.01528641588264107e-01 
 4.62500000000000000e+09  1.00000000000000000e+00  0.00000000000000000e+00 -8.49678765089565829e-02 -1.80811778822701719e-01 -9.69783964415834032e-02 -1.61413214136646138e-01 -8.49678765089565968e-02 -1.80811778822701719e-01  1.91706844270347232e-01  1.01457856480818231e-01  1.91706844270347232e-01  1.01457856480818231e-01 
 4.63000000000000000e+09  1.00000000000000000e+00  0.00000000000000000e+00 -8.23443215128484562e-02 -1.77593540005004241e-01 -9.86996491903892603e-02 -1.61732905201798727e-01 -8.23443215128484840e-02 -1.77593540005004213e-01  1.94124140733419048e-01  1.01382438630850752e-01  1.94124140733419048e-01  1.01382438630850752e-01 
 4.63500000000000000e+09  1.00000000000000000e+00  0.00000000000000000e+00 -7.96436215962413874e-02 -1.74379490356418698e-01 -1.00472932056434108e-01 -1.62076358601421222e-01 -7.96436215962414013e-02 -1.74379490356418754e-01  1.96623090645944687e-01  1.01300920909391051e-01  1.96623090645944687e-01  1.01300920909391051e-01 
 4.64000000000000000e+09  1.00000000000000000e+00  0.00000000000000000e+00 -7.68627603439017426e-02 -1.71169549741822802e-01 -1.02300819268155208e-01 -1.62443312820476998e-01 -7.68627603439017426e-02 -1.71169549741822774e-01  1.99206854115626913e-01  1.01211716959443865e-01  1.99206854115626913e-01  1.01211716959443865e-01 
 4.64500000000000000e+09  1.00000000000000000e+00  0.00000000000000000e+00 -7.39985406911104204e-02 -1.67963712649252028e-01 -1.04186019679039815e-01 -1.62833466329547233e-01 -7.39985406911104482e-02 -1.67963712649252139e-01  2.01878747736735864e-01  1.01113109312801375e-01  2.01878747736735864e-01  1.01113109312801375e-01 
 4.65000000000000000e+09  1.00000000000000000e+00  0.00000000000000000e+00 -7.10475741682007750e-02 -1.64762056496488951e-01 -1.06131385844662696e-01 -1.63246471291285167e-01 -7.10475741682007611e-02 -1.64762056496488896e-01  2.04642252877306030e-01  1.01003236304306854e-01  2.04642252877306030e-01  1.01003236304306854e-01 
 4.65500000000000000e+09  1.00000000000000000e+00  0.00000000000000000e+00 -6.80062694050133087e-02 -1.61564750972969684e-01 -1.08139923702343488e-01 -1.63681926502200703e-01 -6.80062694050132810e-02 -1.61564750972969684e-01  2.07501024339351692e-01  1.00880077649680266e-01  2.07501024339351692e-01  1.00880077649680266e-01 
 4.66000000000000000e+09  1.00000000000000000e+00  0.00000000000000000e+00 -6.48708198538741482e-02 -1.58372068545344108e-01 -1.10214802891938635e-01 -1.64139369471487856e-01 -6.48708198538741482e-02 -1.58372068545344025e-01  2.10458899388054926e-01  1.00741438537348529e-01  2.10458899388054926e-01  1.00741438537348529e-01 
 4.66500000000000000e+09  1.00000000000000000e+00  0.00000000000000000e+00 -6.16371906894947474e-02 -1.55184396271795422e-01 -1.12359367757082676e-01 -1.64618267525617201e-01 -6.16371906894947683e-02 -1.55184396271795394e-01  2.13519907139810616e-01  1.00584932067271898e-01  2.13519907139810616e-01  1.00584932067271898e-01 
 4.67000000000000000e+09  1.00000000000000000e+00  0.00000000000000000e+00 -5.83011048446819696e-02 -1.52002249089453645e-01 -1.14577149066648926e-01 -1.65118007812396828e-01 -5.83011048446819488e-02 -1.52002249089453645e-01  2.16688278291329084e-01  1.00407959849897144e-01  2.16688278291329084e-01  1.00407959849897144e-01 
 4.67500000000000000e+09  1.00000000000000000e+00  0.00000000000000000e+00 -5.48580281421607585e-02 -1.48826284760776806e-01 -1.16871876495898336e-01 -1.65637886061461459e-01 -5.48580281421607308e-02 -1.48826284760776806e-01  2.19968455162441123e-01  1.00207690556586113e-01  2.19968455162441123e-01  1.00207690556586113e-01 
 4.68000000000000000e+09  1.00000000000000000e+00  0.00000000000000000e+00 -5.13031534854360149e-02 -1.45657320689577624e-01 -1.19247491905832337e-01 -1.66177093938709497e-01 -5.13031534854360080e-02 -1.45657320689577680e-01  2.23365102013286132e-01  9.99810361880086595e-02  2.23365102013286132e-01  9.99810361880086595e-02 
 4.68500000000000000e+09  1.00000000000000000e+00  0.00000000000000000e+00 -4.76313840757822404e-02 -1.42496352845250862e-01 -1.21708163457123472e-01 -1.66734704810399398e-01 -4.76313840757822404e-02 -1.42496352845250834e-01  2.26883115581803074e-01  9.97246257996080160e-02  2.26883115581803074e-01  9.97246257996080160e-02 
 4.69000000000000000e+09  1.00000000000000000e+00  0.00000000000000000e+00 -4.38373156285710511e-02 -1.39344577065640629e-01 -1.24258300591607612e-01 -1.67309657707534309e-01 -4.38373156285710580e-02 -1.39344577065640629e-01  2.30527635769195216e-01  9.94347763923351252e-02  2.30527635769195216e-01  9.94347763923351252e-02 
 4.69500000000000000e+09  1.00000000000000000e+00  0.00000000000000000e+00 -3.99152175708114426e-02 -1.36203413045028032e-01 -1.26902569909053048e-01 -1.67900739252818010e-01 -3.99152175708114565e-02 -1.36203413045028005e-01  2.34304056378579928e-01  9.91074606426502053e-02  2.34304056378579928e-01  9.91074606426502053e-02 
 4.70000000000000000e+09  1.00000000000000000e+00  0.00000000000000000e+00 -3.58590132135391398e-02 -1.33074531354683279e-01 -1.29645911959509946e-01 -1.68506563280080957e-01 -3.58590132135391468e-02 -1.33074531354683279e-01  2.38218035784522220e-01  9.87382711075345809e-02  2.38218035784522220e-01  9.87382711075345809e-02 
 4.70500000000000000e+09  1.00000000000000000e+00  0.00000000000000000e+00 -3.16622589085007941e-02 -1.29959883889826933e-01 -1.32493558961185670e-01 -1.69125547839379831e-01 -3.16622589085008219e-02 -1.29959883889826905e-01  2.42275507377425037e-01  9.83223804979399818e-02  2.42275507377425037e-01  9.83223804979399818e-02 
 4.71000000000000000e+09  1.00000000000000000e+00  0.00000000000000000e+00 -2.73181222192943780e-02 -1.26861738189454093e-01 -1.35451053439925362e-01 -1.69755889239122493e-01 -2.73181222192943676e-02 -1.26861738189454065e-01  2.46482689585583198e-01  9.78544975670355699e-02  2.46482689585583198e-01  9.78544975670355699e-02 
 4.71500000000000000e+09  1.00000000000000000e+00  0.00000000000000000e+00 -2.28193591641419891e-02 -1.23782716134821058e-01 -1.38524267767838549e-01 -1.70395532729364863e-01 -2.28193591641419891e-02 -1.23782716134821058e-01  2.50846095227510613e-01  9.73288181080372156e-02  2.50846095227510613e-01  9.73288181080372156e-02 
 4.72000000000000000e+09  1.00000000000000000e+00  0.00000000000000000e+00 -1.81582906221920415e-02 -1.20725837599538754e-01 -1.41719424554483886e-01 -1.71042139376686497e-01 -1.81582906221920276e-02 -1.20725837599538782e-01  2.55372539886014494e-01  9.67389704994321420e-02  2.55372539886014494e-01  9.67389704994321420e-02 
 4.72500000000000000e+09  1.00000000000000000e+00  0.00000000000000000e+00 -1.33267780396325742e-02 -1.17694569699713952e-01 -1.45043117812695355e-01 -1.71693048620489952e-01 -1.33267780396325794e-02 -1.17694569699713952e-01  2.60069148921206250e-01  9.60779551734422671e-02  2.60069148921206250e-01  9.60779551734422671e-02 
 4.73000000000000000e+09  1.00000000000000000e+00  0.00000000000000000e+00 -8.31619862828998288e-03 -1.14692882377403382e-01 -1.48502334780885564e-01 -1.72345235932226476e-01 -8.31619862828999329e-03 -1.14692882377403438e-01  2.64943362649398106e-01  9.53380773163390871e-02  2.64943362649398106e-01  9.53380773163390871e-02 
 4.73500000000000000e+09  1.00000000000000000e+00  0.00000000000000000e+00 -3.11742032053329531e-03 -1.11725311145504505e-01 -1.52104478232358509e-01 -1.72995264922258307e-01 -3.11742032053329704e-03 -1.11725311145504519e-01  2.70002939105490392e-01  9.45108720370356759e-02  2.70002939105490392e-01  9.45108720370356759e-02 
 4.74000000000000000e+09  1.00000000000000000e+00  0.00000000000000000e+00  2.27922316613392382e-03 -1.08797027927915319e-01 -1.55857389037027894e-01 -1.73639233153080774e-01  2.27922316613392295e-03 -1.08797027927915291e-01  2.75255953673954445e-01  9.35870211637763599e-02  2.75255953673954445e-01  9.35870211637763599e-02 
 4.74500000000000000e+09  1.00000000000000000e+00  0.00000000000000000e+00  7.88395668934619397e-03 -1.05913921045786286e-01 -1.59769368658764066e-01 -1.74272710821883448e-01  7.88395668934620264e-03 -1.05913921045786272e-01  2.80710794713368461e-01  9.25562607487615679e-02  2.80710794713368461e-01  9.25562607487615679e-02 
 4.75000000000000000e+09  1.00000000000000000e+00  0.00000000000000000e+00  1.37075868615819628e-02 -1.03082685529357718e-01 -1.63849201168224046e-01 -1.74890671369442141e-01  1.37075868615819732e-02 -1.03082685529357718e-01  2.86376154105963010e-01  9.14072782788238614e-02  2.86376154105963010e-01  9.14072782788238614e-02 
 4.75500000000000000e+09  1.00000000000000000e+00  0.00000000000000000e+00  1.97615232697858148e-02 -1.00310925075019583e-01 -1.68106174221625715e-01 -1.75487412955946387e-01  1.97615232697858113e-02 -1.00310925075019541e-01  2.92261011430371420e-01  9.01275985092858112e-02  2.92261011430371420e-01  9.01275985092858112e-02 
 4.76000000000000000e+09  1.00000000000000000e+00  0.00000000000000000e+00  2.60577967394036054e-02 -9.76072671179908646e-02 -1.72550098294384335e-01 -1.76056469617982270e-01  2.60577967394035950e-02 -9.76072671179908646e-02  2.98374610174978350e-01  8.87034567617371456e-02  2.98374610174978350e-01  8.87034567617371456e-02 
 4.76500000000000000e+09  1.00000000000000000e+00  0.00000000000000000e+00  3.26090733800963872e-02 -9.49814926509361945e-02 -1.77191323257617828e-01 -1.76590510785098770e-01  3.26090733800963803e-02 -9.49814926509361945e-02  3.04726424071775914e-01  8.71196584595031881e-02  3.04726424071775914e-01  8.71196584595031881e-02 
 4.77000000000000000e+09  1.00000000000000000e+00  0.00000000000000000e+00  3.94286628209237905e-02 -9.24446825841184205e-02 -1.82040751136300388e-01 -1.77081227691952725e-01  3.94286628209237766e-02 -9.24446825841184205e-02  3.11326111226361557e-01  8.53594236254145572e-02  3.11326111226361557e-01  8.53594236254145572e-02 
 4.77500000000000000e+09  1.00000000000000000e+00  0.00000000000000000e+00  4.65305186374257440e-02 -9.00093826091594162e-02 -1.87109843579842894e-01 -1.77519205075219871e-01  4.65305186374257440e-02 -9.00093826091594162e-02  3.18183453236102531e-01  8.34042150440669622e-02  3.18183453236102531e-01  8.34042150440669622e-02 
 4.78000000000000000e+09  1.00000000000000000e+00  0.00000000000000000e+00  5.39292284762764862e-02 -8.76897886874515031e-02 -1.92410622196356990e-01 -1.77893776399766057e-01  5.39292284762764723e-02 -8.76897886874514754e-02  3.25308275912579326e-01  8.12335488103782671e-02  3.25308275912579326e-01  8.12335488103782671e-02 
 4.78500000000000000e+09  1.00000000000000000e+00  0.00000000000000000e+00  6.16399907761739155e-02 -8.55019554248996616e-02 -1.97955659435915643e-01 -1.78192860723339341e-01  6.16399907761738947e-02 -8.55019554248996616e-02  3.32710347540652263e-01  7.88247860658465305e-02  3.32710347540652263e-01  7.88247860658465305e-02 
 4.79000000000000000e+09  1.00000000000000000e+00  0.00000000000000000e+00  6.96785742450728579e-02 -8.34640297000762421e-02 -2.03758057138380244e-01 -1.78402779195619227e-01  6.96785742450728718e-02 -8.34640297000762282e-02  3.40399249799008707e-01  7.61529048891497473e-02  3.40399249799008707e-01  7.61529048891497473e-02 
 4.79500000000000000e+09  1.00000000000000000e+00  0.00000000000000000e+00  7.80612553591899933e-02 -8.15965119597676647e-02 -2.09831409167712257e-01 -1.78508049112912487e-01  7.80612553591899516e-02 -8.15965119597676647e-02  3.48384215518927509e-01  7.31902515919802682e-02  3.48384215518927509e-01  7.31902515919802682e-02 
 4.80000000000000000e+09  1.00000000000000000e+00  0.00000000000000000e+00  8.68047280710192021e-02 -7.99225475521949946e-02 -2.16189743714574278e-01 -1.78491153437760453e-01  8.68047280710192160e-02 -7.99225475521950085e-02  3.56673926352717108e-01  6.99062711176723361e-02  3.56673926352717108e-01  6.99062711176723361e-02 
 4.80500000000000000e+09  1.00000000000000000e+00  0.00000000000000000e+00  9.59259786228436051e-02 -7.84682502891081157e-02 -2.22847439837767586e-01 -1.78332283777031919e-01  9.59259786228436051e-02 -7.84682502891080880e-02  3.65276262147266439e-01  6.62672169069541822e-02  3.65276262147266439e-01  6.62672169069541822e-02 
 4.81000000000000000e+09  1.00000000000000000e+00  0.00000000000000000e+00  1.05442116828322358e-01 -7.72630600544804147e-02 -2.29819111606579474e-01 -1.78009055037019137e-01  1.05442116828322358e-01 -7.72630600544804425e-02  3.74197992361565146e-01  6.22358415544504578e-02  3.74197992361565146e-01  6.22358415544504578e-02 
 4.81500000000000000e+09  1.00000000000000000e+00  0.00000000000000000e+00  1.15370153379790077e-01 -7.63401356292393307e-02 -2.37119451775081869e-01 -1.77496190401261911e-01  1.15370153379790091e-01 -7.63401356292393168e-02  3.83444398230795902e-01  5.77710709257801130e-02  3.83444398230795902e-01  5.77710709257801130e-02 
 4.82000000000000000e+09  1.00000000000000000e+00  0.00000000000000000e+00  1.25726710639725514e-01 -7.57367828742465665e-02 -2.44763025243591115e-01 -1.76765175985978656e-01  1.25726710639725486e-01 -7.57367828742465665e-02  3.93018812578330934e-01  5.28276662548096965e-02  3.93018812578330934e-01  5.28276662548096965e-02 
 4.82500000000000000e+09  1.00000000000000000e+00  0.00000000000000000e+00  1.36527651971257213e-01 -7.54949168707865492e-02 -2.52764000627917929e-01 -1.75783885625240166e-01  1.36527651971257213e-01 -7.54949168707865215e-02  4.02922062250973156e-01  4.73558812402463669e-02  4.02922062250973156e-01  4.73558812402463669e-02 
 4.83000000000000000e+09  1.00000000000000000e+00  0.00000000000000000e+00  1.47787611965699228e-01 -7.56615543852227346e-02 -2.61135806065083909e-01 -1.74516177858961757e-01  1.47787611965699228e-01 -7.56615543852227485e-02  4.13151796178387654e-01  4.13011244868504435e-02  4.13151796178387654e-01  4.13011244868504435e-02 
 4.83500000000000000e+09  1.00000000000000000e+00  0.00000000000000000e+00  1.59519406982007339e-01 -7.62893298835036482e-02 -2.69890692962091006e-01 -1.72921469513460074e-01  1.59519406982007339e-01 -7.62893298835036621e-02  4.23701680165242400e-01  3.46036419991659072e-02  4.23701680165242400e-01  3.46036419991659072e-02 
 4.84000000000000000e+09  1.00000000000000000e+00  0.00000000000000000e+00  1.71733302327761295e-01 -7.74370240027299761e-02 -2.79039188811491534e-01 -1.70954293490441361e-01  1.71733302327761239e-01 -7.74370240027299761e-02  4.34560437922451248e-01  2.71982400760479026e-02  4.34560437922451248e-01  2.71982400760479026e-02 
 4.84500000000000000e+09  1.00000000000000000e+00  0.00000000000000000e+00  1.84436109371840240e-01 -7.91700875701211726e-02 -2.88589417586466113e-01 -1.68563852773445877e-01  1.84436109371840240e-01 -7.91700875701211726e-02  4.45710716847204758e-01  1.90140761363206956e-02  4.45710716847204758e-01  1.90140761363206956e-02 
 4.85000000000000000e+09  1.00000000000000000e+00  0.00000000000000000e+00  1.97630083196871503e-01 -8.15611365760528922e-02 -2.98546263815387181e-01 -1.65693588520467727e-01  1.97630083196871503e-01 -8.15611365760528922e-02  4.57127757131214452e-01  9.97455399667598885e-03  4.57127757131214452e-01  9.97455399667598885e-03 
 4.85500000000000000e+09  1.00000000000000000e+00  0.00000000000000000e+00  2.11311589558059620e-01 -8.46903835575318065e-02 -3.08910354580109736e-01 -1.62280787769331192e-01  2.11311589558059648e-01 -8.46903835575317926e-02  4.68777844564383483e-01 -2.62884132978813412e-06  4.68777844564383483e-01 -2.62884132978813412e-06 
 4.86000000000000000e+09  1.00000000000000000e+00  0.00000000000000000e+00  2.25469509631917753e-01 -8.86459582367398885e-02 -3.19676832924672416e-01 -1.58256266076054419e-01  2.25469509631917725e-01 -8.86459582367398885e-02  4.80616531800476365e-01 -1.10052211140019285e-02  4.80616531800476365e-01 -1.10052211140019285e-02 
 4.86500000000000000e+09  1.00000000000000000e+00  0.00000000000000000e+00  2.40083353334532623e-01 -9.35240546645061954e-02 -3.30833897281849199e-01 -1.53544172629006270e-01  2.40083353334532623e-01 -9.35240546645061954e-02  4.92586621043810957e-01 -2.31258687797063489e-02  4.92586621043810957e-01 -2.31258687797063489e-02 
 4.87000000000000000e+09  1.00000000000000000e+00  0.00000000000000000e+00  2.55121058264461298e-01 -9.94288234009893801e-02 -3.42361085606490922e-01 -1.48061980202160604e-01  2.55121058264461298e-01 -9.94288234009893246e-02  5.04615914610133109e-01 -3.64611837814678152e-02  5.04615914610133109e-01 -3.64611837814678152e-02 
 4.87500000000000000e+09  1.00000000000000000e+00  0.00000000000000000e+00  2.70536463416330752e-01 -1.06471905647026993e-01 -3.54227291384147880e-01 -1.41720739634348614e-01  2.70536463416330697e-01 -1.06471905647026979e-01  5.16614760437978271e-01 -5.11103193170448500e-02  5.16614760437978271e-01 -5.11103193170448500e-02 
 4.88000000000000000e+09  1.00000000000000000e+00  0.00000000000000000e+00  2.86266467012604053e-01 -1.14771482550362292e-01 -3.66388513380488834e-01 -1.34425697800832133e-01  2.86266467012604109e-01 -1.14771482550362292e-01  5.28473449457217415e-01 -6.71729232220420330e-02  5.28473449457217415e-01 -6.71729232220420330e-02 
 4.88500000000000000e+09  1.00000000000000000e+00  0.00000000000000000e+00  3.02227908792410460e-01 -1.24450688944602192e-01 -3.78785364071637876e-01 -1.26077397997649748e-01  3.02227908792410405e-01 -1.24450688944602122e-01  5.40059562878745458e-01 -8.47463276762708689e-02  5.40059562878745458e-01 -8.47463276762708689e-02 
 4.89000000000000000e+09  1.00000000000000000e+00  0.00000000000000000e+00  3.18314261718817382e-01 -1.35635219717753580e-01 -3.91340395491920900e-01 -1.16573399935783653e-01  3.18314261718817382e-01 -1.35635219717753580e-01  5.51215421724520205e-01 -1.03921828142993111e-01  5.51215421724520205e-01 -1.03921828142993111e-01 
 4.89500000000000000e+09  1.00000000000000000e+00  0.00000000000000000e+00  3.34392278833637868e-01 -1.48449943912543958e-01 -4.03955347924358610e-01 -1.05810769312474934e-01  3.34392278833637813e-01 -1.48449943912543930e-01  5.61755859001764724e-01 -1.24779913446225341e-01  5.61755859001764724e-01 -1.24779913446225341e-01 
 4.90000000000000000e+09  1.00000000000000000e+00  0.00000000000000000e+00  3.50298819247897353e-01 -1.63014343893291308e-01 -4.16508487800599236e-01 -9.36894885261857630e-02  3.50298819247897353e-01 -1.63014343893291336e-01  5.71466615500068498e-01 -1.47384340339763109e-01  5.71466615500068498e-01 -1.47384340339763109e-01 
 4.90500000000000000e+09  1.00000000000000000e+00  0.00000000000000000e+00  3.65838171869348472e-01 -1.79436624317183296e-01 -4.28852275906330127e-01 -8.01169228272703426e-02  3.65838171869348416e-01 -1.79436624317183269e-01  5.80103748408726361e-01 -1.71775009639857951e-01  5.80103748408726361e-01 -1.71775009639857951e-01 
 4.91000000000000000e+09  1.00000000000000000e+00  0.00000000000000000e+00  3.80780301029658375e-01 -1.97806400147921974e-01 -4.40811691810341411e-01 -6.50134305460830231e-02  3.80780301029658319e-01 -1.97806400147921946e-01  5.87394527751908702e-01 -1.97959707374546157e-01  5.87394527751908702e-01 -1.97959707374546157e-01 
 4.91500000000000000e+09  1.00000000000000000e+00  0.00000000000000000e+00  3.94860542876280696e-01 -2.18185987152410582e-01 -4.52183626707720943e-01 -4.83191217093097494e-02  3.94860542876280696e-01 -2.18185987152410610e-01  5.93040362047698277e-01 -2.25904932165486544e-01  5.93040362047698277e-01 -2.25904932165486544e-01 
 4.92000000000000000e+09  1.00000000000000000e+00  0.00000000000000000e+00  4.07781365056077816e-01 -2.40600492595620219e-01 -4.62737829340914453e-01 -3.00016374222171756e-02  4.07781365056077816e-01 -2.40600492595620191e-01  5.96722316761701510e-01 -2.55526242477322973e-01  5.96722316761701510e-01 -2.55526242477322973e-01 
 4.92500000000000000e+09  1.00000000000000000e+00  0.00000000000000000e+00  4.19216835362558216e-01 -2.65027141565328028e-01 -4.72219925561973897e-01 -1.00646389828266472e-02  4.19216835362558327e-01 -2.65027141565328028e-01  5.98109735130399667e-01 -2.86678816980173001e-01  5.98109735130399667e-01 -2.86678816980173001e-01 
 4.93000000000000000e+09  1.00000000000000000e+00  0.00000000000000000e+00  4.28820390435530163e-01 -2.91384565439603893e-01 -4.80357002064591254e-01  1.14435329471235595e-02  4.28820390435530163e-01 -2.91384565439603893e-01  5.96872305817136906e-01 -3.19149203741603271e-01  5.96872305817136906e-01 -3.19149203741603271e-01 
 4.93500000000000000e+09  1.00000000000000000e+00  0.00000000000000000e+00  4.36236314053768004e-01 -3.19523092952892718e-01 -4.86866117038836754e-01  3.44218206156774037e-02  4.36236314053768004e-01 -3.19523092952892718e-01  5.92695616172571160e-01 -3.52649492962225863e-01  5.92695616172571160e-01 -3.52649492962225863e-01 
 4.94000000000000000e+09  1.00000000000000000e+00  0.00000000000000000e+00  4.41114995860347969e-01 -3.49217365292670889e-01 -4.91465849135089228e-01  5.87100572909496632e-02  4.41114995860347969e-01 -3.49217365292670889e-01  5.85299772978191135e-01 -3.86815314185472492e-01  5.85299772978191135e-01 -3.86815314185472492e-01 
 4.94500000000000000e+09  1.00000000000000000e+00  0.00000000000000000e+00  4.43131540435995119e-01 -3.80162764690375410e-01 -4.93890613816059199e-01  8.40853975903231021e-02  4.43131540435995119e-01 -3.80162764690375354e-01  5.74460088947531422e-01 -4.21209047266715708e-01  5.74460088947531422e-01 -4.21209047266715708e-01 
 4.95000000000000000e+09  1.00000000000000000e+00  0.00000000000000000e+00  4.42006671161288722e-01 -4.11977108570321271e-01 -4.93906988276846981e-01  1.10262743984862341e-01  4.42006671161288667e-01 -4.11977108570321326e-01  5.60028196555019675e-01 -4.55329364694450955e-01  5.60028196555019675e-01 -4.55329364694450955e-01 
 4.95500000000000000e+09  1.00000000000000000e+00  0.00000000000000000e+00  4.37528215714025892e-01 -4.44208737973883216e-01 -4.91330761055982723e-01  1.36900120055403834e-01  4.37528215714026003e-01 -4.44208737973883161e-01  5.41951387069350976e-01 -4.88627641765412402e-01  5.41951387069350976e-01 -4.88627641765412402e-01 
 4.96000000000000000e+09  1.00000000000000000e+00  0.00000000000000000e+00  4.29570914266603210e-01 -4.76351485561581467e-01 -4.86042970699271937e-01  1.63609464079731010e-01  4.29570914266603376e-01 -4.76351485561581411e-01  5.20287644407170125e-01 -5.20530898701155542e-01  5.20287644407170125e-01 -5.20530898701155542e-01 
 4.96500000000000000e+09  1.00000000000000000e+00  0.00000000000000000e+00  4.18112026441431583e-01 -5.07866091135743325e-01 -4.78002952705359418e-01  1.89972614577218035e-01  4.18112026441431750e-01 -5.07866091135743214e-01  4.95213909182394441e-01 -5.50469885917655333e-01  4.95213909182394441e-01 -5.50469885917655333e-01 
 4.97000000000000000e+09  1.00000000000000000e+00  0.00000000000000000e+00  4.03240373276184061e-01 -5.38206584132313037e-01 -4.67256493854023014e-01  2.15561437408762713e-01  4.03240373276184227e-01 -5.38206584132313148e-01  4.67025665189350070e-01 -5.77909892627083144e-01  4.67025665189350070e-01 -5.77909892627083144e-01 
 4.97500000000000000e+09  1.00000000000000000e+00  0.00000000000000000e+00  3.85157096227922990e-01 -5.66849195136140516e-01 -4.53937654312451033e-01  2.39960272139742720e-01  3.85157096227922935e-01 -5.66849195136140516e-01  4.36126968623465949e-01 -6.02381103405605911e-01  4.36126968623465949e-01 -6.02381103405605911e-01 
 4.98000000000000000e+09  1.00000000000000000e+00  0.00000000000000000e+00  3.64167478394636812e-01 -5.93320737798477049e-01 -4.38263618063242988e-01  2.62788347496914487e-01  3.64167478394637034e-01 -5.93320737798477271e-01  4.03011377243317814e-01 -6.23505077410915320e-01  4.03011377243317814e-01 -6.23505077410915320e-01 
 4.98500000000000000e+09  1.00000000000000000e+00  0.00000000000000000e+00  3.40664453365779218e-01 -6.17223307191589243e-01 -4.20522923514090707e-01  2.83719687067139348e-01  3.40664453365779329e-01 -6.17223307191589243e-01  3.68235603873056316e-01 -6.41014302231621036e-01  3.68235603873056316e-01 -6.41014302231621036e-01 
 4.99000000000000000e+09  1.00000000000000000e+00  0.00000000000000000e+00  3.15105641251452684e-01 -6.38252629459036491e-01 -4.01058390968834777e-01  3.02498354708671480e-01  3.15105641251452739e-01 -6.38252629459036602e-01  3.32388799671525237e-01 -6.54762734706418659e-01  3.32388799671525237e-01 -6.54762734706418659e-01 
 4.99500000000000000e+09  1.00000000000000000e+00  0.00000000000000000e+00  2.87986621373231610e-01 -6.56208369360523736e-01 -3.80246781418784152e-01  3.18947607602658778e-01  2.87986621373231499e-01 -6.56208369360523736e-01  2.96060915845190786e-01 -6.64726575635163575e-01  2.96060915845190786e-01 -6.64726575635163575e-01 
 5.00000000000000000e+09  1.00000000000000000e+00  0.00000000000000000e+00  2.59813494560008240e-01 -6.70995925358725209e-01 -3.58477540269803163e-01  3.32972461154615929e-01  2.59813494560008462e-01 -6.70995925358725098e-01  2.59813494560008740e-01 -6.70995925358725542e-01  2.59813494560008740e-01 -6.70995925358725542e-01 
 5.00500000000000000e+09  1.00000000000000000e+00  0.00000000000000000e+00  2.31077572621185667e-01 -6.82620432461294113e-01 -3.36132862901824536e-01  3.44556104796237828e-01  2.31077572621185723e-01 -6.82620432461294002e-01  2.24155572671756259e-01 -6.73759125465446362e-01  2.24155572671756259e-01 -6.73759125465446362e-01 
 5.01000000000000000e+09  1.00000000000000000e+00  0.00000000000000000e+00  2.02234372033609888e-01 -6.91174606782661849e-01 -3.13570844329202958e-01  3.53751346324168270e-01  2.02234372033609638e-01 -6.91174606782661960e-01  1.89526354720521206e-01 -6.73282296536527047e-01  1.89526354720521206e-01 -6.73282296536527047e-01 
 5.01500000000000000e+09  1.00000000000000000e+00  0.00000000000000000e+00  1.73688188583535352e-01 -6.96822564239410580e-01 -2.91112796491940995e-01  3.60668688319342401e-01  1.73688188583535214e-01 -6.96822564239410358e-01  1.56285189626789639e-01 -6.69886765263087214e-01  1.56285189626789639e-01 -6.69886765263087214e-01 
 5.02000000000000000e+09  1.00000000000000000e+00  0.00000000000000000e+00  1.45782611372892557e-01 -6.99781815631059345e-01 -2.69035105682752962e-01  3.65462733621038649e-01  1.45782611372892723e-01 -6.99781815631059345e-01  1.24708404277729196e-01 -6.63926805129645747e-01  1.24708404277729196e-01 -6.63926805129645747e-01 
 5.02500000000000000e+09  1.00000000000000000e+00  0.00000000000000000e+00  1.18796572344086665e-01 -7.00305368297418629e-01 -2.47565398369455347e-01  3.68318437784587727e-01  1.18796572344086637e-01 -7.00305368297418629e-01  9.49918555421867539e-02 -6.55769548163406824e-01  9.49918555421867539e-02 -6.55769548163406824e-01 
 5.03000000000000000e+09  1.00000000000000000e+00  0.00000000000000000e+00  9.29450153282738445e-02 -6.98665388162230561e-01 -2.26882365178106837e-01  3.69438377889300174e-01  9.29450153282735947e-02 -6.98665388162230783e-01  6.72577068107124698e-02 -6.45778239101093443e-01  6.72577068107124698e-02 -6.45778239101093443e-01 
 5.03500000000000000e+09  1.00000000000000000e+00  0.00000000000000000e+00  6.83830212284367994e-02 -6.95139334379993645e-01 -2.07118377375411611e-01  3.69031796517952926e-01  6.83830212284367023e-02 -6.95139334379993645e-01  4.15638793846678234e-02 -6.34299347880590725e-01  4.15638793846678234e-02 -6.34299347880590725e-01 
 5.04000000000000000e+09  1.00000000000000000e+00  0.00000000000000000e+00  4.52122011926163053e-02 -6.89998979329982332e-01 -1.88363989658047515e-01  3.67305792444637236e-01  4.52122011926163747e-02 -6.89998979329982332e-01  1.79147891810234605e-02 -6.21653527594799415e-01  1.79147891810234605e-02 -6.21653527594799415e-01 
 5.04500000000000000e+09  1.00000000000000000e+00  0.00000000000000000e+00  2.34882981557572451e-02 -6.83502332003746327e-01 -1.70673506163999678e-01  3.64458717214490746e-01  2.34882981557572867e-02 -6.83502332003746105e-01 -3.72774019169819226e-03 -6.08130042310540131e-01 -3.72774019169819226e-03 -6.08130042310540131e-01 
 5.05000000000000000e+09  1.00000000000000000e+00  0.00000000000000000e+00  3.22914735758962623e-03 -6.75888214269956489e-01 -1.54070938629792820e-01  3.60675619033744232e-01  3.22914735758958460e-03 -6.75888214269956378e-01 -2.34341782952864619e-02 -5.93984088037178948e-01 -2.34341782952864619e-02 -5.93984088037178948e-01 
 5.05500000000000000e+09  1.00000000000000000e+00  0.00000000000000000e+00 -1.55776200045101981e-02 -6.67373089031323641e-01 -1.38555860791506669e-01  3.56125448446988124e-01 -1.55776200045100177e-02 -6.67373089031323752e-01 -4.12980940267180796e-02 -5.79436360533260864e-01 -4.12980940267180796e-02 -5.79436360533260864e-01 
 5.06000000000000000e+09  1.00000000000000000e+00  0.00000000000000000e+00 -3.29675282836464981e-02 -6.58149683037656086e-01 -1.24108829871531920e-01  3.50959687273726728e-01 -3.29675282836465744e-02 -6.58149683037656086e-01 -5.74283112234145882e-02 -5.64674246092775278e-01 -5.74283112234145882e-02 -5.64674246092775278e-01 
 5.06500000000000000e+09  1.00000000000000000e+00  0.00000000000000000e+00 -4.89930819059571643e-02 -6.48386956417269622e-01 -1.10696186682844172e-01  3.45312061816623606e-01 -4.89930819059573586e-02 -6.48386956417269733e-01 -7.19424736090374245e-02 -5.49854088281619413e-01 -7.19424736090374245e-02 -5.49854088281619413e-01 
 5.07000000000000000e+09  1.00000000000000000e+00  0.00000000000000000e+00 -6.37185444902686193e-02 -6.38231019429467361e-01 -9.82741538970853812e-02  3.39299033209443102e-01 -6.37185444902684528e-02 -6.38231019429467139e-01 -8.49619552583167070e-02 -5.35104084700229965e-01 -8.49619552583167070e-02 -5.35104084700229965e-01 
 5.07500000000000000e+09  1.00000000000000000e+00  0.00000000000000000e+00 -7.72156600906260537e-02 -6.27806663741628301e-01 -8.67922279982400041e-02  3.33020805702303746e-01 -7.72156600906258594e-02 -6.27806663741628301e-01 -9.66079797825544206e-02 -5.20527472341192454e-01 -9.66079797825544206e-02 -5.20527472341192454e-01 
 5.08000000000000000e+09  1.00000000000000000e+00  0.00000000000000000e+00 -8.95602455980213374e-02 -6.17219246289361756e-01 -7.61959089342332807e-02  3.26562646201289497e-01 -8.95602455980214207e-02 -6.17219246289361756e-01 -1.06998776929561584e-01 -5.06205755479103514e-01 -1.06998776929561584e-01 -5.06205755479103514e-01 
 5.08500000000000000e+09  1.00000000000000000e+00  0.00000000000000000e+00 -1.00829552183597487e-01 -6.06556729724368360e-01 -6.64288385109472745e-02  3.19996358325015884e-01 -1.00829552183597376e-01 -6.06556729724368027e-01 -1.16247597429058352e-01 -4.92201810222646030e-01 -1.16247597429058352e-01 -4.92201810222646030e-01 
 5.09000000000000000e+09  1.00000000000000000e+00  0.00000000000000000e+00 -1.11100281916971216e-01 -5.95891740151490712e-01 -5.74344301237500673e-02  3.13381797821761121e-01 -1.11100281916971286e-01 -5.95891740151490823e-01 -1.24461415794774211e-01 -4.78562763208004782e-01 -1.24461415794774211e-01 -4.78562763208004782e-01 
 5.09500000000000000e+09  1.00000000000000000e+00  0.00000000000000000e+00 -1.20447146650302664e-01 -5.85283548807378873e-01 -4.91570736356466143e-02  3.06768351958357055e-01 -1.20447146650302844e-01 -5.85283548807378984e-01 -1.31740168891942400e-01 -4.65322589355204819e-01 -1.31740168891942400e-01 -4.65322589355204819e-01 
 5.10000000000000000e+09  1.00000000000000000e+00  0.00000000000000000e+00 -1.28941864746851598e-01 -5.74779919832743680e-01 -4.15429941242498879e-02  3.00196333454547770e-01 -1.28941864746851709e-01 -5.74779919832743458e-01 -1.38176400120624515e-01 -4.52504407376728701e-01 -1.38176400120624515e-01 -4.52504407376728701e-01 
 5.10500000000000000e+09  1.00000000000000000e+00  0.00000000000000000e+00 -1.36652503537090908e-01 -5.64418792567197292e-01 -3.45408347730627036e-02  2.93698260491182306e-01 -1.36652503537090880e-01 -5.64418792567197181e-01 -1.43855201643941610e-01 -4.40122474482052717e-01 -1.43855201643941610e-01 -4.40122474482052717e-01 
 5.11000000000000000e+09  1.00000000000000000e+00  0.00000000000000000e+00 -1.43643089011473601e-01 -5.54229785444112055e-01 -2.81020243827775178e-02  2.87300009400347500e-01 -1.43643089011473435e-01 -5.54229785444111944e-01 -1.48854368205015880e-01 -4.28183896048553669e-01 -1.48854368205015880e-01 -4.28183896048553669e-01 
 5.11500000000000000e+09  1.00000000000000000e+00  0.00000000000000000e+00 -1.49973417657212893e-01 -5.44235521200153394e-01 -2.21809800999265040e-02  2.81021837041914857e-01 -1.49973417657212643e-01 -5.44235521200153172e-01 -1.53244694716445057e-01 -4.16690074188206139e-01 -1.53244694716445057e-01 -4.16690074188206139e-01 
 5.12000000000000000e+09  1.00000000000000000e+00  0.00000000000000000e+00 -1.55699017642225490e-01 -5.34452781198255233e-01 -1.67351867444719034e-02  2.74879276680281781e-01 -1.55699017642225074e-01 -5.34452781198255011e-01 -1.57090365605372401e-01 -4.05637922972244769e-01 -1.57090365605372401e-01 -4.05637922972244769e-01 
 5.12500000000000000e+09  1.00000000000000000e+00  0.00000000000000000e+00 -1.60871217331907346e-01 -5.24893501419950725e-01 -1.17251859374633109e-02  2.68883915333240742e-01 -1.60871217331907429e-01 -5.24893501419950836e-01 -1.60449396883552614e-01 -3.95020879011501957e-01 -1.60449396883552614e-01 -3.95020879011501957e-01 
 5.13000000000000000e+09  1.00000000000000000e+00  0.00000000000000000e+00 -1.65537288273449268e-01 -5.15565625091097823e-01 -7.11450121897020185e-03  2.63044062827065050e-01 -1.65537288273449323e-01 -5.15565625091097823e-01 -1.63374102325183596e-01 -3.84829735189892330e-01 -1.63374102325183596e-01 -3.84829735189892330e-01 
 5.13500000000000000e+09  1.00000000000000000e+00  0.00000000000000000e+00 -1.69740637354454993e-01 -5.06473827716808378e-01 -2.86951949397931672e-03  2.57365323745734786e-01 -1.69740637354455076e-01 -5.06473827716808378e-01 -1.65911563313752841e-01 -3.75053323374872738e-01 -1.65911563313752841e-01 -3.75053323374872738e-01 
 5.14000000000000000e+09  1.00000000000000000e+00  0.00000000000000000e+00 -1.73521028984529091e-01 -4.97620130075510980e-01  1.04065564114409412e-03  2.51851083548294774e-01 -1.73521028984528508e-01 -4.97620130075510814e-01 -1.68104088224107495e-01 -3.65679069407746971e-01 -1.68104088224107495e-01 -3.65679069407746971e-01 
 5.14500000000000000e+09  1.00000000000000000e+00  0.00000000000000000e+00 -1.76914823048635567e-01 -4.89004413862823450e-01  4.64436698542090506e-03  2.46502919669092574e-01 -1.76914823048635983e-01 -4.89004413862823450e-01 -1.69989651983254136e-01 -3.56693440959210517e-01 -1.69989651983254136e-01 -3.56693440959210517e-01 
 5.15000000000000000e+09  1.00000000000000000e+00  0.00000000000000000e+00 -1.79955218233874226e-01 -4.80624853466340318e-01  7.96757457411840023e-03  2.41320947639385386e-01 -1.79955218233873865e-01 -4.80624853466340318e-01 -1.71602310010928988e-01 -3.48082306143409237e-01 -1.71602310010928988e-01 -3.48082306143409237e-01 
 5.15500000000000000e+09  1.00000000000000000e+00  0.00000000000000000e+00 -1.82672493320957002e-01 -4.72478275985192098e-01  1.10340279974285131e-02  2.36304111333150046e-01 -1.82672493320957197e-01 -4.72478275985192264e-01 -1.72972583342158232e-01 -3.39831218248771494e-01 -1.72972583342158232e-01 -3.39831218248771494e-01 
 5.16000000000000000e+09  1.00000000000000000e+00  0.00000000000000000e+00 -1.85094241323173203e-01 -4.64560460209623383e-01  1.38654357617743647e-02  2.31450425450166725e-01 -1.85094241323173425e-01 -4.64560460209623161e-01 -1.74127813596947900e-01 -3.31925639636273029e-01 -1.74127813596947900e-01 -3.31925639636273029e-01 
 5.16500000000000000e+09  1.00000000000000000e+00  0.00000000000000000e+00 -1.87245593089752166e-01 -4.56866383924468877e-01  1.64816286645107085e-02  2.26757177372671703e-01 -1.87245593089752138e-01 -4.56866383924468877e-01 -1.75092487763282817e-01 -3.24351115804650370e-01 -1.75092487763282817e-01 -3.24351115804650370e-01 
 5.17000000000000000e+09  1.00000000000000000e+00  0.00000000000000000e+00 -1.89149428285835586e-01 -4.49390427642083590e-01  1.89007152134531113e-02  2.22221094608703762e-01 -1.89149428285835364e-01 -4.49390427642083257e-01 -1.75888533638602712e-01 -3.17093408831076840e-01 -1.75888533638602712e-01 -3.17093408831076840e-01 
 5.17500000000000000e+09  1.00000000000000000e+00  0.00000000000000000e+00 -1.90826572614558904e-01 -4.42126541728085409e-01  2.11392279126096753e-02  2.17838483187840937e-01 -1.90826572614559320e-01 -4.42126541728085742e-01 -1.76535587341561884e-01 -3.10138597852854525e-01 -1.76535587341561884e-01 -3.10138597852854525e-01 
 5.18000000000000000e+09  1.00000000000000000e+00  0.00000000000000000e+00 -1.92295980836571734e-01 -4.35068382865582581e-01  2.32122598150772373e-02  2.13605341613184563e-01 -1.92295980836571678e-01 -4.35068382865582581e-01 -1.77051234644545530e-01 -3.03473152940413216e-01 -1.77051234644545530e-01 -3.03473152940413216e-01 
 5.18500000000000000e+09  1.00000000000000000e+00  0.00000000000000000e+00 -1.93574905630318844e-01 -4.28209424909466341e-01  2.51335911617144303e-02  2.09517454299071454e-01 -1.93574905630318372e-01 -4.28209424909466285e-01 -1.77451228052439236e-01 -2.97083987600152311e-01 -1.77451228052439236e-01 -2.97083987600152311e-01 
 5.19000000000000000e+09  1.00000000000000000e+00  0.00000000000000000e+00 -1.94679052672368902e-01 -4.21543048405109366e-01  2.69158062184551329e-02  2.05570467834008702e-01 -1.94679052672368902e-01 -4.21543048405109144e-01 -1.77749681613247168e-01 -2.90958494212171292e-01 -1.77749681613247168e-01 -2.90958494212171292e-01 
 5.19500000000000000e+09  1.00000000000000000e+00  0.00000000000000000e+00 -1.95622722538828314e-01 -4.15062612375934448e-01  2.85704006260670031e-02  2.01759952896984562e-01 -1.95622722538828286e-01 -4.15062612375934559e-01 -1.77959245427517065e-01 -2.85084565928651168e-01 -1.77959245427517065e-01 -2.85084565928651168e-01 
 5.20000000000000000e+09  1.00000000000000000e+00  0.00000000000000000e+00 -1.96418940165914990e-01 -4.08761511410782319e-01  3.01078797073312567e-02  1.98081454215148584e-01 -1.96418940165915823e-01 -4.08761511410782319e-01 -1.78091261752818586e-01 -2.79450607910845139e-01 -1.78091261752818586e-01 -2.79450607910845139e-01 
 5.20500000000000000e+09  1.00000000000000000e+00  0.00000000000000000e+00 -1.97079572683725668e-01 -4.02633220593502705e-01  3.15378482562013451e-02  1.94530530574387406e-01 -1.97079572683725224e-01 -4.02633220593502483e-01 -1.78155904496411055e-01 -2.74045540246529273e-01 -1.78155904496411055e-01 -2.74045540246529273e-01 
 5.21000000000000000e+09  1.00000000000000000e+00  0.00000000000000000e+00 -1.97615436467994759e-01 -3.96671330403073119e-01  3.28690923754079226e-02  1.91102786573546457e-01 -1.97615436467994288e-01 -3.96671330403073175e-01 -1.78162303767500307e-01 -2.68858794447198013e-01 -1.78162303767500307e-01 -2.68858794447198013e-01 
 5.21500000000000000e+09  1.00000000000000000e+00  0.00000000000000000e+00 -1.98036394254955672e-01 -3.90869573362512823e-01  3.41096539438398572e-02  1.87793897541006588e-01 -1.98036394254955506e-01 -3.90869573362512879e-01 -1.78118657030205740e-01 -2.63880305060368470e-01 -1.78118657030205740e-01 -2.63880305060368470e-01 
 5.22000000000000000e+09  1.00000000000000000e+00  0.00000000000000000e+00 -1.98351443142633532e-01 -3.85221843920054485e-01  3.52668982909267736e-02  1.84599628802109172e-01 -1.98351443142633976e-01 -3.85221843920054319e-01 -1.78032328266297113e-01 -2.59100497633543092e-01 -1.78032328266297113e-01 -2.59100497633543092e-01 
 5.22500000000000000e+09  1.00000000000000000e+00  0.00000000000000000e+00 -1.98568794266525878e-01 -3.79722212798132064e-01  3.63475756381248655e-02  1.81515850291727843e-01 -1.98568794266525711e-01 -3.79722212798132119e-01 -1.77909936427493226e-01 -2.54510274021861549e-01 -1.77909936427493226e-01 -2.54510274021861549e-01 
 5.23000000000000000e+09  1.00000000000000000e+00  0.00000000000000000e+00 -1.98695944893210075e-01 -3.74364936837823903e-01  3.73578768420461255e-02  1.78538547342714904e-01 -1.98695944893210685e-01 -3.74364936837824014e-01 -1.77757434333672082e-01 -2.50100995831628148e-01 -1.77757434333672082e-01 -2.50100995831628148e-01 
 5.23500000000000000e+09  1.00000000000000000e+00  0.00000000000000000e+00 -1.98739743626258208e-01 -3.69144465192269844e-01  3.83034839429809565e-02  1.75663828343460532e-01 -1.98739743626258181e-01 -3.69144465192269844e-01 -1.77580179057409526e-01 -2.45864466629048678e-01 -1.77580179057409526e-01 -2.45864466629048678e-01 
 5.24000000000000000e+09  1.00000000000000000e+00  0.00000000000000000e+00 -1.98706449367817284e-01 -3.64055442576842803e-01  3.91896159890524828e-02  1.72887929842369337e-01 -1.98706449367816756e-01 -3.64055442576842969e-01 -1.77382994727925236e-01 -2.41792913411004617e-01 -1.77382994727925236e-01 -2.41792913411004617e-01 
 5.24500000000000000e+09  1.00000000000000000e+00  0.00000000000000000e+00 -1.98601784627875033e-01 -3.59092710162242756e-01  4.00210705716041726e-02  1.70207219580254865e-01 -1.98601784627874867e-01 -3.59092710162242867e-01 -1.77170228588937106e-01 -2.37878967727150725e-01 -1.77170228588937106e-01 -2.37878967727150725e-01 
 5.25000000000000000e+09  1.00000000000000000e+00  0.00000000000000000e+00 -1.98430983723450721e-01 -3.54251304595035177e-01  4.08022614729895150e-02  1.67618197850564643e-01 -1.98430983723450000e-01 -3.54251304595034955e-01 -1.76945801055286012e-01 -2.34115646755543860e-01 -1.76945801055286012e-01 -2.34115646755543860e-01 
 5.25500000000000000e+09  1.00000000000000000e+00  0.00000000000000000e+00 -1.98198836362144942e-01 -3.49526455545529302e-01  4.15372527944460126e-02  1.65117497519467915e-01 -1.98198836362145081e-01 -3.49526455545529524e-01 -1.76713250432046332e-01 -2.30496334563661753e-01 -1.76713250432046332e-01 -2.30496334563661753e-01 
 5.26000000000000000e+09  1.00000000000000000e+00  0.00000000000000000e+00 -1.97909727059535717e-01 -3.44913582112263528e-01  4.22297898997461146e-02  1.62701882981050594e-01 -1.97909727059535800e-01 -3.44913582112263528e-01 -1.76475772886757282e-01 -2.27014763730020802e-01 -1.76475772886757282e-01 -2.27014763730020802e-01 
 5.26500000000000000e+09  1.00000000000000000e+00  0.00000000000000000e+00 -1.97567670797821976e-01 -3.40408288353703292e-01  4.28833274802110087e-02  1.60368248275419845e-01 -1.97567670797822226e-01 -3.40408288353702626e-01 -1.76236258199942236e-01 -2.23664997456123393e-01 -1.76236258199942236e-01 -2.23664997456123393e-01 
 5.27000000000000000e+09  1.00000000000000000e+00  0.00000000000000000e+00 -1.97176345294347521e-01 -3.36006358168817465e-01  4.35010550185311526e-02  1.58113614557855331e-01 -1.97176345294348104e-01 -3.36006358168817409e-01 -1.75997321760454850e-01 -2.20441412262089326e-01 -1.75997321760454850e-01 -2.20441412262089326e-01 
 5.27500000000000000e+09  1.00000000000000000e+00  0.00000000000000000e+00 -1.96739120212881452e-01 -3.31703749707612072e-01  4.40859199028283411e-02  1.55935127074059598e-01 -1.96739120212881036e-01 -3.31703749707612017e-01 -1.75761333219981553e-01 -2.17338681330366879e-01 -1.75761333219981553e-01 -2.17338681330366879e-01 
 5.28000000000000000e+09  1.00000000000000000e+00  0.00000000000000000e+00 -1.96259083617812496e-01 -3.27496589459006615e-01  4.46406484184501406e-02  1.53830051768946124e-01 -1.96259083617813246e-01 -3.27496589459006393e-01 -1.75530442174533813e-01 -2.14351758538992743e-01 -1.75530442174533813e-01 -2.14351758538992743e-01 
 5.28500000000000000e+09  1.00000000000000000e+00  0.00000000000000000e+00 -1.95739065941734819e-01 -3.23381166135392029e-01  4.51677648230596890e-02  1.51795771633361165e-01 -1.95739065941735069e-01 -3.23381166135391862e-01 -1.75306601199411050e-01 -2.11475863207798820e-01 -1.75306601199411050e-01 -2.11475863207798820e-01 
 5.29000000000000000e+09  1.00000000000000000e+00  0.00000000000000000e+00 -1.95181661709880050e-01 -3.19353924450070936e-01  4.56696086906264315e-02  1.49829782873989847e-01 -1.95181661709879967e-01 -3.19353924450070714e-01 -1.75091586527499565e-01 -2.08706465566912996e-01 -1.75091586527499565e-01 -2.08706465566912996e-01 
 5.29500000000000000e+09  1.00000000000000000e+00  0.00000000000000000e+00 -1.94589249240397694e-01 -3.15411458864543470e-01  4.61483506917362840e-02  1.47929690975695693e-01 -1.94589249240397999e-01 -3.15411458864543026e-01 -1.74887016628186676e-01 -2.06039272945984453e-01 -1.74887016628186676e-01 -2.06039272945984453e-01 
 5.30000000000000000e+09  1.00000000000000000e+00  0.00000000000000000e+00 -1.93964008517425013e-01 -3.11550507366771923e-01  4.66060069612111161e-02  1.46093206712287454e-01 -1.93964008517425623e-01 -3.11550507366771590e-01 -1.74694368915410958e-01 -2.03470216674270427e-01 -1.74694368915410958e-01 -2.03470216674270427e-01 
 5.30500000000000000e+09  1.00000000000000000e+00  0.00000000000000000e+00 -1.93307937414020831e-01 -3.07767945328415837e-01  4.70444521891257572e-02  1.44318142150675233e-01 -1.93307937414020581e-01 -3.07767945328416448e-01 -1.74514994787821787e-01 -2.00995439675496629e-01 -1.74514994787821787e-01 -2.00995439675496629e-01 
 5.31000000000000000e+09  1.00000000000000000e+00  0.00000000000000000e+00 -1.92622866424066036e-01 -3.04060779478285470e-01  4.74654315578899241e-02  1.42602406684216976e-01 -1.92622866424066674e-01 -3.04060779478284915e-01 -1.74350133181445072e-01 -1.98611284736804727e-01 -1.74350133181445072e-01 -1.98611284736804727e-01 
 5.31500000000000000e+09  1.00000000000000000e+00  0.00000000000000000e+00 -1.91910472046189579e-01 -3.00426142020366993e-01  4.78705716359231689e-02  1.40944003123501471e-01 -1.91910472046189190e-01 -3.00426142020367271e-01 -1.74200922795234192e-01 -1.96314283427908909e-01 -1.74200922795234192e-01 -1.96314283427908909e-01 
 5.32000000000000000e+09  1.00000000000000000e+00  0.00000000000000000e+00 -1.91172288948267710e-01 -2.96861284917511625e-01  4.82613903275805195e-02  1.39341023866520086e-01 -1.91172288948267877e-01 -2.96861284917511681e-01 -1.74068413132229427e-01 -1.94101145644323403e-01 -1.74068413132229427e-01 -1.94101145644323403e-01 
 5.32500000000000000e+09  1.00000000000000000e+00  0.00000000000000000e+00 -1.90409721028052425e-01 -2.93363574355962720e-01  4.86393059691218599e-02  1.37791647165043829e-01 -1.90409721028053314e-01 -2.93363574355961387e-01 -1.73953574483331541e-01 -1.91968749747245926e-01 -1.73953574483331541e-01 -1.91968749747245926e-01 
 5.33000000000000000e+09  1.00000000000000000e+00  0.00000000000000000e+00 -1.89624051473810229e-01 -2.89930485401041826e-01  4.90056456517408215e-02  1.36294133499738235e-01 -1.89624051473810118e-01 -2.89930485401041937e-01 -1.73857306966891501e-01 -1.89914133271898405e-01 -1.73857306966891501e-01 -1.89914133271898405e-01 
 5.33500000000000000e+09  1.00000000000000000e+00  0.00000000000000000e+00 -1.88816451918436101e-01 -2.86559596850399778e-01  4.93616528446963118e-02  1.34846822073085570e-01 -1.88816451918436268e-01 -2.86559596850400000e-01 -1.73780448724997594e-01 -1.87934484175991651e-01 -1.73780448724997594e-01 -1.87934484175991651e-01 
 5.34000000000000000e+09  1.00000000000000000e+00  0.00000000000000000e+00 -1.87987990771007529e-01 -2.83248586288121218e-01  4.97084943844851371e-02  1.33448127426320784e-01 -1.87987990771007307e-01 -2.83248586288121273e-01 -1.73723783366503126e-01 -1.86027132600141282e-01 -1.73723783366503126e-01 -1.86027132600141282e-01 
 5.34500000000000000e+09  1.00000000000000000e+00  0.00000000000000000e+00 -1.87139640801428642e-01 -2.79995225340389176e-01  5.00472668895939055e-02  1.32096536184266145e-01 -1.87139640801428281e-01 -2.79995225340389453e-01 -1.73688046737216745e-01 -1.84189543112544346e-01 -1.73688046737216745e-01 -1.84189543112544346e-01 
 5.35000000000000000e+09  1.00000000000000000e+00  0.00000000000000000e+00 -1.86272286046160279e-01 -2.76797375131481060e-01  5.03790026546115655e-02  1.30790603930078797e-01 -1.86272286046160640e-01 -2.76797375131481005e-01 -1.73673933089140725e-01 -1.82419307410948917e-01 -1.73673933089140725e-01 -1.82419307410948917e-01 
 5.35500000000000000e+09  1.00000000000000000e+00  0.00000000000000000e+00 -1.85386728096300413e-01 -2.73652981937234807e-01  5.07046750723249562e-02  1.29528952210416881e-01 -1.85386728096300968e-01 -2.73652981937235640e-01 -1.73682100713098447e-01 -1.80714137455813328e-01 -1.73682100713098447e-01 -1.80714137455813328e-01 
 5.36000000000000000e+09  1.00000000000000000e+00  0.00000000000000000e+00 -1.84483691823094348e-01 -2.70560073031993531e-01  5.10252036278176224e-02  1.28310265670301182e-01 -1.84483691823094709e-01 -2.70560073031993698e-01 -1.73713177092433085e-01 -1.79071859009461154e-01 -1.73713177092433085e-01 -1.79071859009461154e-01 
 5.36500000000000000e+09  1.00000000000000000e+00  0.00000000000000000e+00 -1.83563830590629029e-01 -2.67516752723985562e-01  5.13414585043605459e-02  1.27133289316056997e-01 -1.83563830590628529e-01 -2.67516752723985951e-01 -1.73767763629450650e-01 -1.77490405557224840e-01 -1.73767763629450650e-01 -1.77490405557224840e-01 
 5.37000000000000000e+09  1.00000000000000000e+00  0.00000000000000000e+00 -1.82627731000330362e-01 -2.64521198573580030e-01  5.16542648372482621e-02  1.25996825903894993e-01 -1.82627731000330085e-01 -2.64521198573579808e-01 -1.73846439991131918e-01 -1.75967812587445843e-01 -1.73846439991131918e-01 -1.75967812587445843e-01 
 5.37500000000000000e+09  1.00000000000000000e+00  0.00000000000000000e+00 -1.81675917207646365e-01 -2.61571657788228218e-01  5.19644066482865680e-02  1.24899733451208111e-01 -1.81675917207646365e-01 -2.61571657788227996e-01 -1.73949768115879255e-01 -1.74502212208502649e-01 -1.73949768115879255e-01 -1.74502212208502649e-01 
 5.38000000000000000e+09  1.00000000000000000e+00  0.00000000000000000e+00 -1.80708854847172168e-01 -2.58666443787665290e-01  5.22726304907015910e-02  1.23840922867166719e-01 -1.80708854847172362e-01 -2.58666443787665012e-01 -1.74078295919009973e-01 -1.73091828081967825e-01 -1.74078295919009973e-01 -1.73091828081967825e-01 
 5.38500000000000000e+09  1.00000000000000000e+00  0.00000000000000000e+00 -1.79726954598967426e-01 -2.55803932932714417e-01  5.25796488314857757e-02  1.22819355698939758e-01 -1.79726954598967870e-01 -2.55803932932714528e-01 -1.74232560730997799e-01 -1.71734970652193675e-01 -1.74232560730997799e-01 -1.71734970652193675e-01 
 5.39000000000000000e+09  1.00000000000000000e+00  0.00000000000000000e+00 -1.78730575425504717e-01 -2.52982561410967088e-01  5.28861431958090739e-02  1.21834041989609898e-01 -1.78730575425504856e-01 -2.52982561410967477e-01 -1.74413092499255851e-01 -1.70430032653577757e-01 -1.74413092499255851e-01 -1.70430032653577757e-01 
 5.39500000000000000e+09  1.00000000000000000e+00  0.00000000000000000e+00 -1.77720027505839595e-01 -2.50200822272582335e-01  5.31927670959145976e-02  1.20884038243761302e-01 -1.77720027505839290e-01 -2.50200822272582113e-01 -1.74620416781357063e-01 -1.69175484877860688e-01 -1.74620416781357063e-01 -1.69175484877860688e-01 
 5.40000000000000000e+09  1.00000000000000000e+00  0.00000000000000000e+00 -1.76695574890868623e-01 -2.47457262609540873e-01  5.35001487649926430e-02  1.19968445496607373e-01 -1.76695574890868873e-01 -2.47457262609541234e-01 -1.74855057555073745e-01 -1.67969872184702607e-01 -1.74855057555073745e-01 -1.67969872184702607e-01 
 5.40500000000000000e+09  1.00000000000000000e+00  0.00000000000000000e+00 -1.75657437901217267e-01 -2.44750480871783332e-01  5.38088937147502416e-02  1.19086407482528245e-01 -1.75657437901217295e-01 -2.44750480871783416e-01 -1.75117539868345162e-01 -1.66811809739762590e-01 -1.75117539868345162e-01 -1.66811809739762590e-01 
 5.41000000000000000e+09  1.00000000000000000e+00  0.00000000000000000e+00 -1.74605795287086085e-01 -2.42079124313832716e-01  5.41195871338457438e-02  1.18237108898904764e-01 -1.74605795287086279e-01 -2.42079124313832883e-01 -1.75408392350338255e-01 -1.65699979465361191e-01 -1.75408392350338255e-01 -1.65699979465361191e-01 
 5.41500000000000000e+09  1.00000000000000000e+00  0.00000000000000000e+00 -1.73540786167452221e-01 -2.39441886565666701e-01  5.44327961429218327e-02  1.17419773761173699e-01 -1.73540786167452415e-01 -2.39441886565666506e-01 -1.75728149602969286e-01 -1.64633126689637338e-01 -1.75728149602969286e-01 -1.64633126689637338e-01 
 5.42000000000000000e+09  1.00000000000000000e+00  0.00000000000000000e+00 -1.72462511764182813e-01 -2.36837505321873643e-01  5.47490719207524984e-02  1.16633663845111341e-01 -1.72462511764182869e-01 -2.36837505321873698e-01 -1.76077354490791232e-01 -1.63610056980861451e-01 -1.76077354490791232e-01 -1.63610056980861451e-01 
 5.42500000000000000e+09  1.00000000000000000e+00  0.00000000000000000e+00 -1.71371036945059591e-01 -2.34264760143275075e-01  5.50689517148431062e-02  1.15878077212451053e-01 -1.71371036945059230e-01 -2.34264760143274686e-01 -1.76456560345733038e-01 -1.62629633154342867e-01 -1.76456560345733038e-01 -1.62629633154342867e-01 
 5.43000000000000000e+09  1.00000000000000000e+00  0.00000000000000000e+00 -1.70266391588163313e-01 -2.31722470365513578e-01  5.53929607488594794e-02  1.15152346816040752e-01 -1.70266391588163313e-01 -2.31722470365513827e-01 -1.76866333102067674e-01 -1.61690772439994523e-01 -1.76866333102067674e-01 -1.61690772439994523e-01 
 5.43500000000000000e+09  1.00000000000000000e+00  0.00000000000000000e+00 -1.69148571778702406e-01 -2.29209493109345186e-01  5.57216140383645017e-02  1.14455839180838986e-01 -1.69148571778702572e-01 -2.29209493109345075e-01 -1.77307253375956847e-01 -1.60792443799209789e-01 -1.77307253375956847e-01 -1.60792443799209789e-01 
 5.44000000000000000e+09  1.00000000000000000e+00  0.00000000000000000e+00 -1.68017540848181185e-01 -2.26724721387589034e-01  5.60554181255170161e-02  1.13787953157223773e-01 -1.68017540848181268e-01 -2.26724721387589090e-01 -1.77779918503028489e-01 -1.59933665380381479e-01 -1.77779918503028489e-01 -1.59933665380381479e-01 
 5.44500000000000000e+09  1.00000000000000000e+00  0.00000000000000000e+00 -1.66873230264578121e-01 -2.24267082304008991e-01  5.63948727427247207e-02  1.13148118743148396e-01 -1.66873230264577788e-01 -2.24267082304008991e-01 -1.78284944546726165e-01 -1.59113502102784327e-01 -1.78284944546726165e-01 -1.59113502102784327e-01 
 5.45000000000000000e+09  1.00000000000000000e+00  0.00000000000000000e+00 -1.65715540381166759e-01 -2.21835535339633017e-01  5.67404724146071543e-02  1.12535795971843516e-01 -1.65715540381166593e-01 -2.21835535339632794e-01 -1.78822968289544693e-01 -1.58331063359090030e-01 -1.78822968289544693e-01 -1.58331063359090030e-01 
 5.45500000000000000e+09  1.00000000000000000e+00  0.00000000000000000e+00 -1.64544341050621101e-01 -2.19429070722299224e-01  5.70927080070925963e-02  1.11950473861865518e-01 -1.64544341050621101e-01 -2.19429070722299113e-01 -1.79394649218747398e-01 -1.57585500827163993e-01 -1.79394649218747398e-01 -1.57585500827163993e-01 
 5.46000000000000000e+09  1.00000000000000000e+00  0.00000000000000000e+00 -1.63359472110134851e-01 -2.17046707875448081e-01  5.74520682319943077e-02  1.11391669426428530e-01 -1.63359472110134685e-01 -2.17046707875447886e-01 -1.80000671517747735e-01 -1.56876006382205696e-01 -1.80000671517747735e-01 -1.56876006382205696e-01 
 5.46500000000000000e+09  1.00000000000000000e+00  0.00000000000000000e+00 -1.62160743742351399e-01 -2.14687493942525121e-01  5.78190411150523928e-02  1.10858926739028987e-01 -1.62160743742351343e-01 -2.14687493942525176e-01 -1.80641746074066356e-01 -1.56201810100514565e-01 -1.80641746074066356e-01 -1.56201810100514565e-01 
 5.47000000000000000e+09  1.00000000000000000e+00  0.00000000000000000e+00 -1.60947936716194479e-01 -2.12350502383504447e-01  5.81941154350232442e-02  1.10351816052539006e-01 -1.60947936716194784e-01 -2.12350502383504752e-01 -1.81318612514475758e-01 -1.55562178346588670e-01 -1.81318612514475758e-01 -1.55562178346588670e-01 
 5.47500000000000000e+09  1.00000000000000000e+00  0.00000000000000000e+00 -1.59720802510792154e-01 -2.10034831640429437e-01  5.85777821411957861e-02  1.09869932968978554e-01 -1.59720802510792126e-01 -2.10034831640429381e-01 -1.82032041277897849e-01 -1.54956411935322919e-01 -1.82032041277897849e-01 -1.54956411935322919e-01 
 5.48000000000000000e+09  1.00000000000000000e+00  0.00000000000000000e+00 -1.58479063325028424e-01 -2.07739603869041667e-01  5.89705357564392629e-02  1.09412897657313074e-01 -1.58479063325028341e-01 -2.07739603869041722e-01 -1.82782835736508081e-01 -1.54383844361365680e-01 -1.82782835736508081e-01 -1.54383844361365680e-01 
 5.48500000000000000e+09  1.00000000000000000e+00  0.00000000000000000e+00 -1.57222411974485915e-01 -2.05463963733906407e-01  5.93728757727568154e-02  1.08980354116663375e-01 -1.57222411974485748e-01 -2.05463963733906324e-01 -1.83571834375563986e-01 -1.53843840087716177e-01 -1.83571834375563986e-01 -1.53843840087716177e-01 
 5.49000000000000000e+09  1.00000000000000000e+00  0.00000000000000000e+00 -1.55950511676910097e-01 -2.03207077264626973e-01  5.97853080461604527e-02  1.08571969482433250e-01 -1.55950511676910097e-01 -2.03207077264626945e-01 -1.84399913042548935e-01 -1.53335792885838484e-01 -1.84399913042548935e-01 -1.53335792885838484e-01 
 5.49500000000000000e+09  1.00000000000000000e+00  0.00000000000000000e+00 -1.54662995726565944e-01 -2.00968130771121190e-01  6.02083461976759826e-02  1.08187433372850306e-01 -1.54662995726565999e-01 -2.00968130771121134e-01 -1.85267987276463264e-01 -1.52859124219419718e-01 -1.85267987276463264e-01 -1.52859124219419718e-01 
 5.50000000000000000e+09  1.00000000000000000e+00  0.00000000000000000e+00 -1.53359467057252286e-01 -1.98746329816113343e-01  6.06425130272240515e-02  1.07826457273512477e-01 -1.53359467057252258e-01 -1.98746329816113398e-01 -1.86177014728319712e-01 -1.52413281663992262e-01 -1.86177014728319712e-01 -1.52413281663992262e-01 
 5.50500000000000000e+09  1.00000000000000000e+00  0.00000000000000000e+00 -1.52039497693051362e-01 -1.96540898243346168e-01  6.10883419471760225e-02  1.07488773957534825e-01 -1.52039497693051306e-01 -1.96540898243346140e-01 -1.87127997684259056e-01 -1.51997737354472390e-01 -1.87127997684259056e-01 -1.51997737354472390e-01 
 5.51000000000000000e+09  1.00000000000000000e+00  0.00000000000000000e+00 -1.50702628085211399e-01 -1.94351077260283306e-01  6.15463784424692198e-02  1.07174136938906220e-01 -1.50702628085211343e-01 -1.94351077260283334e-01 -1.88121985703139399e-01 -1.51611986452510505e-01 -1.88121985703139399e-01 -1.51611986452510505e-01 
 5.51500000000000000e+09  1.00000000000000000e+00  0.00000000000000000e+00 -1.49348366332898441e-01 -1.92176124574391261e-01  6.20171815642955732e-02  1.06882319956660421e-01 -1.49348366332898413e-01 -1.92176124574391316e-01 -1.89160078380959384e-01 -1.51255545625316790e-01 -1.89160078380959384e-01 -1.51255545625316790e-01 
 5.52000000000000000e+09  1.00000000000000000e+00  0.00000000000000000e+00 -1.47976187284846072e-01 -1.90015313582431788e-01  6.25013254645715999e-02  1.06613116487434129e-01 -1.47976187284846045e-01 -1.90015313582431733e-01 -1.90243428255083280e-01 -1.50927951527295934e-01 -1.90243428255083280e-01 -1.50927951527295934e-01 
 5.52500000000000000e+09  1.00000000000000000e+00  0.00000000000000000e+00 -1.46585531518256096e-01 -1.87867932612475835e-01  6.29994009786058740e-02  1.06366339283964287e-01 -1.46585531518256068e-01 -1.87867932612475752e-01 -1.91373243861899717e-01 -1.50628759275513197e-01 -1.91373243861899717e-01 -1.50628759275513197e-01 
 5.53000000000000000e+09  1.00000000000000000e+00  0.00000000000000000e+00 -1.45175804190512930e-01 -1.85733284218824346e-01  6.35120172637253511e-02  1.06141819936956733e-01 -1.45175804190512903e-01 -1.85733284218824179e-01 -1.92550792962387002e-01 -1.50357540909403897e-01 -1.92550792962387002e-01 -1.50357540909403897e-01 
 5.53500000000000000e+09  1.00000000000000000e+00  0.00000000000000000e+00 -1.43746373758559642e-01 -1.83610684530303603e-01  6.40398035019195122e-02  1.05939408457710327e-01 -1.43746373758559753e-01 -1.83610684530303742e-01 -1.93777405950893128e-01 -1.50113883824701311e-01 -1.93777405950893128e-01 -1.50113883824701311e-01 
 5.54000000000000000e+09  1.00000000000000000e+00  0.00000000000000000e+00 -1.42296570559955649e-01 -1.81499462652892768e-01  6.45834106749995362e-02  1.05758972878730734e-01 -1.42296570559955482e-01 -1.81499462652892740e-01 -1.95054479463465047e-01 -1.49897389170818379e-01 -1.95054479463465047e-01 -1.49897389170818379e-01 
 5.54500000000000000e+09  1.00000000000000000e+00  0.00000000000000000e+00 -1.40825685248772925e-01 -1.79398960128087537e-01  6.51435134212485778e-02  1.05600398869404158e-01 -1.40825685248772925e-01 -1.79398960128087481e-01 -1.96383480203183525e-01 -1.49707670200117549e-01 -1.96383480203183525e-01 -1.49707670200117549e-01 
 5.55000000000000000e+09  1.00000000000000000e+00  0.00000000000000000e+00 -1.39332967078607983e-01 -1.77308530448906071e-01  6.57208119830709758e-02  1.05463589363614441e-01 -1.39332967078607928e-01 -1.77308530448906071e-01 -1.97765949001180830e-01 -1.49544350556611250e-01 -1.97765949001180830e-01 -1.49544350556611250e-01 
 5.55500000000000000e+09  1.00000000000000000e+00  0.00000000000000000e+00 -1.37817622024010267e-01 -1.75227538635995106e-01  6.63160342557750498e-02  1.05348464195946123e-01 -1.37817622024010239e-01 -1.75227538635995078e-01 -1.99203505133404901e-01 -1.49407062490560294e-01 -1.99203505133404901e-01 -1.49407062490560294e-01 
 5.56000000000000000e+09  1.00000000000000000e+00  0.00000000000000000e+00 -1.36278810730589339e-01 -1.73155360876926345e-01  6.69299379483311863e-02  1.05254959742819981e-01 -1.36278810730589339e-01 -1.73155360876926345e-01 -2.00697850914721448e-01 -1.49295444984186843e-01 -2.00697850914721448e-01 -1.49295444984186843e-01 
 5.56500000000000000e+09  1.00000000000000000e+00  0.00000000000000000e+00 -1.34715646282960066e-01 -1.71091384232439581e-01  6.75633128677259748e-02  1.05183028564575037e-01 -1.34715646282960122e-01 -1.71091384232439470e-01 -2.02250776593615927e-01 -1.49209141772331244e-01 -2.02250776593615927e-01 -1.49209141772331244e-01 
 5.57000000000000000e+09  1.00000000000000000e+00  0.00000000000000000e+00 -1.33127191778483756e-01 -1.69035006414148647e-01  6.82169833394200842e-02  1.05132639044107176e-01 -1.33127191778483756e-01 -1.69035006414148703e-01 -2.03864165572613221e-01 -1.49147799240261614e-01 -2.03864165572613221e-01 -1.49147799240261614e-01 
 5.57500000000000000e+09  1.00000000000000000e+00  0.00000000000000000e+00 -1.31512457693446300e-01 -1.66985635639117697e-01  6.88918107774206118e-02  1.05103775017183210e-01 -1.31512457693446411e-01 -1.66985635639117724e-01 -2.05539999981588367e-01 -1.49111064178947428e-01 -2.05539999981588367e-01 -1.49111064178947428e-01 
 5.58000000000000000e+09  1.00000000000000000e+00  0.00000000000000000e+00 -1.29870399026927152e-01 -1.64942690567626060e-01  6.95886964185618018e-02  1.05096435389016779e-01 -1.29870399026927125e-01 -1.64942690567625977e-01 -2.07280366633365853e-01 -1.49098581376051226e-01 -2.07280366633365853e-01 -1.49098581376051226e-01 
 5.58500000000000000e+09  1.00000000000000000e+00  0.00000000000000000e+00 -1.28199912206055422e-01 -1.62905600331548855e-01  7.03085842368315339e-02  1.05110633731031966e-01 -1.28199912206055422e-01 -1.62905600331548828e-01 -2.09087463393490769e-01 -1.49109991018444688e-01 -2.09087463393490769e-01 -1.49109991018444688e-01 
 5.59000000000000000e+09  1.00000000000000000e+00  0.00000000000000000e+00 -1.26499831734668444e-01 -1.60873804662035019e-01  7.10524640549627107e-02  1.05146397850961915e-01 -1.26499831734668500e-01 -1.60873804662035158e-01 -2.10963605998776588e-01 -1.49144925879238222e-01 -2.10963605998776588e-01 -1.49144925879238222e-01 
 5.59500000000000000e+09  1.00000000000000000e+00  0.00000000000000000e+00 -1.24768926565578794e-01 -1.58846754126480638e-01  7.18213748719992995e-02  1.05203769328599761e-01 -1.24768926565578780e-01 -1.58846754126480694e-01 -2.12911235362189782e-01 -1.49203008259281150e-01 -2.12911235362189782e-01 -1.49203008259281150e-01 
 5.60000000000000000e+09  1.00000000000000000e+00  0.00000000000000000e+00 -1.23005896174615034e-01 -1.56823910486468016e-01  7.26164084272838684e-02  1.05282803008432124e-01 -1.23005896174615048e-01 -1.56823910486467932e-01 -2.14932925404938857e-01 -1.49283846649333807e-01 -2.14932925404938857e-01 -1.49283846649333807e-01 
 5.60500000000000000e+09  1.00000000000000000e+00  0.00000000000000000e+00 -1.21209366312431788e-01 -1.54804747190056685e-01  7.34387130231547169e-02  1.05383566439253201e-01 -1.21209366312431760e-01 -1.54804747190056657e-01 -2.17031391460195566e-01 -1.49387032075135984e-01 -2.17031391460195566e-01 -1.49387032075135984e-01 
 5.61000000000000000e+09  1.00000000000000000e+00  0.00000000000000000e+00 -1.19377884407659535e-01 -1.52788750013909624e-01  7.42894976307488797e-02  1.05506139249449737e-01 -1.19377884407659493e-01 -1.52788750013909624e-01 -2.19209499296826510e-01 -1.49512134082828568e-01 -2.19209499296826510e-01 -1.49512134082828568e-01 
 5.61500000000000000e+09  1.00000000000000000e+00  0.00000000000000000e+00 -1.17509914592290016e-01 -1.50775417873113660e-01  7.51700363056489462e-02  1.05650612445022968e-01 -1.17509914592290002e-01 -1.50775417873113687e-01 -2.21470274815857737e-01 -1.49658696316751882e-01 -2.21470274815857737e-01 -1.49658696316751882e-01 
 5.62000000000000000e+09  1.00000000000000000e+00  0.00000000000000000e+00 -1.15603832317321062e-01 -1.48764263819166742e-01  7.60816729426406768e-02  1.05817087615608943e-01 -1.15603832317321076e-01 -1.48764263819166687e-01 -2.23816914477078521e-01 -1.49826231635635465e-01 -2.23816914477078521e-01 -1.49826231635635465e-01 
 5.62500000000000000e+09  1.00000000000000000e+00  0.00000000000000000e+00 -1.13657918523442952e-01 -1.46754816249766051e-01  7.70258264017494587e-02  1.06005676031547952e-01 -1.13657918523443022e-01 -1.46754816249766135e-01 -2.26252796518406185e-01 -1.50014216706020775e-01 -2.26252796518406185e-01 -1.50014216706020775e-01 
 5.63000000000000000e+09  1.00000000000000000e+00  0.00000000000000000e+00 -1.11670353328042204e-01 -1.44746620357532468e-01  7.80039960408736299e-02  1.06216497612578550e-01 -1.11670353328042232e-01 -1.44746620357532468e-01 -2.28781493036285255e-01 -1.50222086003773680e-01 -2.28781493036285255e-01 -1.50222086003773680e-01 
 5.63500000000000000e+09  1.00000000000000000e+00  0.00000000000000000e+00 -1.09639209185885059e-01 -1.42739239848939437e-01  7.90177676938854379e-02  1.06449679745774545e-01 -1.09639209185885045e-01 -1.42739239848939437e-01 -2.31406783001609551e-01 -1.50449225145182747e-01 -2.31406783001609551e-01 -1.50449225145182747e-01 
 5.64000000000000000e+09  1.00000000000000000e+00  0.00000000000000000e+00 -1.07562443476603126e-01 -1.40732258969349461e-01  8.00688201369432750e-02  1.06705355927010803e-01 -1.07562443476603098e-01 -1.40732258969349433e-01 -2.34132666292388381e-01 -1.50694963458649661e-01 -2.34132666292388381e-01 -1.50694963458649661e-01 
 5.64500000000000000e+09  1.00000000000000000e+00  0.00000000000000000e+00 -1.05437890467356105e-01 -1.38725284875597765e-01  8.11589320901472955e-02  1.06983664196219880e-01 -1.05437890467356077e-01 -1.38725284875597765e-01 -2.36963378831789556e-01 -1.50958565695574032e-01 -2.36963378831789556e-01 -1.50958565695574032e-01 
 5.65000000000000000e+09  1.00000000000000000e+00  0.00000000000000000e+00 -1.03263252593890756e-01 -1.36717950403754562e-01  8.22899898064478330e-02  1.07284745332165893e-01 -1.03263252593890714e-01 -1.36717950403754562e-01 -2.39903408928187289e-01 -1.51239222765119585e-01 -2.39903408928187289e-01 -1.51239222765119585e-01 
 5.65500000000000000e+09  1.00000000000000000e+00  0.00000000000000000e+00 -1.01036090997492015e-01 -1.34709917287045233e-01  8.34639953050952399e-02  1.07608740767048891e-01 -1.01036090997492015e-01 -1.34709917287045206e-01 -2.42957514922594847e-01 -1.51536041361220952e-01 -2.42957514922594847e-01 -1.51536041361220952e-01 
 5.66000000000000000e+09  1.00000000000000000e+00  0.00000000000000000e+00 -9.87538152490509136e-02 -1.32700879887343220e-01  8.46830753128395008e-02  1.07955790174984037e-01 -9.87538152490509274e-02 -1.32700879887343248e-01 -2.46130744258293011e-01 -1.51848032331473370e-01 -2.46130744258293011e-01 -1.51848032331473370e-01 
 5.66500000000000000e+09  1.00000000000000000e+00  0.00000000000000000e+00 -9.64136721845998551e-02 -1.30690569513407517e-01  8.59494909826462317e-02  1.08326028681119221e-01 -9.64136721845998412e-02 -1.30690569513407462e-01 -2.49428454097681357e-01 -1.52174097616032039e-01 -2.49428454097681357e-01 -1.52174097616032039e-01 
 5.67000000000000000e+09  1.00000000000000000e+00  0.00000000000000000e+00 -9.40127337690948583e-02 -1.28678759410515042e-01  8.72656484669961374e-02  1.08719583629518085e-01 -9.40127337690948445e-02 -1.28678759410515015e-01 -2.52856333622353213e-01 -1.52513015559491399e-01 -2.52856333622353213e-01 -1.52513015559491399e-01 
 5.67500000000000000e+09  1.00000000000000000e+00  0.00000000000000000e+00 -9.15478838969338848e-02 -1.26665270519408735e-01  8.86341104309008171e-02  1.09136570837901223e-01 -9.15478838969338848e-02 -1.26665270519408707e-01 -2.56420428164199632e-01 -1.52863424369759276e-01 -2.56420428164199632e-01 -1.52863424369759276e-01 
 5.68000000000000000e+09  1.00000000000000000e+00  0.00000000000000000e+00 -8.90158040287204744e-02 -1.24649978117887916e-01  9.00576085986078689e-02  1.09577090255627854e-01 -8.90158040287204605e-02 -1.24649978117887902e-01 -2.60127165327795062e-01 -1.53223803464529074e-01 -2.60127165327795062e-01 -1.53223803464529074e-01 
 5.68500000000000000e+09  1.00000000000000000e+00  0.00000000000000000e+00 -8.64129575538467309e-02 -1.22632819476648502e-01  9.15390574378927707e-02  1.10041220927310349e-01 -8.64129575538467726e-02 -1.22632819476648558e-01 -2.63983383277649863e-01 -1.53592452406558305e-01 -2.63983383277649863e-01 -1.53592452406558305e-01 
 5.69000000000000000e+09  1.00000000000000000e+00  0.00000000000000000e+00 -8.37355727578503878e-02 -1.20613802681978924e-01  9.30815690965617198e-02  1.10529015148308402e-01 -8.37355727578504017e-02 -1.20613802681978910e-01 -2.67996361377691228e-01 -1.53967467083913068e-01 -2.67996361377691228e-01 -1.53967467083913068e-01 
 5.69500000000000000e+09  1.00000000000000000e+00  0.00000000000000000e+00 -8.09796242619401224e-02 -1.18593016802827023e-01  9.46884697177051843e-02  1.11040491679104611e-01 -8.09796242619401502e-02 -1.18593016802826967e-01 -2.72173853384654718e-01 -1.54346712738315545e-01 -2.72173853384654718e-01 -1.54346712738315545e-01 
 5.70000000000000000e+09  1.00000000000000000e+00  0.00000000000000000e+00 -7.81408127896516258e-02 -1.16570643608840188e-01  9.63633172732581422e-02  1.11575627862941881e-01 -7.81408127896516119e-02 -1.16570643608840174e-01 -2.76524123411634237e-01 -1.54727793383081014e-01 -2.76524123411634237e-01 -1.54727793383081014e-01 
 5.70500000000000000e+09  1.00000000000000000e+00  0.00000000000000000e+00 -7.52145431024096034e-02 -1.14546971080178916e-01  9.81099210695819263e-02  1.12134350464397792e-01 -7.52145431024096034e-02 -1.14546971080178944e-01 -2.81055984892416955e-01 -1.55108017080186011e-01 -2.81055984892416955e-01 -1.55108017080186011e-01 
 5.71000000000000000e+09  1.00000000000000000e+00  0.00000000000000000e+00 -7.21958999318107336e-02 -1.12522408990081174e-01  9.99323630941465479e-02  1.12716525015024382e-01 -7.21958999318107614e-02 -1.12522408990081174e-01 -2.85778842791051479e-01 -1.55484356461960238e-01 -2.85778842791051479e-01 -1.55484356461960238e-01 
 5.71500000000000000e+09  1.00000000000000000e+00  0.00000000000000000e+00 -6.90796217218971054e-02 -1.10497506888653979e-01  1.01835021388976321e-01  1.13321943414688042e-01 -6.90796217218970915e-02 -1.10497506888653951e-01 -2.90702739313607128e-01 -1.55853403784207867e-01 -2.90702739313607128e-01 -1.55853403784207867e-01 
 5.72000000000000000e+09  1.00000000000000000e+00  0.00000000000000000e+00 -6.58600719798163592e-02 -1.08472974872202657e-01  1.03822595654178534e-01  1.13950309492949126e-01 -6.58600719798163592e-02 -1.08472974872202615e-01 -2.95838403389382942e-01 -1.56211319682275362e-01 -2.95838403389382942e-01 -1.56211319682275362e-01 
 5.72500000000000000e+09  1.00000000000000000e+00  0.00000000000000000e+00 -6.25312080184016739e-02 -1.06449707588521847e-01  1.05900135303542448e-01  1.14601222182101309e-01 -6.25312080184016877e-02 -1.06449707588521819e-01 -3.01197304195607529e-01 -1.56553774666032319e-01 -3.01197304195607529e-01 -1.56553774666032319e-01 
 5.73000000000000000e+09  1.00000000000000000e+00  0.00000000000000000e+00 -5.90865468598979898e-02 -1.04428812006748084e-01  1.08073070213597036e-01  1.15274155890816354e-01 -5.90865468598979898e-02 -1.04428812006748098e-01 -3.06791709001246082e-01 -1.56875882230524066e-01 -3.06791709001246082e-01 -1.56875882230524066e-01 
 5.73500000000000000e+09  1.00000000000000000e+00  0.00000000000000000e+00 -5.55191280570792312e-02 -1.02411639572889998e-01  1.10347244427229263e-01  1.15968437592785911e-01 -5.55191280570792381e-02 -1.02411639572890026e-01 -3.12634745599589037e-01 -1.57172122271987902e-01 -3.12634745599589037e-01 -1.57172122271987902e-01 
 5.74000000000000000e+09  1.00000000000000000e+00  0.00000000000000000e+00 -5.18214731774449544e-02 -1.00399823481980358e-01  1.12728953092405521e-01  1.16683220055767173e-01 -5.18214731774449405e-02 -1.00399823481980371e-01 -3.18740469582680486e-01 -1.57436253278521732e-01 -3.18740469582680486e-01 -1.57436253278521732e-01 
 5.74500000000000000e+09  1.00000000000000000e+00  0.00000000000000000e+00 -4.79855416894699599e-02 -9.83953219281318292e-02  1.15224982934843456e-01  1.17417450530246492e-01 -4.79855416894699668e-02 -9.83953219281318292e-02 -3.25123936679437842e-01 -1.57661211505060295e-01 -3.25123936679437842e-01 -1.57661211505060295e-01 
 5.75000000000000000e+09  1.00000000000000000e+00  0.00000000000000000e+00 -4.40026829892281313e-02 -9.64004683485497893e-02  1.17842656579203148e-01  1.18169834090133125e-01 -4.40026829892281313e-02 -9.64004683485497893e-02 -3.31801280327798653e-01 -1.57838995036536728e-01 -3.31801280327798653e-01 -1.57838995036536728e-01 
 5.75500000000000000e+09  1.00000000000000000e+00  0.00000000000000000e+00 -3.98635843137698231e-02 -9.44180298618279429e-02  1.20589881044875349e-01  1.18938790666037381e-01 -3.98635843137698231e-02 -9.44180298618279568e-02 -3.38789794572484537e-01 -1.57960530282038353e-01 -3.38789794572484537e-01 -1.57960530282038353e-01 
 5.76000000000000000e+09  1.00000000000000000e+00  0.00000000000000000e+00 -3.55582143083809366e-02 -9.24512753198795112e-02  1.23475200746933633e-01  1.19722404630089985e-01 -3.55582143083809504e-02 -9.24512753198794696e-02 -3.46108022264275172e-01 -1.58015518017378620e-01 -3.46108022264275172e-01 -1.58015518017378620e-01 
 5.76500000000000000e+09  1.00000000000000000e+00  0.00000000000000000e+00 -3.10757620534145781e-02 -9.05040546539306601e-02  1.26507855326868424e-01  1.20518365573442601e-01 -3.10757620534145816e-02 -9.05040546539306878e-02 -3.53775848371526702e-01 -1.57992255591212161e-01 -3.53775848371526702e-01 -1.57992255591212161e-01 
 5.77000000000000000e+09  1.00000000000000000e+00  0.00000000000000000e+00 -2.64045714198339436e-02 -8.85808915053815649e-02  1.29697842616172149e-01  1.21323898656902851e-01 -2.64045714198339471e-02 -8.85808915053815787e-02 -3.61814597983498798e-01 -1.57877431318608819e-01 -3.61814597983498798e-01 -1.57877431318608819e-01 
 5.77500000000000000e+09  1.00000000000000000e+00  0.00000000000000000e+00 -2.15320707202774145e-02 -8.66870915024556959e-02  1.33055986992169750e-01  1.22135682602119017e-01 -2.15320707202774041e-02 -8.66870915024556821e-02 -3.70247138266007914e-01 -1.57655886388543026e-01 -3.70247138266007914e-01 -1.57655886388543026e-01 
 5.78000000000000000e+09  1.00000000000000000e+00  0.00000000000000000e+00 -1.64446977671849591e-02 -8.48288689830526549e-02  1.36594013309977919e-01  1.22949753016212748e-01 -1.64446977671849695e-02 -8.48288689830526688e-02 -3.79097983194227772e-01 -1.57310338793336724e-01 -3.79097983194227772e-01 -1.57310338793336724e-01 
 5.78500000000000000e+09  1.00000000000000000e+00  0.00000000000000000e+00 -1.11278206581313047e-02 -8.30134954872193409e-02  1.40324626474879033e-01  1.23761388293468763e-01 -1.11278206581313099e-02 -8.30134954872193409e-02 -3.88393399297228936e-01 -1.56821062826579261e-01 -3.88393399297228936e-01 -1.56821062826579261e-01 
 5.79000000000000000e+09  1.00000000000000000e+00  0.00000000000000000e+00 -5.56565490377987360e-03 -8.12494739622312279e-02  1.44261596538185710e-01  1.24564974800727563e-01 -5.56565490377987360e-03 -8.12494739622312417e-02 -3.98161509854514040e-01 -1.56165516573380320e-01 -3.98161509854514040e-01 -1.56165516573380320e-01 
 5.79500000000000000e+09  1.00000000000000000e+00  0.00000000000000000e+00  2.58822073830603655e-04 -7.95467433562373899e-02  1.48419848933677045e-01  1.25353847411695085e-01  2.58822073830607124e-04 -7.95467433562374038e-02 -4.08432393920745263e-01 -1.55317908510190617e-01 -4.08432393920745263e-01 -1.55317908510190617e-01 
 5.80000000000000000e+09  1.00000000000000000e+00  0.00000000000000000e+00  6.36395747525085338e-03 -7.79169191396909266e-02  1.52815559089463732e-01  1.26120100691646392e-01  6.36395747525085598e-03 -7.79169191396909266e-02 -4.19238175135572377e-01 -1.54248692821166489e-01 -4.19238175135572377e-01 -1.54248692821166489e-01 
 5.80500000000000000e+09  1.00000000000000000e+00  0.00000000000000000e+00  1.27695083114466295e-02 -7.63735763046840543e-02  1.57466250109185801e-01  1.26854365128471591e-01  1.27695083114466312e-02 -7.63735763046840682e-02 -4.30613093388645285e-01 -1.52923981308357715e-01 -4.30613093388645285e-01 -1.52923981308357715e-01 
 5.81000000000000000e+09  1.00000000000000000e+00  0.00000000000000000e+00  1.94967218032965246e-02 -7.49325825674398843e-02  1.62390891459789410e-01  1.27545541738034091e-01  1.94967218032965385e-02 -7.49325825674398843e-02 -4.42593549908653072e-01 -1.51304857815465321e-01 -4.42593549908653072e-01 -1.51304857815465321e-01 
 5.81500000000000000e+09  1.00000000000000000e+00  0.00000000000000000e+00  2.65684061094134429e-02 -7.36124908502701070e-02  1.67609995554364177e-01  1.28180487122511427e-01  2.65684061094134429e-02 -7.36124908502701070e-02 -4.55218113038855732e-01 -1.49346578908682387e-01 -4.55218113038855732e-01 -1.49346578908682387e-01 
 5.82000000000000000e+09  1.00000000000000000e+00  0.00000000000000000e+00  3.40089845553592091e-02 -7.24350016498212235e-02  1.73145707675483373e-01  1.28743639614595617e-01  3.40089845553592091e-02 -7.24350016498212096e-02 -4.68527467601959513e-01 -1.46997642198926165e-01 -4.68527467601959513e-01 -1.46997642198926165e-01 
 5.82500000000000000e+09  1.00000000000000000e+00  0.00000000000000000e+00  4.18445239273427944e-02 -7.14255075954753071e-02  1.79021882711490554e-01  1.29216575492586250e-01  4.18445239273427944e-02 -7.14255075954753071e-02 -4.82564285024973116e-01 -1.44198701228960197e-01 -4.82564285024973116e-01 -1.44198701228960197e-01 
 5.83000000000000000e+09  1.00000000000000000e+00  0.00000000000000000e+00  5.01027239031155702e-02 -7.06137343233581849e-02  1.85264139495579405e-01  1.29577482414978656e-01  5.01027239031155841e-02 -7.06137343233581988e-02 -4.97372983881585851e-01 -1.40881303442474487e-01 -4.97372983881585851e-01 -1.40881303442474487e-01 
 5.83500000000000000e+09  1.00000000000000000e+00  0.00000000000000000e+00  5.88128500449120462e-02 -7.00344936506597238e-02  1.91899879909716103e-01  1.29800535242011350e-01  5.88128500449120600e-02 -7.00344936506597238e-02 -5.12999340698222839e-01 -1.36966425666046138e-01 -5.12999340698222839e-01 -1.36966425666046138e-01 
 5.84000000000000000e+09  1.00000000000000000e+00  0.00000000000000000e+00  6.80055866202020631e-02 -6.97285667668800929e-02  1.98958255036091797e-01  1.29855157386458087e-01  6.80055866202020631e-02 -6.97285667668800790e-02 -5.29489898117967650e-01 -1.32362780215639630e-01 -5.29489898117967650e-01 -1.32362780215639630e-01 
 5.84500000000000000e+09  1.00000000000000000e+00  0.00000000000000000e+00  7.77127774002603355e-02 -6.97437364841518304e-02  2.06470054115367424e-01  1.29705148951572369e-01  7.77127774002603355e-02 -6.97437364841518304e-02 -5.46891101039688077e-01 -1.26964864889665657e-01 -5.46891101039688077e-01 -1.26964864889665657e-01 
 5.85000000000000000e+09  1.00000000000000000e+00  0.00000000000000000e+00  8.79670119675796808e-02 -7.01359880452696316e-02  2.14467483409839954e-01  1.29307661496201542e-01  8.79670119675796947e-02 -7.01359880452696177e-02 -5.65248070226480714e-01 -1.20650732830594798e-01 -5.65248070226480714e-01 -1.20650732830594798e-01 
 5.85500000000000000e+09  1.00000000000000000e+00  0.00000000000000000e+00  9.88010012925528147e-02 -7.09708968413508556e-02  2.22983790667102444e-01  1.28611998853890491e-01  9.88010012925528147e-02 -7.09708968413508695e-02 -5.84602896078132206e-01 -1.13279465197529766e-01 -5.84602896078132206e-01 -1.13279465197529766e-01 
 5.86000000000000000e+09  1.00000000000000000e+00  0.00000000000000000e+00  1.10246668691435651e-01 -7.23252175040094425e-02  2.32052676028680571e-01  1.27558224885046700e-01  1.10246668691435651e-01 -7.23252175040094286e-02 -6.04992301740471916e-01 -1.04688343285697344e-01 -6.04992301740471916e-01 -1.04688343285697344e-01 
 5.86500000000000000e+09  1.00000000000000000e+00  0.00000000000000000e+00  1.22333860015695406e-01 -7.42886804838453485e-02  2.41707411155714091e-01  1.26075563701663257e-01  1.22333860015695406e-01 -7.42886804838453485e-02 -6.26444483616247272e-01 -9.46897408141747776e-02 -6.26444483616247272e-01 -9.46897408141747776e-02 
 5.87000000000000000e+09  1.00000000000000000e+00  0.00000000000000000e+00  1.35088549454733198e-01 -7.69659868549104620e-02  2.51979564313196958e-01  1.24080587807385526e-01  1.35088549454733170e-01 -7.69659868549104897e-02 -6.48974888347737866e-01 -8.30677968232535757e-02 -6.48974888347737866e-01 -8.30677968232535757e-02 
 5.87500000000000000e+09  1.00000000000000000e+00  0.00000000000000000e+00  1.48530384506515289e-01 -8.04789660010437891e-02  2.62897199677118998e-01  1.21475207754250886e-01  1.48530384506515234e-01 -8.04789660010437752e-02 -6.72580629417629750e-01 -6.95749923210826904e-02 -6.72580629417629750e-01 -6.95749923210826904e-02 
 5.88000000000000000e+09  1.00000000000000000e+00  0.00000000000000000e+00  1.62669376305222435e-01 -8.49688188644504155e-02  2.74482384369405641e-01  1.18144507658811210e-01  1.62669376305222407e-01 -8.49688188644503878e-02 -6.97233187050133929e-01 -5.39288494437648314e-02 -6.97233187050133929e-01 -5.39288494437648314e-02 
 5.88500000000000000e+09  1.00000000000000000e+00  0.00000000000000000e+00  1.77501502302790298e-01 -9.05983045713923407e-02  2.86747798218704664e-01  1.13954520248659999e-01  1.77501502302790271e-01 -9.05983045713923407e-02 -7.22868979828679925e-01 -3.58091133377138882e-02 -7.22868979828679925e-01 -3.58091133377138882e-02 
 5.89000000000000000e+09  1.00000000000000000e+00  0.00000000000000000e+00  1.93002953354119211e-01 -9.75536315510968643e-02  2.99692203090076492e-01  1.08750110954374618e-01  1.93002953354119239e-01 -9.75536315510968921e-02 -7.49377360419005711e-01 -1.48559798257274500e-02 -7.49377360419005711e-01 -1.48559798257274500e-02 
 5.89500000000000000e+09  1.00000000000000000e+00  0.00000000000000000e+00  2.09122738231087041e-01 -1.06045675248545690e-01  3.13294499366780221e-01  1.02353252664171265e-01  2.09122738231087096e-01 -1.06045675248545718e-01 -7.76585597629364299e-01  9.32978710336565542e-03 -7.76585597629364299e-01  9.32978710336565542e-03 
 5.90000000000000000e+09  1.00000000000000000e+00  0.00000000000000000e+00  2.25773375918730090e-01 -1.16309952788712506e-01  3.27506092529342485e-01  9.45621316624976199e-02  2.25773375918730146e-01 -1.16309952788712534e-01 -8.04240506643808306e-01  3.71836312479314202e-02 -8.04240506643808306e-01  3.71836312479314202e-02 
 5.90500000000000000e+09  1.00000000000000000e+00  0.00000000000000000e+00  2.42819492831009842e-01 -1.28604534041677321e-01  3.42241339267836508e-01  8.51517395103501551e-02  2.42819492831009814e-01 -1.28604534041677321e-01 -8.31986646188328294e-01  6.91691910253021125e-02 -8.31986646188328294e-01  6.91691910253021125e-02 
 5.91000000000000000e+09  1.00000000000000000e+00  0.00000000000000000e+00  2.60064347920459626e-01 -1.43204763832748300e-01  3.57365981372451347e-01  7.38768756679085564e-02  2.60064347920459626e-01 -1.43204763832748272e-01 -8.59341511733201391e-01  1.05763283162658317e-01 -8.59341511733201391e-01  1.05763283162658317e-01 
 5.91500000000000000e+09  1.00000000000000000e+00  0.00000000000000000e+00  2.77234700942350587e-01 -1.60393342466288058e-01  3.72683765069778183e-01  6.04787927773874148e-02  2.77234700942350587e-01 -1.60393342466288114e-01 -8.85669040128389651e-01  1.47431156198382679e-01 -8.85669040128389651e-01  1.47431156198382679e-01 
 5.92000000000000000e+09  1.00000000000000000e+00  0.00000000000000000e+00  2.93965096755240740e-01 -1.80444038866559991e-01  3.87921955806763585e-01  4.46970048642220813e-02  2.93965096755240740e-01 -1.80444038866559964e-01 -9.10154132617155387e-01  1.94588972228762702e-01 -9.10154132617155387e-01  1.94588972228762702e-01 
 5.92500000000000000e+09  1.00000000000000000e+00  0.00000000000000000e+00  3.09783629046083198e-01 -2.03597243514779924e-01  4.02717263955417848e-01  2.62879310938266934e-02  3.09783629046083198e-01 -2.03597243514779924e-01 -9.31782881851097811e-01  2.47550680583019406e-01 -9.31782881851097811e-01  2.47550680583019406e-01 
 5.93000000000000000e+09  1.00000000000000000e+00  0.00000000000000000e+00  3.24102574946745436e-01 -2.30025954443151104e-01  4.16604823682936998e-01  5.05186171546433138e-03  3.24102574946745436e-01 -2.30025954443151104e-01 -9.49335679201125604e-01  3.06457662347844106e-01 -9.49335679201125604e-01  3.06457662347844106e-01 
 5.93500000000000000e+09  1.00000000000000000e+00  0.00000000000000000e+00  3.36218809328316881e-01 -2.59791967291006121e-01  4.29014226957705525e-01 -1.91310836281298954e-02  3.36218809328316937e-01 -2.59791967291006176e-01 -9.61402973016089679e-01  3.71192367600422124e-01 -9.61402973016089679e-01  3.71192367600422124e-01 
 5.94000000000000000e+09  1.00000000000000000e+00  0.00000000000000000e+00  3.45330191847503354e-01 -2.92794360862112413e-01  4.39277895639962057e-01 -4.62571112379700639e-02  3.45330191847503298e-01 -2.92794360862112413e-01 -9.66435193024154371e-01  4.41282186955199274e-01 -9.66435193024154371e-01  4.41282186955199274e-01 
 5.94500000000000000e+09  1.00000000000000000e+00  0.00000000000000000e+00  3.50574377077921384e-01 -3.28715989936299247e-01  4.46657641325177490e-01 -7.61510711921826178e-02  3.50574377077921384e-01 -3.28715989936299302e-01 -9.62837629421308683e-01  5.15807035189427943e-01 -9.62837629421308683e-01  5.15807035189427943e-01 
 5.95000000000000000e+09  1.00000000000000000e+00  0.00000000000000000e+00  3.51094615961848655e-01 -3.66978226641771266e-01  4.50394164733557756e-01 -1.08422885058952687e-01  3.51094615961848655e-01 -3.66978226641771266e-01 -9.49115794240107169e-01  5.93332426621525300e-01 -9.49115794240107169e-01  5.93332426621525300e-01 
 5.95500000000000000e+09  1.00000000000000000e+00  0.00000000000000000e+00  3.46132054204236317e-01 -4.06718300061466531e-01  4.49780499618773921e-01 -1.42439896678820621e-01  3.46132054204236317e-01 -4.06718300061466531e-01 -9.24065395241562726e-01  6.71896207545566559e-01 -9.24065395241562726e-01  6.71896207545566559e-01 
 5.96000000000000000e+09  1.00000000000000000e+00  0.00000000000000000e+00  3.35135650178636113e-01 -4.46804904718497098e-01  4.44253663136186194e-01 -1.77328866095213006e-01  3.35135650178636169e-01 -4.46804904718496987e-01 -8.86984049479513370e-01  7.49076860499875208e-01 -8.86984049479513370e-01  7.49076860499875208e-01 
 5.96500000000000000e+09  1.00000000000000000e+00  0.00000000000000000e+00  3.17870909739903729e-01 -4.85903574104287972e-01  4.33490227171663522e-01 -2.12018879706100671e-01  3.17870909739903729e-01 -4.85903574104287972e-01 -8.37863689705962145e-01  8.22159667769762015e-01 -8.37863689705962145e-01  8.22159667769762015e-01 
 5.97000000000000000e+09  1.00000000000000000e+00  0.00000000000000000e+00  2.94501246378724379e-01 -5.22592311418664579e-01  4.17484385806393909e-01 -2.45328154256666292e-01  2.94501246378724435e-01 -5.22592311418664579e-01 -7.77511779676234971e-01  8.88392773961619309e-01 -7.77511779676234971e-01  8.88392773961619309e-01 
 5.97500000000000000e+09  1.00000000000000000e+00  0.00000000000000000e+00  2.65615993626801328e-01 -5.55512210231781323e-01  3.96585724365095149e-01 -2.76084770404176505e-01  2.65615993626801272e-01 -5.55512210231781434e-01 -7.07555260158975852e-01  9.45294144424147831e-01 -7.07555260158975852e-01  9.45294144424147831e-01 
 5.98000000000000000e+09  1.00000000000000000e+00  0.00000000000000000e+00  2.32189849072562682e-01 -5.83523322992111848e-01  3.71481288322895287e-01 -3.03258447656673757e-01  2.32189849072562654e-01 -5.83523322992111848e-01 -6.30307314779081196e-01  9.90945502205596296e-01 -6.30307314779081196e-01  9.90945502205596296e-01 
 5.98500000000000000e+09  1.00000000000000000e+00  0.00000000000000000e+00  1.95477475814852752e-01 -6.05830343056235288e-01  3.43121524201150330e-01 -3.26073943624590634e-01  1.95477475814852697e-01 -6.05830343056235288e-01 -5.48516396436258269e-01  1.02420454791679205e+00 -5.48516396436258269e-01  1.02420454791679205e+00 
 5.99000000000000000e+09  1.00000000000000000e+00  0.00000000000000000e+00  1.56866439254980061e-01 -6.22049935224855521e-01  3.12606326824375169e-01 -3.44080708523129497e-01  1.56866439254980061e-01 -6.22049935224855410e-01 -4.65052884781827158e-01  1.04478775399131352e+00 -4.65052884781827158e-01  1.04478775399131352e+00 
 5.99500000000000000e+09  1.00000000000000000e+00  0.00000000000000000e+00  1.17722724432719764e-01 -6.32209194813081243e-01  2.81058235017492275e-01 -3.57166804481957478e-01  1.17722724432719611e-01 -6.32209194813081465e-01 -3.82604580598119026e-01  1.05321463977145280e+00 -3.82604580598119026e-01  1.05321463977145280e+00 
 6.00000000000000000e+09  1.00000000000000000e+00  0.00000000000000000e+00  7.92612829175262656e-02 -6.36684595488716809e-01  2.49510299041938832e-01 -3.65521574566702423e-01  7.92612829175263489e-02 -6.36684595488716809e-01 -3.03441916642002540e-01  1.05064307541685653e+00 -3.03441916642002540e-01  1.05064307541685653e+00 
