frequency_hz,s1_real,s1_imag,s2_real,s2_imag
1.000000000000000000e+06,-1.946276886827667113e-02,-1.572340117151139517e-04,9.908926667487965023e-01,-2.536740703380389959e-03
5.999000000000000000e+06,-1.947667233293455882e-02,-9.430793541065765140e-04,9.907841162903561205e-01,-1.521746306682137187e-02
1.099800000000000000e+07,-1.951042277774007669e-02,-1.728207172042656864e-03,9.905205048237394339e-01,-2.789628072454854515e-02
1.599700000000000000e+07,-1.956398527795740611e-02,-2.512020445040728019e-03,9.901018379032059391e-01,-4.057160568990883509e-02
2.099600000000000000e+07,-1.963730441476362054e-02,-3.293923733779378655e-03,9.895281244162744683e-01,-5.324184859305199080e-02
2.599500000000000000e+07,-1.973030434254348722e-02,-4.073323896324010894e-03,9.887993766737769308e-01,-6.590541805613892024e-02
3.099400000000000000e+07,-1.984288888098504830e-02,-4.849630801610040239e-03,9.879156105330635373e-01,-7.856072007290201831e-02
3.599300000000000000e+07,-1.997494163187327892e-02,-5.622258039332172705e-03,9.868768455541713225e-01,-9.120615739390855459e-02
4.099200000000000000e+07,-2.012632612044817915e-02,-6.390623625392936880e-03,9.856831051887048334e-01,-1.038401289188686238e-01
4.599100000000000000e+07,-2.029688596114481366e-02,-7.154150702067210536e-03,9.843344170011547600e-01,-1.164610290973205481e-01
5.099000000000000000e+07,-2.048644504753836457e-02,-7.912268232048186301e-03,9.828308129222920186e-01,-1.290672473390148400e-01
5.598900000000000000e+07,-2.069480776625803875e-02,-8.664411685546149697e-03,9.811723295342626994e-01,-1.416571674353040711e-01
6.098800000000000000e+07,-2.092175923461779552e-02,-9.410023719618767352e-03,9.793590083869364582e-01,-1.542291669928294306e-01
6.598700000000000000e+07,-2.116706556168521103e-02,-1.014855484892332807e-02,9.773908963450156362e-01,-1.667816168807819133e-01
7.098600000000000000e+07,-2.143047413248446928e-02,-1.087946410708991868e-02,9.752680459653740863e-01,-1.793128806929905894e-01
7.598500000000000000e+07,-2.171171391498833217e-02,-1.160221969792505498e-02,9.729905159040398432e-01,-1.918213142260764004e-01
8.098400000000000000e+07,-2.201049578954286656e-02,-1.231629963566944867e-02,9.705583713521874767e-01,-2.043052649748827998e-01
8.598300000000000000e+07,-2.232651290033783875e-02,-1.302119237354511065e-02,9.679716845004637804e-01,-2.167630716463724572e-01
9.098200000000000000e+07,-2.265944102850007968e-02,-1.371639741984044709e-02,9.652305350309344778e-01,-2.291930636931553966e-01
9.598100000000000000e+07,-2.300893898637852708e-02,-1.440142594079912158e-02,9.623350106358726785e-01,-2.415935608677805269e-01
1.009800000000000000e+08,-2.337464903254875270e-02,-1.507580134959079533e-02,9.592852075625923902e-01,-2.539628727989023949e-01
1.059790000000000000e+08,-2.375619730705464186e-02,-1.573905988066212971e-02,9.560812311834746557e-01,-2.662992985903954168e-01
1.109780000000000000e+08,-2.415319428636554175e-02,-1.639075114877934849e-02,9.527231965902960287e-01,-2.786011264444649971e-01
1.159770000000000000e+08,-2.456523525752025983e-02,-1.703043869209662498e-02,9.492112292119314620e-01,-2.908666333097612577e-01
1.209760000000000000e+08,-2.499190081089629895e-02,-1.765770049859884464e-02,9.455454654544629411e-01,-3.030940845554767060e-01
1.259750000000000000e+08,-2.543275735102271118e-02,-1.827212951529092605e-02,9.417260533626938823e-01,-3.152817336723660047e-01
1.309740000000000000e+08,-2.588735762483741071e-02,-1.887333413952201402e-02,9.377531533020267984e-01,-3.274278220015899299e-01
1.359730000000000000e+08,-2.635524126676726253e-02,-1.946093869185939323e-02,9.336269386596331987e-01,-3.395305784922483805e-01
1.409720000000000000e+08,-2.683593535998583107e-02,-2.003458386994211651e-02,9.293475965638074987e-01,-3.515882194884271117e-01
1.459710000000000000e+08,-2.732895501319618919e-02,-2.059392718277312101e-02,9.249153286203743995e-01,-3.635989485465380699e-01
1.509700000000000000e+08,-2.783380395225123691e-02,-2.113864336492603246e-02,9.203303516649763427e-01,-3.755609562836974558e-01
1.559690000000000000e+08,-2.834997512592533561e-02,-2.166842477017150506e-02,9.155928985300513245e-01,-3.874724202578357923e-01
1.609680000000000000e+08,-2.887695132511808316e-02,-2.218298174404676262e-02,9.107032188252794924e-01,-3.993315048801939215e-01
1.659670000000000000e+08,-2.941420581476788046e-02,-2.268204297492180943e-02,9.056615797302524085e-01,-4.111363613608127743e-01
1.709660000000000000e+08,-2.996120297773235616e-02,-2.316535582313763650e-02,9.004682667980978827e-01,-4.228851276875759679e-01
1.759650000000000000e+08,-3.051739896987929607e-02,-2.363268662781762772e-02,8.951235847687676328e-01,-4.345759286393234277e-01
1.809640000000000000e+08,-3.108224238561776986e-02,-2.408382099098055340e-02,8.896278583906829240e-01,-4.462068758334989949e-01
1.859630000000000000e+08,-3.165517493309333297e-02,-2.451856403860994127e-02,8.839814332494035920e-01,-4.577760678087519630e-01
1.909620000000000000e+08,-3.223563211825251212e-02,-2.493674065835962961e-02,8.781846766019842931e-01,-4.692815901428608050e-01
1.959610000000000000e+08,-3.282304393697560441e-02,-2.533819571360525907e-02,8.722379782156526318e-01,-4.807215156063010530e-01
2.009600000000000000e+08,-3.341683557446713249e-02,-2.572279423357584985e-02,8.661417512094404803e-01,-4.920939043517221223e-01
2.059590000000000000e+08,-3.401642811108401832e-02,-2.609042157933030154e-02,8.598964328973893734e-01,-5.033968041395547877e-01
2.109580000000000000e+08,-3.462123923377488643e-02,-2.644098358536824123e-02,8.535024856319347597e-01,-5.146282505999191237e-01
2.159570000000000000e+08,-3.523068395230095906e-02,-2.677440667669752153e-02,8.469603976460714501e-01,-5.257862675309448175e-01
2.209560000000000000e+08,-3.584417531939382284e-02,-2.709063796120251069e-02,8.402706838928991617e-01,-5.368688672335700796e-01
2.259550000000000000e+08,-3.646112515401301463e-02,-2.738964529719334351e-02,8.334338868811388412e-01,-5.478740508828374711e-01
2.309540000000000000e+08,-3.708094476685597912e-02,-2.767141733603769443e-02,8.264505775052115588e-01,-5.587998089356405185e-01
2.359530000000000000e+08,-3.770304568726814964e-02,-2.793596353981084648e-02,8.193213558684703246e-01,-5.696441215748353493e-01
2.409520000000000000e+08,-3.832684039070880649e-02,-2.818331417392521548e-02,8.120468520981802829e-01,-5.804049591895760196e-01
2.459510000000000000e+08,-3.895174302591718207e-02,-2.841352027472971234e-02,8.046277271508441853e-01,-5.910802828916761342e-01
2.509500000000000000e+08,-3.957717014092927005e-02,-2.862665359210015206e-02,7.970646736064750382e-01,-6.016680450677539538e-01
2.559490000000000000e+08,-4.020254140709868945e-02,-2.882280650706733546e-02,7.893584164504240386e-01,-6.121661899668625617e-01
2.609480000000000000e+08,-4.082728034027302555e-02,-2.900209192456064053e-02,7.815097138413957811e-01,-6.225726543232588117e-01
2.659470000000000000e+08,-4.145081501827965059e-02,-2.916464314137023894e-02,7.735193578642625134e-01,-6.328853680139074900e-01
2.709460000000000000e+08,-4.207257879388761473e-02,-2.931061368946567477e-02,7.653881752663432847e-01,-6.431022547502817099e-01
2.759450000000000000e+08,-4.269201100240557767e-02,-2.944017715482631289e-02,7.571170281757905185e-01,-6.532212328039461724e-01
2.809440000000000000e+08,-4.330855766309106569e-02,-2.955352697197798431e-02,7.487068148007675061e-01,-6.632402157653857211e-01
2.859430000000000000e+08,-4.392167217354795566e-02,-2.965087619445053516e-02,7.401584701081143081e-01,-6.731571133354785630e-01
2.909420000000000000e+08,-4.453081599630120263e-02,-2.973245724140147553e-02,7.314729664802072095e-01,-6.829698321489678925e-01
2.959410000000000000e+08,-4.513545933674030508e-02,-2.979852162067491914e-02,7.226513143487578450e-01,-6.926762766292360318e-01
3.009400000000000000e+08,-4.573508181164193803e-02,-2.984933962859909196e-02,7.136945628043043222e-01,-7.022743498736488954e-01
3.059390000000000000e+08,-4.632917310748062983e-02,-2.988520002684023555e-02,7.046038001801840922e-01,-7.117619545686766358e-01
3.109380000000000000e+08,-4.691723362776215045e-02,-2.990640969666813823e-02,6.953801546097994057e-01,-7.211369939339666857e-01
3.159370000000000000e+08,-4.749877512861245404e-02,-2.991329327100974295e-02,6.860247945560139504e-01,-7.303973726944884559e-01
3.209360000000000000e+08,-4.807332134187722317e-02,-2.990619274468727870e-02,6.765389293115524616e-01,-7.395409980798365313e-01
3.259350000000000000e+08,-4.864040858499819875e-02,-2.988546706327317032e-02,6.669238094693052954e-01,-7.485657808497296895e-01
3.309340000000000000e+08,-4.919958635694641341e-02,-2.985149169100701633e-02,6.571807273614713729e-01,-7.574696363447053216e-01
3.359330000000000000e+08,-4.975041791950889081e-02,-2.980465815825130566e-02,6.473110174665116512e-01,-7.662504855609695298e-01
3.409320000000000000e+08,-5.029248086324070860e-02,-2.974537358898074121e-02,6.373160567829116996e-01,-7.749062562483205463e-01
3.459310000000000000e+08,-5.082536765741185042e-02,-2.967406020882942808e-02,6.271972651688070277e-01,-7.834348840300341399e-01
3.509300000000000000e+08,-5.134868618329736095e-02,-2.959115483422960699e-02,6.169561056465365789e-01,-7.918343135435491620e-01
3.559290000000000000e+08,-5.186206025017294635e-02,-2.949710834321429137e-02,6.065940846712640777e-01,-8.001024996007765067e-01
3.609280000000000000e+08,-5.236513009340327401e-02,-2.939238512846088433e-02,5.961127523628114711e-01,-8.082374083668005804e-01
3.659270000000000000e+08,-5.285755285402637255e-02,-2.927746253318391084e-02,5.855137026999197580e-01,-8.162370185557248359e-01
3.709260000000000000e+08,-5.333900303925715597e-02,-2.915283027049731662e-02,5.747985736761820341e-01,-8.240993226423771745e-01
3.759250000000000000e+08,-5.380917296335636230e-02,-2.901898982689229967e-02,5.639690474169416490e-01,-8.318223280885618243e-01
3.809240000000000000e+08,-5.426777316833360926e-02,-2.887645385048976179e-02,5.530268502564915645e-01,-8.394040585825168765e-01
3.859230000000000000e+08,-5.471453282396920165e-02,-2.872574552474296480e-02,5.419737527749637351e-01,-8.468425552902119069e-01
3.909220000000000000e+08,-5.514920010667029998e-02,-2.856739792829039032e-02,5.308115697943368572e-01,-8.541358781170957926e-01
3.959210000000000000e+08,-5.557154255669649601e-02,-2.840195338166544292e-02,5.195421603330453442e-01,-8.612821069788773043e-01
4.009200000000000000e+08,-5.598134741330779152e-02,-2.822996278158853081e-02,5.081674275187245682e-01,-8.682793430799121692e-01
4.059190000000000000e+08,-5.637842192742675146e-02,-2.805198492358662241e-02,4.966893184586592125e-01,-8.751257101977326647e-01
4.109180000000000000e+08,-5.676259365141252122e-02,-2.786858581368728896e-02,4.851098240675866258e-01,-8.818193559722571351e-01
4.159170000000000000e+08,-5.713371070558808523e-02,-2.768033796996001786e-02,4.734309788525170593e-01,-8.883584531981870702e-01
4.209160000000000000e+08,-5.749164202117083844e-02,-2.748781971467908342e-02,4.616548606543228739e-01,-8.947412011190917225e-01
4.259150000000000000e+08,-5.783627755929597603e-02,-2.729161445790178123e-02,4.497835903458741180e-01,-9.009658267216703598e-01
4.309140000000000000e+08,-5.816752850583997020e-02,-2.709230997325663692e-02,4.378193314865676533e-01,-9.070305860286607125e-01
4.359130000000000000e+08,-5.848532744177958875e-02,-2.689049766675809944e-02,4.257642899331419706e-01,-9.129337653888678350e-01
4.409120000000000000e+08,-5.878962848885280201e-02,-2.668677183945933687e-02,4.136207134067259039e-01,-9.186736827627697277e-01
4.459110000000000000e+08,-5.908040743030853331e-02,-2.648172894477399120e-02,4.013908910161303467e-01,-9.242486890021621715e-01
4.509100000000000000e+08,-5.935766180656495278e-02,-2.627596684129600985e-02,3.890771527374337069e-01,-9.296571691222841327e-01
4.559090000000000000e+08,-5.962141098562109831e-02,-2.607008404195946399e-02,3.766818688499775636e-01,-9.348975435648880783e-01
4.609080000000000000e+08,-5.987169620809332932e-02,-2.586467896037916020e-02,3.642074493289424453e-01,-9.399682694506974467e-01
4.659070000000000000e+08,-6.010858060677908010e-02,-2.566034915522282661e-02,3.516563431947230534e-01,-9.448678418197158368e-01
4.709060000000000000e+08,-6.033214920067608150e-02,-2.545769057346305292e-02,3.390310378193823748e-01,-9.495947948578405962e-01
4.759050000000000000e+08,-6.054250886341316917e-02,-2.525729679336643357e-02,3.263340581905181392e-01,-9.541477031082510329e-01
4.809040000000000000e+08,-6.073978826607763504e-02,-2.505975826806993226e-02,3.135679661329299761e-01,-9.585251826660456942e-01
4.859030000000000000e+08,-6.092413779445620542e-02,-2.486566157060698945e-02,3.007353594885270875e-01,-9.627258923546178071e-01
4.909020000000000000e+08,-6.109572944072363954e-02,-2.467558864123046286e-02,2.878388712549755923e-01,-9.667485348822586477e-01
4.959010000000000000e+08,-6.125475666965734395e-02,-2.449011603789379848e-02,2.748811686836339363e-01,-9.705918579775104638e-01
5.009000000000000000e+08,-6.140143425947001271e-02,-2.430981419073710917e-02,2.618649523373857702e-01,-9.742546555017950194e-01
5.058990000000000000e+08,-6.153599811738857950e-02,-2.413524666142846317e-02,2.487929551090232172e-01,-9.777357685378604835e-01
5.108980000000000000e+08,-6.165870507013631457e-02,-2.396696940820751062e-02,2.356679412008890750e-01,-9.810340864526180260e-01
5.158970000000000000e+08,-6.176983262949393982e-02,-2.380553005746561743e-02,2.224927050665481687e-01,-9.841485479329579178e-01
5.208960000000000000e+08,-6.186967873315721289e-02,-2.365146718270083256e-02,2.092700703152939046e-01,-9.870781419931536904e-01
5.258950000000000000e+08,-6.195856146112463381e-02,-2.350530959167421857e-02,1.960028885803579424e-01,-9.898219089524959990e-01
5.308940000000000000e+08,-6.203681872788050639e-02,-2.336757562258381590e-02,1.826940383517363653e-01,-9.923789413818229210e-01
5.358930000000000000e+08,-6.210480795066632143e-02,-2.323877245007155770e-02,1.693464237745956891e-01,-9.947483850176369602e-01
5.408920000000000000e+08,-6.216290569416201006e-02,-2.311939540185913022e-02,1.559629734142714552e-01,-9.969294396425417704e-01
5.458910000000000000e+08,-6.221150729191660123e-02,-2.300992728680951657e-02,1.425466389889145091e-01,-9.989213599307560365e-01
5.508900000000000000e+08,-6.225102644490976278e-02,-2.291083773518905534e-02,1.291003940708913000e-01,-1.000723456257492483e+00
5.558890000000000000e+08,-6.228189479763269337e-02,-2.282258255190142138e-02,1.156272327580899623e-01,-1.002335095471041049e+00
5.608880000000000000e+08,-6.230456149211949929e-02,-2.274560308344379667e-02,1.021301683163219620e-01,-1.003755701626420027e+00
5.658870000000000000e+08,-6.231949270037508148e-02,-2.268032559933223433e-02,8.861223179405491868e-02,-1.004984756679502711e+00
5.708860000000000000e+08,-6.232717113567095429e-02,-2.262716068871663960e-02,7.507647061075488348e-02,-1.006021801140569938e+00
5.758850000000000000e+08,-6.232809554321262768e-02,-2.258650267289914748e-02,6.152594712015825584e-02,-1.006866434686276346e+00
5.808840000000000000e+08,-6.232278017069402265e-02,-2.255872903445099373e-02,4.796373714981765068e-02,-1.007518316729080432e+00
5.858830000000000000e+08,-6.231175421928888264e-02,-2.254419986360259656e-02,3.439292851832752296e-02,-1.007977166943193836e+00
5.908820000000000000e+08,-6.229556127564267465e-02,-2.254325732257001641e-02,2.081661953164696058e-02,-1.008242765746209857e+00
5.958810000000000000e+08,-6.227475872546051061e-02,-2.255622512845534625e-02,7.237917459985990232e-03,-1.008314954735564095e+00
6.008800000000000000e+08,-6.224991714929487691e-02,-2.258340805534501949e-02,-6.340063003254892832e-03,-1.008193637079068283e+00
6.058790000000000000e+08,-6.222161970117322249e-02,-2.262509145620663839e-02,-1.991420129896267002e-02,-1.007878777858791208e+00
6.108780000000000000e+08,-6.219046147071263103e-02,-2.268154080516648213e-02,-3.348137257466020367e-02,-1.007370404367617711e+00
6.158770000000000000e+08,-6.215704882939734888e-02,-2.275300126072343082e-02,-4.703844927014111388e-02,-1.006668606357870699e+00
6.208760000000000000e+08,-6.212199876170759749e-02,-2.283969725044035504e-02,-6.058230271478921153e-02,-1.005773536241435950e+00
6.258750000000000000e+08,-6.208593818181273871e-02,-2.294183207762557491e-02,-7.410980473495272502e-02,-1.004685409240881455e+00
6.308740000000000000e+08,-6.204950323655143013e-02,-2.305958755049390685e-02,-8.761782926972511154e-02,-1.003404503491127198e+00
6.358730000000000000e+08,-6.201333859544553434e-02,-2.319312363427611032e-02,-1.011032539934637597e-01,-1.001931160091268591e+00
6.408720000000000000e+08,-6.197809672850657786e-02,-2.334257812671774665e-02,-1.145629619433604640e-01,-1.000265783106225603e+00
6.458710000000000000e+08,-6.194443717260965376e-02,-2.350806635738396377e-02,-1.279938431503620522e-01,-9.984088395179385733e-01
6.508700000000000000e+08,-6.191302578722135408e-02,-2.368968091116251812e-02,-1.413927962717299869e-01,-9.963608591259001113e-01
6.558690000000000000e+08,-6.188453400028934293e-02,-2.388749137632800029e-02,-1.547567302235094977e-01,-9.941224343968714239e-01
6.608680000000000000e+08,-6.185963804510188208e-02,-2.410154411750740910e-02,-1.680825658111769760e-01,-9.916942202636800374e-01
6.658670000000000000e+08,-6.183901818894875502e-02,-2.433186207385761024e-02,-1.813672373567259410e-01,-9.890769338730823756e-01
6.708660000000000000e+08,-6.182335795442132215e-02,-2.457844458273487562e-02,-1.946076943204408105e-01,-9.862713542827087343e-01
6.758650000000000000e+08,-6.181334333419098021e-02,-2.484126722911968524e-02,-2.078009029156196730e-01,-9.832783221071886848e-01
6.808640000000000000e+08,-6.180966200013649631e-02,-2.512028172101257381e-02,-2.209438477144901325e-01,-9.800987391136133375e-01
6.858630000000000000e+08,-6.181300250766873228e-02,-2.541541579101036508e-02,-2.340335332435777571e-01,-9.767335677665445193e-01
6.908620000000000000e+08,-6.182405349613395024e-02,-2.572657312422536174e-02,-2.470669855667865789e-01,-9.731838307228628526e-01
6.958610000000000000e+08,-6.184350288617013192e-02,-2.605363331268979385e-02,-2.600412538544548680e-01,-9.694506102767818101e-01
7.008600000000000000e+08,-6.187203707489623283e-02,-2.639645183635602743e-02,-2.729534119366629485e-01,-9.655350477554468513e-01
7.058590000000000000e+08,-6.191034012982418733e-02,-2.675486007077435002e-02,-2.858005598390808144e-01,-9.614383428655749464e-01
7.108580000000000000e+08,-6.195909298237684687e-02,-2.712866532149744991e-02,-2.985798252996520463e-01,-9.571617529916737199e-01
7.158570000000000000e+08,-6.201897262191221477e-02,-2.751765088523555960e-02,-3.112883652644360954e-01,-9.527065924464213076e-01
7.208560000000000000e+08,-6.209065129113473802e-02,-2.792157613775068242e-02,-3.239233673609355768e-01,-9.480742316738655084e-01
7.258550000000000000e+08,-6.217479568379560145e-02,-2.834017664845371251e-02,-3.364820513472722707e-01,-9.432660964061514441e-01
7.308540000000000000e+08,-6.227206614556574787e-02,-2.877316432163217613e-02,-3.489616705355808590e-01,-9.382836667745524384e-01
7.358530000000000000e+08,-6.238311587897338306e-02,-2.922022756421315676e-02,-3.613595131880321665e-01,-9.331284763756312328e-01
7.408520000000000000e+08,-6.250859015329375545e-02,-2.968103147992813204e-02,-3.736729038839051720e-01,-9.278021112934250469e-01
7.458510000000000000e+08,-6.264912552026628834e-02,-3.015521808972460027e-02,-3.858992048561794008e-01,-9.223062090786047218e-01
7.508500000000000000e+08,-6.280534903652038037e-02,-3.064240657823166097e-02,-3.980358172961303564e-01,-9.166424576856082584e-01
7.558490000000000000e+08,-6.297787749357920684e-02,-3.114219356606309080e-02,-4.100801826244537818e-01,-9.108125943688050175e-01
7.608480000000000000e+08,-6.316731665629958525e-02,-3.165415340770963426e-02,-4.220297837274850639e-01,-9.048184045388196761e-01
7.658470000000000000e+08,-6.337426051060714161e-02,-3.217783851474095846e-02,-4.338821461571056304e-01,-8.986617205801646913e-01
7.708460000000000000e+08,-6.359929052136942262e-02,-3.271277970401382379e-02,-4.456348392929829760e-01,-8.923444206314183891e-01
7.758450000000000000e+08,-6.384297490123970464e-02,-3.325848657054857049e-02,-4.572854774658157151e-01,-8.858684273292052325e-01
7.808440000000000000e+08,-6.410586789129751883e-02,-3.381444788471162782e-02,-4.688317210403181168e-01,-8.792357065173052044e-01
7.858430000000000000e+08,-6.438850905429276128e-02,-3.438013201331334423e-02,-4.802712774567107767e-01,-8.724482659222615455e-01
7.908420000000000000e+08,-6.469142258129391421e-02,-3.495498736420123848e-02,-4.916019022295330387e-01,-8.655081537968887240e-01
7.958410000000000000e+08,-6.501511661252237784e-02,-3.553844285390193869e-02,-5.028213999026509562e-01,-8.584174575331534607e-01
8.008400000000000000e+08,-6.536008257313608016e-02,-3.612990839784215036e-02,-5.139276249593780488e-01,-8.511783022459127324e-01
8.058390000000000000e+08,-6.572679452472511563e-02,-3.672877542264647160e-02,-5.249184826866762910e-01,-8.437928493290615117e-01
8.108380000000000000e+08,-6.611570853323590902e-02,-3.733441739999145137e-02,-5.357919299924737144e-01,-8.362632949856630971e-01
8.158370000000000000e+08,-6.652726205405969095e-02,-3.794619040146426925e-02,-5.465459761751702006e-01,-8.285918687336782940e-01
8.208360000000000000e+08,-6.696187333496710081e-02,-3.856343367385481335e-02,-5.571786836444823088e-01,-8.207808318889486809e-01
8.258350000000000000e+08,-6.741994083757525680e-02,-3.918547023428366888e-02,-5.676881685928153454e-01,-8.128324760271108396e-01
8.308340000000000000e+08,-6.790184267800090934e-02,-3.981160748454649900e-02,-5.780726016164320358e-01,-8.047491214261605075e-01
8.358330000000000000e+08,-6.840793608733687636e-02,-4.044113784403368522e-02,-5.883302082857321258e-01,-7.965331154914088163e-01
8.408320000000000000e+08,-6.893855689256270236e-02,-4.107333940056109856e-02,-5.984592696640237408e-01,-7.881868311645956471e-01
8.458310000000000000e+08,-6.949401901848280272e-02,-4.170747657843010964e-02,-6.084581227742429377e-01,-7.797126653189543344e-01
8.508300000000000000e+08,-7.007461401126037492e-02,-4.234280082301077053e-02,-6.183251610131187403e-01,-7.711130371420445995e-01
8.558290000000000000e+08,-7.068061058408288411e-02,-4.297855130112892413e-02,-6.280588345123748750e-01,-7.623903865081819164e-01
8.608280000000000000e+08,-7.131225418548585437e-02,-4.361395561651413427e-02,-6.376576504465961692e-01,-7.535471723423116108e-01
8.658270000000000000e+08,-7.196976659081961991e-02,-4.424823053955206920e-02,-6.471201732874802826e-01,-7.445858709772003037e-01
8.708260000000000000e+08,-7.265334551733054758e-02,-4.488058275056704821e-02,-6.564450250042463963e-01,-7.355089745058075446e-01
8.758250000000000000e+08,-7.336316426329188289e-02,-4.551020959584585468e-02,-6.656308852100455420e-01,-7.263189891307320067e-01
8.808240000000000000e+08,-7.409937137159737508e-02,-4.613629985559892371e-02,-6.746764912542897452e-01,-7.170184335126227326e-01
8.858230000000000000e+08,-7.486209031820346971e-02,-4.675803452304128777e-02,-6.835806382608751175e-01,-7.076098371194385894e-01
8.908220000000000000e+08,-7.565141922577389710e-02,-4.737458759376529660e-02,-6.923421791123575142e-01,-6.980957385784738456e-01
8.958210000000000000e+08,-7.646743060285447757e-02,-4.798512686456263970e-02,-7.009600243801933361e-01,-6.884786840330258118e-01
9.008200000000000000e+08,-7.731017110887654364e-02,-4.858881474084569135e-02,-7.094331422012403188e-01,-6.787612255056086896e-01
9.058190000000000000e+08,-7.817966134525909661e-02,-4.918480905180739465e-02,-7.177605581007706625e-01,-6.689459192695941248e-01
9.108180000000000000e+08,-7.907589567284760423e-02,-4.977226387245022032e-02,-7.259413547623279062e-01,-6.590353242311601800e-01
9.158170000000000000e+08,-7.999884205589698205e-02,-5.035033035160910858e-02,-7.339746717448168978e-01,-6.490320003234079094e-01
9.208160000000000000e+08,-8.094844193278429023e-02,-5.091815754508585007e-02,-7.418597051472953785e-01,-6.389385069145047114e-01
9.258150000000000000e+08,-8.192461011359263023e-02,-5.147489325300821927e-02,-7.495957072219937567e-01,-6.287574012316855532e-01
9.308140000000000000e+08,-8.292723470469023916e-02,-5.201968486052109542e-02,-7.571819859361607064e-01,-6.184912368029273910e-01
9.358130000000000000e+08,-8.395617706038902006e-02,-5.255168018091815191e-02,-7.646179044833993910e-01,-6.081425619180973463e-01
9.408120000000000000e+08,-8.501127176174336220e-02,-5.307002830031588153e-02,-7.719028807452248397e-01,-5.977139181113371169e-01
9.458110000000000000e+08,-8.609232662251485590e-02,-5.357388042297502040e-02,-7.790363867036302903e-01,-5.872078386664365546e-01
9.508100000000000000e+08,-8.719912272229463079e-02,-5.406239071637161664e-02,-7.860179478055270286e-01,-5.766268471469024881e-01
9.558090000000000000e+08,-8.833141446675998876e-02,-5.453471715512574897e-02,-7.928471422799708845e-01,-5.659734559524188802e-01
9.608080000000000000e+08,-8.948892967498556228e-02,-5.499002236289187578e-02,-7.995236004091635929e-01,-5.552501649033340092e-01
9.658070000000000000e+08,-9.067136969372942279e-02,-5.542747445132657075e-02,-8.060470037542614152e-01,-5.444594598548013753e-01
9.708060000000000000e+08,-9.187840953855844206e-02,-5.584624785524620882e-02,-8.124170843370974726e-01,-5.336038113421448514e-01
9.758050000000000000e+08,-9.310969806166015383e-02,-5.624552416309899078e-02,-8.186336237789768600e-01,-5.226856732589847399e-01
9.808040000000000000e+08,-9.436485814616188406e-02,-5.662449294187890669e-02,-8.246964523977464712e-01,-5.117074815696197598e-01
9.858030000000000000e+08,-9.564348692673672880e-02,-5.698235255561819729e-02,-8.306054482644176229e-01,-5.006716530571081458e-01
9.908020000000000000e+08,-9.694515603625813993e-02,-5.731831097660505109e-02,-8.363605362206624205e-01,-4.895805841084590049e-01
9.958010000000000000e+08,-9.826941187822918478e-02,-5.763158658847914589e-02,-8.419616868585394487e-01,-4.784366495382803008e-01
1.000800000000000000e+09,-9.961577592468985609e-02,-5.792140898037485830e-02,-8.474089154638859700e-01,-4.672422014521867006e-01
1.005799000000000000e+09,-1.009837450392741948e-01,-5.818701973128681537e-02,-8.527022809248314683e-01,-4.559995681512254428e-01
1.010798000000000000e+09,-1.023727918250612046e-01,-5.842767318385046899e-02,-8.578418846069483239e-01,-4.447110530785058913e-01
1.015797000000000000e+09,-1.037823649968429435e-01,-5.864263720674145475e-02,-8.628278691965944880e-01,-4.333789338091847965e-01
1.020796000000000000e+09,-1.052118897774002582e-01,-5.883119394491315157e-02,-8.676604175140391062e-01,-4.220054610848827936e-01
1.025795000000000000e+09,-1.066607683173522725e-01,-5.899264055690664477e-02,-8.723397512980118895e-01,-4.105928578935638118e-01
1.030794000000000000e+09,-1.081283801381278109e-01,-5.912628993848398351e-02,-8.768661299633392359e-01,-3.991433185958382368e-01
1.035793000000000000e+09,-1.096140825975700783e-01,-5.923147143185329005e-02,-8.812398493333798433e-01,-3.876590080985950482e-01
1.040792000000000000e+09,-1.111172113776753567e-01,-5.930753151977122967e-02,-8.854612403489906525e-01,-3.761420610768081429e-01
1.045791000000000000e+09,-1.126370809939369888e-01,-5.935383450382797355e-02,-8.895306677557922592e-01,-3.645945812442835110e-01
1.050790000000000000e+09,-1.141729853257399813e-01,-5.936976316623867461e-02,-8.934485287715253632e-01,-3.530186406740732363e-01
1.055789000000000000e+09,-1.157241981672416792e-01,-5.935471941448666050e-02,-8.972152517353217949e-01,-3.414162791691919274e-01
1.060788000000000000e+09,-1.172899737981418777e-01,-5.930812490818285210e-02,-9.008312947407255411e-01,-3.297895036842245498e-01
1.065787000000000000e+09,-1.188695475737310964e-01,-5.922942166752865473e-02,-9.042971442543266125e-01,-3.181402877983274813e-01
1.070786000000000000e+09,-1.204621365335892119e-01,-5.911807266279204415e-02,-9.076133137218878044e-01,-3.064705712400823123e-01
1.075785000000000000e+09,-1.220669400282836520e-01,-5.897356238422831604e-02,-9.107803421638526187e-01,-2.947822594645604366e-01
1.080784000000000000e+09,-1.236831403633991411e-01,-5.879539739190056680e-02,-9.137987927621454842e-01,-2.830772232829225077e-01
1.085783000000000000e+09,-1.253099034602222772e-01,-5.858310684487913478e-02,-9.166692514401746372e-01,-2.713572985447764152e-01
1.090782000000000000e+09,-1.269463795323765021e-01,-5.833624300932329504e-02,-9.193923254379607890e-01,-2.596242858734703063e-01
1.095781000000000000e+09,-1.285917037777010163e-01,-5.805438174497382781e-02,-9.219686418843197062e-01,-2.478799504544109966e-01
1.100780000000000000e+09,-1.302449970846429883e-01,-5.773712296960864521e-02,-9.243988463680257173e-01,-2.361260218764417440e-01
1.105779000000000000e+09,-1.319053667524278661e-01,-5.738409110104138178e-02,-9.266836015098852686e-01,-2.243641940262305623e-01
1.110778000000000000e+09,-1.335719072242542438e-01,-5.699493547626754975e-02,-9.288235855376436589e-01,-2.125961250355629939e-01
1.115777000000000000e+09,-1.352437008327554424e-01,-5.656933074738838135e-02,-9.308194908656460820e-01,-2.008234372813485491e-01
1.120776000000000000e+09,-1.369198185569522053e-01,-5.610697725397009034e-02,-9.326720226811634484e-01,-1.890477174380984504e-01
1.125775000000000000e+09,-1.385993207899216539e-01,-5.560760137152401944e-02,-9.343818975392799153e-01,-1.772705165825433082e-01
1.130774000000000000e+09,-1.402812581163890293e-01,-5.507095583581522041e-02,-9.359498419682350523e-01,-1.654933503500135017e-01
1.135773000000000000e+09,-1.419646720994529321e-01,-5.449682004274253311e-02,-9.373765910870844875e-01,-1.537176991421115579e-01
1.140772000000000000e+09,-1.436485960756361258e-01,-5.388500032354979347e-02,-9.386628872375392119e-01,-1.419450083851616640e-01
1.145771000000000000e+09,-1.453320559574634019e-01,-5.323533019516383386e-02,-9.398094786318079707e-01,-1.301766888388413979e-01
1.150770000000000000e+09,-1.470140710427504938e-01,-5.254767058548022451e-02,-9.408171180182562932e-01,-1.184141169543370675e-01
1.155769000000000000e+09,-1.486936548297930205e-01,-5.182191003343904201e-02,-9.416865613666668411e-01,-1.066586352813027050e-01
1.160768000000000000e+09,-1.503698158376385874e-01,-5.105796486376985160e-02,-9.424185665748526786e-01,-9.491155292283610934e-02
1.165767000000000000e+09,-1.520415584306296641e-01,-5.025577933630576838e-02,-9.430138921983530764e-01,-8.317414603762481040e-02
1.170766000000000000e+09,-1.537078836463917908e-01,-4.941532576979298236e-02,-9.434732962049040550e-01,-7.144765838834923888e-02
1.175765000000000000e+09,-1.553677900264596179e-01,-4.853660464015633474e-02,-9.437975347553415606e-01,-5.973330193537700061e-02
1.180764000000000000e+09,-1.570202744487190494e-01,-4.761964465319905304e-02,-9.439873610125640857e-01,-4.803225747471294438e-02
1.185763000000000000e+09,-1.586643329608571074e-01,-4.666450279174891302e-02,-9.440435239801351353e-01,-3.634567531912713534e-02
1.190762000000000000e+09,-1.602989616140076679e-01,-4.567126433728621593e-02,-9.439667673720713026e-01,-2.467467602130850313e-02
1.195761000000000000e+09,-1.619231572957901821e-01,-4.464004286611403943e-02,-9.437578285153154223e-01,-1.302035113785453453e-02
1.200760000000000000e+09,-1.635359185619391642e-01,-4.357098022016161337e-02,-9.434174372863550762e-01,-1.383764032841411232e-03
1.205759000000000000e+09,-1.651362464657323281e-01,-4.246424645253268904e-02,-9.429463150833915508e-01,1.023404928032448265e-02
1.210758000000000000e+09,-1.667231453844303379e-01,-4.132003974793795054e-02,-9.423451738354278184e-01,2.183207926012151190e-02
1.215757000000000000e+09,-1.682956238419456574e-01,-4.013858631817838335e-02,-9.416147150495853824e-01,3.340934192260162222e-02
1.220756000000000000e+09,-1.698526953269726691e-01,-3.892014027286360561e-02,-9.407556288979085357e-01,4.496487789298648369e-02
1.225755000000000000e+09,-1.713933791058152578e-01,-3.766498346558338345e-02,-9.397685933448747253e-01,5.649775142466985367e-02
1.230754000000000000e+09,-1.729167010291597084e-01,-3.637342531576437388e-02,-9.386542733167483332e-01,6.800704938714936809e-02
1.235753000000000000e+09,-1.744216943320510138e-01,-3.504580260647609941e-02,-9.374133199139005335e-01,7.949188022446279644e-02
1.240752000000000000e+09,-1.759074004263435076e-01,-3.368247925846550722e-02,-9.360463696671093015e-01,9.095137288573662548e-02
1.245751000000000000e+09,-1.773728696849073971e-01,-3.228384608072887296e-02,-9.345540438388485471e-01,1.023846757294871734e-01
1.250750000000000000e+09,-1.788171622168839014e-01,-3.085032049794369374e-02,-9.329369477704685387e-01,1.137909554033644660e-01
1.255749000000000000e+09,-1.802393486333003225e-01,-2.938234625511317033e-02,-9.311956702761493565e-01,1.251693957010329983e-01
1.260748000000000000e+09,-1.816385108023653161e-01,-2.788039309979138680e-02,-9.293307830844113049e-01,1.365191963979453527e-01
1.265747000000000000e+09,-1.830137425937793105e-01,-2.634495644227351913e-02,-9.273428403279340149e-01,1.478395720677637137e-01
1.270746000000000000e+09,-1.843641506114165884e-01,-2.477655699416664650e-02,-9.252323780823568100e-01,1.591297508812272443e-01
1.275745000000000000e+09,-1.856888549137407918e-01,-2.317574038576547535e-02,-9.229999139546636311e-01,1.703889733892810232e-01
1.280744000000000000e+09,-1.869869897213440046e-01,-2.154307676267700963e-02,-9.206459467217104065e-01,1.816164912922992036e-01
1.285743000000000000e+09,-1.882577041110045368e-01,-1.987916036216200513e-02,-9.181709560193647146e-01,1.928115661972587547e-01
1.290742000000000000e+09,-1.895001626956850094e-01,-1.818460906967030166e-02,-9.155754020826808448e-01,2.039734683647324853e-01
1.295741000000000000e+09,-1.907135462899068878e-01,-1.646006395606841935e-02,-9.128597255374474306e-01,2.151014754475828461e-01
1.300740000000000000e+09,-1.918970525599508758e-01,-1.470618879607246687e-02,-9.100243472434009773e-01,2.261948712232600411e-01
1.305739000000000000e+09,-1.930498966583625575e-01,-1.292366956841361873e-02,-9.070696681893076763e-01,2.372529443215954381e-01
1.310738000000000000e+09,-1.941713118422481732e-01,-1.111321393827773875e-02,-9.039960694400621666e-01,2.482749869500097128e-01
1.315737000000000000e+09,-1.952605500748765821e-01,-9.275550722575867657e-03,-9.008039121358883961e-01,2.592602936180489759e-01
1.320736000000000000e+09,-1.963168826101142350e-01,-7.411429338615004719e-03,-8.974935375436365881e-01,2.702081598631637660e-01
1.325735000000000000e+09,-1.973396005592460700e-01,-5.521619236745770737e-03,-8.940652671601378998e-01,2.811178809796462397e-01
1.330734000000000000e+09,-1.983280154397508432e-01,-3.606909317586845000e-03,-8.905194028674751072e-01,2.919887507526434112e-01
1.335733000000000000e+09,-1.992814597056242476e-01,-1.668107334422638290e-03,-8.868562271399874630e-01,3.028200601991502539e-01
1.340732000000000000e+09,-2.001992872588605754e-01,2.939607186095707318e-04,-8.830760033027412748e-01,3.136110963178857514e-01
1.345731000000000000e+09,-2.010808739417245528e-01,2.278451231918402799e-03,-8.791789758411461264e-01,3.243611408499432747e-01
1.350730000000000000e+09,-2.019256180094696207e-01,4.284503618815255384e-03,-8.751653707613165079e-01,3.350694690520924501e-01
1.355729000000000000e+09,-2.027329405831766185e-01,6.311240966186598689e-03,-8.710353960007227725e-01,3.457353484846039104e-01
1.360728000000000000e+09,-2.035022860824075019e-01,8.357770696836826566e-03,-8.667892418886065098e-01,3.563580378154330708e-01
1.365727000000000000e+09,-2.042331226373973740e-01,1.042318524284713104e-02,-8.624270816555634767e-01,3.669367856426092867e-01
1.370726000000000000e+09,-2.049249424805171804e-01,1.250656272929330168e-02,-8.579490719916493813e-01,3.774708293366224598e-01
1.375725000000000000e+09,-2.055772623167749225e-01,1.460696766765449961e-02,-8.533553536522773264e-01,3.879593939046076523e-01
1.380724000000000000e+09,-2.061896236731339260e-01,1.672345165824839705e-02,-8.486460521111423017e-01,3.984016908780735888e-01
1.385723000000000000e+09,-2.067615932264552092e-01,1.885505410101857501e-02,-8.438212782593060846e-01,4.087969172259256490e-01
1.390722000000000000e+09,-2.072927631098888390e-01,2.100080291399805330e-02,-8.388811291495696931e-01,4.191442542944649463e-01
1.395721000000000000e+09,-2.077827511975631203e-01,2.315971525877371512e-02,-8.338256887851370758e-01,4.294428667760613050e-01
1.400720000000000000e+09,-2.082312013674395557e-01,2.533079827226832753e-02,-8.286550289515749457e-01,4.396919017081105108e-01
1.405719000000000000e+09,-2.086377837422279113e-01,2.751304980416651932e-02,-8.233692100909666411e-01,4.498904875039052009e-01
1.410718000000000000e+09,-2.090021949082706276e-01,2.970545915929550390e-02,-8.179682822171439049e-01,4.600377330169646006e-01
1.415717000000000000e+09,-2.093241581123320705e-01,3.190700784429007647e-02,-8.124522858707866613e-01,4.701327266403643734e-01
1.420716000000000000e+09,-2.096034234362463000e-01,3.411667031785449444e-02,-8.068212531131603305e-01,4.801745354425357992e-01
1.425715000000000000e+09,-2.098397679494041213e-01,3.633341474395027776e-02,-8.010752085571800629e-01,4.901622043409954999e-01
1.430714000000000000e+09,-2.100329958390683982e-01,3.855620374723062876e-02,-7.952141704344667383e-01,5.000947553153803904e-01
1.435713000000000000e+09,-2.101829385185443044e-01,4.078399517005272534e-02,-7.892381516969839694e-01,5.099711866611603694e-01
1.440712000000000000e+09,-2.102894547132355407e-01,4.301574283039693442e-02,-7.831471611518215914e-01,5.197904722853121662e-01
1.445711000000000000e+09,-2.103524305246509962e-01,4.525039728003232842e-02,-7.769412046276232831e-01,5.295515610452224964e-01
1.450710000000000000e+09,-2.103717794724348500e-01,4.748690656226419587e-02,-7.706202861711328733e-01,5.392533761320077446e-01
1.455709000000000000e+09,-2.103474425145239468e-01,4.972421696861450274e-02,-7.641844092722694937e-01,5.488948144994091338e-01
1.460708000000000000e+09,-2.102793880455474107e-01,5.196127379378616407e-02,-7.576335781161178673e-01,5.584747463393524569e-01
1.465707000000000000e+09,-2.101676118736055254e-01,5.419702208826701617e-02,-7.509677988601750620e-01,5.679920146052070962e-01
1.470706000000000000e+09,-2.100121371755858668e-01,5.643040740794307009e-02,-7.441870809351478488e-01,5.774454345837386482e-01
1.475705000000000000e+09,-2.098130144311907141e-01,5.866037656009200074e-02,-7.372914383675847061e-01,5.868337935166534347e-01
1.480704000000000000e+09,-2.095703213358685868e-01,6.088587834514159330e-02,-7.302808911225540101e-01,5.961558502726280739e-01
1.485703000000000000e+09,-2.092841626928616250e-01,6.310586429357724347e-02,-7.231554664645973851e-01,6.054103350705996034e-01
1.490702000000000000e+09,-2.089546702845967441e-01,6.531928939740622164e-02,-7.159152003351053617e-01,6.145959492550753245e-01
1.495701000000000000e+09,-2.085820027236696406e-01,6.752511283558203237e-02,-7.085601387442822530e-01,6.237113651241242840e-01
1.500700000000000000e+09,-2.081663452836777783e-01,6.972229869280978376e-02,-7.010903391758059877e-01,6.327552258106822203e-01
1.505699000000000000e+09,-2.077079097101912353e-01,7.190981667116354281e-02,-6.935058720022901912e-01,6.417261452176971082e-01
1.510698000000000000e+09,-2.072069340121476810e-01,7.408664279395718588e-02,-6.858068219096135065e-01,6.506227080076192326e-01
1.515697000000000000e+09,-2.066636822339894264e-01,7.625176010131867743e-02,-6.779932893281902517e-01,6.594434696466344725e-01
1.520696000000000000e+09,-2.060784442088652579e-01,7.840415933693595241e-02,-6.700653918691974464e-01,6.681869565040062797e-01
1.525695000000000000e+09,-2.054515352932392014e-01,8.054283962544840636e-02,-6.620232657638176477e-01,6.768516660067953605e-01
1.530694000000000000e+09,-2.047832960832620397e-01,8.266680913997659363e-02,-6.538670673034731040e-01,6.854360668501767728e-01
1.535693000000000000e+09,-2.040740921132756791e-01,8.477508575928952017e-02,-6.455969742790956811e-01,6.939385992635006550e-01
1.540692000000000000e+09,-2.033243135368316135e-01,8.686669771413038643e-02,-6.372131874173883048e-01,7.023576753321679744e-01
1.545691000000000000e+09,-2.025343747906206415e-01,8.894068422222600745e-02,-6.287159318121104956e-01,7.106916793753267347e-01
1.550690000000000000e+09,-2.017047142417228711e-01,9.099609611152859046e-02,-6.201054583483337490e-01,7.189389683793319108e-01
1.555689000000000000e+09,-2.008357938185965641e-01,9.303199643124664131e-02,-6.113820451176965598e-01,7.270978724868267795e-01
1.560688000000000000e+09,-1.999280986262389204e-01,9.504746105023748060e-02,-6.025459988226137265e-01,7.351666955412443638e-01
1.565687000000000000e+09,-1.989821365459634450e-01,9.704157924235588817e-02,-5.935976561674540797e-01,7.431437156864614257e-01
1.570686000000000000e+09,-1.979984378202431228e-01,9.901345425835314518e-02,-5.845373852346845700e-01,7.510271860212452966e-01
1.575685000000000000e+09,-1.969775546230877472e-01,1.009622038839573105e-01,-5.753655868439780940e-01,7.588153353080993035e-01
1.580684000000000000e+09,-1.959200606164257230e-01,1.028869609837618077e-01,-5.660826958923252938e-01,7.665063687360021971e-01
1.585683000000000000e+09,-1.948265504929725667e-01,1.047868740305791802e-01,-5.566891826731639181e-01,7.740984687365050076e-01
1.590682000000000000e+09,-1.936976395060768241e-01,1.066611076199244501e-01,-5.471855541725957339e-01,7.815897958525470646e-01
1.595681000000000000e+09,-1.925339629870427560e-01,1.085088429693169820e-01,-5.375723553407404376e-01,7.889784896593160513e-01
1.600680000000000000e+09,-1.913361758504333043e-01,1.103292784020959150e-01,-5.278501703363376318e-01,7.962626697363722750e-01
1.605679000000000000e+09,-1.901049520878673738e-01,1.121216298154744662e-01,-5.180196237426890615e-01,8.034404366902285766e-01
1.610678000000000000e+09,-1.888409842508323166e-01,1.138851311325604354e-01,-5.080813817530986931e-01,8.105098732264727213e-01
1.615677000000000000e+09,-1.875449829230303178e-01,1.156190347381028660e-01,-4.980361533239590632e-01,8.174690452704893584e-01
1.620676000000000000e+09,-1.862176761827940563e-01,1.173226118977261367e-01,-4.878846912936971036e-01,8.243160031357341655e-01
1.625675000000000000e+09,-1.848598090561045793e-01,1.189951531604458851e-01,-4.776277934657988666e-01,8.310487827384904769e-01
1.630674000000000000e+09,-1.834721429607476806e-01,1.206359687442633971e-01,-4.672663036541809256e-01,8.376654068579307832e-01
1.635673000000000000e+09,-1.820554551421541267e-01,1.222443889046659904e-01,-4.568011126892047025e-01,8.441638864402859488e-01
1.640672000000000000e+09,-1.806105381014659617e-01,1.238197642858691466e-01,-4.462331593826853182e-01,8.505422219458264044e-01
1.645671000000000000e+09,-1.791381990163777027e-01,1.253614662546571057e-01,-4.355634314502607740e-01,8.567984047373280454e-01
1.650670000000000000e+09,-1.776392591553024591e-01,1.268688872166962023e-01,-4.247929663895650965e-01,8.629304185086125178e-01
1.655669000000000000e+09,-1.761145532854105911e-01,1.283414409152134616e-01,-4.139228523126582404e-01,8.689362407517188247e-01
1.660668000000000000e+09,-1.745649290750965477e-01,1.297785627119480978e-01,-4.029542287312495308e-01,8.748138442611820276e-01
1.665667000000000000e+09,-1.729912464914228065e-01,1.311797098503023340e-01,-3.918882872932682448e-01,8.805611986738588470e-01
1.670666000000000000e+09,-1.713943771930907800e-01,1.325443617006380748e-01,-3.807262724694095990e-01,8.861762720426817896e-01
1.675665000000000000e+09,-1.697752039194942164e-01,1.338720199876760608e-01,-3.694694821883375835e-01,8.916570324426583705e-01
1.680664000000000000e+09,-1.681346198763982447e-01,1.351622089999812704e-01,-3.581192684192527342e-01,8.970014496074154575e-01
1.685663000000000000e+09,-1.664735281187957883e-01,1.364144757815267117e-01,-3.466770377006446191e-01,9.022074965944957281e-01
1.690662000000000000e+09,-1.647928409314814990e-01,1.376283903053489854e-01,-3.351442516140408778e-01,9.072731514776101180e-01
1.695661000000000000e+09,-1.630934792078892470e-01,1.388035456293268410e-01,-3.235224272016973268e-01,9.121963990639795350e-01
1.700660000000000000e+09,-1.613763718277274328e-01,1.399395580341276091e-01,-3.118131373271633144e-01,9.169752326348621363e-01
1.705659000000000000e+09,-1.596424550339489157e-01,1.410360671433840418e-01,-3.000180109777934034e-01,9.216076557073340503e-01
1.710658000000000000e+09,-1.578926718095814974e-01,1.420927360261839689e-01,-2.881387335082760126e-01,9.260916838153340214e-01
1.715657000000000000e+09,-1.561279712549468179e-01,1.431092512819642781e-01,-2.761770468243725518e-01,9.304253463079688036e-01
1.720656000000000000e+09,-1.543493079657815015e-01,1.440853231079231300e-01,-2.641347495060821227e-01,9.346066881630237244e-01
1.725655000000000000e+09,-1.525576414127810254e-01,1.450206853490784709e-01,-2.520136968695648738e-01,9.386337718135999708e-01
1.730654000000000000e+09,-1.507539353230605006e-01,1.459150955311133147e-01,-2.398158009671736701e-01,9.425046789857779439e-01
1.735653000000000000e+09,-1.489391570640435092e-01,1.467683348761672502e-01,-2.275430305250769059e-01,9.462175125451671720e-01
1.740652000000000000e+09,-1.471142770302604763e-01,1.475802083017474786e-01,-2.151974108179694478e-01,9.497703983501856184e-01
1.745651000000000000e+09,-1.452802680335448515e-01,1.483505444029453169e-01,-2.027810234804955924e-01,9.531614871098921249e-01
1.750650000000000000e+09,-1.434381046971023033e-01,1.490791954181626966e-01,-1.902960062550402009e-01,9.563889562441778569e-01
1.755649000000000000e+09,-1.415887628539153342e-01,1.497660371785616285e-01,-1.777445526756590288e-01,9.594510117440920860e-01
1.760648000000000000e+09,-1.397332189499417010e-01,1.504109690414695000e-01,-1.651289116879584018e-01,9.623458900300927432e-01
1.765647000000000000e+09,-1.378724494525560840e-01,1.510139138079803489e-01,-1.524513872048515184e-01,9.650718598059653264e-01
1.770646000000000000e+09,-1.360074302646664124e-01,1.515748176250100721e-01,-1.397143375981625135e-01,9.676272239061843861e-01
1.775645000000000000e+09,-1.341391361449338904e-01,1.520936498720734664e-01,-1.269201751261467281e-01,9.700103211344500709e-01
1.780644000000000000e+09,-1.322685401345157497e-01,1.525704030330627958e-01,-1.140713652970836434e-01,9.722195280911565263e-01
1.785643000000000000e+09,-1.303966129907234983e-01,1.530050925533234518e-01,-1.011704261691437484e-01,9.742532609875386163e-01
1.790642000000000000e+09,-1.285243226280034234e-01,1.533977566823264971e-01,-8.821992758686014735e-02,9.761099774442434374e-01
1.795641000000000000e+09,-1.266526335666072201e-01,1.537484563022563644e-01,-7.522249035456234079e-02,9.777881782720866388e-01
1.800640000000000000e+09,-1.247825063893275022e-01,1.540572747428382017e-01,-6.218078534726339396e-02,9.792864092327598913e-01
1.805639000000000000e+09,-1.229148972066512052e-01,1.543243175827382074e-01,-4.909753255951491979e-02,9.806032627772599541e-01
1.810638000000000000e+09,-1.210507571306745495e-01,1.545497124378857057e-01,-3.597550009288492945e-02,9.817373797598437646e-01
1.815637000000000000e+09,-1.191910317581054007e-01,1.547336087370688729e-01,-2.281750308273014852e-02,9.826874511253038680e-01
1.820636000000000000e+09,-1.173366606626749381e-01,1.548761774851651618e-01,-9.626402565073398712e-03,9.834522195674061384e-01
1.825635000000000000e+09,-1.154885768972523652e-01,1.549776110143814278e-01,3.594895715581121129e-03,9.840304811563337362e-01
1.830634000000000000e+09,-1.136477065059582903e-01,1.550381227238804560e-01,1.684344255653124831e-02,9.844210869330255465e-01
1.835633000000000000e+09,-1.118149680465457402e-01,1.550579468081780543e-01,3.011624660426725011e-02,9.846229444683075593e-01
1.840632000000000000e+09,-1.099912721233103491e-01,1.550373379747055635e-01,4.341027571785679301e-02,9.846350193847638321e-01
1.845631000000000000e+09,-1.081775209307743180e-01,1.549765711509348831e-01,5.672245838718265737e-02,9.844563368393171032e-01
1.850630000000000000e+09,-1.063746078083734337e-01,1.548759411814714104e-01,7.004968520476566318e-02,9.840859829645338674e-01
1.855629000000000000e+09,-1.045834168063643349e-01,1.547357625155219574e-01,8.338881038988801842e-02,9.835231062667050272e-01
1.860628000000000000e+09,-1.028048222631511993e-01,1.545563688851533668e-01,9.673665336360419420e-02,9.827669189787927584e-01
1.865627000000000000e+09,-1.010396883942174251e-01,1.543381129747586900e-01,1.100900003732133980e-01,9.818166983663917380e-01
1.870626000000000000e+09,-9.928886889283175532e-02,1.540813660821523656e-01,1.234456061646427016e-01,9.806717879848850794e-01
1.875625000000000000e+09,-9.755320654268721803e-02,1.537865177717174237e-01,1.368001957011695802e-01,9.793315988860398225e-01
1.880624000000000000e+09,-9.583353284260720528e-02,1.534539755200328703e-01,1.501504659268200759e-01,9.777956107723291268e-01
1.885623000000000000e+09,-9.413066764344907300e-02,1.530841643544081920e-01,1.634930875727161892e-01,9.760633730973365951e-01
1.890622000000000000e+09,-9.244541879730942824e-02,1.526775264847543279e-01,1.768247070046049807e-01,9.741345061106411185e-01
1.895621000000000000e+09,-9.077858181912909497e-02,1.522345209292223223e-01,1.901419481097110231e-01,9.720087018456554651e-01
1.900620000000000000e+09,-8.913093956077253188e-02,1.517556231340398964e-01,2.034414142210280163e-01,9.696857250489459012e-01
1.905619000000000000e+09,-8.750326189765145202e-02,1.512413245879736523e-01,2.167196900770763934e-01,9.671654140496286356e-01
1.910618000000000000e+09,-8.589630542793268153e-02,1.506921324318505062e-01,2.299733438151379816e-01,9.644476815675040449e-01
1.915617000000000000e+09,-8.431081318437110006e-02,1.501085690635599879e-01,2.431989289958876033e-01,9.615325154586621403e-01
1.920616000000000000e+09,-8.274751435878296979e-02,1.494911717389695582e-01,2.563929866573311234e-01,9.584199793973658954e-01
1.925615000000000000e+09,-8.120712403916369171e-02,1.488404921691703631e-01,2.695520473958769037e-01,9.551102134930808951e-01
1.930614000000000000e+09,-7.969034295943881741e-02,1.481570961144765275e-01,2.826726334723603240e-01,9.516034348416082533e-01
1.935613000000000000e+09,-7.819785726182661156e-02,1.474415629755931878e-01,2.957512609407657034e-01,9.478999380093525717e-01
1.940612000000000000e+09,-7.673033827176674315e-02,1.466944853823677064e-01,3.087844417973805156e-01,9.440000954498221075e-01
1.945611000000000000e+09,-7.528844228536689387e-02,1.459164687805278859e-01,3.217686861480562599e-01,9.399043578515627884e-01
1.950610000000000000e+09,-7.387281036929893574e-02,1.451081310168146066e-01,3.347005043912495981e-01,9.356132544167810039e-01
1.955609000000000000e+09,-7.248406817306132788e-02,1.442701019229012671e-01,3.475764094144380145e-01,9.311273930700120216e-01
1.960608000000000000e+09,-7.112282575351762393e-02,1.434030228984954636e-01,3.603929188015475571e-01,9.264474605962782494e-01
1.965607000000000000e+09,-6.978967741160063687e-02,1.425075464940051273e-01,3.731465570489228556e-01,9.215742227082437399e-01
1.970606000000000000e+09,-6.848520154106617353e-02,1.415843359931457102e-01,3.858338577874398378e-01,9.165085240419823531e-01
1.975605000000000000e+09,-6.720996048916057231e-02,1.406340649958618405e-01,3.984513660082539821e-01,9.112512880810519356e-01
1.980604000000000000e+09,-6.596450042906089328e-02,1.396574170019230232e-01,4.109956402897371741e-01,9.058035170086574661e-01
1.985603000000000000e+09,-6.474935124393037256e-02,1.386550849955497378e-01,4.234632550231041681e-01,9.001662914877712751e-01
1.990602000000000000e+09,-6.356502642242385648e-02,1.376277710314114111e-01,4.358508026342251540e-01,8.943407703691756971e-01
1.995601000000000000e+09,-6.241202296546154854e-02,1.365761858223395464e-01,4.481548957991411397e-01,8.883281903274732327e-01
2.000600000000000000e+09,-6.129082130408982504e-02,1.355010483290759737e-01,4.603721696507558914e-01,8.821298654252114346e-01
2.005599000000000000e+09,-6.020188522822157717e-02,1.344030853523774105e-01,4.724992839742316320e-01,8.757471866053380127e-01
2.010598000000000000e+09,-5.914566182605340838e-02,1.332830311277835023e-01,4.845329253885691245e-01,8.691816211123302161e-01
2.015597000000000000e+09,-5.812258143394270077e-02,1.321416269233439411e-01,4.964698095119087773e-01,8.624347118423805192e-01
2.020596000000000000e+09,-5.713305759651365195e-02,1.309796206405904606e-01,5.083066831080558234e-01,8.555080766231623057e-01
2.025595000000000000e+09,-5.617748703676187644e-02,1.297977664190307634e-01,5.200403262117964109e-01,8.484034074237520873e-01
2.030594000000000000e+09,-5.525624963591453664e-02,1.285968242444262555e-01,5.316675542305431268e-01,8.411224694953944869e-01
2.035593000000000000e+09,-5.436970842279100630e-02,1.273775595611058853e-01,5.431852200199094316e-01,8.336671004438676036e-01
2.040592000000000000e+09,-5.351820957241463367e-02,1.261407428885586157e-01,5.545902159308093715e-01,8.260392092343162851e-01
2.045591000000000000e+09,-5.270208241360677115e-02,1.248871494425307788e-01,5.658794758257293944e-01,8.182407751294887843e-01
2.050590000000000000e+09,-5.192163944529590985e-02,1.236175587608458054e-01,5.770499770618323643e-01,8.102738465624031994e-01
2.055589000000000000e+09,-5.117717636126636188e-02,1.223327543341506535e-01,5.880987424386076023e-01,8.021405399445609152e-01
2.060588000000000000e+09,-5.046897208306787286e-02,1.210335232417809048e-01,5.990228421077955501e-01,7.938430384109044224e-01
2.065587000000000000e+09,-4.979728880080121212e-02,1.197206557929204190e-01,6.098193954433926978e-01,7.853835905027950481e-01
2.070586000000000000e+09,-4.916237202149215113e-02,1.183949451732284608e-01,6.204855728695365391e-01,7.767645087903756185e-01
2.075585000000000000e+09,-4.856445062476232727e-02,1.170571870970805173e-01,6.310185976441814448e-01,7.679881684357503513e-01
2.080584000000000000e+09,-4.800373692550329030e-02,1.157081794655693829e-01,6.414157475964579191e-01,7.590570056985113112e-01
2.085583000000000000e+09,-4.748042674325907153e-02,1.143487220303898572e-01,6.516743568157198352e-01,7.499735163851932729e-01
2.090582000000000000e+09,-4.699469947801427488e-02,1.129796160637263625e-01,6.617918172903152207e-01,7.407402542443261018e-01
2.095581000000000000e+09,-4.654671819209370981e-02,1.116016640342420568e-01,6.717655804941581321e-01,7.313598293088348079e-01
2.100580000000000000e+09,-4.613662969787235557e-02,1.102156692892599238e-01,6.815931589192854023e-01,7.218349061875762862e-01
2.105579000000000000e+09,-4.576456465099136561e-02,1.088224357432137079e-01,6.912721275526022557e-01,7.121682023079138890e-01
2.110578000000000000e+09,-4.543063764878668004e-02,1.074227675724289538e-01,7.008001252951212567e-01,7.023624861112431894e-01
2.115577000000000000e+09,-4.513494733362711370e-02,1.060174689162882294e-01,7.101748563220360300e-01,6.924205752035004213e-01
2.120576000000000000e+09,-4.487757650086406785e-02,1.046073435848176580e-01,7.193940913820923155e-01,6.823453344626965178e-01
2.125575000000000000e+09,-4.465859221110071026e-02,1.031931947727195431e-01,7.284556690347229191e-01,6.721396741056153701e-01
2.130574000000000000e+09,-4.447804590648331280e-02,1.017758247798665888e-01,7.373574968235705462e-01,6.618065477158348031e-01
2.135573000000000000e+09,-4.433597353072824682e-02,1.003560347382581458e-01,7.460975523850252866e-01,6.513489502353223548e-01
2.140572000000000000e+09,-4.423239565259238365e-02,9.893462434542819872e-02,7.546738844905462873e-01,6.407699159218546159e-01
2.145571000000000000e+09,-4.416731759251116274e-02,9.751239160428275266e-02,7.630846140215707951e-01,6.300725162746151353e-01
2.150570000000000000e+09,-4.414072955211639088e-02,9.609013256933277014e-02,7.713279348759363163e-01,6.192598579303071338e-01
2.155569000000000000e+09,-4.415260674637000449e-02,9.466864109927776438e-02,7.794021148047980407e-01,6.083350805322123023e-01
2.160568000000000000e+09,-4.420290953803424766e-02,9.324870861588495374e-02,7.873054961791348116e-01,5.973013545746201913e-01
2.165567000000000000e+09,-4.429158357422429554e-02,9.183112386909497715e-02,7.950364966849994275e-01,5.861618792251223065e-01
2.170566000000000000e+09,-4.441855992477996423e-02,9.041667270827996594e-02,8.025936099467965157e-01,5.749198801272570325e-01
2.175565000000000000e+09,-4.458375522220850429e-02,8.900613785956440482e-02,8.099754060779115195e-01,5.635786071860596769e-01
2.180564000000000000e+09,-4.478707180295582457e-02,8.760029870911226202e-02,8.171805321581654402e-01,5.521413323390577110e-01
2.185563000000000000e+09,-4.502839784976527676e-02,8.619993109227552797e-02,8.242077126376050611e-01,5.406113473152984739e-01
2.190562000000000000e+09,-4.530760753490075537e-02,8.480580708848574345e-02,8.310557496662800414e-01,5.289919613849985991e-01
2.195561000000000000e+09,-4.562456116400692707e-02,8.341869482176685058e-02,8.377235233497224431e-01,5.172864991024170855e-01
2.200560000000000000e+09,-4.597910532040182241e-02,8.203935826673679210e-02,8.442099919299520527e-01,5.054982980445820173e-01
2.205559000000000000e+09,-4.637107300958839134e-02,8.066855705995423786e-02,8.505141918919184585e-01,4.936307065484698553e-01
2.210558000000000000e+09,-4.680028380379659680e-02,7.930704631646717795e-02,8.566352379954013108e-01,4.816870814492843489e-01
2.215557000000000000e+09,-4.726654398636900845e-02,7.795557645140506475e-02,8.625723232324687961e-01,4.696707858224390408e-01
2.220556000000000000e+09,-4.776964669580877065e-02,7.661489300645370204e-02,8.683247187106929443e-01,4.575851867318755928e-01
2.225555000000000000e+09,-4.830937206932989225e-02,7.528573648104651406e-02,8.738917734624301881e-01,4.454336529873128558e-01
2.230554000000000000e+09,-4.888548738574746005e-02,7.396884216809597457e-02,8.792729141805484261e-01,4.332195529130403733e-01
2.235553000000000000e+09,-4.949774720756126151e-02,7.266493999408910054e-02,8.844676448810994129e-01,4.209462521308225957e-01
2.240552000000000000e+09,-5.014589352210076234e-02,7.137475436336152002e-02,8.894755464935051315e-01,4.086171113594875837e-01
2.245551000000000000e+09,-5.082965588159694265e-02,7.009900400636384643e-02,8.942962763789450431e-01,3.962354842337345584e-01
2.250550000000000000e+09,-5.154875154207386179e-02,6.883840183172720839e-02,8.989295677776999449e-01,3.838047151446811744e-01
2.255549000000000000e+09,-5.230288560094850658e-02,6.759365478193087029e-02,9.033752291863216266e-01,3.713281371046216472e-01
2.260548000000000000e+09,-5.309175113324685752e-02,6.636546369238248422e-02,9.076331436655614704e-01,3.588090696384713119e-01
2.265547000000000000e+09,-5.391502932635459933e-02,6.515452315369571479e-02,9.117032680801143707e-01,3.462508167042855356e-01
2.270546000000000000e+09,-5.477238961322451055e-02,6.396152137698016271e-02,9.155856322712824236e-01,3.336566646452561735e-01
2.275545000000000000e+09,-5.566348980398506952e-02,6.278714006192485930e-02,9.192803381637895122e-01,3.210298801754939979e-01
2.280544000000000000e+09,-5.658797621589527205e-02,6.163205426747979387e-02,9.227875588080203251e-01,3.083737084019122499e-01
2.285543000000000000e+09,-5.754548380160652565e-02,6.049693228492784153e-02,9.261075373590841320e-01,2.956913708844213784e-01
2.290542000000000000e+09,-5.853563627570657069e-02,5.938243551314081881e-02,9.292405859941377244e-01,2.829860637366457543e-01
2.295541000000000000e+09,-5.955804623951821419e-02,5.828921833581795359e-02,9.321870847695288287e-01,2.702609557692835507e-01
2.300540000000000000e+09,-6.061231530415878838e-02,5.721792800049963629e-02,9.349474804193556032e-01,2.575191866781749161e-01
2.305539000000000000e+09,-6.169803421185059839e-02,5.616920449915836777e-02,9.375222850971365318e-01,2.447638652791136182e-01
2.310538000000000000e+09,-6.281478295550552149e-02,5.514368045016507930e-02,9.399120750623547460e-01,2.319980677913271172e-01
2.315537000000000000e+09,-6.396213089660408857e-02,5.414198098143334359e-02,9.421174893137009843e-01,2.192248361715299354e-01
2.320536000000000000e+09,-6.513963688140539388e-02,5.316472361454689655e-02,9.441392281709162226e-01,2.064471765003439985e-01
2.325535000000000000e+09,-6.634684935553106233e-02,5.221251814968125293e-02,9.459780518071940758e-01,1.936680574228492602e-01
2.330534000000000000e+09,-6.758330647698093663e-02,5.128596655112960256e-02,9.476347787341640183e-01,1.808904086449165116e-01
2.335533000000000000e+09,-6.884853622764193493e-02,5.038566283325089656e-02,9.491102842415437557e-01,1.681171194869354735e-01
2.340532000000000000e+09,-7.014205652336615027e-02,4.951219294666216186e-02,9.504054987935967036e-01,1.553510374964325036e-01
2.345531000000000000e+09,-7.146337532270258253e-02,4.866613466450185610e-02,9.515214063845827130e-01,1.425949671210342828e-01
2.350530000000000000e+09,-7.281199073437169544e-02,4.784805746859648046e-02,9.524590428554499111e-01,1.298516684431218482e-01
2.355529000000000000e+09,-7.418739112358750665e-02,4.705852243536642193e-02,9.532194941740554928e-01,1.171238559774435556e-01
2.360528000000000000e+09,-7.558905521733398636e-02,4.629808212132128370e-02,9.538038946812453789e-01,1.044141975328838068e-01
2.365527000000000000e+09,-7.701645220871605746e-02,4.556728044798732946e-02,9.542134253051733905e-01,9.172531313947612785e-02
2.370526000000000000e+09,-7.846904186050920882e-02,4.486665258613312113e-02,9.544493117462594656e-01,7.905977404167324751e-02
2.375525000000000000e+09,-7.994627460804069885e-02,4.419672483915467603e-02,9.545128226352521672e-01,6.642010175880370959e-02
2.380524000000000000e+09,-8.144759166154486030e-02,4.355801452549303010e-02,9.544052676668478563e-01,5.380876721352988168e-02
2.385523000000000000e+09,-8.297242510813543359e-02,4.295102985996863965e-02,9.541279957113905086e-01,4.122818992906887581e-02
2.390522000000000000e+09,-8.452019801355344086e-02,4.237626983391584029e-02,9.536823929071696071e-01,2.868073729579579192e-02
2.395521000000000000e+09,-8.609032452384574041e-02,4.183422409402280662e-02,9.530698807358657376e-01,1.616872390780283233e-02
2.400520000000000000e+09,-8.768220996714194693e-02,4.132537281977829297e-02,9.522919140837111662e-01,3.694410969869999818e-03
2.405519000000000000e+09,-8.929525095569908200e-02,4.085018659944251312e-02,9.513499792909445585e-01,-8.739994224801319114e-03
2.410518000000000000e+09,-9.092883548838849583e-02,4.040912630446703846e-02,9.502455921921446613e-01,-2.113233874580365892e-02
2.415517000000000000e+09,-9.258234305380631801e-02,4.000264296229876643e-02,9.489802961500419798e-01,-3.348052440553171000e-02
2.420516000000000000e+09,-9.425514473418809824e-02,3.963117762751038747e-02,9.475556600854090350e-01,-4.578250806788813215e-02
2.425515000000000000e+09,-9.594660331032081602e-02,3.929516125121470388e-02,9.459732765056152459e-01,-5.803630188571713699e-02
2.430514000000000000e+09,-9.765607336763049151e-02,3.899501454872222883e-02,9.442347595344571243e-01,-7.023997346706618849e-02
2.435513000000000000e+09,-9.938290140365166336e-02,3.873114786541854981e-02,9.423417429458331718e-01,-8.239164597049750127e-02
2.440512000000000000e+09,-1.011264259370631413e-01,3.850396104084623933e-02,9.402958782038528529e-01,-9.448949812972182172e-02
2.445511000000000000e+09,-1.028859776184947311e-01,3.831384327098490833e-02,9.380988325119254956e-01,-1.065317642079929850e-01
2.450510000000000000e+09,-1.046608793432926982e-01,3.816117296873305226e-02,9.357522868733813004e-01,-1.185167338827003009e-01
2.455509000000000000e+09,-1.064504463664539269e-01,3.804631762260908545e-02,9.332579341661447758e-01,-1.304427520607866764e-01
2.460508000000000000e+09,-1.082539864199180274e-01,3.796963365369809829e-02,9.306174772339508294e-01,-1.423082186256279247e-01
2.465507000000000000e+09,-1.100707998324215314e-01,3.793146627087556899e-02,9.278326269965740947e-01,-1.541115881161601586e-01
2.470506000000000000e+09,-1.119001796521098963e-01,3.793214932436078657e-02,9.249051005815136506e-01,-1.658513693390938626e-01
2.475505000000000000e+09,-1.137414117721068374e-01,3.797200515765528084e-02,9.218366194795182267e-01,-1.775261249151595111e-01
2.480504000000000000e+09,-1.155937750592298946e-01,3.805134445793063869e-02,9.186289077263406488e-01,-1.891344707604091235e-01
2.485503000000000000e+09,-1.174565414860562901e-01,3.817046610494827935e-02,9.152836901130209091e-01,-2.006750755036922629e-01
2.490502000000000000e+09,-1.193289762665182413e-01,3.832965701859673835e-02,9.118026904269871391e-01,-2.121466598414865068e-01
2.495501000000000000e+09,-1.212103379952260140e-01,3.852919200514626219e-02,9.081876297262103659e-01,-2.235479958313771609e-01
2.500500000000000000e+09,-1.230998787906946584e-01,3.876933360232712872e-02,9.044402246485861996e-01,-2.348779061255346357e-01
2.505499000000000000e+09,-1.249968444426624858e-01,3.905033192335250619e-02,9.005621857586750822e-01,-2.461352631456162066e-01
2.510498000000000000e+09,-1.269004745636718723e-01,3.937242450001222915e-02,8.965552159338773253e-01,-2.573189882006223228e-01
2.515497000000000000e+09,-1.288100027450902463e-01,3.973583612497562367e-02,8.924210087920573242e-01,-2.684280505492714908e-01
2.520496000000000000e+09,-1.307246567177315355e-01,4.014077869345132610e-02,8.881612471625683902e-01,-2.794614664085636746e-01
2.525495000000000000e+09,-1.326436585172446059e-01,4.058745104435930451e-02,8.837776016025697956e-01,-2.904182979102498119e-01
2.530494000000000000e+09,-1.345662246544215290e-01,4.107603880118013140e-02,8.792717289604643494e-01,-3.012976520070072550e-01
2.535493000000000000e+09,-1.364915662905751836e-01,4.160671421265745018e-02,8.746452709882114318e-01,-3.120986793301621098e-01
2.540492000000000000e+09,-1.384188894181299645e-01,4.217963599353279774e-02,8.698998530041973654e-01,-3.228205730008988916e-01
2.545491000000000000e+09,-1.403473950465567166e-01,4.279494916550695416e-02,8.650370826082889320e-01,-3.334625673969063286e-01
2.550490000000000000e+09,-1.422762793937860093e-01,4.345278489862408611e-02,8.600585484505924860e-01,-3.440239368765281580e-01
2.555489000000000000e+09,-1.442047340832127433e-01,4.415326035328563659e-02,8.549658190554000337e-01,-3.545039944624609474e-01
2.560488000000000000e+09,-1.461319463464130497e-01,4.489647852310755388e-02,8.497604417016901834e-01,-3.649020904871818072e-01
2.565487000000000000e+09,-1.480570992316625478e-01,4.568252807884039951e-02,8.444439413615052459e-01,-3.752176112022569399e-01
2.570486000000000000e+09,-1.499793718183713431e-01,4.651148321358134635e-02,8.390178196974052982e-01,-3.854499773537787832e-01
2.575485000000000000e+09,-1.518979394374994352e-01,4.738340348950883379e-02,8.334835541201660591e-01,-3.955986427261957150e-01
2.580484000000000000e+09,-1.538119738980457674e-01,4.829833368638337260e-02,8.278425969077527480e-01,-4.056630926568488560e-01
2.585483000000000000e+09,-1.557206437196666515e-01,4.925630365205316274e-02,8.220963743865516982e-01,-4.156428425235579871e-01
2.590482000000000000e+09,-1.576231143714895422e-01,5.025732815522116620e-02,8.162462861757371346e-01,-4.255374362076372319e-01
2.595481000000000000e+09,-1.595185485171582151e-01,5.130140674072251189e-02,8.102937044955723644e-01,-4.353464445347464684e-01
2.600480000000000000e+09,-1.614061062661557300e-01,5.238852358757790928e-02,8.042399735403461536e-01,-4.450694636960086936e-01
2.605479000000000000e+09,-1.632849454314265203e-01,5.351864737007892142e-02,7.980864089165614628e-01,-4.547061136518651403e-01
2.610478000000000000e+09,-1.651542217933099632e-01,5.469173112217790705e-02,7.918342971469043423e-01,-4.642560365211124696e-01
2.615477000000000000e+09,-1.670130893697961139e-01,5.590771210545003589e-02,7.854848952404230866e-01,-4.737188949576511821e-01
2.620476000000000000e+09,-1.688607006930907539e-01,5.716651168089642576e-02,7.790394303292682565e-01,-4.830943705174173264e-01
2.625475000000000000e+09,-1.706962070924745722e-01,5.846803518487123791e-02,7.724990993722333776e-01,-4.923821620180351410e-01
2.630474000000000000e+09,-1.725187589834259461e-01,5.981217180940148759e-02,7.658650689252648469e-01,-5.015819838936981245e-01
2.635473000000000000e+09,-1.743275061629675493e-01,6.119879448718077569e-02,7.591384749790094366e-01,-5.106935645478073438e-01
2.640472000000000000e+09,-1.761215981111838025e-01,6.262775978151484402e-02,7.523204228633622037e-01,-5.197166447058861882e-01
2.645471000000000000e+09,-1.779001842988420234e-01,6.409890778149987534e-02,7.454119872189107765e-01,-5.286509757713007129e-01
2.650470000000000000e+09,-1.796624145010478624e-01,6.561206200270960909e-02,7.384142120350640770e-01,-5.374963181862797423e-01
2.655469000000000000e+09,-1.814074391168422618e-01,6.716702929367132646e-02,7.313281107545587245e-01,-5.462524398007687632e-01
2.660468000000000000e+09,-1.831344094946409651e-01,6.876359974841037004e-02,7.241546664439636460e-01,-5.549191142515647046e-01
2.665467000000000000e+09,-1.848424782634091879e-01,7.040154662533570917e-02,7.168948320296879562e-01,-5.634961193542474822e-01
2.670466000000000000e+09,-1.865307996694450243e-01,7.208062627274131051e-02,7.095495305989399926e-01,-5.719832355103277033e-01
2.675465000000000000e+09,-1.881985299186403615e-01,7.380057806119974528e-02,7.021196557649523884e-01,-5.803802441320637939e-01
2.680464000000000000e+09,-1.898448275240701144e-01,7.556112432311171134e-02,6.946060720957563106e-01,-5.886869260873329734e-01
2.685463000000000000e+09,-1.914688536587544065e-01,7.736197029967850636e-02,6.870096156056397785e-01,-5.969030601669501612e-01
2.690462000000000000e+09,-1.930697725134237486e-01,7.920280409556282319e-02,6.793310943083986642e-01,-6.050284215767607332e-01
2.695461000000000000e+09,-1.946467516591073033e-01,8.108329664149172000e-02,6.715712888313472018e-01,-6.130627804568256067e-01
2.700460000000000000e+09,-1.961989624143524180e-01,8.300310166505524279e-02,6.637309530890310727e-01,-6.210059004299565144e-01
2.705459000000000000e+09,-1.977255802168720322e-01,8.496185566995255456e-02,6.558108150154472460e-01,-6.288575371818492243e-01
2.710458000000000000e+09,-1.992257849994082675e-01,8.695917792392379719e-02,6.478115773535337851e-01,-6.366174370749719813e-01
2.715457000000000000e+09,-2.006987615695806082e-01,8.899467045560495448e-02,6.397339185006036821e-01,-6.442853357983676643e-01
2.720456000000000000e+09,-2.021436999934966561e-01,9.106791806053876615e-02,6.315784934083066293e-01,-6.518609570554487753e-01
2.725455000000000000e+09,-2.035597959828644166e-01,9.317848831656035113e-02,6.233459345356526793e-01,-6.593440112918195206e-01
2.730454000000000000e+09,-2.049462512853636453e-01,9.532593160877643468e-02,6.150368528535334889e-01,-6.667341944651151708e-01
2.735453000000000000e+09,-2.063022740779986153e-01,9.750978116434610987e-02,6.066518388991188893e-01,-6.740311868587631761e-01
2.740452000000000000e+09,-2.076270793631689870e-01,9.972955309726085071e-02,5.981914638784442406e-01,-6.812346519415544144e-01
2.745451000000000000e+09,-2.089198893671614654e-01,1.019847464633197587e-01,5.896562808154121038e-01,-6.883442352748077031e-01
2.750450000000000000e+09,-2.101799339407792733e-01,1.042748433254765128e-01,5.810468257453973440e-01,-6.953595634688689575e-01
2.755449000000000000e+09,-2.114064509617972210e-01,1.065993088297368940e-01,5.723636189515617367e-01,-7.022802431906212117e-01
2.760448000000000000e+09,-2.125986867389374479e-01,1.089575912917677414e-01,5.636071662419345207e-01,-7.091058602235990049e-01
2.765447000000000000e+09,-2.137558964170420406e-01,1.113491222943714803e-01,5.547779602652407327e-01,-7.158359785822466792e-01
2.770446000000000000e+09,-2.148773443831163699e-01,1.137733167959700115e-01,5.458764818634346261e-01,-7.224701396817659882e-01
2.775445000000000000e+09,-2.159623046729078621e-01,1.162295732502301449e-01,5.369032014588162038e-01,-7.290078615649507876e-01
2.780444000000000000e+09,-2.170100613776780318e-01,1.187172737369499298e-01,5.278585804735682618e-01,-7.354486381872951117e-01
2.785443000000000000e+09,-2.180199090508150583e-01,1.212357841043234519e-01,5.187430727794986041e-01,-7.417919387616328519e-01
2.790442000000000000e+09,-2.189911531139389911e-01,1.237844541226721523e-01,5.095571261757462223e-01,-7.480372071634153741e-01
2.795441000000000000e+09,-2.199231102621268252e-01,1.263626176497383846e-01,5.003011838921430643e-01,-7.541838613977369654e-01
2.800440000000000000e+09,-2.208151088679004281e-01,1.289695928076090292e-01,4.909756861159061403e-01,-7.602312931290490239e-01
2.805439000000000000e+09,-2.216664893835985639e-01,1.316046821713380000e-01,4.815810715392717101e-01,-7.661788672745031281e-01
2.810438000000000000e+09,-2.224766047417567061e-01,1.342671729693103166e-01,4.721177789256917889e-01,-7.720259216617032516e-01
2.815437000000000000e+09,-2.232448207531145257e-01,1.369563372953863656e-01,4.625862486921447081e-01,-7.777717667516028666e-01
2.820436000000000000e+09,-2.239705165018630040e-01,1.396714323328534235e-01,4.529869245050919258e-01,-7.834156854271990822e-01
2.825435000000000000e+09,-2.246530847377442852e-01,1.424117005901883171e-01,4.433202548876174487e-01,-7.889569328485536159e-01
2.830434000000000000e+09,-2.252919322646127764e-01,1.451763701486303293e-01,4.335866948352204986e-01,-7.943947363746116652e-01
2.835433000000000000e+09,-2.258864803250561493e-01,1.479646549215467843e-01,4.237867074377643650e-01,-7.997282955521860526e-01
2.840432000000000000e+09,-2.264361649806932997e-01,1.507757549255620000e-01,4.139207655050112233e-01,-8.049567821723849770e-01
2.845431000000000000e+09,-2.269404374877348751e-01,1.536088565634003977e-01,4.039893531932280402e-01,-8.100793403946680016e-01
2.850430000000000000e+09,-2.273987646674215934e-01,1.564631329183860664e-01,3.939929676302776351e-01,-8.150950869386311970e-01
2.855429000000000000e+09,-2.278106292709306535e-01,1.593377440605268092e-01,3.839321205366555412e-01,-8.200031113435113372e-01
2.860428000000000000e+09,-2.281755303383571354e-01,1.622318373640928013e-01,3.738073398398869540e-01,-8.248024762953402034e-01
2.865427000000000000e+09,-2.284929835513669627e-01,1.651445478365876907e-01,3.636191712797365860e-01,-8.294922180215390517e-01
2.870426000000000000e+09,-2.287625215791266320e-01,1.680749984589969548e-01,3.533681800016709729e-01,-8.340713467527006708e-01
2.875425000000000000e+09,-2.289836944171120547e-01,1.710223005371775684e-01,3.430549521360194976e-01,-8.385388472511767777e-01
2.880424000000000000e+09,-2.291560697183986917e-01,1.739855540642525900e-01,3.326800963602900563e-01,-8.428936794060196691e-01
2.885423000000000000e+09,-2.292792331170483144e-01,1.769638480938392211e-01,3.222442454421278746e-01,-8.471347788937119150e-01
2.890422000000000000e+09,-2.293527885431969615e-01,1.799562611239437782e-01,3.117480577604005987e-01,-8.512610579040561509e-01
2.895421000000000000e+09,-2.293763585294625318e-01,1.829618614913307850e-01,3.011922188019296454e-01,-8.552714059304699079e-01
2.900420000000000000e+09,-2.293495845082889617e-01,1.859797077761648765e-01,2.905774426313934011e-01,-8.591646906238796788e-01
2.905419000000000000e+09,-2.292721270998542837e-01,1.890088492167053269e-01,2.799044733319840939e-01,-8.629397587092796362e-01
2.910418000000000000e+09,-2.291436663901665061e-01,1.920483261338241376e-01,2.691740864144006595e-01,-8.665954369639575772e-01
2.915417000000000000e+09,-2.289639021989854639e-01,1.950971703650971334e-01,2.583870901918178253e-01,-8.701305332562941919e-01
2.920416000000000000e+09,-2.287325543372146497e-01,1.981544057082149923e-01,2.475443271184752658e-01,-8.735438376439565999e-01
2.925415000000000000e+09,-2.284493628534013110e-01,2.012190483734350166e-01,2.366466750896197291e-01,-8.768341235302087311e-01
2.930414000000000000e+09,-2.281140882690118610e-01,2.042901074447844023e-01,2.256950487005362771e-01,-8.800001488770055058e-01
2.935413000000000000e+09,-2.277265118021375156e-01,2.073665853497253242e-01,2.146904004624420881e-01,-8.830406574734177561e-01
2.940412000000000000e+09,-2.272864355793029478e-01,2.104474783369531810e-01,2.036337219731254866e-01,-8.859543802578857541e-01
2.945411000000000000e+09,-2.267936828350641254e-01,2.135317769620111994e-01,1.925260450401827250e-01,-8.887400366926919704e-01
2.950410000000000000e+09,-2.262480980990764501e-01,2.166184665803774223e-01,1.813684427548426514e-01,-8.913963361889893910e-01
2.955409000000000000e+09,-2.256495473703397092e-01,2.197065278476758310e-01,1.701620305143365375e-01,-8.939219795806284674e-01
2.960408000000000000e+09,-2.249979182783266030e-01,2.227949372266391781e-01,1.589079669909236048e-01,-8.963156606449500519e-01
2.965407000000000000e+09,-2.242931202307172356e-01,2.258826675004589613e-01,1.476074550456774881e-01,-8.985760676686557202e-01
2.970406000000000000e+09,-2.235350845474727566e-01,2.289686882921212474e-01,1.362617425852387931e-01,-9.007018850567740653e-01
2.975405000000000000e+09,-2.227237645809863609e-01,2.320519665893442107e-01,1.248721233597814562e-01,-9.026917949826935850e-01
2.980404000000000000e+09,-2.218591358220799170e-01,2.351314672746922518e-01,1.134399377005421011e-01,-9.045444790771423049e-01
2.985403000000000000e+09,-2.209411959916029455e-01,2.382061536604585805e-01,1.019665731953195570e-01,-9.062586201539587494e-01
2.990402000000000000e+09,-2.199699651174225612e-01,2.412749880278797776e-01,9.045346530041799282e-02,-9.078329039704127190e-01
2.995401000000000000e+09,-2.189454855966023739e-01,2.443369321702421604e-01,7.890209788759135201e-02,-9.092660210197892612e-01
3.000400000000000000e+09,-2.178678222425723121e-01,2.473909479394352517e-01,6.731400372464377280e-02,-9.105566683538816042e-01
3.005399000000000000e+09,-2.167370623171249455e-01,2.504359977954863647e-01,5.569076488840035699e-02,-9.117035514330045221e-01
3.010398000000000000e+09,-2.155533155470669426e-01,2.534710453586187517e-01,4.403401310886358860e-02,-9.127053860010592157e-01
3.015397000000000000e+09,-2.143167141253838059e-01,2.564950559633527583e-01,3.234543004342835953e-02,-9.135608999831631438e-01
3.020396000000000000e+09,-2.130274126967927339e-01,2.595069972141710313e-01,2.062674748016607093e-02,-9.142688354032887377e-01
3.025395000000000000e+09,-2.116855883275608197e-01,2.625058395422562585e-01,8.879747469241049129e-03,-9.148279503193295081e-01
3.030394000000000000e+09,-2.102914404594959652e-01,2.654905567628156882e-01,-2.893737618391455622e-03,-9.152370207729613183e-01
3.035393000000000000e+09,-2.088451908480270514e-01,2.684601266324778135e-01,-1.469182510572401325e-02,-9.154948427516359510e-01
3.040392000000000000e+09,-2.073470834843108013e-01,2.714135314062678939e-01,-2.651258209853061751e-02,-9.156002341600140149e-01
3.045391000000000000e+09,-2.057973845013123804e-01,2.743497583936457263e-01,-3.835402564884404092e-02,-9.155520367981079266e-01
3.050390000000000000e+09,-2.041963820638368898e-01,2.772678005130940759e-01,-5.021412299353286701e-02,-9.153491183433835054e-01
3.055389000000000000e+09,-2.025443862424886887e-01,2.801666568447385153e-01,-6.209079186831829161e-02,-9.149903743340469520e-01
3.060388000000000000e+09,-2.008417288715781956e-01,2.830453331804766437e-01,-7.398190089750346365e-02,-9.144747301507197834e-01
3.065387000000000000e+09,-1.990887633909813048e-01,2.859028425710989363e-01,-8.588527005953915106e-02,-9.138011429936968577e-01
3.070386000000000000e+09,-1.972858646720065390e-01,2.887382058698704790e-01,-9.779867122851579331e-02,-9.129686038529623016e-01
3.075385000000000000e+09,-1.954334288273235076e-01,2.915504522720527847e-01,-1.097198287914823711e-01,-9.119761394681308309e-01
3.080384000000000000e+09,-1.935318730050272773e-01,2.943386198498410544e-01,-1.216464203414794470e-01,-9.108228142754831724e-01
3.085383000000000000e+09,-1.915816351669453743e-01,2.971017560821815895e-01,-1.335760774459927580e-01,-9.095077323392574131e-01
3.090382000000000000e+09,-1.895831738512867570e-01,2.998389183789633705e-01,-1.455063864904918847e-01,-9.080300392643574359e-01
3.095381000000000000e+09,-1.875369679197816664e-01,3.025491745990410153e-01,-1.574348895965629880e-01,-9.063889240876611408e-01
3.100380000000000000e+09,-1.854435162894521316e-01,3.052316035615862400e-01,-1.693590856140792245e-01,-9.045836211450901665e-01
3.105379000000000000e+09,-1.833033376491953192e-01,3.078852955502355271e-01,-1.812764311867193778e-01,-9.026134119116644428e-01
3.110378000000000000e+09,-1.811169701613548344e-01,3.105093528095384525e-01,-1.931843418900745513e-01,-9.004776268117264948e-01
3.115377000000000000e+09,-1.788849711485042127e-01,3.131028900331769838e-01,-2.050801934414342442e-01,-8.981756469965875844e-01
3.120376000000000000e+09,-1.766079167656583182e-01,3.156650348434719699e-01,-2.169613229802785370e-01,-8.957069060868489974e-01
3.125375000000000000e+09,-1.742864016581592290e-01,3.181949282616651775e-01,-2.288250304183816475e-01,-8.930708918766869786e-01
3.130374000000000000e+09,-1.719210386055056994e-01,3.206917251684908710e-01,-2.406685798583455826e-01,-8.902671479974211266e-01
3.135373000000000000e+09,-1.695124581513987316e-01,3.231545947545571562e-01,-2.524892010792433306e-01,-8.872952755377255807e-01
3.140372000000000000e+09,-1.670613082203172839e-01,3.255827209600504202e-01,-2.642840910880085437e-01,-8.841549346178848579e-01
3.145371000000000000e+09,-1.645682537209201823e-01,3.279753029033048439e-01,-2.760504157350607279e-01,-8.808458459155195097e-01
3.150370000000000000e+09,-1.620339761366361153e-01,3.303315552977785230e-01,-2.877853113925785689e-01,-8.773677921402965874e-01
3.155369000000000000e+09,-1.594591731037665050e-01,3.326507088569805592e-01,-2.994858866937449293e-01,-8.737206194551446758e-01
3.160368000000000000e+09,-1.568445579774969956e-01,3.349320106869201896e-01,-3.111492243311515526e-01,-8.699042388415791915e-01
3.165367000000000000e+09,-1.541908593861816834e-01,3.371747246656479069e-01,-3.227723829125441757e-01,-8.659186274067922628e-01
3.170366000000000000e+09,-1.514988207743177273e-01,3.393781318094764576e-01,-3.343523988718783424e-01,-8.617638296302219114e-01
3.175365000000000000e+09,-1.487691999346229532e-01,3.415415306254779293e-01,-3.458862884336866839e-01,-8.574399585473875263e-01
3.180364000000000000e+09,-1.460027685296520217e-01,3.436642374498733998e-01,-3.573710496285673610e-01,-8.529471968688450145e-01
3.185363000000000000e+09,-1.432003116034020751e-01,3.457455867719366749e-01,-3.688036643576179108e-01,-8.482857980321749647e-01
3.190362000000000000e+09,-1.403626270833668310e-01,3.477849315430586175e-01,-3.801811005034615443e-01,-8.434560871850250718e-01
3.195361000000000000e+09,-1.374905252735288130e-01,3.497816434706218502e-01,-3.915003140855012886e-01,-8.384584620972727054e-01
3.200360000000000000e+09,-1.345848283387720834e-01,3.517351132963604798e-01,-4.027582514569269523e-01,-8.332933940004770834e-01
3.205359000000000000e+09,-1.316463697812254863e-01,3.536447510588969778e-01,-4.139518515409475463e-01,-8.279614283528634600e-01
3.210358000000000000e+09,-1.286759939090567628e-01,3.555099863401569582e-01,-4.250780481036181002e-01,-8.224631855281920867e-01
3.215357000000000000e+09,-1.256745552982450331e-01,3.573302684953834074e-01,-4.361337720605964474e-01,-8.167993614269185576e-01
3.220356000000000000e+09,-1.226429182478788599e-01,3.591050668664954038e-01,-4.471159538150778490e-01,-8.109707280081971392e-01
3.225355000000000000e+09,-1.195819562295280664e-01,3.608338709785528509e-01,-4.580215256241020882e-01,-8.049781337413135507e-01
3.230354000000000000e+09,-1.164925513312557864e-01,3.625161907190949107e-01,-4.688474239903718255e-01,-7.988225039752981926e-01
3.235353000000000000e+09,-1.133755936968467853e-01,3.641515565001637866e-01,-4.795905920766471708e-01,-7.925048412255329966e-01
3.240352000000000000e+09,-1.102319809608312551e-01,3.657395194028238428e-01,-4.902479821397629500e-01,-7.860262253762604345e-01
3.245351000000000000e+09,-1.070626176798934598e-01,3.672796513040135213e-01,-5.008165579812375867e-01,-7.793878137980547738e-01
3.250350000000000000e+09,-1.038684147612680964e-01,3.687715449855986094e-01,-5.112932974114068330e-01,-7.725908413793832752e-01
3.255349000000000000e+09,-1.006502888887323283e-01,3.702148142254925722e-01,-5.216751947239828269e-01,-7.656366204715153723e-01
3.260348000000000000e+09,-9.740916194678927997e-02,3.716090938707598545e-01,-5.319592631779109793e-01,-7.585265407461341258e-01
3.265347000000000000e+09,-9.414596044367830319e-02,3.729540398926194378e-01,-5.421425374833184208e-01,-7.512620689651473560e-01
3.270346000000000000e+09,-9.086161493382605148e-02,3.742493294232914769e-01,-5.522220762883958134e-01,-7.438447486622802307e-01
3.275345000000000000e+09,-8.755705944035631350e-02,3.754946607746628695e-01,-5.621949646639485820e-01,-7.362761997361747524e-01
3.280344000000000000e+09,-8.423323087829526212e-02,3.766897534387549373e-01,-5.720583165824154603e-01,-7.285581179548036301e-01
3.285343000000000000e+09,-8.089106847910051967e-02,3.778343480700128709e-01,-5.818092773880545465e-01,-7.206922743711796642e-01
3.290342000000000000e+09,-7.753151321713723509e-02,3.789282064494478020e-01,-5.914450262550616788e-01,-7.126805146504108235e-01
3.295341000000000000e+09,-7.415550723874321515e-02,3.799711114306966731e-01,-6.009627786303236574e-01,-7.045247583082969722e-01
3.300340000000000000e+09,-7.076399329450493159e-02,3.809628668680756780e-01,-6.103597886575491405e-01,-6.962269978617863231e-01
3.305339000000000000e+09,-6.735791417537606574e-02,3.819032975267417918e-01,-6.196333515794836266e-01,-6.877892978917193867e-01
3.310338000000000000e+09,-6.393821215326890572e-02,3.827922489750827939e-01,-6.287808061149576799e-01,-6.792137940184345135e-01
3.315337000000000000e+09,-6.050582842673635220e-02,3.836295874594936595e-01,-6.377995368075040084e-01,-6.705026917908920581e-01
3.320336000000000000e+09,-5.706170257236606314e-02,3.844151997617157868e-01,-6.466869763423159778e-01,-6.616582654901400629e-01
3.325335000000000000e+09,-5.360677200250415358e-02,3.851489930389299099e-01,-6.554406078283246950e-01,-6.526828568480347315e-01
3.330334000000000000e+09,-5.014197142991397294e-02,3.858308946468390066e-01,-6.640579670421965508e-01,-6.435788736822714018e-01
3.335333000000000000e+09,-4.666823233997091647e-02,3.864608519459661329e-01,-6.725366446311118462e-01,-6.343487884488816508e-01
3.340332000000000000e+09,-4.318648247098664378e-02,3.870388320914578406e-01,-6.808742882711834588e-01,-6.249951367134898295e-01
3.345331000000000000e+09,-3.969764530325690238e-02,3.875648218066597428e-01,-6.890686047784276846e-01,-6.155205155427427854e-01
3.350330000000000000e+09,-3.620263955739785183e-02,3.880388271407964051e-01,-6.971173621692633438e-01,-6.059275818174222339e-01
3.355329000000000000e+09,-3.270237870254052298e-02,3.884608732110770846e-01,-7.050183916675313300e-01,-5.962190504688936743e-01
3.360328000000000000e+09,-2.919777047493983188e-02,3.888310039295871379e-01,-7.127695896551041743e-01,-5.863976926406339052e-01
3.365327000000000000e+09,-2.568971640754072472e-02,3.891492817153459627e-01,-7.203689195631963749e-01,-5.764663337767275131e-01
3.370326000000000000e+09,-2.217911137103050628e-02,3.894157871919215474e-01,-7.278144137015679638e-01,-5.664278516392913243e-01
3.375325000000000000e+09,-1.866684312688782210e-02,3.896306188710306206e-01,-7.351041750228569649e-01,-5.562851742569324687e-01
3.380324000000000000e+09,-1.515379189293981736e-02,3.897938928225514466e-01,-7.422363788193683254e-01,-5.460412778064239747e-01
3.385323000000000000e+09,-1.164082992190457709e-02,3.899057423314188364e-01,-7.492092743497074103e-01,-5.356991844299138217e-01
3.390322000000000000e+09,-8.128821093397697178e-03,3.899663175418692784e-01,-7.560211863927239762e-01,-5.252619599900724134e-01
3.395321000000000000e+09,-4.618620519839431414e-03,3.899757850895395062e-01,-7.626705167263388985e-01,-5.147327117656579354e-01
3.400320000000000000e+09,-1.111074166718961859e-03,3.899343277219264881e-01,-7.691557455288823286e-01,-5.041145860901378173e-01
3.405319000000000000e+09,2.392981512380538359e-03,3.898421439077407458e-01,-7.754754327006664338e-01,-4.934107659360325582e-01
3.410318000000000000e+09,5.892719925600634588e-03,3.896994474357056149e-01,-7.816282191036503235e-01,-4.826244684477801195e-01
3.415317000000000000e+09,9.387324677083343227e-03,3.895064670033560605e-01,-7.876128277170948433e-01,-4.717589424259851505e-01
3.420316000000000000e+09,1.287598988535239297e-02,3.892634457964275763e-01,-7.934280647072430304e-01,-4.608174657660202289e-01
3.425315000000000000e+09,1.635792048545986130e-02,3.889706410594160890e-01,-7.990728204091628317e-01,-4.498033428540013645e-01
3.430314000000000000e+09,1.983233251459263005e-02,3.886283236579254341e-01,-8.045460702189833890e-01,-4.387199019232685404e-01
3.435313000000000000e+09,2.329845338083355588e-02,3.882367776334136322e-01,-8.098468753948850907e-01,-4.275704923745246577e-01
3.440312000000000000e+09,2.675552211482097945e-02,3.877962997509810106e-01,-8.149743837653073975e-01,-4.163584820629298577e-01
3.445311000000000000e+09,3.020278960404807964e-02,3.873071990408277765e-01,-8.199278303429442527e-01,-4.050872545554320969e-01
3.450310000000000000e+09,3.363951880959774321e-02,3.867697963340496758e-01,-8.247065378432494320e-01,-3.937602063617214321e-01
3.455309000000000000e+09,3.706498496509288976e-02,3.861844237934223267e-01,-8.293099171062693342e-01,-3.823807441422530373e-01
3.460308000000000000e+09,4.047847575771038736e-02,3.855514244398543511e-01,-8.337374674207369551e-01,-3.709522818968142843e-01
3.465307000000000000e+09,4.387929149109928012e-02,3.848711516751813777e-01,-8.379887767495259876e-01,-3.594782381371656732e-01
3.470306000000000000e+09,4.726674523008463774e-02,3.841439688019956944e-01,-8.420635218556622448e-01,-3.479620330473307543e-01
3.475305000000000000e+09,5.064016292706439992e-02,3.833702485411889516e-01,-8.459614683282131731e-01,-3.364070856351495942e-01
3.480304000000000000e+09,5.399888353001756208e-02,3.825503725479207917e-01,-8.496824705075459727e-01,-3.248168108787297670e-01
3.485303000000000000e+09,5.734225907209899303e-02,3.816847309266987454e-01,-8.532264713095373265e-01,-3.131946168714943579e-01
3.490302000000000000e+09,6.066965474278874365e-02,3.807737217462835444e-01,-8.565935019484797186e-01,-3.015439019694674538e-01
3.495301000000000000e+09,6.398044894061101495e-02,3.798177505551144639e-01,-8.597836815585557790e-01,-2.898680519445646642e-01
3.500300000000000000e+09,6.727403330745958254e-02,3.788172298979686214e-01,-8.627972167138844295e-01,-2.781704371475797744e-01
3.505299000000000000e+09,7.054981274459622143e-02,3.777725788345541180e-01,-8.656344008472925955e-01,-2.664544096846210852e-01
3.510298000000000000e+09,7.380720541040723670e-02,3.766842224607394596e-01,-8.682956135680963694e-01,-2.547233006106988107e-01
3.515297000000000000e+09,7.704564270004475579e-02,3.755525914331280246e-01,-8.707813198793131759e-01,-2.429804171442456473e-01
3.520296000000000000e+09,8.026456920708761877e-02,3.743781214976651395e-01,-8.730920692948659356e-01,-2.312290399062399970e-01
3.525295000000000000e+09,8.346344266740104989e-02,3.731612530229793112e-01,-8.752284948574886592e-01,-2.194724201877031877e-01
3.530294000000000000e+09,8.664173388539812837e-02,3.719024305391396834e-01,-8.771913120581696921e-01,-2.077137772491987056e-01
3.535293000000000000e+09,8.979892664291418136e-02,3.706021022825175537e-01,-8.789813176581134924e-01,-1.959562956560636504e-01
3.540292000000000000e+09,9.293451759096482689e-02,3.692607197474184755e-01,-8.805993884143207273e-01,-1.842031226529823040e-01
3.545291000000000000e+09,9.604801612465177496e-02,3.678787372451519100e-01,-8.820464797100752152e-01,-1.724573655815082873e-01
3.550290000000000000e+09,9.913894424153046891e-02,3.664566114712005107e-01,-8.833236240916935156e-01,-1.607220893441282383e-01
3.555289000000000000e+09,1.022068363837664445e-01,3.649948010811233656e-01,-8.844319297130726065e-01,-1.490003139183709302e-01
3.560288000000000000e+09,1.052512392644346512e-01,3.634937662758327415e-01,-8.853725786896994299e-01,-1.372950119244587541e-01
3.565287000000000000e+09,1.082717116783485228e-01,3.619539683968627242e-01,-8.861468253639014359e-01,-1.256091062498932986e-01
3.570286000000000000e+09,1.112678242978189930e-01,3.603758695322357153e-01,-8.867559944832582586e-01,-1.139454677343884059e-01
3.575285000000000000e+09,1.142391594537802701e-01,3.587599321335241398e-01,-8.872014792942310990e-01,-1.023069129184071696e-01
3.580284000000000000e+09,1.171853109027202189e-01,3.571066186446689716e-01,-8.874847395531707539e-01,-9.069620185856651362e-02
3.585283000000000000e+09,1.201058835799173469e-01,3.554163911431381662e-01,-8.876072994570008978e-01,-7.911603601303857092e-02
3.590282000000000000e+09,1.230004933394600181e-01,3.536897109939398653e-01,-8.875707454960132248e-01,-6.756905620006602164e-02
3.595281000000000000e+09,1.258687666815782868e-01,3.519270385170399362e-01,-8.873767242312828873e-01,-5.605784063256719768e-02
3.600280000000000000e+09,1.287103404678349161e-01,3.501288326686692876e-01,-8.870269399993828685e-01,-4.458490303174639235e-02
3.605279000000000000e+09,1.315248616247334246e-01,3.482955507370151249e-01,-8.865231525471408691e-01,-3.315269082253374106e-02
3.610278000000000000e+09,1.343119868363214786e-01,3.464276480527572200e-01,-8.858671745993305091e-01,-2.176358341357291157e-02
3.615277000000000000e+09,1.370713822264031656e-01,3.445255777148882315e-01,-8.850608693622682432e-01,-1.041989056439361801e-02
3.620276000000000000e+09,1.398027230309704383e-01,3.425897903322460691e-01,-8.841061479664050760e-01,8.761491577156020833e-04
3.625275000000000000e+09,1.425056932614941485e-01,3.406207337811344993e-01,-8.830049668510925320e-01,1.212236982874288771e-02
3.630274000000000000e+09,1.451799853597322554e-01,3.386188529794337265e-01,-8.817593250948053685e-01,2.331667952455277262e-02
3.635273000000000000e+09,1.478252998447204813e-01,3.365845896775140345e-01,-8.803712616941884450e-01,3.445706158091040722e-02
3.640272000000000000e+09,1.504413449526328661e-01,3.345183822663009288e-01,-8.788428527953932035e-01,4.554157575482423170e-02
3.645271000000000000e+09,1.530278362702109374e-01,3.324206656027746676e-01,-8.771762088812417035e-01,5.656835928530616620e-02
3.650270000000000000e+09,1.555844963624755939e-01,3.302918708531690228e-01,-8.753734719178284385e-01,6.753562785169281435e-02
3.655269000000000000e+09,1.581110543954385994e-01,3.281324253541277325e-01,-8.734368124642801767e-01,7.844167642785859762e-02
3.660268000000000000e+09,1.606072457545555943e-01,3.259427524920092689e-01,-8.713684267494123947e-01,8.928488003077035551e-02
3.665267000000000000e+09,1.630728116596660005e-01,3.237232716005447042e-01,-8.691705337191364400e-01,1.000636943619466618e-01
3.670266000000000000e+09,1.655074987771646966e-01,3.214743978769963317e-01,-8.668453720584915478e-01,1.107766563405571392e-01
3.675265000000000000e+09,1.679110588301777063e-01,3.191965423169488836e-01,-8.643951971922694266e-01,1.214223845269813001e-01
3.680264000000000000e+09,1.702832482075024301e-01,3.168901116678201069e-01,-8.618222782682020133e-01,1.319995794358966856e-01
3.685263000000000000e+09,1.726238275720922699e-01,3.145555084011804614e-01,-8.591288951267990193e-01,1.425070237379408578e-01
3.690262000000000000e+09,1.749325614698582221e-01,3.121931307038984249e-01,-8.563173352618654866e-01,1.529435823493448254e-01
3.695261000000000000e+09,1.772092179395745870e-01,3.098033724881314455e-01,-8.533898907758775687e-01,1.633082024088778617e-01
3.700260000000000000e+09,1.794535681246687553e-01,3.073866234201366177e-01,-8.503488553343242495e-01,1.735999131417732266e-01
3.705259000000000000e+09,1.816653858876835226e-01,3.049432689678439612e-01,-8.471965211232103110e-01,1.838178256103174257e-01
3.710258000000000000e+09,1.838444474281951402e-01,3.024736904671165294e-01,-8.439351758139171933e-01,1.939611323510271323e-01
3.715257000000000000e+09,1.859905309049692534e-01,2.999782652065716149e-01,-8.405670995396172795e-01,2.040291068984486922e-01
3.720256000000000000e+09,1.881034160631427365e-01,2.974573665308213322e-01,-8.370945618874767735e-01,2.140211031957819920e-01
3.725255000000000000e+09,1.901828838671966726e-01,2.949113639619554417e-01,-8.335198189108455891e-01,2.239365548926966765e-01
3.730254000000000000e+09,1.922287161405095424e-01,2.923406233390538067e-01,-8.298451101656751927e-01,2.337749745308271287e-01
3.735253000000000000e+09,1.942406952122393282e-01,2.897455069754973356e-01,-8.260726557753437227e-01,2.435359526176432698e-01
3.740252000000000000e+09,1.962186035723124944e-01,2.871263738337910820e-01,-8.222046535281219981e-01,2.532191565895041685e-01
3.745251000000000000e+09,1.981622235352538397e-01,2.844835797176181180e-01,-8.182432760114020098e-01,2.628243296648896110e-01
3.750250000000000000e+09,2.000713369136096209e-01,2.818174774807758465e-01,-8.141906677868914199e-01,2.723512895889179664e-01
3.755249000000000000e+09,2.019457247016907542e-01,2.791284172526414253e-01,-8.100489426108458124e-01,2.817999272704831970e-01
3.760248000000000000e+09,2.037851667703534930e-01,2.764167466797745609e-01,-8.058201807034491848e-01,2.911702053134215817e-01
3.765247000000000000e+09,2.055894415735260994e-01,2.736828111832350086e-01,-8.015064260713561373e-01,3.004621564433287983e-01
3.770246000000000000e+09,2.073583258671652663e-01,2.709269542311641965e-01,-7.971096838874134338e-01,3.096758818317594808e-01
3.775245000000000000e+09,2.090915944413295757e-01,2.681495176261506908e-01,-7.926319179314496033e-01,3.188115493197487549e-01
3.780244000000000000e+09,2.107890198660156145e-01,2.653508418068825647e-01,-7.880750480960603266e-01,3.278693915426699190e-01
3.785243000000000000e+09,2.124503722514038406e-01,2.625312661635383904e-01,-7.834409479611559313e-01,3.368497039586473285e-01
3.790242000000000000e+09,2.140754190231404785e-01,2.596911293663642928e-01,-7.787314424410308744e-01,3.457528427828704398e-01
3.795241000000000000e+09,2.156639247132440818e-01,2.568307697068497042e-01,-7.739483055076109563e-01,3.545792228303094040e-01
3.800240000000000000e+09,2.172156507672300674e-01,2.539505254508825360e-01,-7.690932579934548485e-01,3.633293152694387351e-01
3.805239000000000000e+09,2.187303553680123025e-01,2.510507352032541051e-01,-7.641679654779987008e-01,3.720036452897594326e-01
3.810238000000000000e+09,2.202077932770959978e-01,2.481317382828429896e-01,-7.591740362604685322e-01,3.806027896860340043e-01
3.815237000000000000e+09,2.216477156936065562e-01,2.451938751077965550e-01,-7.541130194227114725e-01,3.891273743622433168e-01
3.820236000000000000e+09,2.230498701316094290e-01,2.422374875900019375e-01,-7.489864029851971416e-01,3.975780717584812551e-01
3.825235000000000000e+09,2.244140003161987362e-01,2.392629195381145435e-01,-7.437956121592446124e-01,4.059555982040302657e-01
3.830234000000000000e+09,2.257398460987793953e-01,2.362705170683943590e-01,-7.385420076984720028e-01,4.142607112000833425e-01
3.835233000000000000e+09,2.270271433919525128e-01,2.332606290225778256e-01,-7.332268843523004342e-01,4.224942066356377479e-01
3.840232000000000000e+09,2.282756241243694695e-01,2.302336073920018822e-01,-7.278514694242934624e-01,4.306569159401988922e-01
3.845231000000000000e+09,2.294850162159159657e-01,2.271898077471570521e-01,-7.224169214378814985e-01,4.387497031770816736e-01
3.850230000000000000e+09,2.306550435735255922e-01,2.241295896718775160e-01,-7.169243289120121876e-01,4.467734620811730228e-01
3.855229000000000000e+09,2.317854261079178857e-01,2.210533172012826009e-01,-7.113747092490125823e-01,4.547291130451393548e-01
3.860228000000000000e+09,2.328758797715093087e-01,2.179613592626637453e-01,-7.057690077368847792e-01,4.626176000581360692e-01
3.865227000000000000e+09,2.339261166177103168e-01,2.148540901184147478e-01,-7.001080966681193507e-01,4.704398876012022557e-01
3.870226000000000000e+09,2.349358448818089640e-01,2.117318898101456792e-01,-6.943927745768622151e-01,4.781969575035980302e-01
3.875225000000000000e+09,2.359047690835769928e-01,2.085951446030793466e-01,-6.886237655962768045e-01,4.858898057644012169e-01
3.880224000000000000e+09,2.368325901517299437e-01,2.054442474298394661e-01,-6.828017189376253127e-01,4.935194393437959404e-01
3.885223000000000000e+09,2.377190055703071181e-01,2.022795983327193015e-01,-6.769272084925622712e-01,5.010868729285462564e-01
3.890222000000000000e+09,2.385637095470393987e-01,1.991016049035103097e-01,-6.710007325598780215e-01,5.085931256761939689e-01
3.895221000000000000e+09,2.393663932037004283e-01,1.959106827199852408e-01,-6.650227136978474896e-01,5.160392179425981052e-01
3.900220000000000000e+09,2.401267447884166961e-01,1.927072557780948048e-01,-6.589934987030718894e-01,5.234261679974956394e-01
3.905219000000000000e+09,2.408444499098903180e-01,1.894917569189615292e-01,-6.529133587166521258e-01,5.307549887328045779e-01
3.910218000000000000e+09,2.415191917934104426e-01,1.862646282497412431e-01,-6.467824894582319128e-01,5.380266843683999545e-01
3.915217000000000000e+09,2.421506515585446495e-01,1.830263215574163549e-01,-6.406010115883739031e-01,5.452422471602126341e-01
3.920216000000000000e+09,2.427385085183186297e-01,1.797772987146042944e-01,-6.343689711995134095e-01,5.524026541154309911e-01
3.925215000000000000e+09,2.432824404996851431e-01,1.765180320764487831e-01,-6.280863404355186974e-01,5.595088637196753423e-01
3.930214000000000000e+09,2.437821241850253728e-01,1.732490048676772199e-01,-6.217530182398181005e-01,5.665618126810295641e-01
3.935213000000000000e+09,2.442372354744106744e-01,1.699707115589105533e-01,-6.153688312317088238e-01,5.735624126957841185e-01
3.940212000000000000e+09,2.446474498682921217e-01,1.666836582313180881e-01,-6.089335347104336549e-01,5.805115472407758048e-01
3.945211000000000000e+09,2.450124428702629142e-01,1.633883629287214423e-01,-6.024468137863596695e-01,5.874100683972117709e-01
3.950210000000000000e+09,2.453318904095044273e-01,1.600853559962556738e-01,-5.959082846383648713e-01,5.942587937108589902e-01
3.955209000000000000e+09,2.456054692824655716e-01,1.567751804047144426e-01,-5.893174958964526589e-01,6.010585030934050277e-01
3.960208000000000000e+09,2.458328576133303467e-01,1.534583920597213658e-01,-5.826739301483562228e-01,6.078099357698768523e-01
3.965207000000000000e+09,2.460137353327517817e-01,1.501355600948705571e-01,-5.759770055687287726e-01,6.145137872768552390e-01
3.970206000000000000e+09,2.461477846743194975e-01,1.468072671480085134e-01,-5.692260776693399693e-01,6.211707065162956898e-01
3.975205000000000000e+09,2.462346906881779096e-01,1.434741096198494659e-01,-5.624204411685226335e-01,6.277812928696195893e-01
3.980204000000000000e+09,2.462741417712009107e-01,1.401366979141199232e-01,-5.555593319778916461e-01,6.343460933767769427e-01
3.985203000000000000e+09,2.462658302130628640e-01,1.367956566584643541e-01,-5.486419293042379408e-01,6.408655999848424933e-01
3.990202000000000000e+09,2.462094527575338920e-01,1.334516249053560311e-01,-5.416673578642584586e-01,6.473402468707182278e-01
3.995201000000000000e+09,2.461047111782994345e-01,1.301052563122856165e-01,-5.346346902096554832e-01,6.537704078423587362e-01
4.000200000000000000e+09,2.459513128685456851e-01,1.267572193005289116e-01,-5.275429491599412657e-01,6.601563938229487727e-01
4.005199000000000000e+09,2.457489714435591444e-01,1.234081971918018078e-01,-5.203911103401002158e-01,6.664984504222652983e-01
4.010198000000000000e+09,2.454974073555164227e-01,1.200588883221655329e-01,-5.131781048201145001e-01,6.727967555994862625e-01
4.015197000000000000e+09,2.451963485196522186e-01,1.167100061325523352e-01,-5.059028218531923526e-01,6.790514174214855592e-01
4.020196000000000000e+09,2.448455309509382505e-01,1.133622792353241315e-01,-4.985641117093324581e-01,6.852624719206359405e-01
4.025195000000000000e+09,2.444446994103846027e-01,1.100164514562983892e-01,-4.911607886007731127e-01,6.914298810559940112e-01
4.030194000000000000e+09,2.439936080600526580e-01,1.066732818517143744e-01,-4.836916336956322837e-01,6.975535307815914354e-01
4.035193000000000000e+09,2.434920211258577438e-01,1.033335446996488799e-01,-4.761553982159723586e-01,7.036332292254986465e-01
4.040192000000000000e+09,2.429397135671746699e-01,9.999802946541412607e-02,-4.685508066163209251e-01,7.096687049831117422e-01
4.045191000000000000e+09,2.423364717522893952e-01,9.666754074051925327e-02,-4.608765598385454743e-01,7.156596055280590729e-01
4.050190000000000000e+09,2.416820941386780275e-01,9.334289815479698826e-02,-4.531313386388720610e-01,7.216054957438892137e-01
4.055189000000000000e+09,2.409763919571041302e-01,9.002493626136202909e-02,-4.453138069826771406e-01,7.275058565796329590e-01
4.060188000000000000e+09,2.402191898984830098e-01,8.671450439407211996e-02,-4.374226155025576768e-01,7.333600838321108206e-01
4.065187000000000000e+09,2.394103268024624365e-01,8.341246649722713902e-02,-4.294564050150463386e-01,7.391674870577568113e-01
4.070186000000000000e+09,2.385496563466431574e-01,8.011970092727296877e-02,-4.214138100912979690e-01,7.449272886164706176e-01
4.075185000000000000e+09,2.376370477353695887e-01,7.683710022631828895e-02,-4.132934626768430819e-01,7.506386228499638547e-01
4.080184000000000000e+09,2.366723863869702182e-01,7.356557086731405071e-02,-4.050939957555088067e-01,7.563005353967579003e-01
4.085183000000000000e+09,2.356555746183582323e-01,7.030603297078270864e-02,-3.968140470524495478e-01,7.619119826459248568e-01
4.090182000000000000e+09,2.345865323258726209e-01,6.705941999304565471e-02,-3.884522627711816667e-01,7.674718313313622087e-01
4.095181000000000000e+09,2.334651976612325264e-01,6.382667838590995457e-02,-3.800073013593576188e-01,7.729788582683372322e-01
4.100180000000000000e+09,2.322915277014808710e-01,6.060876722784661053e-02,-3.714778372980522825e-01,7.784317502336915995e-01
4.105179000000000000e+09,2.310654991117866708e-01,5.740665782672365464e-02,-3.628625649091693495e-01,7.838291039910425528e-01
4.110178000000000000e+09,2.297871087999654727e-01,5.422133329420415759e-02,-3.541602021755426155e-01,7.891694264620052746e-01
4.115177000000000000e+09,2.284563745615945940e-01,5.105378809196146200e-02,-3.453694945682955209e-01,7.944511350443392850e-01
4.120176000000000000e+09,2.270733357145837406e-01,4.790502754991312478e-02,-3.364892188759007752e-01,7.996725580776454789e-01
4.125175000000000000e+09,2.256380537220720739e-01,4.477606735671405686e-02,-3.275181870294061048e-01,8.048319354570900863e-01
4.130174000000000000e+09,2.241506128025385902e-01,4.166793302280397820e-02,-3.184552499182385921e-01,8.099274193954142387e-01
4.135173000000000000e+09,2.226111205259924120e-01,3.858165931633270734e-02,-3.092993011909840328e-01,8.149570753331994988e-01
4.140172000000000000e+09,2.210197083951525865e-01,3.551828967234448020e-02,-3.000492810354842832e-01,8.199188829973036441e-01
4.145171000000000000e+09,2.193765324105091119e-01,3.247887557564843597e-02,-2.907041799326878784e-01,8.248107376069698793e-01
4.150170000000000000e+09,2.176817736181925200e-01,2.946447591783073541e-02,-2.812630423785729694e-01,8.296304512270861187e-01
4.155169000000000000e+09,2.159356386395591132e-01,2.647615632892542231e-02,-2.717249705685730876e-01,8.343757542676982775e-01
4.160168000000000000e+09,2.141383601814700610e-01,2.351498848428663219e-02,-2.620891280388598088e-01,8.390442971288101237e-01
4.165167000000000000e+09,2.122901975261959895e-01,2.058204938727199729e-02,-2.523547432589864359e-01,8.436336519891571850e-01
4.170166000000000000e+09,2.103914369999534406e-01,1.767842062835121505e-02,-2.425211131703011169e-01,8.481413147374980976e-01
4.175165000000000000e+09,2.084423924190618449e-01,1.480518762134355563e-02,-2.325876066646888063e-01,8.525647070447935905e-01
4.180164000000000000e+09,2.064434055127506162e-01,1.196343881747536850e-02,-2.225536679981847121e-01,8.569011785753060106e-01
4.185163000000000000e+09,2.043948463216774536e-01,9.154264898038238021e-03,-2.124188201341083715e-01,8.611480093345612596e-01
4.190162000000000000e+09,2.022971135712208490e-01,6.378757946433614295e-03,-2.021826680104116813e-01,8.653024121518880785e-01
4.195161000000000000e+09,2.001506350186561811e-01,3.638010600431791641e-03,-1.918449017260198119e-01,8.693615352949579655e-01
4.200160000000000000e+09,1.979558677733498362e-01,9.331151855307393038e-04,-1.814052996410307483e-01,8.733224652136584165e-01
4.205159000000000000e+09,1.957132985891451848e-01,-1.734837169683800572e-03,-1.708637313857370443e-01,8.771822294103773787e-01
4.210158000000000000e+09,1.934234441281088845e-01,-4.364757435244100668e-03,-1.602201607735348754e-01,8.809377994335729767e-01
4.215157000000000000e+09,1.910868511948996817e-01,-6.955559597586312946e-03,-1.494746486128754603e-01,8.845860939913441356e-01
4.220156000000000000e+09,1.887040969410097302e-01,-9.506161592408895328e-03,-1.386273554135647457e-01,8.881239821814966851e-01
4.225155000000000000e+09,1.862757890381716852e-01,-1.201548625158013577e-02,-1.276785439828105329e-01,8.915482868344467571e-01
4.230154000000000000e+09,1.838025658202821211e-01,-1.448246226300715228e-02,-1.166285819065928375e-01,8.948557879650963498e-01
4.235153000000000000e+09,1.812850963932175208e-01,-1.690602514239274504e-02,-1.054779439119826329e-01,8.980432263296598272e-01
4.240152000000000000e+09,1.787240807119506170e-01,-1.928511821573563809e-02,-9.422721410631489103e-02,9.011073070832461562e-01
4.245151000000000000e+09,1.761202496244372306e-01,-2.161869361145119309e-02,-8.287708808913511749e-02,9.040447035338593507e-01
4.250150000000000000e+09,1.734743648817556327e-01,-2.390571326092147397e-02,-7.142837493309733832e-02,9.068520609882394501e-01
4.255149000000000000e+09,1.707872191140615836e-01,-2.614514990630162350e-02,-5.988199903010691522e-02,9.095260006849841261e-01
4.260148000000000000e+09,1.680596357719300327e-01,-2.833598811435041054e-02,-4.823900179918499259e-02,9.120631238100223026e-01
4.265147000000000000e+09,1.652924690327191581e-01,-3.047722529508131370e-02,-3.650054325272909100e-02,9.144600155895888927e-01
4.270146000000000000e+09,1.624866036716345885e-01,-3.256787272395073735e-02,-2.466790341798038091e-02,9.167132494555608746e-01
4.275145000000000000e+09,1.596429548972057022e-01,-3.460695656636478268e-02,-1.274248361071285418e-02,9.188193912779846206e-01
4.280144000000000000e+09,1.567624681509631190e-01,-3.659351890318911921e-02,-7.258075584218193904e-04,9.207750036594425369e-01
4.285143000000000000e+09,1.538461188711089667e-01,-3.852661875600035118e-02,1.138047762965053479e-02,9.225766502858648854e-01
4.290142000000000000e+09,1.508949122200499982e-01,-4.040533311077901951e-02,2.357460064800647945e-02,9.242209003282293445e-01
4.295141000000000000e+09,1.479098827757252821e-01,-4.222875793872418043e-02,3.585466533806788703e-02,9.257043328895164791e-01
4.300140000000000000e+09,1.448920941866549961e-01,-4.399600921290554995e-02,4.821865019104268346e-02,9.270235414912408878e-01
4.305139000000000000e+09,1.418426387907337494e-01,-4.570622391941606827e-02,6.066440801221603674e-02,9.281751385937155874e-01
4.310138000000000000e+09,1.387626371978361584e-01,-4.735856106172049718e-02,7.318966574825248872e-02,9.291557601442446135e-01
4.315137000000000000e+09,1.356532378363130564e-01,-4.895220265688177141e-02,8.579202447878926663e-02,9.299620701472661732e-01
4.320136000000000000e+09,1.325156164635544198e-01,-5.048635472234737354e-02,9.846895957347802375e-02,9.305907652504877836e-01
4.325135000000000000e+09,1.293509756408170452e-01,-5.196024825198276853e-02,1.112178210153550451e-01,9.310385793410230759e-01
4.330134000000000000e+09,1.261605441725505150e-01,-5.337314018005438060e-02,1.240358338911943387e-01,9.313022881454070534e-01
4.335133000000000000e+09,1.229455765105518100e-01,-5.472431433184875987e-02,1.369200990493017189e-01,9.313787138274348676e-01
4.340132000000000000e+09,1.197073521232608767e-01,-5.601308235964511106e-02,1.498675939249833333e-01,9.312647295777222167e-01
4.345131000000000000e+09,1.164471748306225296e-01,-5.723878466276386551e-02,1.628751735336424755e-01,9.309572641888415045e-01
4.350130000000000000e+09,1.131663721049353255e-01,-5.840079129041109152e-02,1.759395716313283120e-01,9.304533066099202054e-01
4.355129000000000000e+09,1.098662943381883417e-01,-5.949850282608291213e-02,1.890574020422323420e-01,9.297499104745926557e-01
4.360128000000000000e+09,1.065483140764138387e-01,-6.053135125227358110e-02,2.022251601524931164e-01,9.288441985961705116e-01
4.365127000000000000e+09,1.032138252216343727e-01,-6.149880079428181323e-02,2.154392245693570462e-01,9.277333674239774952e-01
4.370126000000000000e+09,9.986424220205192270e-02,-6.240034874190198561e-02,2.286958589446248524e-01,9.264146914547893852e-01
4.375125000000000000e+09,9.650099911110260331e-02,-6.323552624783465581e-02,2.419912139609771418e-01,9.248855275933214326e-01
4.380124000000000000e+09,9.312554881614663882e-02,-6.400389910164594465e-02,2.553213294796419786e-01,9.231433194558924527e-01
4.385123000000000000e+09,8.973936203749877105e-02,-6.470506847814329332e-02,2.686821368476161043e-01,9.211856016112478507e-01
4.390122000000000000e+09,8.634392639862482899e-02,-6.533867165907841779e-02,2.820694613624215585e-01,9.190100037527535459e-01
4.395121000000000000e+09,8.294074544833342222e-02,-6.590438272706440614e-02,2.954790248921855822e-01,9.166142547961618758e-01
4.400120000000000000e+09,7.953133765584194381e-02,-6.640191323068737883e-02,3.089064486486048922e-01,9.139961868972713566e-01
4.405119000000000000e+09,7.611723537962365727e-02,-6.683101281976944197e-02,3.223472561102194711e-01,9.111537393838264887e-01
4.410118000000000000e+09,7.269998381099324058e-02,-6.719146984980044202e-02,3.357968760930538088e-01,9.080849625961944227e-01
4.415117000000000000e+09,6.928113989342578327e-02,-6.748311195458590872e-02,3.492506459656897766e-01,9.047880216313221036e-01
4.420116000000000000e+09,6.586227121861874811e-02,-6.770580658616813519e-02,3.627038150054703869e-01,9.012611999847605082e-01
4.425115000000000000e+09,6.244495490037113572e-02,-6.785946152115833463e-02,3.761515478924459810e-01,8.975029030854767553e-01
4.430114000000000000e+09,5.903077642734184255e-02,-6.794402533259996657e-02,3.895889283374406875e-01,8.935116617184063470e-01
4.435113000000000000e+09,5.562132849584043581e-02,-6.795948782656914544e-02,4.030109628404365818e-01,8.892861353298459060e-01
4.440112000000000000e+09,5.221820982377080311e-02,-6.790588044272510837e-02,4.164125845753166577e-01,8.848251152107826645e-01
4.445111000000000000e+09,4.882302394693240760e-02,-6.778327661806855808e-02,4.297886573968152657e-01,8.801275275535905829e-01
4.450110000000000000e+09,4.543737799884525752e-02,-6.759179211322775827e-02,4.431339799653672973e-01,8.751924363774782334e-01
4.455109000000000000e+09,4.206288147537914912e-02,-6.733158530058935831e-02,4.564432899853870240e-01,8.700190463184009904e-01
4.460108000000000000e+09,3.870114498539378028e-02,-6.700285741369048365e-02,4.697112685523389675e-01,8.646067052791431840e-01
4.465107000000000000e+09,3.535377898869548896e-02,-6.660585275727465282e-02,4.829325446038388869e-01,8.589549069355953970e-01
4.470106000000000000e+09,3.202239252259305585e-02,-6.614085887749977799e-02,4.961016994698475013e-01,8.530632930952710691e-01
4.475105000000000000e+09,2.870859191837474289e-02,-6.560820669180643383e-02,5.092132715168889989e-01,8.469316559044186565e-01
4.480104000000000000e+09,2.541397950904071557e-02,-6.500827057801043807e-02,5.222617608811368495e-01,8.405599399001489891e-01
4.485103000000000000e+09,2.214015232963310528e-02,-6.434146842222301932e-02,5.352416342850229158e-01,8.339482439042321671e-01
4.490102000000000000e+09,1.888870081153659966e-02,-6.360826162525827498e-02,5.481473299319253867e-01,8.270968227554332808e-01
4.495101000000000000e+09,1.566120747213633688e-02,-6.280915506721104768e-02,5.609732624734068418e-01,8.200060888773542667e-01
4.500100000000000000e+09,1.245924560118807402e-02,-6.194469702996613369e-02,5.737138280433750070e-01,8.126766136790507522e-01
4.505099000000000000e+09,9.284377945337308341e-03,-6.101547907742225357e-02,5.863634093533363068e-01,8.051091287857932155e-01
4.510098000000000000e+09,6.138155392187377365e-03,-6.002213589326380050e-02,5.989163808429571745e-01,7.973045270976076848e-01
4.515097000000000000e+09,3.022115655301156351e-03,-5.896534507618179932e-02,6.113671138800220728e-01,7.892638636734133906e-01
4.520096000000000000e+09,-6.221803840053368156e-05,-5.784582689245911652e-02,6.237099820037206310e-01,7.809883564387360977e-01
4.525095000000000000e+09,-3.113338257455121241e-03,-5.666434398591974064e-02,6.359393662052326146e-01,7.724793867152710547e-01
4.530094000000000000e+09,-6.129754669444277201e-03,-5.542170104524748314e-02,6.480496602394337780e-01,7.637384995707054980e-01
4.535093000000000000e+09,-9.109995337935753237e-03,-5.411874442878421981e-02,6.600352759615766285e-01,7.547674039874158192e-01
4.540092000000000000e+09,-1.205260801135080335e-02,-5.275636174688561053e-02,6.718906486826354829e-01,7.455679728489660318e-01
4.545091000000000000e+09,-1.495616140233246849e-02,-5.133548140205835414e-02,6.836102425370718105e-01,7.361422427434000104e-01
4.550090000000000000e+09,-1.781924645620884540e-02,-4.985707208705341537e-02,6.951885558566857082e-01,7.264924135826675844e-01
4.555089000000000000e+09,-2.064047760712153096e-02,-4.832214224120551238e-02,7.066201265441469648e-01,7.166208480376476953e-01
4.560088000000000000e+09,-2.341849402044068190e-02,-4.673173946533143441e-02,7.178995374399406160e-01,7.065300707885231457e-01
4.565087000000000000e+09,-2.615196082003609299e-02,-4.508694989553303084e-02,7.290214216762087585e-01,6.962227675904025803e-01
4.570086000000000000e+09,-2.883957029904824290e-02,-4.338889753632394625e-02,7.399804680112055388e-01,6.857017841543697756e-01
4.575085000000000000e+09,-3.148004311278083250e-02,-4.163874355354110768e-02,7.507714261378672926e-01,6.749701248443149559e-01
4.580084000000000000e+09,-3.407212945232761941e-02,-3.983768552750759778e-02,7.613891119601952084e-01,6.640309511901338890e-01
4.585083000000000000e+09,-3.661461019762287522e-02,-3.798695666702950335e-02,7.718284128310348713e-01,6.528875802181215438e-01
4.590082000000000000e+09,-3.910629804856638470e-02,-3.608782498478677742e-02,7.820842927448745652e-01,6.415434825995266488e-01
4.595081000000000000e+09,-4.154603863290506904e-02,-3.414159243476778266e-02,7.921517974793976791e-01,6.300022806185713309e-01
4.600080000000000000e+09,-4.393271158958918926e-02,-3.214959401241183901e-02,8.020260596794489549e-01,6.182677459613258319e-01
4.605079000000000000e+09,-4.626523162632367736e-02,-3.011319681819381311e-02,8.117023038771684629e-01,6.063437973271400550e-01
4.610078000000000000e+09,-4.854254955005610217e-02,-2.803379908540080609e-02,8.211758514421257926e-01,5.942344978644918951e-01
4.615077000000000000e+09,-5.076365326918499260e-02,-2.591282917291082635e-02,8.304421254552986076e-01,5.819440524333269193e-01
4.620076000000000000e+09,-5.292756876626535795e-02,-2.375174452382433285e-02,8.394966555007357112e-01,5.694768046962133123e-01
4.625075000000000000e+09,-5.503336104004327711e-02,-2.155203059082540923e-02,8.483350823690555265e-01,5.568372340407973242e-01
4.630074000000000000e+09,-5.708013501565926268e-02,-1.931519972920392458e-02,8.569531626666574420e-01,5.440299523362744916e-01
4.635073000000000000e+09,-5.906703642190371667e-02,-1.704279005851491030e-02,8.653467733249128324e-01,5.310597005267462256e-01
4.640072000000000000e+09,-6.099325263440855821e-02,-1.473636429385014740e-02,8.735119160035283992e-01,5.179313450646605421e-01
4.645071000000000000e+09,-6.285801348372524466e-02,-1.239750854780190086e-02,8.814447213823843885e-01,5.046498741875521388e-01
4.650070000000000000e+09,-6.466059202725119026e-02,-1.002783110416136450e-02,8.891414533363005690e-01,4.912203940416431380e-01
4.655069000000000000e+09,-6.640030528399305798e-02,-7.628961164496737488e-03,8.965985129872702242e-01,4.776481246559794447e-01
4.660068000000000000e+09,-6.807651493121144592e-02,-5.202547568723707959e-03,9.038124426287736934e-01,4.639383957709969364e-01
4.665067000000000000e+09,-6.968862796199387644e-02,-2.750257490888633870e-03,9.107799295169969334e-01,4.500966425255584213e-01
4.670066000000000000e+09,-7.123609730288231467e-02,-2.737751113560891992e-04,9.174978095237339426e-01,4.361284010068202655e-01
4.675065000000000000e+09,-7.271842239067424774e-02,2.225199733355051352e-03,9.239630706461520182e-01,4.220393036671490905e-01
4.680064000000000000e+09,-7.413514970758416922e-02,4.744952921785768572e-03,9.301728563684483753e-01,4.078350746129586479e-01
4.685063000000000000e+09,-7.548587327397879299e-02,7.283757438522119737e-03,9.361244688707600625e-01,3.935215247700575292e-01
4.690062000000000000e+09,-7.677023509794528300e-02,9.839874783595384949e-03,9.418153720807516116e-01,3.791045469305180937e-01
4.695061000000000000e+09,-7.798792558098602279e-02,1.241155639894307369e-02,9.472431945635365613e-01,3.645901106861794694e-01
4.700060000000000000e+09,-7.913868387918293612e-02,1.499704511054116701e-02,9.524057322456103147e-01,3.499842572540606267e-01
4.705059000000000000e+09,-8.022229821921648962e-02,1.759457658477962469e-02,9.573009509688137353e-01,3.352930941990897584e-01
4.710058000000000000e+09,-8.123860616865884177e-02,2.020238079766548817e-02,9.619269888703730897e-01,3.205227900597104052e-01
4.715057000000000000e+09,-8.218749486001972193e-02,2.281868351537458262e-02,9.662821585852977568e-01,3.056795688821354884e-01
4.720056000000000000e+09,-8.306890116805587532e-02,2.544170778466373420e-02,9.703649492676111876e-01,2.907697046690704279e-01
4.725055000000000000e+09,-8.388281183991883050e-02,2.806967543166812365e-02,9.741740284270441474e-01,2.757995157488551397e-01
4.730054000000000000e+09,-8.462926357774414043e-02,3.070080856752811435e-02,9.777082435780084513e-01,2.607753590712642566e-01
4.735053000000000000e+09,-8.530834307333427791e-02,3.333333109933549199e-02,9.809666236979234233e-01,2.457036244360917276e-01
4.740052000000000000e+09,-8.592018699466416609e-02,3.596547024481192706e-02,9.839483804920569066e-01,2.305907286609500673e-01
4.745051000000000000e+09,-8.646498192394172499e-02,3.859545804919450873e-02,9.866529094623790463e-01,2.154431096947695967e-01
4.750050000000000000e+09,-8.694296424706436655e-02,4.122153290269998244e-02,9.890797907780380926e-01,2.002672206834992252e-01
4.755049000000000000e+09,-8.735441999428363025e-02,4.384194105699615318e-02,9.912287899452604245e-01,1.850695239948328408e-01
4.760048000000000000e+09,-8.769968463204542986e-02,4.645493813908874864e-02,9.930998582749051007e-01,1.698564852085718280e-01
4.765047000000000000e+09,-8.797914280591231928e-02,4.905879066097153934e-02,9.946931331457453673e-01,1.546345670796722416e-01
4.770046000000000000e+09,-8.819322803462649463e-02,5.165177752346181844e-02,9.960089380621968136e-01,1.394102234807118035e-01
4.775045000000000000e+09,-8.834242235535774701e-02,5.423219151257486353e-02,9.970477825051188292e-01,1.241898933310342928e-01
4.780044000000000000e+09,-8.842725592026882964e-02,5.679834078680091186e-02,9.978103615746960475e-01,1.089799945194355885e-01
4.785043000000000000e+09,-8.844830654456363461e-02,5.934855035367510995e-02,9.982975554246369398e-01,9.378691782772737018e-02
4.790042000000000000e+09,-8.840619920626634209e-02,6.188116353400298364e-02,9.985104284871519909e-01,7.861702086221394881e-02
4.795041000000000000e+09,-8.830160549799394298e-02,6.439454341208149246e-02,9.984502284883345347e-01,6.347662200048584391e-02
4.800040000000000000e+09,-8.813524303108440094e-02,6.688707427035360531e-02,9.981183852539777801e-01,4.837199436067984165e-02
4.805039000000000000e+09,-8.790787479245940061e-02,6.935716300679620194e-02,9.975165093059861210e-01,3.330935980060970719e-02
4.810038000000000000e+09,-8.762030845467080886e-02,7.180324053349379509e-02,9.966463902497689764e-01,1.829488295405625603e-02
4.815037000000000000e+09,-8.727339563966249325e-02,7.422376315474799036e-02,9.955099949533819936e-01,3.334665311585141914e-03
4.820036000000000000e+09,-8.686803113677474264e-02,7.661721392314421730e-02,9.941094655193255525e-01,-1.156526064674206350e-02
4.825035000000000000e+09,-8.640515207563144451e-02,7.898210397200383648e-02,9.924471170501956152e-01,-2.639893725945287317e-02
4.830034000000000000e+09,-8.588573705457087926e-02,8.131697382261113272e-02,9.905254352096448667e-01,-4.116048742511232289e-02
4.835033000000000000e+09,-8.531080522535906818e-02,8.362039466471909988e-02,9.883470735804043006e-01,-5.584412026997238876e-02
4.840032000000000000e+09,-8.468141533496480189e-02,8.589096960873933428e-02,9.859148508212892681e-01,-7.044413673431362821e-02
4.845031000000000000e+09,-8.399866472522282690e-02,8.812733490815587156e-02,9.832317476254563982e-01,-8.495493507042681247e-02
4.850030000000000000e+09,-8.326368829130036120e-02,9.032816115063015128e-02,9.803009034824005097e-01,-9.937101624488522966e-02
4.855029000000000000e+09,-8.247765739990370326e-02,9.249215441633051871e-02,9.771256132464437583e-01,-1.136869892380346497e-01
4.860028000000000000e+09,-8.164177876821168689e-02,9.461805740208617532e-02,9.737093235147464831e-01,-1.278975762335338717e-01
4.865027000000000000e+09,-8.075729330462583233e-02,9.670465050987843425e-02,9.700556288180791631e-01,-1.419976176910396071e-01
4.870026000000000000e+09,-7.982547491241086257e-02,9.875075289835236192e-02,9.661682676279300663e-01,-1.559820772949725709e-01
4.875025000000000000e+09,-7.884762925740408657e-02,1.007552234959600695e-01,9.620511181837487769e-01,-1.698460467726411460e-01
4.880024000000000000e+09,-7.782509250099851894e-02,1.027169619743971973e-01,9.577081941442815438e-01,-1.835847505748901265e-01
4.885023000000000000e+09,-7.675922999966226790e-02,1.046349096811161061e-01,9.531436400674347942e-01,-1.971935504127368954e-01
4.890022000000000000e+09,-7.565143497232253156e-02,1.065080505295927238e-01,9.483617267231230219e-01,-2.106679496434207821e-01
4.895021000000000000e+09,-7.450312713692983091e-02,1.083354118461956200e-01,9.433668462439297464e-01,-2.240035974995102097e-01
4.900020000000000000e+09,-7.331575131766458753e-02,1.101160651724636397e-01,9.381635071186649188e-01,-2.371962931548696474e-01
4.905019000000000000e+09,-7.209077602420892183e-02,1.118491270216886435e-01,9.327563290340363800e-01,-2.502419896213579631e-01
4.910018000000000000e+09,-7.082969200458856529e-02,1.135337595887257883e-01,9.271500375700596486e-01,-2.631367974703739399e-01
4.915017000000000000e+09,-6.953401077313196843e-02,1.151691714119993937e-01,9.213494587549184711e-01,-2.758769883734262240e-01
4.920016000000000000e+09,-6.820526311513294693e-02,1.167546179867251233e-01,9.153595134852494652e-01,-2.884589984562856424e-01
4.925015000000000000e+09,-6.684499756984443875e-02,1.182894023284476875e-01,9.091852118181770193e-01,-3.008794314611720200e-01
4.930014000000000000e+09,-6.545477889346437705e-02,1.197728754859918171e-01,9.028316471414020716e-01,-3.131350617119404434e-01
4.935013000000000000e+09,-6.403618650384476640e-02,1.212044370030052054e-01,8.963039902281534355e-01,-3.252228368771244993e-01
4.940012000000000000e+09,-6.259081290860477043e-02,1.225835353273980327e-01,8.896074831837522678e-01,-3.371398805262699749e-01
4.945011000000000000e+09,-6.112026211851683682e-02,1.239096681678741874e-01,8.827474332909124310e-01,-3.488834944747935540e-01
4.950010000000000000e+09,-5.962614804786955242e-02,1.251823827970048042e-01,8.757292067610776831e-01,-3.604511609132725058e-01
4.955009000000000000e+09,-5.811009290373626152e-02,1.264012763002144990e-01,8.685582223991860085e-01,-3.718405443169337521e-01
4.960008000000000000e+09,-5.657372556595822305e-02,1.275659957701779923e-01,8.612399451895160762e-01,-3.830494931316487661e-01
4.965007000000000000e+09,-5.501867995976787024e-02,1.286762384461775099e-01,8.537798798104901943e-01,-3.940760412327840023e-01
4.970006000000000000e+09,-5.344659342293661686e-02,1.297317517980242363e-01,8.461835640862993557e-01,-4.049184091537190167e-01
4.975005000000000000e+09,-5.185910506943432891e-02,1.307323335542530662e-01,8.384565623835864567e-01,-4.155750050809203788e-01
4.980004000000000000e+09,-5.025785415152711488e-02,1.316778316742867327e-01,8.306044589613855722e-01,-4.260444256129405916e-01
4.985003000000000000e+09,-4.864447842226620605e-02,1.325681442644678076e-01,8.226328512827733030e-01,-4.363254562807942216e-01
4.990002000000000000e+09,-4.702061250044074769e-02,1.334032194377615943e-01,8.145473432967805794e-01,-4.464170718277029604e-01
4.995001000000000000e+09,-4.538788623989336440e-02,1.341830551171775965e-01,8.063535386991591558e-01,-4.563184362462138766e-01
5.000000000000000000e+09,-4.374792310529848627e-02,1.349076987828689012e-01,7.980570341808437274e-01,-4.660289025713029165e-01
