 time                     v(src0)                  v(out0)                  i(V0)                    v(src1)                  v(out1)                  i(V1)                    v(src2)                  v(out2)                  i(V2)                    v(src3)                  v(out3)                  i(V3)                    v(src4)                  v(out4)                  i(V4)                   
 0.00000000000000000e+00 -7.00000000000000067e-01 -7.00000000000000067e-01  0.00000000000000000e+00 -2.00000000000000011e-01 -2.00000000000000011e-01  0.00000000000000000e+00 -6.89655172413797170e-03 -6.89655172413797170e-03  0.00000000000000000e+00  3.12500000000000000e-01  3.12500000000000000e-01  0.00000000000000000e+00 -1.00000000000000006e-01 -1.00000000000000006e-01  0.00000000000000000e+00 
 1.30000000000000003e-11 -5.93636363636363740e-01 -6.99242945390348924e-01 -1.05606581753985105e-04 -2.00000000000000011e-01 -1.99999999999999928e-01  9.31736241979730373e-20 -3.37931034482759143e-02 -7.08799082083116840e-03  2.67051126274447436e-05  3.12500000000000000e-01  3.12499999999999778e-01 -2.40557357020221344e-19 -8.55555555555555652e-02 -9.98971901147388402e-02 -1.43416345591832909e-05 
 2.60000000000000007e-11 -4.87272727272727302e-01 -6.96988576118828251e-01 -2.09715848846101042e-04 -2.00000000000000011e-01 -1.99999999999999845e-01  1.27054942088145051e-19 -6.06896551724138283e-02 -7.65806121133052759e-03  5.30315939610833144e-05  3.12500000000000000e-01  3.12499999999999833e-01 -1.86347248395946075e-19 -7.11111111111111110e-02 -9.95910412013225055e-02 -2.84799300902113808e-05 
 3.90000000000000010e-11 -3.80909090909090864e-01 -6.93512029612938452e-01 -3.12602938703847603e-04 -2.00000000000000039e-01 -1.99999999999999817e-01  1.77147559196037009e-19 -8.75862068965517632e-02 -8.53718791396932027e-03  7.90490189825824143e-05  3.12500000000000000e-01  3.12499999999999833e-01 -1.62630325872825641e-19 -5.66666666666666846e-02 -9.91189176017572143e-02 -4.24522509350905365e-05 
 5.20000000000000014e-11 -2.74545454545454481e-01 -6.88943310645798501e-01 -4.14397856100344041e-04 -2.00000000000000039e-01 -1.99999999999999789e-01  2.10141271294244660e-19 -1.14482758620689712e-01 -9.69249615853343648e-03  1.04790262462156261e-04  3.12500000000000000e-01  3.12499999999999833e-01 -1.62630325872825641e-19 -4.22222222222222374e-02 -9.84984742852320488e-02 -5.62762520630098024e-05 
 6.50000000000000082e-11 -1.68181818181818099e-01 -6.82599321382614921e-01 -5.14417503200796872e-04 -1.99999999999999956e-01 -1.99999999999999761e-01  2.53617195001820621e-19 -1.41379310344827702e-01 -1.12967233285338354e-02  1.30082587016293842e-04  3.12499999999999944e-01  3.12499999999999833e-01 -1.62630325872825689e-19 -2.77777777777777762e-02 -9.76369448791207240e-02 -6.98591671013429723e-05 
 7.80000000000000150e-11 -6.18181818181816611e-02 -6.75720607891255987e-01 -6.13902426073074112e-04 -2.00000000000000039e-01 -1.99999999999999706e-01  2.98642746929240454e-19 -1.68275862068965748e-01 -1.30361681194522613e-02  1.55239693949513408e-04  3.12500000000000111e-01  3.12499999999999833e-01 -1.62630325872825689e-19 -1.33333333333333082e-02 -9.67027986025163766e-02 -8.33694652691830790e-05 
 9.10000000000000218e-11  4.45454545454546658e-02 -6.66558860222203675e-01 -7.11104314767658282e-04 -2.00000000000000039e-01 -1.99999999999999678e-01  3.12622007318158159e-19 -1.95172413793103711e-01 -1.53529318978333149e-02  1.79819481895270332e-04  3.12500000000000111e-01  3.12499999999999833e-01 -1.62630325872825689e-19  1.11111111111114602e-03 -9.54586106474598906e-02 -9.65697217585710578e-05 
 1.04000000000000029e-10  1.50909090909091215e-01 -6.57246400038827838e-01 -8.08155490947919217e-04 -2.00000000000000178e-01 -1.99999999999999789e-01  3.29923736082984986e-19 -2.22068965517241618e-01 -1.77078068867330164e-02  2.04361158630508594e-04  3.12499999999999556e-01  3.12499999999999667e-01 -1.71956494547492881e-19  1.55555555555555725e-02 -9.41939555608286017e-02 -1.09749511116384170e-04 
 1.17000000000000035e-10  1.83846153846153992e-01 -6.46414419068325752e-01 -8.30260572914480704e-04 -2.00000000000000011e-01 -1.99999999999999428e-01  3.44610870986184778e-19 -2.48965517241379858e-01 -2.05207110914960369e-02  2.28444806149883214e-04  3.12500000000000833e-01  3.12499999999999722e-01 -3.17579553550999930e-19  3.00000000000001099e-02 -9.26833218212334276e-02 -1.22683321821233783e-04 
 1.30000000000000042e-10  1.53846153846153688e-01 -6.35909313885755445e-01 -7.89755467731910119e-04 -2.00000000000000011e-01 -1.99999999999999734e-01  3.04138925268773625e-19 -2.75862068965517293e-01 -2.36595813494148884e-02  2.52202487616102642e-04  3.12499999999999722e-01  3.12499999999999500e-01 -6.02654680809224184e-19  4.44444444444444392e-02 -9.09976322382771569e-02 -1.35442076682721908e-04 
 1.43000000000000049e-10  1.23846153846153662e-01 -6.26065700428321326e-01 -7.49911854274475619e-04 -1.99999999999999956e-01 -1.99999999999999567e-01  3.35375859826340985e-19 -3.02758620689655422e-01 -2.71864399763920295e-02  2.75572180713263225e-04  3.12500000000000056e-01  3.12499999999999500e-01 -6.50521303491302372e-19  5.88888888888889767e-02 -8.91035785311968115e-02 -1.47992467420085902e-04 
 1.56000000000000056e-10  9.38461538461537459e-02 -6.16406261724849802e-01 -7.10252415571003691e-04 -2.00000000000000039e-01 -1.99999999999999650e-01  3.79470760369926456e-19 -3.29655172413793218e-01 -3.08213236317960403e-02  2.98833848781997137e-04  3.12500000000000111e-01  3.12499999999999334e-01 -6.50521303491302949e-19  7.33333333333333337e-02 -8.71515113829243737e-02 -1.60484844716257707e-04 
 1.69000000000000063e-10  6.38461538461537192e-02 -6.07817583559616348e-01 -6.71663737405770204e-04 -2.00000000000000039e-01 -1.99999999999999650e-01  3.79470760369926456e-19 -3.56551724137931181e-01 -3.50842463375713592e-02  3.21467477800359747e-04  3.12500000000000111e-01  3.12499999999999334e-01 -6.50521303491302949e-19  8.77777777777777879e-02 -8.48621640038968866e-02 -1.72639941781674658e-04 
 1.82000000000000069e-10  3.38461538461536926e-02 -5.99228905394382894e-01 -6.33075059240536609e-04 -2.00000000000000039e-01 -1.99999999999999650e-01  3.79470760369926456e-19 -3.83448275862069143e-01 -3.93471690433466886e-02  3.44101106818722410e-04  3.12500000000000111e-01  3.12499999999999334e-01 -6.50521303491302949e-19  1.02222222222222242e-01 -8.25728166248693995e-02 -1.84795038847091636e-04 
 1.95000000000000076e-10  3.84615384615361044e-03 -5.90940365494229680e-01 -5.94786519340385401e-04 -1.99999999999999289e-01 -2.00000000000000483e-01  3.05279432978948163e-19 -3.80882352941175895e-01 -4.36983801503602678e-02  3.37183972790817206e-04  3.12500000000002665e-01  3.12499999999998002e-01 -5.02138648709344341e-19  1.16666666666666419e-01 -8.01889283100405970e-02 -1.96855594976706098e-04 
 2.08000000000000083e-10 -2.61538461538464162e-02 -5.83455605651166942e-01 -5.57301759497318507e-04 -2.00000000000000788e-01 -2.00000000000000039e-01  3.19991816173007328e-19 -3.31176470588235072e-01 -4.77270299990998972e-02  2.83449440589135558e-04  3.12499999999998779e-01  3.12499999999999223e-01 -5.31563415097464599e-19  1.31111111111111456e-01 -7.75518562875091855e-02 -2.08662967398619845e-04 
 2.21000000000000090e-10 -5.61538461538463318e-02 -5.76462544843423186e-01 -5.20308698689576064e-04 -1.99999999999999817e-01 -1.99999999999999872e-01  4.00707696659804972e-19 -2.81470588235293806e-01 -5.10508275890147745e-02  2.30419760646279189e-04  3.12500000000000722e-01  3.12499999999998945e-01 -6.92995176071060272e-19  1.45555555555555827e-01 -7.47599033572759197e-02 -2.20315458912832005e-04 
 2.34000000000000071e-10 -8.61538461538466360e-02 -5.69922855304051623e-01 -4.83769009150200016e-04 -1.90526315789474654e-01 -1.99978391306098596e-01 -9.45207551662579325e-06 -2.31764705882351540e-01 -5.37247159058904106e-02  1.78039989976462847e-04  3.12500000000001665e-01  3.12500000000001665e-01 -4.42756379897279297e-19  1.60000000000000142e-01 -7.18251424316476983e-02 -2.31825142431646539e-04 
 2.47000000000000078e-10 -1.16153846153846330e-01 -5.63904322723639106e-01 -4.47750476569794167e-04 -1.59736842105262733e-01 -1.99626953945636926e-01 -3.98901118403742006e-05 -1.82058823529411606e-01 -5.56515239290476180e-02  1.26407299600363870e-04  3.12500000000000000e-01  3.12499999999999112e-01 -6.58046451457686585e-19  1.74444444444444624e-01 -6.87262216092898448e-02 -2.43170666053734374e-04 
 2.60000000000000084e-10 -1.46153846153846356e-01 -5.58281056013418153e-01 -4.12127209859573167e-04 -1.28947368421052255e-01 -1.98941490847521746e-01 -6.99941224264695504e-05 -1.32352941176470340e-01 -5.70117169673731022e-02  7.53412242090970713e-05  3.12500000000000000e-01  3.12499999999999056e-01 -7.03960303166508123e-19  1.88888888888889050e-01 -6.55027954851900712e-02 -2.54391684374079079e-04 
 2.73000000000000091e-10 -1.76153846153846494e-01 -5.53451996423665937e-01 -3.77298150269819244e-04 -9.81578947368418886e-02 -1.97584870335444335e-01 -9.94269755986026699e-05 -8.26470588235290737e-02 -5.72334113660310506e-02  2.54136474574981602e-05  3.12500000000000000e-01  3.12499999999999556e-01 -7.04731412115577112e-19  2.03333333333333310e-01 -6.20292010449329800e-02 -2.65362534378266299e-04 
 2.86000000000000098e-10 -2.06153846153846521e-01 -5.48636503138939413e-01 -3.42482656985092703e-04 -6.73684210526314109e-02 -1.96216785400593619e-01 -1.28848364347962591e-04 -3.29411764705878074e-02 -5.74356584197586520e-02 -2.44944819491707978e-05  3.12500000000000000e-01  3.12499999999999556e-01 -7.04731412115577112e-19  2.17777777777777737e-01 -5.85513333369130223e-02 -2.76329111114690762e-04 
 2.99000000000000105e-10 -2.36153846153846714e-01 -5.44480580742920384e-01 -3.08326734589073857e-04 -3.65789473684207112e-02 -1.94291319550133679e-01 -1.57712372181712922e-04  1.67647058823534589e-02 -5.66924083352645380e-02 -7.34571142176180820e-05  3.12499999999999667e-01  3.12499999999999389e-01 -6.90679314807479006e-19  2.32222222222222219e-01 -5.48657065514913111e-02 -2.87087928773713697e-04 
 3.12000000000000112e-10 -2.66153846153846740e-01 -5.40725794888983646e-01 -2.74571948735137039e-04 -5.78947368421012243e-03 -1.92026866856958411e-01 -1.86237393172748169e-04  6.64705882352947253e-02 -5.53741276375819408e-02 -1.21844715872876678e-04  3.12499999999999667e-01  3.12499999999999389e-01 -6.68081040250381386e-19  2.46666666666666701e-01 -5.10537252538830061e-02 -2.97720391920549849e-04 
 3.25000000000000118e-10 -2.96153846153846767e-01 -5.37198879490094594e-01 -2.41045033336247778e-04  2.50000000000003553e-02 -1.89569848595701029e-01 -2.14569848595701424e-04  1.16176470588235548e-01 -5.37291938585988255e-02 -1.69905664446834501e-04  3.12500000000000111e-01  3.12499999999999445e-01 -6.45333398418666814e-19  2.61111111111111238e-01 -4.71699667503392983e-02 -3.08281077861450670e-04 
 3.38000000000000125e-10 -3.26153846153846794e-01 -5.34466112188570874e-01 -2.08312266034723975e-04  5.57894736842108330e-02 -1.86441722798896481e-01 -2.42231196483107486e-04  1.65882352941176814e-01 -5.09458460497682619e-02 -2.16828198990945105e-04  3.12500000000000111e-01  3.12499999999999445e-01 -6.22065198812490903e-19  2.75555555555555665e-01 -4.30360585224006803e-02 -3.18591614077956466e-04 
 3.51000000000000132e-10 -3.56153846153846820e-01 -5.31733344887047155e-01 -1.75579498733200281e-04  8.65789473684214217e-02 -1.83313597002091988e-01 -2.69892544370513440e-04  2.15588235294118080e-01 -4.81624982409376984e-02 -2.63750733535055926e-04  3.12500000000000111e-01  3.12499999999999500e-01 -5.98796999206314895e-19  2.90000000000000091e-01 -3.89021502944620623e-02 -3.28902150294462263e-04 
 3.64000000000000139e-10 -3.86153846153846736e-01 -5.29694642255880699e-01 -1.43540796102033306e-04  1.17368421052632232e-01 -1.79598940768485926e-01 -2.96967361821117966e-04  2.65294117647059569e-01 -4.43842063392150821e-02 -3.09678323986274195e-04  3.12500000000000000e-01  3.12499999999999556e-01 -6.32052311443612468e-19  3.04444444444444406e-01 -3.45496177487445572e-02 -3.38994062193189252e-04 
 3.77000000000000146e-10 -3.77962962962961280e-01 -5.27807633308950197e-01 -1.49844670345986725e-04  1.48157894736841933e-01 -1.75629595394106663e-01 -3.23787490130949033e-04  3.15000000000001501e-01 -4.01738798145011289e-02 -3.55173879814501821e-04  3.12500000000001055e-01  3.12500000000001055e-01 -6.50521303491306223e-19  3.18888888888887279e-01 -3.01021519546336713e-02 -3.48991040843523489e-04 
 3.90000000000000153e-10 -3.37037037037037024e-01 -5.25563509672415274e-01 -1.88526472635379676e-04  1.78947368421052966e-01 -1.71218409232972268e-01 -3.50165777654025802e-04  3.64705882352940547e-01 -3.52140493370588226e-02 -3.99919931689999230e-04  3.12499999999998945e-01  3.12499999999998945e-01 -6.50521303491302660e-19  3.33333333333333759e-01 -2.54899937004046950e-02 -3.58823327033738228e-04 
 4.03000000000000159e-10 -2.96111111111110992e-01 -5.22714408611972159e-01 -2.26603297500860886e-04  2.09736842105263777e-01 -1.66394670721937227e-01 -3.76131512827200499e-04  4.14411764705882923e-01 -2.95543975071521081e-02 -4.43966162213035279e-04  3.12500000000000389e-01  3.12499999999999334e-01 -6.50521303491303142e-19  3.47777777777778185e-01 -2.07240600060857594e-02 -3.68501837783863904e-04 
 4.16000000000000166e-10 -2.55185185185184960e-01 -5.19619438202547412e-01 -2.64434253017362076e-04  2.40526315789474254e-01 -1.61403266487056302e-01 -4.01929582276530086e-04  4.64117647058824190e-01 -2.36103307329328382e-02 -4.87727977791757258e-04  3.12500000000000389e-01  3.12499999999999334e-01 -6.50521303491303142e-19  3.62222222222222667e-01 -1.58956303146443323e-02 -3.78117852536866920e-04 
 4.29000000000000173e-10 -2.14259259259258483e-01 -5.15858105342617890e-01 -3.01598846083360201e-04  2.71315789473684510e-01 -1.55957449601429377e-01 -4.27273239075114293e-04  5.13823529411765678e-01 -1.68954340848872508e-02 -5.30718963496652806e-04  3.12499999999999722e-01  3.12499999999998612e-01 -6.50521303491301697e-19  3.76666666666666039e-01 -1.08978221058643465e-02 -3.87564488772531527e-04 
 4.42000000000000180e-10 -1.73333333333332673e-01 -5.11862125567142723e-01 -3.38528792233810938e-04  3.02105263157894988e-01 -1.50351619907753836e-01 -4.52456883065649256e-04  5.63529411764706722e-01 -9.90910429686178706e-03 -5.73438516061568595e-04  3.12499999999999722e-01  3.12499999999998612e-01 -6.50521303491301697e-19  3.91111111111110521e-01 -5.84037046035795759e-03 -3.96951481571469593e-04 
 4.55000000000000187e-10 -1.32407407407406419e-01 -5.07107237450117987e-01 -3.74699830042712879e-04  3.32894736842105687e-01 -1.44228267729285597e-01 -4.77123004571391963e-04  6.13235294117648655e-01 -2.04489007714286908e-03 -6.15280184194791639e-04  3.12499999999999389e-01  3.12499999999999389e-01 -6.50521303491302660e-19  4.05555555555555391e-01 -5.90016634378409677e-04 -4.06145572189934656e-04 
 4.68000000000000142e-10 -9.14814814814806088e-02 -5.02039637559176799e-01 -4.10558156077694492e-04  3.63684210526316054e-01 -1.37891667961614145e-01 -5.01575878487930601e-04  6.62941176470589477e-01  6.18106057753198268e-03 -6.56760115893056484e-04  3.12500000000001110e-01  3.12499999999999833e-01 -6.50521303491303238e-19  4.20000000000000207e-01  4.73982344803791644e-03 -4.15260176551962156e-04 
 4.81000000000000097e-10 -5.05555555555550207e-02 -4.96506564212481294e-01 -4.45951008656924773e-04  3.94473684210526532e-01 -1.31237647807003421e-01 -5.25711332017530326e-04  7.12647058823530521e-01  1.49454582063669461e-02 -6.97701600617162891e-04  3.12500000000001110e-01  3.12499999999999833e-01 -6.50521303491303238e-19  4.34444444444444577e-01  1.01879793265144125e-02 -4.24256465117929982e-04 
 4.94000000000000052e-10 -9.62962962962943259e-03 -4.90469033183090208e-01 -4.80839403553461639e-04  4.25263157894737009e-01 -1.24239622745438927e-01 -5.49502780640175113e-04  7.62352941176470900e-01  2.42933986978124961e-02 -7.38059542478660953e-04  3.12499999999998779e-01  3.12499999999998945e-01 -6.16441330483315972e-19  4.48888888888888338e-01  1.57643601586786308e-02 -4.33124528730210827e-04 
 5.07000000000000007e-10  3.12962962962963775e-02 -4.84072417006409295e-01 -5.15368713302700207e-04  4.56052631578945600e-01 -1.16996726692867370e-01 -5.73049358271812562e-04  8.12058823529412832e-01  3.40567190753429672e-02 -7.78002104454072422e-04  3.12499999999999112e-01  3.12499999999999722e-01 -1.59870357078495244e-19  4.63333333333334374e-01  2.14320146059769345e-02 -4.41901318727357464e-04 
 5.19999999999999962e-10  7.22222222222221877e-02 -4.77086941028825595e-01 -5.49309163251047333e-04  4.86842105263158298e-01 -1.09352269383594214e-01 -5.96194374646752618e-04  8.61764705882354320e-01  4.45012163794570315e-02 -8.17263489502894204e-04  3.12500000000000888e-01  3.12499999999999112e-01 -5.42101086242752217e-20  4.77777777777775192e-01  2.72493476552437830e-02 -4.50528430122532758e-04 
 5.32999999999999917e-10  1.13148148148148664e-01 -4.69788702243824019e-01 -5.82936850391970428e-04  5.17631578947379434e-01 -1.01494529683835988e-01 -6.19126108631212757e-04  9.00000000000007794e-01  5.52838913506487062e-02 -8.44716108649350172e-04  3.12500000000000000e-01  3.12500000000000000e-01 -5.42101086242752217e-20  4.92222222222229222e-01  3.31461799328341133e-02 -4.59076042289396804e-04 
 5.45999999999999872e-10  1.54074074074073586e-01 -4.61964101169952457e-01 -6.16038175244026389e-04  5.48421052631579031e-01 -9.32778476655777844e-02 -6.41698900297157796e-04  8.99999999999998024e-01  6.61840547580899163e-02 -8.33815945241906677e-04  3.12500000000000000e-01  3.12500000000000000e-01 -5.42101086242752217e-20  5.06666666666663823e-01  3.91768049594109491e-02 -4.67489861707252831e-04 
 5.58999999999999827e-10  1.94999999999999618e-01 -4.53638599105087748e-01 -6.48638599105089207e-04  5.79210526315789620e-01 -8.47195861557058505e-02 -6.63930112471496168e-04  9.00000000000003464e-01  7.69192730258111967e-02 -8.23080726974187026e-04  3.12500000000000888e-01  3.12499999999999944e-01 -3.07712940027745736e-20  5.21111111111109082e-01  4.53347508863807258e-02 -4.75776360224729948e-04 
 5.71999999999999783e-10  2.35925925925924984e-01 -4.45089754619165445e-01 -6.81015680545090534e-04  6.10000000000000431e-01 -7.60090207134900830e-02 -6.86009020713490721e-04  9.00000000000000022e-01  8.75809453283407091e-02 -8.12419054671657814e-04  3.12499999999999667e-01  3.12499999999999667e-01  0.00000000000000000e+00  5.35555555555555451e-01  5.15494668310928217e-02 -4.84006088724462497e-04 
 5.84999999999999738e-10  2.76851851851850794e-01 -4.35684415020225313e-01 -7.12536266872076354e-04  6.40789473684210908e-01 -6.67143854240560552e-02 -7.07503859108267116e-04  9.00000000000000022e-01  9.79605764518148292e-02 -8.02039423548183772e-04  3.12499999999999667e-01  3.12499999999999667e-01  0.00000000000000000e+00  5.49999999999999933e-01  5.79818899293834400e-02 -4.92018110070616241e-04 
 5.97999999999999693e-10  3.17777777777776382e-01 -4.26279075421285236e-01 -7.44056853199061958e-04  6.71578947368421164e-01 -5.74197501346220274e-02 -7.28998697503043512e-04  9.00000000000000022e-01  1.08340207575288949e-01 -7.91659792424709622e-04  3.12499999999999667e-01  3.12499999999999667e-01  0.00000000000000000e+00  5.64444444444444304e-01  6.44143130276741138e-02 -5.00030131416769985e-04 
 6.10999999999999648e-10  3.58703703703701970e-01 -4.16728450249623961e-01 -7.75432153953277696e-04  6.98421052631588379e-01 -4.80294863943888095e-02 -7.46450539025958265e-04  9.00000000000000022e-01  1.18671996611144748e-01 -7.81328003388872703e-04  3.12500000000010048e-01  3.12500000000010048e-01  0.00000000000000000e+00  5.78888888888885900e-01  7.08836653600220523e-02 -5.08005223528845565e-04 
 6.23999999999999603e-10  3.99629629629629557e-01 -4.06418383031290631e-01 -8.06048012660921971e-04  6.77894736842104995e-01 -3.85505027938037870e-02 -7.16445239635906186e-04  8.99999999999998024e-01  1.28753703741115666e-01 -7.71246296258881530e-04  3.12500000000001277e-01  3.12500000000001277e-01  0.00000000000000000e+00  5.93333333333333712e-01  7.75460555320113820e-02 -5.15787277801319681e-04 
 6.36999999999999558e-10  4.40555555555554257e-01 -3.95663178545701766e-01 -8.36218734101261342e-04  6.57368421052632046e-01 -2.95077792733957622e-02 -6.86876200326028228e-04  8.99999999999998024e-01  1.38688828552283705e-01 -7.61311171447716243e-04  3.12500000000000000e-01  3.12500000000000000e-01  0.00000000000000000e+00  6.07777777777778860e-01  8.43215923710821103e-02 -5.23456185406696341e-04 
 6.49999999999999513e-10  4.81481481481479623e-01 -3.84693499258082716e-01 -8.66174980739567945e-04  6.36842105263158320e-01 -2.06752533733803867e-02 -6.57517358636539127e-04  8.99999999999998024e-01  1.48553327477648989e-01 -7.51446672522350975e-04  3.12500000000000000e-01  3.12500000000000000e-01  0.00000000000000000e+00  6.22222222222223231e-01  9.11516452230934915e-02 -5.31070576999129271e-04 
 6.62999999999999468e-10  5.22407407407406765e-01 -3.73084949888467965e-01 -8.95492357295873129e-04  6.16315789473685705e-01 -1.24688568354289209e-02 -6.28784646309115021e-04  9.00000000000001688e-01  1.58207448470378265e-01 -7.41792551529621468e-04  3.12500000000000000e-01  3.12500000000000611e-01 -2.71935848226307479e-20  6.36666666666666048e-01  9.81440884786738965e-02 -5.38522578187991671e-04 
 6.75999999999999423e-10  5.63333333333332131e-01 -3.61406846750779054e-01 -9.24740180084111536e-04  5.95789473684210202e-01 -4.33062698372715937e-03 -6.00120100667939690e-04  8.99999999999998690e-01  1.67838665623426864e-01 -7.32161334376574225e-04  3.12499999999999722e-01  3.12499999999999223e-01 -5.57588624816631430e-20  6.51111111111108865e-01  1.05154211172978684e-01 -5.45956899938132372e-04 
 6.88999999999999378e-10  6.04259259259257941e-01 -3.49057661155926957e-01 -9.53316920415185100e-04  5.75263157894736699e-01  3.14990352872479562e-03 -5.72113254366014108e-04  8.99999999999998690e-01  1.77248897408801676e-01 -7.22751102591199525e-04  3.12499999999999722e-01  3.12499999999999223e-01 -8.47428977664431830e-20  6.65555555555553235e-01  1.12334912133691012e-01 -5.53220643421864391e-04 
 7.01999999999999334e-10  6.45185185185183308e-01 -3.36581818064798255e-01 -9.81767003249979855e-04  5.54736842105264527e-01  1.05063024225899304e-02 -5.44230539682674349e-04  9.00000000000003353e-01  1.86617421274256401e-01 -7.13382578725743903e-04  3.12500000000000000e-01  3.12500000000000000e-01 -1.08420217248550443e-19  6.79999999999996385e-01  1.19547807373827641e-01 -5.60452192626171544e-04 
 7.14999999999999289e-10  6.86111111111109118e-01 -3.23540858974304846e-01 -1.00965197008541204e-03  5.34210526315790801e-01  1.73088551900747456e-02 -5.16901671125715714e-04  9.00000000000003353e-01  1.95799854197285628e-01 -7.04200145802714723e-04  3.12500000000000000e-01  3.12500000000000000e-01 -1.08420217248550443e-19  6.94444444444440756e-01  1.26904345927035422e-01 -5.67540098517408157e-04 
 7.27999999999999244e-10  7.27037037037031819e-01 -3.10287377258566699e-01 -1.03732441429560222e-03  5.13684210526317298e-01  2.39031235825067911e-02 -4.89781086943810555e-04  8.99999999999997580e-01  2.04912304080261565e-01 -6.95087695919738660e-04  3.12499999999999334e-01  3.12500000000000222e-01 -1.08420217248550443e-19  7.08888888888889790e-01  1.34314904281535419e-01 -5.74573984607352345e-04 
 7.40999999999999199e-10  7.67962962962957629e-01 -2.96495988282099443e-01 -1.06445895124506070e-03  4.93157894736843572e-01  2.99702119746517170e-02 -4.63187682762191940e-04  8.99999999999997580e-01  2.13847622773890411e-01 -6.86152377226109818e-04  3.12499999999999334e-01  3.12500000000000222e-01 -1.08420217248550443e-19  7.23333333333334161e-01  1.41862189929446436e-01 -5.81471143403885734e-04 
 7.53999999999999154e-10  8.08888888888883439e-01 -2.82704599305632076e-01 -1.09159348819451939e-03  4.72631578947370068e-01  3.60373003667966429e-02 -4.36594278580573541e-04  8.99999999999997580e-01  2.22782941467519258e-01 -6.77217058532480977e-04  3.12499999999999334e-01  3.12500000000000222e-01 -1.08420217248550443e-19  7.37777777777778643e-01  1.49409475577357453e-01 -5.88368302200419123e-04 
 7.66999999999999109e-10  8.49814814814811692e-01 -2.68067200285051599e-01 -1.11788201509986532e-03  4.52105263157896564e-01  4.12752503407443072e-02 -4.10830012817152770e-04  9.00000000000000910e-01  2.31439671682699133e-01 -6.68560328317299897e-04  3.12500000000000167e-01  3.12499999999999944e-01 -8.85258533011892611e-20  7.52222222222222903e-01  1.57171803244543107e-01 -5.95050418977677818e-04 
 7.79999999999999064e-10  8.90740740740737502e-01 -2.53413311276938780e-01 -1.14415405201767823e-03  4.31578947368422838e-01  4.64970391801114435e-02 -3.85081908188312106e-04  9.00000000000000910e-01  2.40090971796229347e-01 -6.59909028203769696e-04  3.12500000000000167e-01  3.12499999999999944e-01 -6.82437187643926066e-20  7.66666666666667274e-01  1.64938322398865356e-01 -6.01728344267799973e-04 
 7.92999999999999019e-10  9.31666666666665311e-01 -2.38474342290418972e-01 -1.17014100895708462e-03  4.11052631578948668e-01  5.14394332723352721e-02 -3.59613198306613265e-04  9.00000000000000022e-01  2.48648395958790236e-01 -6.51351604041209837e-04  3.12499999999999667e-01  3.12500000000000833e-01 -4.83421679234081021e-20  7.81111111111110756e-01  1.72777304255773922e-01 -6.08333806855337607e-04 
 8.05999999999998974e-10  9.72592592592591121e-01 -2.22895109935825952e-01 -1.19548770252841767e-03  3.90526315789475165e-01  5.57543325021412073e-02 -3.34771983287333917e-04  9.00000000000000022e-01  2.56994983383939946e-01 -6.43005016616060186e-04  3.12499999999999667e-01  3.12500000000000888e-01 -2.92953730013654826e-20  7.95555555555555127e-01  1.80779030666953999e-01 -6.14776524888601805e-04 
 8.18999999999998930e-10  1.01351851851851649e+00 -2.07315877581232821e-01 -1.22083439609975029e-03  3.70000000000001439e-01  6.00692317319470870e-02 -3.09930768268054354e-04  9.00000000000000022e-01  2.65341570809089655e-01 -6.34658429190910426e-04  3.12499999999999667e-01  3.12500000000000888e-01 -1.02485780793228632e-20  8.09999999999999498e-01  1.88780757078134132e-01 -6.21219242921866002e-04 
 8.31999999999998885e-10  1.05444444444444430e+00 -1.91311306662215630e-01 -1.24575575110665699e-03  3.49473684210527935e-01  6.39672747471491110e-02 -2.85506409463378392e-04  9.00000000000000022e-01  2.73548095566765070e-01 -6.26451904433234560e-04  3.12500000000001055e-01  3.12499999999999833e-01 -8.79821684271975625e-21  8.24444444444443425e-01  1.96890597647539967e-01 -6.27553846796902767e-04 
 8.44999999999998840e-10  1.09537037037037011e+00 -1.74811281315831346e-01 -1.27018165168619871e-03  3.28947368421054209e-01  6.73797439762546246e-02 -2.61567624444799130e-04  9.00000000000000022e-01  2.81591468721192562e-01 -6.18408531278806951e-04  3.12500000000001055e-01  3.12499999999999778e-01 -2.78450117647623757e-20  8.38888888888887907e-01  2.05126374689285351e-01 -6.33762514199601797e-04 
 8.57999999999998795e-10  1.13629629629629592e+00 -1.58311255969447062e-01 -1.29460755226574022e-03  3.08421052631580705e-01  7.07922132053601660e-02 -2.37628839426219868e-04  9.00000000000000022e-01  2.89634841875620164e-01 -6.10365158124379342e-04  3.12500000000001055e-01  3.12499999999999778e-01 -4.68918066868048025e-20  8.53333333333332278e-01  2.13362151731030736e-01 -6.39971181602300718e-04 
 8.70999999999998750e-10  1.17722222222221706e+00 -1.41264829501075440e-01 -1.31848705172329592e-03  2.87894736842107646e-01  7.36691779624584070e-02 -2.14225558879648685e-04  9.00000000000000022e-01  2.97498286838584147e-01 -6.02501713161417043e-04  3.12499999999999667e-01  3.12499999999999722e-01 -6.59386016088474220e-20  8.67777777777776649e-01  2.21736815067831106e-01 -6.46040962709943734e-04 
 8.83999999999998705e-10  1.21814814814814287e+00 -1.23877461669229083e-01 -1.34202560981737514e-03  2.67368421052634142e-01  7.62120006076783679e-02 -1.91156420444955162e-04  9.00000000000000022e-01  3.05249460870072209e-01 -5.94750539129928969e-04  3.12499999999999667e-01  3.12499999999999722e-01 -8.49853965308900414e-20  8.82222222222221020e-01  2.30198140164460996e-01 -6.52024082057758338e-04 
 8.96999999999998660e-10  1.25907407407406868e+00 -1.06490093837382949e-01 -1.36556416791145437e-03  2.46842105263160416e-01  7.87548232528983289e-02 -1.68087282010261421e-04  9.00000000000000022e-01  3.13000634901560382e-01 -5.86999365098440896e-04  3.12499999999999667e-01  3.12499999999999722e-01 -1.04032191452932661e-19  8.96666666666665502e-01  2.38659465261090886e-01 -6.58007201405572941e-04 
 9.09999999999998615e-10  1.30000000000001714e+00 -8.86789529835207979e-02 -1.38867895298351975e-03  2.26315789473686690e-01  8.08823240049629799e-02 -1.45433465468727948e-04  8.99999999999987144e-01  3.20612261793826181e-01 -5.79387738206158095e-04  3.12499999999992006e-01  3.12500000000002887e-01 -2.16840434497087020e-19  8.99999999999987144e-01  2.47173147929367176e-01 -6.52826852070638236e-04 
 9.22999999999998570e-10  1.28142857142857181e+00 -7.08854163726442277e-02 -1.35231398780120667e-03  2.05789473684212521e-01  8.26142531325868429e-02 -1.23175220551626115e-04  8.99999999999998801e-01  3.28090977588792576e-01 -5.71909022411201478e-04  3.12500000000000777e-01  3.12499999999994504e-01 -2.16840434497100887e-19  8.99999999999998801e-01  2.55599813127841913e-01 -6.44400186872169482e-04 
 9.35999999999998629e-10  1.26285714285713513e+00 -5.36066155409493650e-02 -1.31646375839809988e-03  1.85263157894739239e-01  8.40311231096465688e-02 -1.01232034785091836e-04  9.00000000000005684e-01  3.35463834280570306e-01 -5.64536165719427903e-04  3.12500000000001943e-01  3.12500000000001943e-01 -2.16840434497100887e-19  9.00000000000005684e-01  2.63907201267876812e-01 -6.36092798732121561e-04 
 9.48999999999998687e-10  1.24428571428571444e+00 -3.68644093782251048e-02 -1.28115012366394410e-03  1.64736842105265069e-01  8.51195545606891896e-02 -7.96172875445757492e-05  8.99999999999998801e-01  3.42726336431749434e-01 -5.57273663568248257e-04  3.12499999999999223e-01  3.12499999999999223e-01 -2.16840434497100887e-19  8.99999999999998801e-01  2.72090247102074467e-01 -6.27909752897928093e-04 
 9.61999999999998746e-10  1.22571428571428576e+00 -2.05601842202252083e-02 -1.24627446993451569e-03  1.44210526315791121e-01  8.59399068750314743e-02 -5.82706194407597768e-05  8.99999999999998801e-01  3.49898764649365868e-01 -5.50101235350631884e-04  3.12499999999999223e-01  3.12499999999999223e-01 -2.16840434497100887e-19  8.99999999999998801e-01  2.80171801864531000e-01 -6.19828198135471465e-04 
 9.74999999999998804e-10  1.20714285714285707e+00 -4.25595906222553388e-03 -1.21139881620508727e-03  1.23684210526317395e-01  8.67602591893737451e-02 -3.69239513369435876e-05  8.99999999999998801e-01  3.57071192866982301e-01 -5.42928807133015510e-04  3.12499999999999223e-01  3.12499999999999223e-01 -2.16840434497100887e-19  8.99999999999998801e-01  2.88253356626987645e-01 -6.11746643373014946e-04 
 9.87999999999998863e-10  1.18857142857143239e+00  1.09851736453467907e-02 -1.17758625492608024e-03  1.03157894736844113e-01  8.69299145482126112e-02 -1.62279801886313843e-05  9.00000000000000022e-01  3.64024988500718349e-01 -5.35975011499281078e-04  3.12499999999999611e-01  3.12499999999999500e-01 -2.38024280925246944e-19  9.00000000000000022e-01  2.96088566477248794e-01 -6.03911433522750195e-04 
 1.00099999999999892e-09  1.17000000000000370e+00  2.61765918574923262e-02 -1.14382340814250631e-03  8.26315789473703877e-02  8.70691406900948456e-02  4.43756174272453251e-06  9.00000000000000022e-01  3.70968559992060187e-01 -5.29031440007939275e-04  3.12499999999999611e-01  3.12499999999999500e-01 -2.60198769546314047e-19  9.00000000000000022e-01  3.03912256244751267e-01 -5.96087743755247738e-04 
 1.01399999999999898e-09  1.15142857142857635e+00  4.08169509687965615e-02 -1.11061162045977997e-03  6.21052631578959957e-02  8.68710749256372539e-02  2.47658117677410777e-05  9.00000000000003131e-01  3.77798802228698882e-01 -5.22201197771300879e-04  3.12500000000000777e-01  3.12499999999999223e-01 -2.71050543121376783e-19  9.00000000000003131e-01  3.11608251938463476e-01 -5.88391748061535091e-04 
 1.02699999999999904e-09  1.13285714285714767e+00  5.49291709752566248e-02 -1.07792797188189116e-03  4.15789473684222699e-02  8.63497461115111803e-02  4.47707987430885634e-05  9.00000000000003131e-01  3.84520428872127229e-01 -5.15479571127872536e-04  3.12500000000000777e-01  3.12499999999999223e-01 -2.71050543121376783e-19  9.00000000000003131e-01  3.19181864690450789e-01 -5.80818135309547835e-04 
 1.03999999999999910e-09  1.11428571428571899e+00  6.90413909817169102e-02 -1.04524432330400235e-03  2.10526315789485441e-02  8.58284172973851067e-02  6.47757857184362660e-05  9.00000000000003131e-01  3.91242055515555576e-01 -5.08757944484444194e-04  3.12500000000000777e-01  3.12499999999999223e-01 -2.71050543121376783e-19  9.00000000000003131e-01  3.26755477442438214e-01 -5.73244522557560471e-04 
 1.05299999999999916e-09  1.09571428571428431e+00  8.20765443203250733e-02 -1.01363774139396094e-03  5.26315789474818274e-04  8.46478381975812461e-02  8.41215224081067262e-05  8.99999999999997247e-01  3.97742175677108012e-01 -5.02257824322890857e-04  3.12499999999999667e-01  3.12499999999998612e-01 -2.34628391323943877e-19  8.99999999999997247e-01  3.34079507109142915e-01 -5.65920492890857499e-04 
 1.06599999999999921e-09  1.07714285714285563e+00  9.50622703154457849e-02 -9.82080586827411943e-04 -1.99999999999991296e-02  8.34370056405989990e-02  1.03437005640598292e-04  8.99999999999997247e-01  4.04232130751120411e-01 -4.95767869248878428e-04  3.12499999999999667e-01  3.12499999999998668e-01 -1.96534801479858253e-19  8.99999999999997247e-01  3.41392083233319710e-01 -5.58607916766680609e-04 
 1.07899999999999927e-09  1.05857142857142694e+00  1.07921927159009279e-01 -9.50649501412418555e-04 -4.05263157894728554e-02  8.21490087569692329e-02  1.22675324546441412e-04  9.00000000000002798e-01  4.10696158800309186e-01 -4.89303841199691786e-04  3.12499999999999667e-01  3.12499999999999889e-01 -1.60535768754299147e-19  9.00000000000002798e-01  3.48675446005394907e-01 -5.51324553994604919e-04 
 1.09199999999999933e-09  1.03999999999999848e+00  1.19761246949945166e-01 -9.20238753050054044e-04 -6.10526315789465812e-02  8.02364846147123889e-02  1.41289116193658382e-04  9.00000000000002798e-01  4.16950347219693596e-01 -4.83049652780307283e-04  3.12499999999999667e-01  3.12499999999999944e-01 -1.41488973832256528e-19  9.00000000000002798e-01  3.55722371352355626e-01 -5.44277628647644161e-04 
 1.10499999999999939e-09  1.02142857142856980e+00  1.31600566740880942e-01 -8.89828004687689533e-04 -8.15789473684203070e-02  7.83239604724555172e-02  1.59902907840875352e-04  9.00000000000002798e-01  4.23204535639078117e-01 -4.76795464360922779e-04  3.12499999999999667e-01  3.12499999999999944e-01 -1.22442178910213716e-19  9.00000000000002798e-01  3.62769296699316457e-01 -5.37230703300683402e-04 
 1.11799999999999945e-09  1.00285714285714556e+00  1.43148434191036622e-01 -8.59708708666109128e-04 -1.02105263157893811e-01  7.62330443655638013e-02  1.78338307523457544e-04  8.99999999999997247e-01  4.29398784795118837e-01 -4.70601215204880571e-04  3.12500000000001055e-01  3.12499999999999667e-01 -1.08420217248550443e-19  8.99999999999997247e-01  3.69748685303570301e-01 -5.30251314696429427e-04 
 1.13099999999999951e-09  9.84285714285716873e-01  1.53882994345833635e-01 -8.30402719939883800e-04 -1.22631578947367537e-01  7.36443196430938696e-02  1.96275898590461250e-04  8.99999999999997247e-01  4.35425771475163925e-01 -4.64574228524835490e-04  3.12500000000001055e-01  3.12499999999999667e-01 -1.08420217248550443e-19  8.99999999999997247e-01  3.76539610417013559e-01 -5.23460389582986103e-04 
 1.14399999999999957e-09  9.65714285714288190e-01  1.64617554500630536e-01 -8.01096731213658039e-04 -1.43157894736841262e-01  7.10555949206239101e-02  2.14213489657465173e-04  8.99999999999997247e-01  4.41452758155209013e-01 -4.58547241844790409e-04  3.12500000000001055e-01  3.12499999999999667e-01 -1.08420217248550443e-19  8.99999999999997247e-01  3.83330535530456817e-01 -5.16669464469542887e-04 
 1.15699999999999962e-09  9.47142857142855288e-01  1.74907461560156907e-01 -7.72235395582701600e-04 -1.63684210526315432e-01  6.81947072124871601e-02  2.31878917738802953e-04  9.00000000000002798e-01  4.47388298738436718e-01 -4.52611701261563474e-04  3.12499999999999667e-01  3.12499999999999667e-01 -1.08420217248550443e-19  9.00000000000002798e-01  3.90018423483146970e-01 -5.09981576516854392e-04 
 1.16999999999999968e-09  9.28571428571426827e-01  1.84577395713117487e-01 -7.43994032858312417e-04 -1.84210526315789380e-01  6.49543468793356560e-02  2.49164873195125217e-04  9.00000000000002798e-01  4.53196337448759923e-01 -4.46803662551240282e-04  3.12499999999999667e-01  3.12499999999999667e-01 -1.08420217248550443e-19  9.00000000000002798e-01  3.96562648322464129e-01 -5.03437351677537160e-04 
 1.18299999999999974e-09  9.09999999999998144e-01  1.94247329866078067e-01 -7.15752670133923234e-04 -2.04736842105263106e-01  6.17139865461841519e-02  2.66450828651447480e-04  9.00000000000002798e-01  4.59004376159083127e-01 -4.40995623840916983e-04  3.12499999999999667e-01  3.12499999999999667e-01 -1.08420217248550443e-19  9.00000000000002798e-01  4.03106873161781398e-01 -4.96893126838219928e-04 
 1.19599999999999980e-09  8.91428571428571903e-01  2.03330925737953416e-01 -6.88097645690618522e-04 -2.25263157894736832e-01  5.81147406483352169e-02  2.83377898543072000e-04  8.99999999999997247e-01  4.64691830198363687e-01 -4.35308169801635887e-04  3.12499999999999667e-01  3.12500000000001055e-01 -1.08420217248550443e-19  8.99999999999997247e-01  4.09515228865433456e-01 -4.90484771134567241e-04 
 1.20899999999999986e-09  8.72857142857143220e-01  2.11974909551392754e-01 -6.60882233305750376e-04 -2.45789473684210558e-01  5.42464172794606680e-02  3.00035890963671259e-04  8.99999999999997247e-01  4.70288874866191087e-01 -4.29711125133808527e-04  3.12499999999999667e-01  3.12500000000001055e-01 -1.08420217248550443e-19  8.99999999999997247e-01  4.15821715541712211e-01 -4.84178284458288452e-04 
 1.22199999999999992e-09  8.54285714285714537e-01  2.20618893364832092e-01 -6.33666820920882230e-04 -2.66315789473684505e-01  5.03780939105861192e-02  3.16693883384270517e-04  8.99999999999997247e-01  4.75885919534018487e-01 -4.24114080465981058e-04  3.12499999999999667e-01  3.12500000000001055e-01 -1.08420217248550443e-19  8.99999999999997247e-01  4.22128202217990856e-01 -4.77871797782009771e-04 
 1.23499999999999997e-09  8.35714285714285854e-01  2.28545734788332344e-01 -6.07168550925954540e-04 -2.86842105263159119e-01  4.60708224806953281e-02  3.32912927743853624e-04  9.00000000000002798e-01  4.81335478728066646e-01 -4.18664521271933619e-04  3.12500000000001055e-01  3.12499999999999667e-01 -1.08420217248550443e-19  9.00000000000002798e-01  4.28268509199352221e-01 -4.71731490800645975e-04 
 1.24800000000000003e-09  8.17142857142857171e-01  2.36201038917687123e-01 -5.80941818225170960e-04 -3.07368421052633067e-01  4.15973486753336563e-02  3.48965769727965737e-04  9.00000000000002798e-01  4.86729194330887072e-01 -4.13270805669113108e-04  3.12500000000001055e-01  3.12499999999999667e-01 -1.08420217248550443e-19  9.00000000000002798e-01  4.34345894248706732e-01 -4.65654105751291537e-04 
 1.26100000000000009e-09  7.98571428571428488e-01  2.43856343047041901e-01 -5.54715085524387815e-04 -3.27894736842106793e-01  3.71238748699719290e-02  3.65018611712077850e-04  9.00000000000002798e-01  4.92122909933707497e-01 -4.07877090066292706e-04  3.12500000000001055e-01  3.12499999999999667e-01 -1.08420217248550443e-19  9.00000000000002798e-01  4.40423279298061243e-01 -4.59576720701936991e-04 
 1.27400000000000015e-09  7.80000000000000027e-01  2.50673978165084577e-01 -5.29326021834916789e-04 -3.48421052631579631e-01  3.21376811453202293e-02  3.80558733776900811e-04  8.99999999999997247e-01  4.97344352898992315e-01 -4.02655647101005185e-04  3.12499999999999667e-01  3.12499999999999667e-01 -1.08420217248550443e-19  8.99999999999997247e-01  4.46306555642235647e-01 -4.53693444357761437e-04 
 1.28700000000000021e-09  7.61428571428571344e-01  2.57376519299909179e-01 -5.04052052128663424e-04 -3.68947368421053579e-01  2.70810407681253418e-02  3.96028409189179594e-04  8.99999999999997247e-01  5.02542125961504160e-01 -3.97457874038493423e-04  3.12499999999999667e-01  3.12499999999999667e-01 -1.08420217248550443e-19  8.99999999999997247e-01  4.52163161853272877e-01 -4.47836838146724184e-04 
 1.30000000000000027e-09  7.42857142857140440e-01  2.64050307024500885e-01 -4.78806835832643139e-04 -3.89473684210525306e-01  2.20068010217585597e-02  4.11480485232286952e-04  9.00000000000003131e-01  5.07733985679063915e-01 -3.92266014320935769e-04  3.12499999999999611e-01  3.12499999999999611e-01 -1.08420217248550443e-19  9.00000000000003131e-01  4.58013105185352820e-01 -4.41986894814645889e-04 
 1.31300000000000033e-09  7.24285714285711757e-01  2.69882743719211449e-01 -4.54402970566503920e-04 -4.09999999999999254e-01  1.64175876685022093e-02  4.26417587668504470e-04  9.00000000000003131e-01  5.12752815525572836e-01 -3.87247184474426905e-04  3.12499999999999611e-01  3.12499999999999611e-01 -1.08420217248550443e-19  9.00000000000003131e-01  4.63668086597142148e-01 -4.36331913402856694e-04 
 1.32600000000000038e-09  7.05714285714283296e-01  2.75715180413921901e-01 -4.29999105300364701e-04 -4.30526315789472758e-01  1.08283743152457479e-02  4.41354690104721770e-04  9.00000000000003131e-01  5.17771645372081646e-01 -3.82228354627918042e-04  3.12499999999999611e-01  3.12499999999999611e-01 -1.08420217248550443e-19  9.00000000000003131e-01  4.69323068008931366e-01 -4.30676931991067391e-04 
 1.33900000000000044e-09  6.87142857142854835e-01  2.81173292055186708e-01 -4.05969565087670181e-04 -4.51052631578946706e-01  5.01004431973661735e-03  4.56062675898686112e-04  8.99999999999993805e-01  5.22713492587765449e-01 -3.77286507412237884e-04  3.12500000000000444e-01  3.12500000000000444e-01 -1.08420217248550443e-19  8.99999999999993805e-01  4.74891309013160068e-01 -4.25108690986838273e-04 
 1.35200000000000050e-09  6.68571428571426152e-01  2.86250111726061740e-01 -3.82321316845366486e-04 -4.71578947368420209e-01 -1.04166662414695299e-03  4.70537280744276389e-04  8.99999999999993805e-01  5.27576924376204515e-01 -3.72423075623798871e-04  3.12500000000000444e-01  3.12500000000000444e-01 -1.08420217248550443e-19  8.99999999999993805e-01  4.80371195202220325e-01 -4.19628804797777914e-04 
 1.36500000000000056e-09  6.49999999999992806e-01  2.91239438979420284e-01 -3.58760561020585959e-04 -4.92105263157898820e-01 -7.14692987167764304e-03  4.84958333286215643e-04  9.00000000000000022e-01  5.32422362721730713e-01 -3.67577637278260769e-04  3.12500000000000000e-01  3.12500000000000500e-01 -1.45313674036469013e-19  9.00000000000000022e-01  4.85830807226134309e-01 -4.14169192773879038e-04 
 1.37800000000000062e-09  6.31428571428569674e-01  2.95755230073645681e-01 -3.35673341354932042e-04 -5.00000000000000000e-01 -1.34835395839723038e-02  4.86516460416019209e-04  8.99999999999991140e-01  5.37170414961307796e-01 -3.62829585038711979e-04  3.12500000000001832e-01  3.12499999999994449e-01 -1.08420217248550443e-19  8.99999999999991140e-01  4.91180689166373141e-01 -4.08819310833640880e-04 
 1.39100000000000068e-09  6.12857142857145210e-01  2.99937278792137718e-01 -3.12919864065005354e-04 -5.00000000000000000e-01 -1.97581458188608172e-02  4.80241854181139407e-04  9.00000000000005906e-01  5.41849830688646117e-01 -3.58150169311350752e-04  3.12500000000001832e-01  3.12500000000001832e-01 -1.08420217248550443e-19  9.00000000000005906e-01  4.96453234712930014e-01 -4.03546765287063390e-04 
 1.40400000000000074e-09  5.99999999999986544e-01  3.03911084255168329e-01 -2.96088915744837939e-04 -5.00000000000000000e-01 -2.59714182343427913e-02  4.74028581765629522e-04  8.99999999999979816e-01  5.46483505467745712e-01 -3.53516494532254240e-04  3.12500000000012601e-01  3.12499999999987288e-01 -2.60213376966399693e-19  8.99999999999979816e-01  5.01674241510416175e-01 -3.98325758489591060e-04 
 1.41700000000000079e-09  6.00000000000001643e-01  3.07730046116380496e-01 -2.92269953883621291e-04 -5.00000000000000000e-01 -3.20854501302414441e-02  4.67914549869763593e-04  8.99999999999998357e-01  5.51043169602860261e-01 -3.48956830397142309e-04  3.12500000000003164e-01  3.12500000000001110e-01 -2.43601516587356720e-19  8.99999999999998357e-01  5.06811856595331900e-01 -3.93188143404656792e-04 
 1.43000000000000085e-09  6.00000000000000866e-01  3.11492942348970681e-01 -2.88507057651028287e-04 -5.00000000000000000e-01 -3.81097228051545667e-02  4.61890277194844617e-04  8.99999999999999134e-01  5.55535893966037753e-01 -3.44464106033966818e-04  3.12499999999998446e-01  3.12499999999999556e-01 -2.01589289349775940e-19  8.99999999999999134e-01  5.11874047093734963e-01 -3.88125952906264978e-04 
 1.44300000000000091e-09  6.00000000000000866e-01  3.15223455812555398e-01 -2.84776544187443519e-04 -5.00000000000000000e-01 -4.40821517356747572e-02  4.55917848264324578e-04  8.99999999999999134e-01  5.59989954798184586e-01 -3.40010045201820117e-04  3.12499999999998446e-01  3.12499999999999611e-01 -1.72957603157323463e-19  8.99999999999999134e-01  5.16892673343893549e-01 -3.83107326656106396e-04 
 1.45600000000000097e-09  5.99999999999999978e-01  3.18881831362661350e-01 -2.81118168637337562e-04 -5.00000000000000000e-01 -4.99390902476111176e-02  4.50060909752388830e-04  8.99999999999997247e-01  5.64357886292349509e-01 -3.35642113707649995e-04  3.12500000000001055e-01  3.12499999999999667e-01 -1.62630325872824750e-19  8.99999999999997247e-01  5.21814253107087067e-01 -3.78185746892912710e-04 
 1.46900000000000103e-09  5.99999999999999978e-01  3.22499506978727535e-01 -2.77500493021271401e-04 -5.00000000000000000e-01 -5.57308695084395289e-02  4.44269130491560440e-04  8.99999999999997247e-01  5.68677223944451082e-01 -3.31322776055548542e-04  3.12500000000001055e-01  3.12499999999999667e-01 -1.62630325872824750e-19  8.99999999999997247e-01  5.26681079614637726e-01 -3.73318920385362196e-04 
 1.48200000000000109e-09  5.99999999999999978e-01  3.26117182594793831e-01 -2.73882817405205186e-04 -5.00000000000000000e-01 -6.15226487692679402e-02  4.38477351230732049e-04  8.99999999999997247e-01  5.72996561596552434e-01 -3.27003438403447090e-04  3.12500000000001055e-01  3.12499999999999667e-01 -1.62630325872824750e-19  8.99999999999997247e-01  5.31547906122188274e-01 -3.68452093877811573e-04 
 1.49500000000000114e-09  5.99999999999999978e-01  3.29630620029924715e-01 -2.70369379970073972e-04 -5.00000000000000000e-01 -6.71475461427741838e-02  4.32852453857226495e-04  9.00000000000002798e-01  5.77191443673452986e-01 -3.22808556326549176e-04  3.12499999999999667e-01  3.12499999999998279e-01 -1.62630325872825978e-19  9.00000000000002798e-01  5.36274501941331971e-01 -3.63725498058666539e-04 
 1.50800000000000120e-09  5.99999999999999978e-01  3.33116872967744060e-01 -2.66883127032254655e-04 -5.00000000000000000e-01 -7.27289220333023900e-02  4.27271077966698211e-04  9.00000000000002798e-01  5.81353868715708821e-01 -3.18646131284293290e-04  3.12499999999999667e-01  3.12499999999998279e-01 -1.62630325872825978e-19  9.00000000000002798e-01  5.40964526700449255e-01 -3.59035473299549246e-04 
 1.52100000000000126e-09  5.99999999999999978e-01  3.36603125905563405e-01 -2.63396874094435338e-04 -5.00000000000000000e-01 -7.83102979238307073e-02  4.21689702076169927e-04  9.00000000000002798e-01  5.85516293757964768e-01 -3.14483706242037349e-04  3.12499999999999667e-01  3.12499999999998279e-01 -1.62630325872825978e-19  9.00000000000002798e-01  5.45654551459566428e-01 -3.54345448540432061e-04 
 1.53400000000000132e-09  5.99999999999997202e-01  3.39969443056439335e-01 -2.60030556943561164e-04 -5.00000000000000000e-01 -8.36996605779108949e-02  4.16300339422088291e-04  8.99999999999997247e-01  5.89535521008220043e-01 -3.10464478991780851e-04  3.12499999999999667e-01  3.12499999999999667e-01 -1.62630325872825978e-19  8.99999999999997247e-01  5.50183227681929066e-01 -3.49816772318073833e-04 
 1.54700000000000138e-09  5.99999999999997202e-01  3.43329047630292705e-01 -2.56670952369707748e-04 -5.00000000000000000e-01 -8.90782766177278251e-02  4.10921723382271366e-04  8.99999999999997247e-01  5.93546733751444511e-01 -3.06453266248556447e-04  3.12499999999999667e-01  3.12499999999999667e-01 -1.62630325872825978e-19  8.99999999999997247e-01  5.54702873534725915e-01 -3.45297126465276996e-04 
 1.56000000000000144e-09  5.99999999999999978e-01  3.46676344390092983e-01 -2.53323655609907685e-04 -5.00000000000000000e-01 -9.44371882534624785e-02  4.05562811746536570e-04  9.00000000000002798e-01  5.97543251532960285e-01 -3.02456748467040508e-04  3.12499999999999667e-01  3.12500000000002442e-01 -1.62630325872825978e-19  9.00000000000002798e-01  5.59205961795842810e-01 -3.40794038204156042e-04 
 1.57300000000000150e-09  5.99999999999999978e-01  3.49913901473290878e-01 -2.50086098526709853e-04 -5.00000000000000000e-01 -9.96204102888874621e-02  4.00379589711111618e-04  9.00000000000002798e-01  6.01408745207456907e-01 -2.98591254792543958e-04  3.12499999999999667e-01  3.12500000000002442e-01 -1.62630325872825978e-19  9.00000000000002798e-01  5.63561418255852709e-01 -3.36438581744146229e-04 
 1.58600000000000155e-09  5.99999999999999978e-01  3.53151458556488773e-01 -2.46848541443511966e-04 -5.00000000000000000e-01 -1.04803632324312335e-01  3.95196367675686665e-04  9.00000000000002798e-01  6.05274238881953419e-01 -2.94725761118047353e-04  3.12499999999999667e-01  3.12500000000002442e-01 -1.62630325872825978e-19  9.00000000000002798e-01  5.67916874715862607e-01 -3.32083125284136308e-04 
 1.59900000000000161e-09  6.00000000000005640e-01  3.56359060518840587e-01 -2.43640939481160014e-04 -5.00000000000000000e-01 -1.09938897199924779e-01  3.90061102800075992e-04  8.99999999999997247e-01  6.09103967525232548e-01 -2.90896032474767356e-04  3.12499999999999667e-01  3.12499999999999667e-01 -1.62630325872825978e-19  8.99999999999997247e-01  5.72232032820894299e-01 -3.27767967179105001e-04 
 1.61200000000000167e-09  6.00000000000005640e-01  3.59479003844475065e-01 -2.40520996155525507e-04 -5.00000000000000000e-01 -1.14933823491303877e-01  3.85066176508696862e-04  8.99999999999997247e-01  6.12829035803601041e-01 -2.87170964196398724e-04  3.12499999999999667e-01  3.12499999999999667e-01 -1.62630325872825978e-19  8.99999999999997247e-01  5.76429264549416454e-01 -3.23570735450582942e-04 
 1.62500000000000173e-09  6.00000000000005640e-01  3.62598947170109542e-01 -2.37401052829891001e-04 -5.00000000000000000e-01 -1.19928749782682864e-01  3.80071250217317840e-04  8.99999999999997247e-01  6.16554104081969756e-01 -2.83445895918030093e-04  3.12499999999999667e-01  3.12499999999999667e-01 -1.62630325872825978e-19  8.99999999999997247e-01  5.80626496277938386e-01 -3.19373503722060882e-04 
 1.63800000000000179e-09  5.99999999999999978e-01  3.65672586491325335e-01 -2.34327413508677326e-04 -5.00000000000000000e-01 -1.24849544891236230e-01  3.75150455108764352e-04  9.00000000000002798e-01  6.20223887516989536e-01 -2.79776112483014303e-04  3.12499999999999667e-01  3.12499999999999667e-01 -1.62630325872824750e-19  9.00000000000002798e-01  5.84761435645278826e-01 -3.15238564354723672e-04 
 1.65100000000000185e-09  5.99999999999999978e-01  3.68679188724128803e-01 -2.31320811275873874e-04 -5.00000000000000000e-01 -1.29663015833787587e-01  3.70336984166212907e-04  9.00000000000002798e-01  6.23813631763645238e-01 -2.76186368236358603e-04  3.12499999999999667e-01  3.12499999999999667e-01 -1.62630325872824750e-19  9.00000000000002798e-01  5.88806190619794556e-01 -3.11193809380207794e-04 
 1.66400000000000191e-09  5.99999999999999978e-01  3.71685790956932216e-01 -2.28314209043070475e-04 -5.00000000000000000e-01 -1.34476486776338944e-01  3.65523513223661571e-04  9.00000000000002798e-01  6.27403376010300939e-01 -2.72596623989702902e-04  3.12499999999999667e-01  3.12499999999999667e-01 -1.62630325872824750e-19  9.00000000000002798e-01  5.92850945594310508e-01 -3.07149054405691916e-04 
 1.67700000000000196e-09  5.99999999999999978e-01  3.74630967676372217e-01 -2.25369032323625279e-04 -5.00000000000000000e-01 -1.39191617499335840e-01  3.60808382500662768e-04  8.99999999999997247e-01  6.30919781030109816e-01 -2.69080218969890551e-04  3.12499999999999667e-01  3.12499999999999667e-01 -1.62630325872825978e-19  8.99999999999997247e-01  5.96813065377506780e-01 -3.03186934622492457e-04 
 1.69000000000000202e-09  5.99999999999999978e-01  3.77528346263997727e-01 -2.22471653735999814e-04 -5.00000000000000000e-01 -1.43830224990856848e-01  3.56169775009141753e-04  8.99999999999997247e-01  6.34379117287441785e-01 -2.65620882712558587e-04  3.12499999999999667e-01  3.12499999999999667e-01 -1.62630325872825978e-19  8.99999999999997247e-01  6.00710882763355825e-01 -2.99289117236643462e-04 
 1.70300000000000208e-09  5.99999999999999978e-01  3.80425724851623182e-01 -2.19574275148374349e-04 -5.00000000000000000e-01 -1.48468832482377855e-01  3.51531167517620739e-04  8.99999999999997247e-01  6.37838453544773643e-01 -2.62161546455226676e-04  3.12499999999999667e-01  3.12499999999999667e-01 -1.62630325872825978e-19  8.99999999999997247e-01  6.04608700149204981e-01 -2.95391299850794359e-04 
 1.71600000000000214e-09  5.99999999999999978e-01  3.83247716191549015e-01 -2.16752283808451364e-04 -5.00000000000000000e-01 -1.52986747478466689e-01  3.47013252521534681e-04  9.00000000000002798e-01  6.41207780909088365e-01 -2.58792219090909299e-04  3.12500000000002442e-01  3.12499999999999667e-01 -1.62630325872825978e-19  9.00000000000002798e-01  6.08405099747951317e-01 -2.91594900252051129e-04 
 1.72900000000000220e-09  5.99999999999999978e-01  3.86039839003286256e-01 -2.13960160996714134e-04 -5.00000000000000000e-01 -1.57456843946731706e-01  3.42543156053269756e-04  9.00000000000002798e-01  6.44541446629826043e-01 -2.55458553370171699e-04  3.12500000000002442e-01  3.12499999999999667e-01 -1.62630325872825978e-19  9.00000000000002798e-01  6.12161317484044454e-01 -2.87838682515957926e-04 
 1.74200000000000226e-09  5.99999999999999978e-01  3.88831961815023497e-01 -2.11168038184976904e-04 -5.00000000000000000e-01 -1.61926940414996612e-01  3.38073059585004723e-04  9.00000000000002798e-01  6.47875112350563720e-01 -2.52124887649434045e-04  3.12500000000002442e-01  3.12499999999999667e-01 -1.62630325872825978e-19  9.00000000000002798e-01  6.15917535220137591e-01 -2.84082464779864831e-04 
 1.75500000000000231e-09  5.99999999999999978e-01  3.91535831111025190e-01 -2.08464168888976590e-04 -5.00000000000000000e-01 -1.66255745917352149e-01  3.33744254082647684e-04  8.99999999999997247e-01  6.51103407448307303e-01 -2.48896592551689489e-04  3.12499999999999667e-01  3.12499999999999667e-01 -1.62630325872824750e-19  8.99999999999997247e-01  6.19555026294320910e-01 -2.80444973705682192e-04 
 1.76800000000000237e-09  5.99999999999999978e-01  3.94226521871673286e-01 -2.05773478128328457e-04 -5.00000000000000000e-01 -1.70563453019563327e-01  3.29436546980436539e-04  8.99999999999997247e-01  6.54315967983313707e-01 -2.45684032016683116e-04  3.12499999999999667e-01  3.12499999999999667e-01 -1.62630325872824750e-19  8.99999999999997247e-01  6.23174788403280555e-01 -2.76825211596722531e-04 
 1.78100000000000243e-09  5.99999999999999978e-01  3.96914874382671479e-01 -2.03085125617328156e-04 -5.00000000000000000e-01 -1.74867416661261543e-01  3.25132583338737778e-04  9.00000000000002798e-01  6.57525736756202406e-01 -2.42474263243796888e-04  3.12499999999999667e-01  3.12499999999999667e-01 -1.62630325872825978e-19  9.00000000000002798e-01  6.26791404885993497e-01 -2.73208595114008627e-04 
 1.79400000000000249e-09  5.99999999999999978e-01  3.99507817909010354e-01 -2.00492182090989237e-04 -5.00000000000000000e-01 -1.79018633667466898e-01  3.20981366332532365e-04  9.00000000000002798e-01  6.60621591606579184e-01 -2.39378408393420099e-04  3.12499999999999667e-01  3.12499999999999667e-01 -1.62630325872825978e-19  9.00000000000002798e-01  6.30279668518731739e-01 -2.69720331481270315e-04 
 1.80700000000000255e-09  5.99999999999999978e-01  4.02100761435349230e-01 -1.97899238564650372e-04 -5.00000000000000000e-01 -1.83169850673672363e-01  3.16830149326326953e-04  9.00000000000002798e-01  6.63717446456955962e-01 -2.36282553543043310e-04  3.12499999999999667e-01  3.12499999999999667e-01 -1.62630325872825978e-19  9.00000000000002798e-01  6.33767932151470093e-01 -2.66232067848532004e-04 
 1.82000000000000261e-09  5.99999999999999978e-01  4.04676959920538537e-01 -1.95323040079460597e-04 -5.00000000000000000e-01 -1.87294259421663722e-01  3.12705740578334696e-04  8.99999999999997247e-01  6.66793308501344661e-01 -2.33206691498655336e-04  3.12499999999999667e-01  3.12499999999999667e-01 -1.62630325872825978e-19  8.99999999999997247e-01  6.37233668830772815e-01 -2.62766331169225883e-04 
 1.83300000000000267e-09  5.99999999999999978e-01  4.07175707167570011e-01 -1.92824292832429064e-04 -5.00000000000000000e-01 -1.91294671293623153e-01  3.08705328706375317e-04  8.99999999999997247e-01  6.69776697343411276e-01 -2.30223302656588804e-04  3.12499999999999667e-01  3.12499999999999667e-01 -1.62630325872825978e-19  8.99999999999997247e-01  6.40595211055154490e-01 -2.59404788944844267e-04 
 1.84600000000000272e-09  5.99999999999999978e-01  4.09674454414601541e-01 -1.90325545585397584e-04 -5.00000000000000000e-01 -1.95295083165582473e-01  3.04704916834415938e-04  8.99999999999997247e-01  6.72760086185477890e-01 -2.27239913814522273e-04  3.12499999999999667e-01  3.12499999999999667e-01 -1.62630325872825978e-19  8.99999999999997247e-01  6.43956753279536054e-01 -2.56043246720462651e-04 
 1.85900000000000278e-09  5.99999999999996647e-01  4.12143099652735989e-01 -1.87856900347265084e-04 -5.00000000000000000e-01 -1.99247302714805896e-01  3.00752697285195346e-04  9.00000000000003353e-01  6.75707534618771199e-01 -2.24292465381224890e-04  3.12500000000000722e-01  3.12500000000000722e-01 -1.62630325872825063e-19  9.00000000000003353e-01  6.47277799541766230e-01 -2.52722200458235769e-04 
 1.87200000000000263e-09  5.99999999999996647e-01  4.14551072576605784e-01 -1.85448927423395300e-04 -5.00000000000000000e-01 -2.03102387891367642e-01  2.96897612108633704e-04  9.00000000000003353e-01  6.78582543110168634e-01 -2.21417456889827469e-04  3.12500000000000722e-01  3.12500000000000722e-01 -1.62630325872825063e-19  9.00000000000003353e-01  6.50517223884653273e-01 -2.49482776115348727e-04 
 1.88500000000000249e-09  5.99999999999996647e-01  4.16959045500475523e-01 -1.83040954499525516e-04 -5.00000000000000000e-01 -2.06957473067929276e-01  2.93042526932071955e-04  9.00000000000003353e-01  6.81457551601565958e-01 -2.18542448398430103e-04  3.12500000000000722e-01  3.12500000000000722e-01 -1.62630325872825063e-19  9.00000000000003353e-01  6.53756648227540316e-01 -2.46243351772461685e-04 
 1.89800000000000234e-09  6.00000000000002198e-01  4.19324552008509266e-01 -1.80675447991494095e-04 -5.00000000000000000e-01 -2.10744570914326468e-01  2.89255429085674091e-04  8.99999999999997802e-01  6.84281857153195672e-01 -2.15718142846805020e-04  3.12499999999997891e-01  3.12499999999997891e-01 -1.62630325872826267e-19  8.99999999999997802e-01  6.56938942882684285e-01 -2.43061057117311731e-04 
 1.91100000000000219e-09  6.00000000000002198e-01  4.21645048252768717e-01 -1.78354951747234714e-04 -5.00000000000000000e-01 -2.14459608813978242e-01  2.85540391186022303e-04  8.99999999999997802e-01  6.87052422528067086e-01 -2.12947577471933559e-04  3.12499999999997891e-01  3.12499999999997891e-01 -1.62630325872826267e-19  8.99999999999997802e-01  6.60060685634322519e-01 -2.39939314365673461e-04 
 1.92400000000000204e-09  6.00000000000002198e-01  4.23965544497028057e-01 -1.76034455502975334e-04 -5.00000000000000000e-01 -2.18174646713629905e-01  2.81825353286370623e-04  8.99999999999997802e-01  6.89822987902938500e-01 -2.10177012097062098e-04  3.12499999999997891e-01  3.12499999999997891e-01 -1.62630325872826267e-19  8.99999999999997802e-01  6.63182428385960865e-01 -2.36817571614035191e-04 
 1.93700000000000189e-09  5.99999999999996647e-01  4.26232147991392196e-01 -1.73767852008608541e-04 -5.00000000000000000e-01 -2.21803404099419843e-01  2.78196595900578967e-04  9.00000000000003353e-01  6.92529207822744408e-01 -2.07470792177255722e-04  3.12500000000000722e-01  3.12500000000000722e-01 -1.62630325872826267e-19  9.00000000000003353e-01  6.66231669705303897e-01 -2.33768330294693426e-04 
 1.95000000000000174e-09  5.99999999999996647e-01  4.28468345403017759e-01 -1.71531654596982950e-04 -5.00000000000000000e-01 -2.25383482350286990e-01  2.74616517649711928e-04  9.00000000000003353e-01  6.95199124283653935e-01 -2.04800875716346217e-04  3.12500000000000722e-01  3.12500000000000722e-01 -1.62630325872826267e-19  9.00000000000003353e-01  6.69240005994683251e-01 -2.30759994005313963e-04 
 1.96300000000000160e-09  5.99999999999996647e-01  4.30704542814643321e-01 -1.69295457185357414e-04 -5.00000000000000000e-01 -2.28963560601154026e-01  2.71036439398844782e-04  9.00000000000003353e-01  6.97869040744563462e-01 -2.02130959255436657e-04  3.12500000000000722e-01  3.12500000000000722e-01 -1.62630325872826267e-19  9.00000000000003353e-01  6.72248342284062828e-01 -2.27751657715934499e-04 
 1.97600000000000145e-09  6.00000000000002198e-01  4.32876307376243774e-01 -1.67123692623754336e-04 -5.00000000000000000e-01 -2.32440483985725255e-01  2.67559516014273090e-04  8.99999999999997802e-01  7.00462027357506956e-01 -1.99537972642492925e-04  3.12500000000000722e-01  3.12500000000000722e-01 -1.62630325872825063e-19  8.99999999999997802e-01  6.75169997639130659e-01 -2.24830002360870424e-04 
 1.98900000000000130e-09  6.00000000000002198e-01  4.35031268357599143e-01 -1.64968731642398938e-04 -5.00000000000000000e-01 -2.35890505392918337e-01  2.64109494607080121e-04  8.99999999999997802e-01  7.03034951271481079e-01 -1.96965048728518679e-04  3.12500000000000722e-01  3.12500000000000722e-01 -1.62630325872825063e-19  8.99999999999997802e-01  6.78069047288640703e-01 -2.21930952711360389e-04 
 2.00200000000000115e-09  6.00000000000002198e-01  4.37186229338954513e-01 -1.62813770661043595e-04 -5.00000000000000000e-01 -2.39340526800111308e-01  2.60659473199887151e-04  8.99999999999997802e-01  7.05607875185455313e-01 -1.94392124814544488e-04  3.12500000000000722e-01  3.12500000000000722e-01 -1.62630325872825063e-19  8.99999999999997802e-01  6.80968096938150635e-01 -2.19031903061850353e-04 
 2.01500000000000100e-09  6.00000000000002198e-01  4.39267054293539849e-01 -1.60732945706461077e-04 -5.00000000000000000e-01 -2.42671858875283586e-01  2.57328141124716649e-04  8.99999999999997802e-01  7.08092284106435543e-01 -1.91907715893565624e-04  3.12500000000000722e-01  3.12499999999997891e-01 -1.62630325872825063e-19  8.99999999999997802e-01  6.83767412056832669e-01 -2.16232587943167960e-04 
 2.02800000000000086e-09  6.00000000000002198e-01  4.41343729996240275e-01 -1.58656270003760744e-04 -5.00000000000000000e-01 -2.45996548135136217e-01  2.54003451864863927e-04  8.99999999999997802e-01  7.10571739012243686e-01 -1.89428260987757504e-04  3.12500000000000722e-01  3.12499999999997891e-01 -1.62630325872825063e-19  8.99999999999997802e-01  6.86561145224229952e-01 -2.13438854775770766e-04 
 2.04100000000000071e-09  5.99999999999996647e-01  4.43412797857650420e-01 -1.56587202142350842e-04 -5.00000000000000000e-01 -2.49309057492176744e-01  2.50690942507821707e-04  9.00000000000003353e-01  7.13042110506812210e-01 -1.86957889493184911e-04  3.12500000000000722e-01  3.12500000000000722e-01 -1.62630325872826267e-19  9.00000000000003353e-01  6.89344643631079612e-01 -2.10655356368919259e-04 
 2.05400000000000056e-09  5.99999999999996647e-01  4.45414032224072054e-01 -1.54585967775929217e-04 -5.00000000000000000e-01 -2.52512967662569865e-01  2.47487032337428536e-04  9.00000000000003353e-01  7.15431491940342612e-01 -1.84568508059654540e-04  3.12500000000000722e-01  3.12500000000000722e-01 -1.62630325872826267e-19  9.00000000000003353e-01  6.92036886246494731e-01 -2.07963113753504149e-04 
 2.06700000000000041e-09  5.99999999999996647e-01  4.47415266590493632e-01 -1.52584733409507646e-04 -5.00000000000000000e-01 -2.55716877832962985e-01  2.44283122167035364e-04  9.00000000000003353e-01  7.17820873373872903e-01 -1.82179126626124169e-04  3.12500000000000722e-01  3.12500000000000722e-01 -1.62630325872826267e-19  9.00000000000003353e-01  6.94729128861909961e-01 -2.05270871138089038e-04 
 2.08000000000000026e-09  6.00000000000002198e-01  4.49397984768394432e-01 -1.50602015231602823e-04 -5.00000000000000000e-01 -2.58891144196664091e-01  2.41108855803336694e-04  9.00000000000003353e-01  7.20188147333239659e-01 -1.79811852666763303e-04  3.12499999999997891e-01  3.12500000000000722e-01 -1.62630325872826267e-19  9.00000000000003353e-01  6.97396461815246727e-01 -2.02603538184747674e-04 
 2.09300000000000011e-09  6.00000000000002198e-01  4.51326518426364842e-01 -1.48673481573632471e-04 -5.00000000000000000e-01 -2.61978662932295714e-01  2.38021337067705063e-04  9.00000000000003353e-01  7.22490727477579475e-01 -1.77509272522423476e-04  3.12499999999997891e-01  3.12500000000000722e-01 -1.62630325872826267e-19  9.00000000000003353e-01  6.99990900820676276e-01 -2.00009099179318094e-04 
 2.10599999999999997e-09  6.00000000000002198e-01  4.53255052084335142e-01 -1.46744947915662118e-04 -5.00000000000000000e-01 -2.65066181667927336e-01  2.34933818332073432e-04  9.00000000000003353e-01  7.24793307621919292e-01 -1.75206692378083648e-04  3.12499999999997891e-01  3.12500000000000722e-01 -1.62630325872826267e-19  9.00000000000003353e-01  7.02585339826105826e-01 -1.97414660173888569e-04 
 2.11899999999999982e-09  6.00000000000002198e-01  4.55154963802194445e-01 -1.44845036197806362e-04 -5.00000000000000000e-01 -2.68107877622095814e-01  2.31892122377904721e-04  8.99999999999992140e-01  7.27061714491282984e-01 -1.72938285508722272e-04  3.12500000000000722e-01  3.12500000000000722e-01 -1.62630325872825063e-19  8.99999999999992140e-01  7.05141273992621276e-01 -1.94858726007374129e-04 
 2.13199999999999967e-09  6.00000000000002198e-01  4.57013437818196311e-01 -1.42986562181804475e-04 -5.00000000000000000e-01 -2.71083233183237182e-01  2.28916766816763314e-04  8.99999999999992140e-01  7.29280646657870735e-01 -1.70719353342134634e-04  3.12500000000000722e-01  3.12500000000000722e-01 -1.62630325872825063e-19  8.99999999999992140e-01  7.07641462391078835e-01 -1.92358537608916535e-04 
 2.14499999999999952e-09  6.00000000000002198e-01  4.58871911834198232e-01 -1.41128088165802588e-04 -5.00000000000000000e-01 -2.74058588744378551e-01  2.25941411255621907e-04  8.99999999999992140e-01  7.31499578824458263e-01 -1.68500421175546997e-04  3.12500000000000722e-01  3.12500000000000722e-01 -1.62630325872825063e-19  8.99999999999992140e-01  7.10141650789536394e-01 -1.89858349210458887e-04 
 2.15799999999999937e-09  5.99999999999996647e-01  4.60692416836785856e-01 -1.39307583163210944e-04 -5.00000000000000000e-01 -2.76973157168207806e-01  2.23026842831792397e-04  9.00000000000003353e-01  7.33673177742119709e-01 -1.66326822257885267e-04  3.12500000000000722e-01  3.12499999999997891e-01 -1.62630325872825063e-19  9.00000000000003353e-01  7.12590759815340147e-01 -1.87409240184655186e-04 
 2.17099999999999922e-09  5.99999999999996647e-01  4.62483376332815110e-01 -1.37516623667181663e-04 -5.00000000000000000e-01 -2.79840424211173167e-01  2.20159575788827036e-04  9.00000000000003353e-01  7.35811500689106168e-01 -1.64188499310898733e-04  3.12500000000000722e-01  3.12499999999997891e-01 -1.62630325872825063e-19  9.00000000000003353e-01  7.15000121536583322e-01 -1.84999878463412075e-04 
 2.18399999999999908e-09  5.99999999999996647e-01  4.64274335828844364e-01 -1.35725664171152381e-04 -5.00000000000000000e-01 -2.82707691254138638e-01  2.17292308745861619e-04  9.00000000000003353e-01  7.37949823636092850e-01 -1.62050176363912144e-04  3.12500000000000722e-01  3.12499999999997891e-01 -1.62630325872825063e-19  9.00000000000003353e-01  7.17409483257826386e-01 -1.82590516742168964e-04 
 2.19699999999999893e-09  6.00000000000002198e-01  4.66018696130790500e-01 -1.33981303869210207e-04 -5.00000000000000000e-01 -2.85500354525365374e-01  2.14499645474635215e-04  9.00000000000003353e-01  7.40032509296885910e-01 -1.59967490703112104e-04  3.12499999999997891e-01  3.12500000000000722e-01 -1.62630325872826267e-19  9.00000000000003353e-01  7.19756155501884987e-01 -1.80243844498117122e-04 
 2.20999999999999878e-09  6.00000000000002198e-01  4.67744593769821138e-01 -1.32255406230179554e-04 -5.00000000000000000e-01 -2.88263459682626566e-01  2.11736540317374034e-04  9.00000000000003353e-01  7.42093151390619044e-01 -1.57906848609378923e-04  3.12499999999997891e-01  3.12500000000000722e-01 -1.62630325872826267e-19  9.00000000000003353e-01  7.22077990091379629e-01 -1.77922009908622596e-04 
 2.22299999999999863e-09  6.00000000000002198e-01  4.69470491408851831e-01 -1.30529508591148847e-04 -5.00000000000000000e-01 -2.91026564839887758e-01  2.08973435160112798e-04  9.00000000000003353e-01  7.44153793484352288e-01 -1.55846206515645742e-04  3.12499999999997891e-01  3.12500000000000722e-01 -1.62630325872826267e-19  9.00000000000003353e-01  7.24399824680874160e-01 -1.75600175319128070e-04 
 2.23599999999999848e-09  5.99999999999996647e-01  4.71141836814792325e-01 -1.28858163185210819e-04 -5.00000000000000000e-01 -2.93702333672451299e-01  2.06297666327548402e-04  8.99999999999992140e-01  7.46149302730537700e-01 -1.53850697269465933e-04  3.12500000000000722e-01  3.12500000000000722e-01 -1.62630325872826267e-19  8.99999999999992140e-01  7.26648270641246929e-01 -1.73351729358750886e-04 
 2.24899999999999833e-09  5.99999999999996647e-01  4.72805036159621550e-01 -1.27194963840381546e-04 -5.00000000000000000e-01 -2.96365060930037783e-01  2.03634939069961883e-04  8.99999999999992140e-01  7.48135085955868195e-01 -1.51864914044135392e-04  3.12500000000000722e-01  3.12500000000000722e-01 -1.62630325872826267e-19  8.99999999999992140e-01  7.28885757778791277e-01 -1.71114242221206514e-04 
 2.26199999999999819e-09  6.00000000000002198e-01  4.74466790159877805e-01 -1.25533209840122863e-04 -5.00000000000000000e-01 -2.99025474238670264e-01  2.00974525761329524e-04  9.00000000000003353e-01  7.50119143506507768e-01 -1.49880856493489381e-04  3.12500000000000722e-01  3.12499999999997891e-01 -1.62630325872825063e-19  9.00000000000003353e-01  7.31121300507271199e-01 -1.68878699492729328e-04 
 2.27499999999999804e-09  6.00000000000002198e-01  4.76069568909951335e-01 -1.23930431090049306e-04 -5.00000000000000000e-01 -3.01591470118219740e-01  1.98408529881780071e-04  9.00000000000003353e-01  7.52032787331408992e-01 -1.47967212668588131e-04  3.12500000000000722e-01  3.12499999999997891e-01 -1.62630325872825063e-19  9.00000000000003353e-01  7.33277504361468324e-01 -1.66722495638532177e-04 
 2.28799999999999789e-09  6.00000000000002198e-01  4.77672347660024865e-01 -1.22327652339975748e-04 -5.00000000000000000e-01 -3.04157465997769216e-01  1.95842534002230563e-04  9.00000000000003353e-01  7.53946431156310215e-01 -1.46053568843686828e-04  3.12500000000000722e-01  3.12499999999997891e-01 -1.62630325872825063e-19  9.00000000000003353e-01  7.35433708215665449e-01 -1.64566291784334971e-04 
 2.30099999999999774e-09  6.00000000000002198e-01  4.79264775781225394e-01 -1.20735224218772308e-04 -5.00000000000000000e-01 -3.06706890862117221e-01  1.93293109137883173e-04  9.00000000000003353e-01  7.55847716808244141e-01 -1.44152283191751934e-04  3.12500000000000722e-01  3.12500000000000722e-01 -1.62630325872825063e-19  9.00000000000003353e-01  7.37575987461830396e-01 -1.62424012538173775e-04 
 2.31399999999999759e-09  6.00000000000002198e-01  4.80809328891875554e-01 -1.19190671108122175e-04 -5.00000000000000000e-01 -3.09179669414672731e-01  1.90820330585327687e-04  9.00000000000003353e-01  7.57691841908038510e-01 -1.42308158091957609e-04  3.12500000000000722e-01  3.12500000000000722e-01 -1.62630325872825063e-19  9.00000000000003353e-01  7.39653860886370862e-01 -1.60346139113633278e-04 
 2.32699999999999744e-09  6.00000000000002198e-01  4.82353882002525713e-01 -1.17646117997472041e-04 -5.00000000000000000e-01 -3.11652447967228241e-01  1.88347552032772146e-04  9.00000000000003353e-01  7.59535967007832880e-01 -1.40464032992163230e-04  3.12500000000000722e-01  3.12500000000000722e-01 -1.62630325872825063e-19  9.00000000000003353e-01  7.41731734310911328e-01 -1.58268265689092834e-04 
 2.33999999999999730e-09  5.99999999999996647e-01  4.83879828128603140e-01 -1.16120171871396719e-04 -5.00000000000000000e-01 -3.14095437351600226e-01  1.85904562648401151e-04  9.00000000000003353e-01  7.61357876227159225e-01 -1.38642123772837755e-04  3.12500000000000722e-01  3.12500000000000722e-01 -1.62630325872826267e-19  9.00000000000003353e-01  7.43784575926253799e-01 -1.56215424073748198e-04 
 2.35299999999999715e-09  5.99999999999996647e-01  4.85368270816971425e-01 -1.14631729183028433e-04 -5.00000000000000000e-01 -3.16478384969993254e-01  1.83521615030008117e-04  9.00000000000003353e-01  7.63135008073450916e-01 -1.36864991926545997e-04  3.12500000000000722e-01  3.12500000000000722e-01 -1.62630325872826267e-19  9.00000000000003353e-01  7.45786964503756478e-01 -1.54213035496245587e-04 
 2.36599999999999700e-09  5.99999999999996647e-01  4.86856713505339711e-01 -1.13143286494660146e-04 -5.00000000000000000e-01 -3.18861332588386226e-01  1.81138667411615136e-04  9.00000000000003353e-01  7.64912139919742717e-01 -1.35087860080254239e-04  3.12500000000000722e-01  3.12500000000000722e-01 -1.62630325872826267e-19  9.00000000000003353e-01  7.47789353081258934e-01 -1.52210646918742975e-04 
 2.37899999999999685e-09  6.00000000000002198e-01  4.88318906386029039e-01 -1.11681093613973700e-04 -5.00000000000000000e-01 -3.21202255131044889e-01  1.78797744868952884e-04  8.99999999999992140e-01  7.66657930707661528e-01 -1.33342069292343346e-04  3.12499999999997891e-01  3.12499999999997891e-01 -1.62630325872826267e-19  8.99999999999992140e-01  7.49756428028295008e-01 -1.50243571971704311e-04 
 2.39199999999999670e-09  6.00000000000002198e-01  4.89753277027789924e-01 -1.10246722972212738e-04 -5.00000000000000000e-01 -3.23498635187454031e-01  1.76501364812543750e-04  8.99999999999992140e-01  7.68370503026891249e-01 -1.31629496973113672e-04  3.12499999999997891e-01  3.12499999999997891e-01 -1.62630325872826267e-19  8.99999999999992140e-01  7.51686073967243296e-01 -1.48313926032756080e-04 
 2.40499999999999655e-09  6.00000000000002198e-01  4.91187647669550920e-01 -1.08812352330451775e-04 -5.00000000000000000e-01 -3.25795015243863173e-01  1.74204984756134561e-04  8.99999999999992140e-01  7.70083075346120971e-01 -1.29916924653883999e-04  3.12499999999997891e-01  3.12499999999997891e-01 -1.62630325872826267e-19  8.99999999999992140e-01  7.53615719906191472e-01 -1.46384280093807793e-04 
 2.41799999999999641e-09  5.99999999999996647e-01  4.92588705532442439e-01 -1.07411294467558754e-04 -5.00000000000000000e-01 -3.28038062640785943e-01  1.71961937359214759e-04  9.00000000000003353e-01  7.71755873745476273e-01 -1.28244126254522693e-04  3.12500000000000722e-01  3.12500000000000722e-01 -1.62630325872825063e-19  9.00000000000003353e-01  7.55500550462988363e-01 -1.44499449537012893e-04 
 2.43099999999999626e-09  5.99999999999996647e-01  4.93970968453294967e-01 -1.06029031546706271e-04 -5.00000000000000000e-01 -3.30251019955823344e-01  1.69748980044177379e-04  9.00000000000003353e-01  7.73406231851832660e-01 -1.26593768148166317e-04  3.12500000000000722e-01  3.12500000000000722e-01 -1.62630325872825063e-19  9.00000000000003353e-01  7.57360096353099088e-01 -1.42639903646902221e-04 
 2.44399999999999611e-09  5.99999999999996647e-01  4.95353231374147496e-01 -1.04646768625853734e-04 -5.00000000000000000e-01 -3.32463977270860689e-01  1.67536022729139998e-04  9.00000000000003353e-01  7.75056589958188935e-01 -1.24943410041809940e-04  3.12500000000000722e-01  3.12500000000000722e-01 -1.62630325872825063e-19  9.00000000000003353e-01  7.59219642243209814e-01 -1.40780357756791494e-04 
 2.45699999999999596e-09  6.00000000000002198e-01  4.96695666353599963e-01 -1.03304333646402253e-04 -5.00000000000000000e-01 -3.34613171366224593e-01  1.65386828633772335e-04  9.00000000000003353e-01  7.76659395341436021e-01 -1.23340604658570333e-04  3.12500000000000722e-01  3.12500000000000722e-01 -1.62630325872825063e-19  9.00000000000003353e-01  7.61025607961531736e-01 -1.38974392038459247e-04 
 2.46999999999999581e-09  6.00000000000002198e-01  4.98027714519350462e-01 -1.01972285480651846e-04 -5.00000000000000000e-01 -3.36745736515669081e-01  1.63254263484327881e-04  9.00000000000003353e-01  7.78249799348690541e-01 -1.21750200651315772e-04  3.12500000000000722e-01  3.12500000000000722e-01 -1.62630325872825063e-19  9.00000000000003353e-01  7.62817600392698747e-01 -1.37182399607292259e-04 
 2.48299999999999566e-09  6.00000000000002198e-01  4.99359762685100850e-01 -1.00640237314901385e-04 -5.00000000000000000e-01 -3.38878301665113568e-01  1.61121698334883373e-04  9.00000000000003353e-01  7.79840203355945061e-01 -1.20159796644061210e-04  3.12500000000000722e-01  3.12500000000000722e-01 -1.62630325872825063e-19  9.00000000000003353e-01  7.64609592823865758e-01 -1.35390407176125217e-04 
 2.49599999999999552e-09  6.00000000000002198e-01  5.00645985075192423e-01 -9.93540149248068444e-05 -5.00000000000000000e-01 -3.40937501260203890e-01  1.59062498739795518e-04  8.99999999999992140e-01  7.81375893502909369e-01 -1.18624106497095439e-04  3.12499999999997891e-01  3.12499999999997891e-01 -1.62630325872827495e-19  8.99999999999992140e-01  7.66339936250714171e-01 -1.33660063749279582e-04 
 2.50899999999999537e-09  6.00000000000002198e-01  5.01929642684111443e-01 -9.80703573158878301e-05 -5.00000000000000000e-01 -3.42992594725279765e-01  1.57007405274719623e-04  8.99999999999992140e-01  7.82908521419571457e-01 -1.17091478580433307e-04  3.12499999999997891e-01  3.12499999999997891e-01 -1.62630325872827495e-19  8.99999999999992140e-01  7.68066829300483978e-01 -1.31933170699509905e-04 
 2.52199999999999522e-09  5.99999999999996647e-01  5.03208597650562695e-01 -9.67914023494406456e-05 -5.00000000000000000e-01 -3.45040159414966463e-01  1.54959840585031409e-04  9.00000000000003353e-01  7.84435534598246331e-01 -1.15564465401755512e-04  3.12500000000000722e-01  3.12500000000000722e-01 -1.62630325872825063e-19  9.00000000000003353e-01  7.69787395927594931e-01 -1.30212604072413448e-04 
 2.53499999999999507e-09  5.99999999999996647e-01  5.04445622631568114e-01 -9.55543773684351932e-05 -5.00000000000000000e-01 -3.47020595581851055e-01  1.52979404418146839e-04  9.00000000000003353e-01  7.85912485310277464e-01 -1.14087514689724238e-04  3.12500000000000722e-01  3.12500000000000722e-01 -1.62630325872825063e-19  9.00000000000003353e-01  7.71451554521948468e-01 -1.28548445478059961e-04 
 2.54799999999999492e-09  5.99999999999996647e-01  5.05682647612573533e-01 -9.43173523874297408e-05 -5.00000000000000000e-01 -3.49001031748735646e-01  1.50998968251262215e-04  9.00000000000003353e-01  7.87389436022308820e-01 -1.12610563977693018e-04  3.12500000000000722e-01  3.12500000000000722e-01 -1.62630325872825063e-19  9.00000000000003353e-01  7.73115713116302006e-01 -1.26884286883706475e-04 
 2.56099999999999478e-09  6.00000000000002198e-01  5.06908227163630820e-01 -9.30917728363709425e-05 -5.00000000000000000e-01 -3.50963144160031548e-01  1.49036855839969654e-04  9.00000000000003353e-01  7.88852721419426306e-01 -1.11147278580563970e-04  3.12500000000000722e-01  3.12500000000000722e-01 -1.62630325872825063e-19  9.00000000000003353e-01  7.74764474276561588e-01 -1.25235525723442660e-04 
 2.57399999999999463e-09  6.00000000000002198e-01  5.08100313583716101e-01 -9.18996864162856502e-05 -5.00000000000000000e-01 -3.52871635174069054e-01  1.47128364825932164e-04  9.00000000000003353e-01  7.90276017564599309e-01 -1.09723982435391007e-04  3.12500000000000722e-01  3.12500000000000722e-01 -1.62630325872825063e-19  9.00000000000003353e-01  7.76368177428606643e-01 -1.23631822571397521e-04 
 2.58699999999999448e-09  6.00000000000002198e-01  5.09292400003801382e-01 -9.07075999962003580e-05 -5.00000000000000000e-01 -3.54780126188106615e-01  1.45219873811894620e-04  9.00000000000003353e-01  7.91699313709772312e-01 -1.08300686290218045e-04  3.12500000000000722e-01  3.12500000000000722e-01 -1.62630325872825063e-19  9.00000000000003353e-01  7.77971880580651698e-01 -1.22028119419352436e-04 
 2.59999999999999433e-09  6.00000000000002198e-01  5.10466794315689532e-01 -8.95332056843061602e-05 -5.00000000000000000e-01 -3.56660292720848260e-01  1.43339707279147878e-04  8.99999999999992140e-01  7.93101486294649272e-01 -1.06898513705354207e-04  3.12500000000000722e-01  3.12500000000000722e-01 -1.62630325872825063e-19  8.99999999999992140e-01  7.79551782698475471e-01 -1.20448217301522909e-04 
 2.61299999999999418e-09  6.00000000000002198e-01  5.11615574699895381e-01 -8.83844253001002584e-05 -5.00000000000000000e-01 -3.58499452200747970e-01  1.41500547799248153e-04  8.99999999999992140e-01  7.94473077032486485e-01 -1.05526922967516914e-04  3.12500000000000722e-01  3.12500000000000722e-01 -1.62630325872825063e-19  8.99999999999992140e-01  7.81097226629483998e-01 -1.18902773370514270e-04 
 2.62599999999999403e-09  6.00000000000002198e-01  5.12764355084101342e-01 -8.72356449158943838e-05 -5.00000000000000000e-01 -3.60338611680647625e-01  1.39661388319348428e-04  8.99999999999992140e-01  7.95844667770323699e-01 -1.04155332229679675e-04  3.12500000000000722e-01  3.12500000000000722e-01 -1.62630325872825063e-19  8.99999999999992140e-01  7.82642670560492748e-01 -1.17357329439505631e-04 
 2.63899999999999389e-09  5.99999999999996647e-01  5.13889665644447824e-01 -8.61103343555531732e-05 -5.00000000000000000e-01 -3.62140196747155141e-01  1.37859803252839727e-04  9.00000000000003353e-01  7.97188236622098145e-01 -1.02811763377901489e-04  3.12500000000000722e-01  3.12499999999997891e-01 -1.62630325872825063e-19  9.00000000000003353e-01  7.84156540748300213e-01 -1.15843459251705697e-04 
 2.65199999999999374e-09  5.99999999999996647e-01  5.14996713211554491e-01 -8.50032867884465868e-05 -5.00000000000000000e-01 -3.63912543364260266e-01  1.36087456635734609e-04  9.00000000000003353e-01  7.98510000303185197e-01 -1.01489999696814334e-04  3.12500000000000722e-01  3.12499999999997891e-01 -1.62630325872825063e-19  9.00000000000003353e-01  7.85645841895364461e-01 -1.14354158104641463e-04 
 2.66499999999999359e-09  5.99999999999996647e-01  5.16103760778661047e-01 -8.38962392213399733e-05 -5.00000000000000000e-01 -3.65684889981365335e-01  1.34315110018629492e-04  9.00000000000003353e-01  7.99831763984272359e-01 -1.00168236015727233e-04  3.12500000000000722e-01  3.12499999999997891e-01 -1.62630325872825063e-19  9.00000000000003353e-01  7.87135143042428709e-01 -1.12864856957577175e-04 
 2.67799999999999344e-09  6.00000000000002198e-01  5.17182003939772317e-01 -8.28179960602288211e-05 -5.00000000000000000e-01 -3.67411121695156495e-01  1.32588878304840910e-04  9.00000000000003353e-01  8.01119136534542031e-01 -9.88808634654546022e-05  3.12499999999997891e-01  3.12500000000000722e-01 -1.62630325872827495e-19  9.00000000000003353e-01  7.88585693880858196e-01 -1.11414306119138665e-04 
 2.69099999999999329e-09  6.00000000000002198e-01  5.18248834756772969e-01 -8.17511652432281960e-05 -5.00000000000000000e-01 -3.69119082622685890e-01  1.30880917377311533e-04  9.00000000000003353e-01  8.02392883272869950e-01 -9.76071167271265971e-05  3.12499999999997891e-01  3.12500000000000722e-01 -1.62630325872827495e-19  9.00000000000003353e-01  7.90020891795284785e-01 -1.09979108204712075e-04 
 2.70399999999999314e-09  6.00000000000002198e-01  5.19315665573773622e-01 -8.06843344262275709e-05 -5.00000000000000000e-01 -3.70827043550215230e-01  1.29172956449782157e-04  9.00000000000003353e-01  8.03666630011197869e-01 -9.63333699887986461e-05  3.12499999999997891e-01  3.12500000000000722e-01 -1.62630325872827495e-19  9.00000000000003353e-01  7.91456089709711375e-01 -1.08543910290285432e-04 
 2.71699999999999300e-09  5.99999999999996647e-01  5.20348775964900812e-01 -7.96512240350986597e-05 -5.00000000000000000e-01 -3.72481019188859119e-01  1.27518980811138383e-04  9.00000000000003353e-01  8.04900116117956976e-01 -9.50998838820393019e-05  3.12500000000000722e-01  3.12500000000000722e-01 -1.62630325872825063e-19  9.00000000000003353e-01  7.92845923838141342e-01 -1.07154076161861470e-04 
 2.72999999999999285e-09  5.99999999999996647e-01  5.21376851023208188e-01 -7.86231489767912398e-05 -5.00000000000000000e-01 -3.74126933425844965e-01  1.25873066574152528e-04  9.00000000000003353e-01  8.06127590269816618e-01 -9.38724097301797417e-05  3.12500000000000722e-01  3.12500000000000722e-01 -1.62630325872825063e-19  9.00000000000003353e-01  7.94228983978553460e-01 -1.05771016021449305e-04 
 2.74299999999999270e-09  6.00000000000002198e-01  5.22404032669242735e-01 -7.75959673307544161e-05 -5.00000000000000000e-01 -3.75771417339276770e-01  1.24228582660725810e-04  8.99999999999992140e-01  8.07353997728678552e-01 -9.26460022713216876e-05  3.12500000000000722e-01  3.12499999999997891e-01 -1.62630325872825063e-19  8.99999999999992140e-01  7.95610842219457992e-01 -1.04389157780539481e-04 
 2.75599999999999255e-09  6.00000000000002198e-01  5.23394759885471128e-01 -7.66052401145259076e-05 -5.00000000000000000e-01 -3.77357538913750568e-01  1.22642461086252034e-04  8.99999999999992140e-01  8.08536880281501391e-01 -9.14631197184987473e-05  3.12500000000000722e-01  3.12499999999997891e-01 -1.62630325872825063e-19  8.99999999999992140e-01  7.96943658643429087e-01 -1.03056341356568362e-04 
 2.76899999999999240e-09  6.00000000000002198e-01  5.24385487101699743e-01 -7.56145128982973992e-05 -5.00000000000000000e-01 -3.78943660488224365e-01  1.21056339511778203e-04  8.99999999999992140e-01  8.09719762834324341e-01 -9.02802371656758070e-05  3.12500000000000722e-01  3.12499999999997891e-01 -1.62630325872825063e-19  8.99999999999992140e-01  7.98276475067400182e-01 -1.01723524932597297e-04 
 2.78199999999999225e-09  6.00000000000002198e-01  5.25369816273456913e-01 -7.46301837265441869e-05 -5.00000000000000000e-01 -3.80519539004656293e-01  1.19480460995342419e-04  9.00000000000003353e-01  8.10895006417452158e-01 -8.91049935825491142e-05  3.12499999999997891e-01  3.12500000000000722e-01 -1.62630325872827495e-19  9.00000000000003353e-01  7.99600684259609951e-01 -1.00399315740382338e-04 
 2.79499999999999211e-09  6.00000000000002198e-01  5.26324552417520075e-01 -7.36754475824810489e-05 -5.00000000000000000e-01 -3.82048040060469773e-01  1.17951959939528890e-04  9.00000000000003353e-01  8.12034917291871050e-01 -8.79650827081301825e-05  3.12499999999997891e-01  3.12500000000000722e-01 -1.62630325872827495e-19  9.00000000000003353e-01  8.00885082217516420e-01 -9.91149177824760756e-05 
 2.80799999999999196e-09  6.00000000000002198e-01  5.27279288561583237e-01 -7.27207114384179109e-05 -5.00000000000000000e-01 -3.83576541116283254e-01  1.16423458883715416e-04  9.00000000000003353e-01  8.13174828166290053e-01 -8.68251718337112780e-05  3.12499999999997891e-01  3.12500000000000722e-01 -1.62630325872827495e-19  9.00000000000003353e-01  8.02169480175422667e-01 -9.78305198245697587e-05 
 2.82099999999999181e-09  5.99999999999996647e-01  5.28222523151841594e-01 -7.17774768481585891e-05 -5.00000000000000000e-01 -3.85086628564065891e-01  1.14913371435936928e-04  9.00000000000003353e-01  8.14301006716499742e-01 -8.56989932834900095e-05  3.12500000000000722e-01  3.12500000000000722e-01 -1.62630325872825063e-19  9.00000000000003353e-01  8.03438405196324701e-01 -9.65615948036747918e-05 
 2.83399999999999166e-09  5.99999999999996647e-01  5.29142575705006002e-01 -7.08574242949941478e-05 -5.00000000000000000e-01 -3.86559602335573904e-01  1.13440397664428864e-04  9.00000000000003353e-01  8.15399506984778810e-01 -8.46004930152110092e-05  3.12500000000000722e-01  3.12500000000000722e-01 -1.62630325872825063e-19  9.00000000000003353e-01  8.04676143630968843e-01 -9.53238563690307237e-05 
 2.84699999999999151e-09  5.99999999999996647e-01  5.30062628258170410e-01 -6.99373717418297336e-05 -5.00000000000000000e-01 -3.88032576107081972e-01  1.11967423892920799e-04  9.00000000000003353e-01  8.16498007253057767e-01 -8.35019927469320361e-05  3.12500000000000722e-01  3.12500000000000722e-01 -1.62630325872825063e-19  9.00000000000003353e-01  8.05913882065612874e-01 -9.40861179343866014e-05 
 2.85999999999999136e-09  6.00000000000002198e-01  5.30966454991713133e-01 -6.90335450082868744e-05 -5.00000000000000000e-01 -3.89479572876903157e-01  1.10520427123096676e-04  8.99999999999992140e-01  8.17577134641891190e-01 -8.24228653581105723e-05  3.12500000000000722e-01  3.12499999999997891e-01 -1.62630325872825063e-19  8.99999999999992140e-01  8.07129792050884198e-01 -9.28702079491164735e-05 
 2.87299999999999122e-09  6.00000000000002198e-01  5.31853083937153359e-01 -6.81469160628466668e-05 -5.00000000000000000e-01 -3.90899036555582780e-01  1.09100963444417069e-04  8.99999999999992140e-01  8.18635728665765283e-01 -8.13642713342363857e-05  3.12500000000000722e-01  3.12499999999997891e-01 -1.62630325872825063e-19  8.99999999999992140e-01  8.08322566006311805e-01 -9.16774339936887207e-05 
 2.88599999999999107e-09  6.00000000000002198e-01  5.32739712882593475e-01 -6.72602871174064862e-05 -5.00000000000000000e-01 -3.92318500234262402e-01  1.07681499765737462e-04  8.99999999999992140e-01  8.19694322689639487e-01 -8.03056773103622262e-05  3.12500000000000722e-01  3.12499999999997891e-01 -1.62630325872825063e-19  8.99999999999992140e-01  8.09515339961739633e-01 -9.04846600382610221e-05 
 2.89899999999999092e-09  5.99999999999996647e-01  5.33605750167038040e-01 -6.63942498329619642e-05 -5.00000000000000000e-01 -3.93704997343307272e-01  1.06295002656689442e-04  9.00000000000003353e-01  8.20728331221035945e-01 -7.92716687789694668e-05  3.12500000000000722e-01  3.12500000000000722e-01 -1.62630325872825063e-19  9.00000000000003353e-01  8.10680412140603490e-01 -8.93195878593907536e-05 
 2.91199999999999077e-09  5.99999999999996647e-01  5.34460169715343936e-01 -6.55398302846560616e-05 -5.00000000000000000e-01 -3.95072894840238054e-01  1.04927105159758661e-04  9.00000000000003353e-01  8.21748468711887670e-01 -7.82515312881177684e-05  3.12500000000000722e-01  3.12500000000000722e-01 -1.62630325872825063e-19  9.00000000000003353e-01  8.11829855083413765e-01 -8.81701449165804086e-05 
 2.92499999999999062e-09  5.99999999999996647e-01  5.35314589263649943e-01 -6.46854107363501320e-05 -5.00000000000000000e-01 -3.96440792337168890e-01  1.03559207662827827e-04  9.00000000000003353e-01  8.22768606202739394e-01 -7.72313937972660971e-05  3.12500000000000722e-01  3.12500000000000722e-01 -1.62630325872825063e-19  9.00000000000003353e-01  8.12979298026224151e-01 -8.70207019737701177e-05 
 2.93799999999999047e-09  6.00000000000002198e-01  5.36144389927088683e-01 -6.38556100729096210e-05 -5.00000000000000000e-01 -3.97769275811973577e-01  1.02230724188025711e-04  9.00000000000003353e-01  8.23759349881753256e-01 -7.62406501182527044e-05  3.12500000000000722e-01  3.12500000000000722e-01 -1.62630325872825063e-19  9.00000000000003353e-01  8.14095621404387626e-01 -8.59043785956082424e-05 
 2.95099999999999033e-09  6.00000000000002198e-01  5.36967770179088921e-01 -6.30322298209094300e-05 -5.00000000000000000e-01 -3.99087480419963336e-01  1.00912519580035991e-04  9.00000000000003353e-01  8.24742427885946650e-01 -7.52575721140593215e-05  3.12500000000000722e-01  3.12500000000000722e-01 -1.62630325872825063e-19  9.00000000000003353e-01  8.15203307460714011e-01 -8.47966925392818816e-05 
 2.96399999999999018e-09  6.00000000000002198e-01  5.37791150431089160e-01 -6.22088495689092119e-05 -5.00000000000000000e-01 -4.00405685027953095e-01  9.95943149720462158e-05  9.00000000000003353e-01  8.25725505890140044e-01 -7.42744941098659656e-05  3.12500000000000722e-01  3.12500000000000722e-01 -1.62630325872825063e-19  9.00000000000003353e-01  8.16310993517040395e-01 -8.36890064829555209e-05 
 2.97699999999999003e-09  6.00000000000002198e-01  5.38586204350999131e-01 -6.14137956490022391e-05 -5.00000000000000000e-01 -4.01678540113159788e-01  9.83214598868350034e-05  8.99999999999992140e-01  8.26674763561679682e-01 -7.33252364383231913e-05  3.12500000000000722e-01  3.12499999999997891e-01 -1.62630325872827495e-19  8.99999999999992140e-01  8.17380572413269446e-01 -8.26194275867305383e-05 
 2.98999999999998988e-09  6.00000000000002198e-01  5.39379672900177520e-01 -6.06203270998238156e-05 -5.00000000000000000e-01 -4.02948857072160160e-01  9.70511429278345691e-05  8.99999999999992140e-01  8.27622128373771804e-01 -7.23778716262310051e-05  3.12500000000000722e-01  3.12499999999997891e-01 -1.62630325872827495e-19  8.99999999999992140e-01  8.18448018524496224e-01 -8.15519814755038619e-05 
 3.00299999999998973e-09  5.99999999999996647e-01  5.40170234600307775e-01 -5.98297653996936706e-05 -5.00000000000000000e-01 -4.04214520261778731e-01  9.57854797382210778e-05  9.00000000000003353e-01  8.28566022542304270e-01 -7.14339774576897447e-05  3.12500000000000722e-01  3.12500000000000722e-01 -1.62630325872825063e-19  9.00000000000003353e-01  8.19511554077812399e-01 -8.04884459221888015e-05 
 3.01599999999998959e-09  5.99999999999996647e-01  5.40934878077007575e-01 -5.90651219229939629e-05 -5.00000000000000000e-01 -4.05438689231105154e-01  9.45613107688947265e-05  9.00000000000003353e-01  8.29478971548753496e-01 -7.05210284512405340e-05  3.12500000000000722e-01  3.12500000000000722e-01 -1.62630325872825063e-19  9.00000000000003353e-01  8.20540222077978276e-01 -7.94597779220228729e-05 
 3.02899999999998944e-09  5.99999999999996647e-01  5.41699521553707264e-01 -5.83004784462942552e-05 -5.00000000000000000e-01 -4.06662858200431521e-01  9.33371417995683210e-05  9.00000000000003353e-01  8.30391920555202612e-01 -6.96080794447913234e-05  3.12500000000000722e-01  3.12500000000000722e-01 -1.62630325872825063e-19  9.00000000000003353e-01  8.21568890078144265e-01 -7.84311099218569713e-05 
 3.04199999999998929e-09  6.00000000000002198e-01  5.42457090255456520e-01 -5.75429097445438297e-05 -5.00000000000000000e-01 -4.07875700688563048e-01  9.21242993114343217e-05  9.00000000000003353e-01  8.31296422607022856e-01 -6.87035773929782468e-05  3.12499999999995115e-01  3.12500000000000722e-01 -1.62630325872825063e-19  9.00000000000003353e-01  8.22588040447119639e-01 -7.74119595528754924e-05 
 3.05499999999998914e-09  6.00000000000002198e-01  5.43193955814986085e-01 -5.68060441850142743e-05 -5.00000000000000000e-01 -4.09055398129303249e-01  9.09446018706941547e-05  9.00000000000003353e-01  8.32176206062918644e-01 -6.78237939370824770e-05  3.12499999999995115e-01  3.12500000000000722e-01 -1.62630325872825063e-19  9.00000000000003353e-01  8.23579339064854365e-01 -7.64206609351407949e-05 
 3.06799999999998899e-09  6.00000000000002198e-01  5.43930821374515538e-01 -5.60691786254847188e-05 -5.00000000000000000e-01 -4.10235095570043395e-01  8.97649044299539877e-05  9.00000000000003353e-01  8.33055989518814433e-01 -6.69440104811867072e-05  3.12499999999995115e-01  3.12500000000000722e-01 -1.62630325872825063e-19  9.00000000000003353e-01  8.24570637682589092e-01 -7.54293623174060704e-05 
 3.08099999999998884e-09  5.99999999999996647e-01  5.44656750893685371e-01 -5.53432491063144490e-05 -5.00000000000000000e-01 -4.11397284771109817e-01  8.86027152288864956e-05  9.00000000000003353e-01  8.33922715847453033e-01 -6.60772841525462712e-05  3.12500000000000722e-01  3.12500000000000722e-01 -1.62630325872827495e-19  9.00000000000003353e-01  8.25547224143476588e-01 -7.44527758565245593e-05 
 3.09399999999998870e-09  5.99999999999996647e-01  5.45366847650364917e-01 -5.46331523496348644e-05 -5.00000000000000000e-01 -4.12534126241985155e-01  8.74658737580112059e-05  9.00000000000003353e-01  8.34770538588701649e-01 -6.52294614112976874e-05  3.12500000000000722e-01  3.12500000000000722e-01 -1.62630325872827495e-19  9.00000000000003353e-01  8.26502510931210188e-01 -7.34974890687910038e-05 
 3.10699999999998855e-09  5.99999999999996647e-01  5.46076944407044573e-01 -5.39230555929552798e-05 -5.00000000000000000e-01 -4.13670967712860493e-01  8.63290322871359162e-05  9.00000000000003353e-01  8.35618361329950265e-01 -6.43816386700491036e-05  3.12500000000000722e-01  3.12500000000000722e-01 -1.62630325872827495e-19  9.00000000000003353e-01  8.27457797718943788e-01 -7.25422022810574482e-05 
 3.11999999999998840e-09  6.00000000000002198e-01  5.46772533738252409e-01 -5.32274662617465894e-05 -5.00000000000000000e-01 -4.14784583274374397e-01  8.52154167256268555e-05  8.99999999999992140e-01  8.36448862875010857e-01 -6.35511371249832858e-05  3.12500000000000722e-01  3.12500000000000722e-01 -1.62630325872825063e-19  8.99999999999992140e-01  8.28393567797512609e-01 -7.16064322024851372e-05 
 3.13299999999998825e-09  6.00000000000002198e-01  5.47456834147364901e-01 -5.25431658526341453e-05 -5.00000000000000000e-01 -4.15880125644196741e-01  8.41198743558044595e-05  8.99999999999992140e-01  8.37265885968320078e-01 -6.27341140316740225e-05  3.12500000000000722e-01  3.12500000000000722e-01 -1.62630325872825063e-19  8.99999999999992140e-01  8.29314150990600907e-01 -7.06858490093968217e-05 
 3.14599999999998810e-09  6.00000000000002198e-01  5.48141134556477394e-01 -5.18588654435217012e-05 -5.00000000000000000e-01 -4.16975668014019085e-01  8.30243319859821178e-05  8.99999999999992140e-01  8.38082909061629300e-01 -6.19170909383647591e-05  3.12500000000000722e-01  3.12500000000000722e-01 -1.62630325872825063e-19  8.99999999999992140e-01  8.30234734183689316e-01 -6.97652658163084791e-05 
 3.15899999999998795e-09  6.00000000000002198e-01  5.48807630069586994e-01 -5.11923699304155447e-05 -5.00000000000000000e-01 -4.18042705332979270e-01  8.19572946670206167e-05  9.00000000000003353e-01  8.38878673931191199e-01 -6.11213260688086993e-05  3.12500000000000722e-01  3.12499999999995115e-01 -1.62630325872825063e-19  9.00000000000003353e-01  8.31131364610133039e-01 -6.88686353898697117e-05 
 3.17199999999998781e-09  6.00000000000002198e-01  5.49467071259124529e-01 -5.05329287408781181e-05 -5.00000000000000000e-01 -4.19098448912734511e-01  8.09015510872654244e-05  9.00000000000003353e-01  8.39666016264115189e-01 -6.03339837358847508e-05  3.12500000000000722e-01  3.12499999999995115e-01 -1.62630325872825063e-19  9.00000000000003353e-01  8.32018504918445423e-01 -6.79814950815572645e-05 
 3.18499999999998766e-09  6.00000000000002198e-01  5.50126512448661842e-01 -4.98734875513406645e-05 -5.00000000000000000e-01 -4.20154192492489642e-01  7.98458075075101780e-05  9.00000000000003353e-01  8.40453358597039180e-01 -5.95466414029607752e-05  3.12500000000000722e-01  3.12499999999995115e-01 -1.62630325872825063e-19  9.00000000000003353e-01  8.32905645226757807e-01 -6.70943547732448173e-05 
 3.19799999999998751e-09  6.00000000000002198e-01  5.50765109997958913e-01 -4.92348900020449047e-05 -5.00000000000000000e-01 -4.21176566092156479e-01  7.88234339078413529e-05  9.00000000000003353e-01  8.41215814585901667e-01 -5.87841854141035432e-05  3.12500000000000722e-01  3.12500000000000722e-01 -1.62630325872825063e-19  9.00000000000003353e-01  8.33764744773092037e-01 -6.62352552269046524e-05 
 3.21099999999998736e-09  6.00000000000002198e-01  5.51400595051990350e-01 -4.85994049480135168e-05 -5.00000000000000000e-01 -4.22193956689632888e-01  7.78060433103649313e-05  9.00000000000003353e-01  8.41974554399121944e-01 -5.80254456008832465e-05  3.12500000000000722e-01  3.12500000000000722e-01 -1.62630325872825063e-19  9.00000000000003353e-01  8.34619657107513846e-01 -6.53803428924828274e-05 
 3.22399999999998721e-09  6.00000000000002198e-01  5.52035527860204933e-01 -4.79644721397941157e-05 -5.00000000000000000e-01 -4.23210463159795269e-01  7.67895368402066333e-05  8.99999999999992140e-01  8.42732634856338203e-01 -5.72673651436646051e-05  3.12500000000000722e-01  3.12500000000000722e-01 -1.62630325872825063e-19  8.99999999999992140e-01  8.35473826510604090e-01 -6.45261734893912001e-05 
 3.23699999999998706e-09  6.00000000000002198e-01  5.52647927055621491e-01 -4.73520729443775246e-05 -5.00000000000000000e-01 -4.24190894059572443e-01  7.58091059404294217e-05  8.99999999999992140e-01  8.43463811220280912e-01 -5.65361887797219051e-05  3.12500000000000722e-01  3.12500000000000722e-01 -1.62630325872825063e-19  8.99999999999992140e-01  8.36297681646819169e-01 -6.37023183531761582e-05 
 3.24999999999998692e-09  6.00000000000002198e-01  5.53260326251038159e-01 -4.67396737489609606e-05 -5.00000000000000000e-01 -4.25171324959349672e-01  7.48286750406522102e-05  8.99999999999992140e-01  8.44194987584223622e-01 -5.58050124157791780e-05  3.12500000000000722e-01  3.12500000000000722e-01 -1.62630325872825063e-19  8.99999999999992140e-01  8.37121536783034248e-01 -6.28784632169611163e-05 
 3.26299999999998677e-09  5.99999999999991096e-01  5.53868770616889772e-01 -4.61312293831128283e-05 -5.00000000000000000e-01 -4.26145424307513787e-01  7.38545756924861288e-05  9.00000000000003353e-01  8.44921442064264339e-01 -5.50785579357400792e-05  3.12500000000000722e-01  3.12500000000000722e-01 -1.62630325872827495e-19  9.00000000000003353e-01  8.37940071522559116e-01 -6.20599284774361534e-05 
 3.27599999999998662e-09  5.99999999999991096e-01  5.54458922615222005e-01 -4.55410773847805936e-05 -5.00000000000000000e-01 -4.27090238179022197e-01  7.29097618209776830e-05  9.00000000000003353e-01  8.45626056302074547e-01 -5.43739436979297534e-05  3.12500000000000722e-01  3.12500000000000722e-01 -1.62630325872827495e-19  9.00000000000003353e-01  8.38733997704390388e-01 -6.12660022956049285e-05 
 3.28899999999998647e-09  5.99999999999991096e-01  5.55049074613554239e-01 -4.49509253864483589e-05 -5.00000000000000000e-01 -4.28035052050530607e-01  7.19649479494692643e-05  9.00000000000003353e-01  8.46330670539884866e-01 -5.36693294601194547e-05  3.12500000000000722e-01  3.12500000000000722e-01 -1.62630325872827495e-19  9.00000000000003353e-01  8.39527923886221550e-01 -6.04720761137737036e-05 
 3.30199999999998632e-09  6.00000000000002198e-01  5.55632117145040239e-01 -4.43678828549606775e-05 -5.00000000000000000e-01 -4.28968483900262876e-01  7.10315160997324947e-05  9.00000000000003353e-01  8.47026796402527316e-01 -5.29732035974661932e-05  3.12499999999995115e-01  3.12500000000000722e-01 -1.62630325872825063e-19  9.00000000000003353e-01  8.40312285766183220e-01 -5.96877142338220960e-05 
 3.31499999999998617e-09  6.00000000000002198e-01  5.56200830140978431e-01 -4.37991698590224556e-05 -5.00000000000000000e-01 -4.29878974636527578e-01  7.01210253634678381e-05  9.00000000000003353e-01  8.47705813461349877e-01 -5.22941865386436738e-05  3.12499999999995115e-01  3.12500000000000722e-01 -1.62630325872825063e-19  9.00000000000003353e-01  8.41077370250687184e-01 -5.89226297493181388e-05 
 3.32799999999998603e-09  6.00000000000002198e-01  5.56769543136916623e-01 -4.32304568630842336e-05 -5.00000000000000000e-01 -4.30789465372792280e-01  6.92105346272031815e-05  9.00000000000003353e-01  8.48384830520172439e-01 -5.16151694798211544e-05  3.12499999999995115e-01  3.12500000000000722e-01 -1.62630325872825063e-19  9.00000000000003353e-01  8.41842454735191148e-01 -5.81575452648141816e-05 
 3.34099999999998588e-09  6.00000000000002198e-01  5.57328226450895636e-01 -4.26717735490985404e-05 -5.00000000000000000e-01 -4.31683898919283382e-01  6.83161010807180292e-05  8.99999999999992140e-01  8.49051872601828905e-01 -5.09481273981650840e-05  3.12500000000000722e-01  3.12500000000000722e-01 -1.62630325872825063e-19  8.99999999999992140e-01  8.42594046378650763e-01 -5.74059536213418964e-05 
 3.35399999999998573e-09  6.00000000000002198e-01  5.57876279279087561e-01 -4.21237207209067049e-05 -5.00000000000000000e-01 -4.32561313408869830e-01  6.74386865911316463e-05  8.99999999999992140e-01  8.49706222374273068e-01 -5.02937776257209783e-05  3.12500000000000722e-01  3.12500000000000722e-01 -1.62630325872825063e-19  8.99999999999992140e-01  8.43331336925082442e-01 -5.66686630749102527e-05 
 3.36699999999998558e-09  6.00000000000002198e-01  5.58424332107279375e-01 -4.15756678927148694e-05 -5.00000000000000000e-01 -4.33438727898456166e-01  6.65612721015452363e-05  8.99999999999992140e-01  8.50360572146717120e-01 -4.96394278532768726e-05  3.12500000000000722e-01  3.12500000000000722e-01 -1.62630325872825063e-19  8.99999999999992140e-01  8.44068627471514121e-01 -5.59313725284785819e-05 
 3.37999999999998543e-09  6.00000000000002198e-01  5.58959656591670240e-01 -4.10403434083288731e-05 -5.00000000000000000e-01 -4.34295764729703715e-01  6.57042352702968220e-05  9.00000000000003353e-01  8.50999724864342832e-01 -4.90002751356504807e-05  3.12500000000000722e-01  3.12500000000000722e-01 -1.62630325872827495e-19  9.00000000000003353e-01  8.44788794691369915e-01 -5.52112053086262168e-05 
 3.39299999999998528e-09  6.00000000000002198e-01  5.59487799793310092e-01 -4.05122002066889630e-05 -5.00000000000000000e-01 -4.35141304564292841e-01  6.48586954357076859e-05  9.00000000000003353e-01  8.51630303461941240e-01 -4.83696965380521276e-05  3.12500000000000722e-01  3.12500000000000722e-01 -1.62630325872827495e-19  9.00000000000003353e-01  8.45499300996055858e-01 -5.45006990039402029e-05 
 3.40599999999998514e-09  6.00000000000002198e-01  5.60015942994950056e-01 -3.99840570050490258e-05 -5.00000000000000000e-01 -4.35986844398882023e-01  6.40131556011185228e-05  9.00000000000003353e-01  8.52260882059539537e-01 -4.77391179404537745e-05  3.12500000000000722e-01  3.12500000000000722e-01 -1.62630325872827495e-19  9.00000000000003353e-01  8.46209807300741912e-01 -5.37901926992541890e-05 
 3.41899999999998499e-09  6.00000000000002198e-01  5.60528868500912991e-01 -3.94711314990938561e-05 -5.00000000000000000e-01 -4.36808021204934893e-01  6.31919787950649219e-05  9.00000000000003353e-01  8.52873291431122782e-01 -4.71267085688804183e-05  3.12500000000000722e-01  3.12499999999995115e-01 -1.62630325872825063e-19  9.00000000000003353e-01  8.46899841376128393e-01 -5.31001586238671777e-05 
 3.43199999999998484e-09  6.00000000000002198e-01  5.61037825351585084e-01 -3.89621746484217256e-05 -5.00000000000000000e-01 -4.37622844324865423e-01  6.23771556751343936e-05  9.00000000000003353e-01  8.53480962411528266e-01 -4.65190375884750229e-05  3.12500000000000722e-01  3.12499999999995115e-01 -1.62630325872825063e-19  9.00000000000003353e-01  8.47584536455214588e-01 -5.24154635447810022e-05 
 3.44499999999998469e-09  6.00000000000002198e-01  5.61546782202257289e-01 -3.84532177977495681e-05 -5.00000000000000000e-01 -4.38437667444795953e-01  6.15623325552038924e-05  9.00000000000003353e-01  8.54088633391933638e-01 -4.59113666080696546e-05  3.12500000000000722e-01  3.12499999999995115e-01 -1.62630325872825063e-19  9.00000000000003353e-01  8.48269231534300783e-01 -5.17307684656947997e-05 
 3.45799999999998454e-09  5.99999999999991096e-01  5.62038229669205469e-01 -3.79617703307902430e-05 -5.00000000000000000e-01 -4.39224458619298819e-01  6.07755413807038302e-05  9.00000000000003353e-01  8.54675398976624812e-01 -4.53246010233816050e-05  3.12500000000000722e-01  3.12500000000000722e-01 -1.62630325872825063e-19  9.00000000000003353e-01  8.48930371396774408e-01 -5.10696286032247791e-05 
 3.47099999999998439e-09  5.99999999999991096e-01  5.62528697169386915e-01 -3.74713028306088093e-05 -5.00000000000000000e-01 -4.40009680899330069e-01  5.99903191006726161e-05  9.00000000000003353e-01  8.55260994526225060e-01 -4.47390054737813333e-05  3.12500000000000722e-01  3.12500000000000722e-01 -1.62630325872825063e-19  9.00000000000003353e-01  8.49590192918741161e-01 -5.04098070812580108e-05 
 3.48399999999998425e-09  6.00000000000002198e-01  5.63017367856084694e-01 -3.69826321439088528e-05 -5.00000000000000000e-01 -4.40792026540279158e-01  5.92079734597212562e-05  8.99999999999992140e-01  8.55844444763488532e-01 -4.41555552365166895e-05  3.12500000000000722e-01  3.12500000000000722e-01 -1.62630325872825063e-19  8.99999999999992140e-01  8.50247597203673600e-01 -4.97524027963267229e-05 
 3.49699999999998410e-09  6.00000000000002198e-01  5.63490017685665534e-01 -3.65099823143280231e-05 -5.00000000000000000e-01 -4.41548723317746639e-01  5.84512766822537411e-05  8.99999999999992140e-01  8.56408766837060131e-01 -4.35912331629451652e-05  3.12500000000000722e-01  3.12500000000000722e-01 -1.62630325872825063e-19  8.99999999999992140e-01  8.50883448773443130e-01 -4.91165512265571654e-05 
 3.50999999999998395e-09  6.00000000000002198e-01  5.63962667515246263e-01 -3.60373324847471934e-05 -5.00000000000000000e-01 -4.42305420095214175e-01  5.76945799047861988e-05  8.99999999999992140e-01  8.56973088910631620e-01 -4.30269110893736410e-05  3.12500000000000722e-01  3.12500000000000722e-01 -1.62630325872825063e-19  8.99999999999992140e-01  8.51519300343212771e-01 -4.84806996567876080e-05 
 3.52299999999998380e-09  6.00000000000002198e-01  5.64430944207186203e-01 -3.55690557928130214e-05 -5.00000000000000000e-01 -4.43055115623645968e-01  5.69448843763565595e-05  9.00000000000003353e-01  8.57532189659752309e-01 -4.24678103402379163e-05  3.12500000000000722e-01  3.12500000000000722e-01 -1.62630325872825063e-19  9.00000000000003353e-01  8.52149268770186374e-01 -4.78507312298085536e-05 
 3.53599999999998365e-09  6.00000000000002198e-01  5.64886423645314273e-01 -3.51135763546848989e-05 -5.00000000000000000e-01 -4.43784323171102391e-01  5.62156768289001662e-05  9.00000000000003353e-01  8.58076011078712120e-01 -4.19239889212781169e-05  3.12500000000000722e-01  3.12500000000000722e-01 -1.62630325872825063e-19  9.00000000000003353e-01  8.52762021166581952e-01 -4.72379788334129189e-05 
 3.54899999999998351e-09  6.00000000000002198e-01  5.65341903083442454e-01 -3.46580969165567493e-05 -5.00000000000000000e-01 -4.44513530718558814e-01  5.54864692814437458e-05  9.00000000000003353e-01  8.58619832497671931e-01 -4.13801675023183174e-05  3.12500000000000722e-01  3.12500000000000722e-01 -1.62630325872825063e-19  9.00000000000003353e-01  8.53374773562977529e-01 -4.66252264370172842e-05 
 3.56199999999998336e-09  6.00000000000002198e-01  5.65790622616118566e-01 -3.42093773838868736e-05 -5.00000000000000000e-01 -4.45231915880483164e-01  5.47680841195172480e-05  9.00000000000003353e-01  8.59155582901636405e-01 -4.08444170983608722e-05  3.12500000000000722e-01  3.12500000000000722e-01 -1.62630325872827495e-19  9.00000000000003353e-01  8.53978431919298231e-01 -4.60215680807081647e-05 
 3.57499999999998321e-09  6.00000000000002198e-01  5.66229555427628428e-01 -3.37704445723770234e-05 -5.00000000000000000e-01 -4.45934632824840971e-01  5.40653671751594226e-05  9.00000000000003353e-01  8.59679648412396302e-01 -4.03203515876009047e-05  3.12500000000000722e-01  3.12500000000000722e-01 -1.62630325872827495e-19  9.00000000000003353e-01  8.54568924287547826e-01 -4.54310757124584848e-05 
 3.58799999999998306e-09  6.00000000000002198e-01  5.66668488239138290e-01 -3.33315117608671733e-05 -5.00000000000000000e-01 -4.46637349769198833e-01  5.33626502308015701e-05  9.00000000000003353e-01  8.60203713923156310e-01 -3.97962860768409372e-05  3.12500000000000722e-01  3.12500000000000722e-01 -1.62630325872827495e-19  9.00000000000003353e-01  8.55159416655797533e-01 -4.48405833442088050e-05 
 3.60099999999998291e-09  6.00000000000002198e-01  5.67098453561370786e-01 -3.29015464386323822e-05 -5.00000000000000000e-01 -4.47325710059199522e-01  5.26742899408028976e-05  8.99999999999992140e-01  8.60717072665768579e-01 -3.92829273342325638e-05  3.12500000000000722e-01  3.12500000000000722e-01 -1.62630325872825063e-19  8.99999999999992140e-01  8.55737845141275932e-01 -4.42621548587225969e-05 
 3.61399999999998276e-09  6.00000000000002198e-01  5.67521440851009418e-01 -3.24785591489937313e-05 -5.00000000000000000e-01 -4.48002898749319534e-01  5.19971012506829108e-05  8.99999999999992140e-01  8.61222099959642717e-01 -3.87779000403584164e-05  3.12500000000000722e-01  3.12500000000000722e-01 -1.62630325872825063e-19  8.99999999999992140e-01  8.56306886142195967e-01 -4.36931138578025569e-05 
 3.62699999999998262e-09  6.00000000000002198e-01  5.67944428140648050e-01 -3.20555718593550668e-05 -5.00000000000000000e-01 -4.48680087439439546e-01  5.13199125605628970e-05  8.99999999999992140e-01  8.61727127253516856e-01 -3.82728727464842690e-05  3.12500000000000722e-01  3.12500000000000722e-01 -1.62630325872825063e-19  8.99999999999992140e-01  8.56875927143116112e-01 -4.31240728568825168e-05 
 3.63999999999998247e-09  5.99999999999991096e-01  5.68356409672283291e-01 -3.16435903277193333e-05 -5.00000000000000000e-01 -4.49339656274237054e-01  5.06603437257634344e-05  9.00000000000003353e-01  8.62219014180482302e-01 -3.77809858195133773e-05  3.12499999999995115e-01  3.12499999999995115e-01 -1.62630325872825063e-19  9.00000000000003353e-01  8.57430162196661572e-01 -4.25698378033361250e-05 
 3.65299999999998232e-09  5.99999999999991096e-01  5.68764030707904600e-01 -3.12359692920979962e-05 -5.00000000000000000e-01 -4.49992244098834815e-01  5.00077559011656873e-05  9.00000000000003353e-01  8.62705694876542695e-01 -3.72943051234530057e-05  3.12499999999995115e-01  3.12499999999995115e-01 -1.62630325872825063e-19  9.00000000000003353e-01  8.57978531114092058e-01 -4.20214688859055761e-05 
 3.66599999999998217e-09  5.99999999999991096e-01  5.69171651743525908e-01 -3.08283482564766591e-05 -5.00000000000000000e-01 -4.50644831923432576e-01  4.93551680765679402e-05  9.00000000000003353e-01  8.63192375572603088e-01 -3.68076244273926069e-05  3.12499999999995115e-01  3.12499999999995115e-01 -1.62630325872825063e-19  9.00000000000003353e-01  8.58526900031522544e-01 -4.14730999684750272e-05 
 3.67899999999998202e-09  6.00000000000002198e-01  5.69566388679149771e-01 -3.04336113208421581e-05 -5.00000000000000000e-01 -4.51276792729184861e-01  4.87232072708128187e-05  9.00000000000003353e-01  8.63663673248162511e-01 -3.63363267518389775e-05  3.12500000000000722e-01  3.12500000000000722e-01 -1.62630325872827495e-19  9.00000000000003353e-01  8.59057936084980822e-01 -4.09420639150147759e-05 
 3.69199999999998187e-09  6.00000000000002198e-01  5.69959201685003802e-01 -3.00407983149881072e-05 -5.00000000000000000e-01 -4.51905673386860551e-01  4.80943266131371070e-05  9.00000000000003353e-01  8.64132673840389609e-01 -3.58673261596118248e-05  3.12500000000000722e-01  3.12500000000000722e-01 -1.62630325872827495e-19  9.00000000000003353e-01  8.59586383892990691e-01 -4.04136161070049260e-05 
 3.70499999999998173e-09  5.99999999999997757e-01  5.70351673330612430e-01 -2.96483266693847237e-05 -5.00000000000000000e-01 -4.52534007538042571e-01  4.74659924619556968e-05  9.00000000000002243e-01  8.64601266864240769e-01 -3.53987331357623737e-05  3.12500000000004219e-01  3.12499999999998612e-01 -1.62630325872824461e-19  9.00000000000002243e-01  8.60114372472115973e-01 -3.98856275278738502e-05 
 3.71799999999998158e-09  5.99999999999997757e-01  5.70730216251815858e-01 -2.92697837481811757e-05 -5.00000000000000000e-01 -4.53140042261173326e-01  4.68599577388249399e-05  9.00000000000002243e-01  8.65053229634266119e-01 -3.49467703657369954e-05  3.12500000000004219e-01  3.12499999999998612e-01 -1.62630325872824461e-19  9.00000000000002243e-01  8.60623622863438187e-01 -3.93763771365516807e-05 
 3.73099999999998143e-09  5.99999999999997757e-01  5.71108759173019398e-01 -2.88912408269776278e-05 -5.00000000000000000e-01 -4.53746076984304136e-01  4.62539230156941829e-05  9.00000000000002243e-01  8.65505192404291579e-01 -3.44948075957116171e-05  3.12500000000004219e-01  3.12499999999998612e-01 -1.62630325872824461e-19  9.00000000000002243e-01  8.61132873254760289e-01 -3.88671267452294841e-05 
 3.74399999999998128e-09  6.00000000000008971e-01  5.71484857491508236e-01 -2.85151425084918038e-05 -5.00000000000000000e-01 -4.54348197979170143e-01  4.56518020208321936e-05  8.99999999999991029e-01  8.65954236431536906e-01 -3.40457635684608640e-05  3.12499999999998612e-01  3.12500000000004219e-01 -1.62630325872824461e-19  8.99999999999991029e-01  8.61638834944016052e-01 -3.83611650559827373e-05 
 3.75699999999998113e-09  6.00000000000008971e-01  5.71849648730743620e-01 -2.81503512692564460e-05 -5.00000000000000000e-01 -4.54932216713340831e-01  4.50677832866615323e-05  8.99999999999991029e-01  8.66389780328227999e-01 -3.36102196717697594e-05  3.12499999999998612e-01  3.12500000000004219e-01 -1.62630325872824461e-19  8.99999999999991029e-01  8.62129585321122383e-01 -3.78704146788763759e-05 
 3.76999999999998098e-09  6.00000000000008971e-01  5.72214439969979005e-01 -2.77855600300211018e-05 -5.00000000000000000e-01 -4.55516235447511519e-01  4.44837645524908439e-05  8.99999999999991029e-01  8.66825324224919092e-01 -3.31746757750786276e-05  3.12499999999998612e-01  3.12500000000004219e-01 -1.62630325872824461e-19  8.99999999999991029e-01  8.62620335698228824e-01 -3.73796643017700416e-05 
 3.78299999999998084e-09  5.99999999999997757e-01  5.72574836627433026e-01 -2.74251633725679179e-05 -5.00000000000000000e-01 -4.56093218601293648e-01  4.39067813987108419e-05  9.00000000000002243e-01  8.67255621193869786e-01 -3.27443788061310451e-05  3.12499999999998612e-01  3.12499999999998612e-01 -1.62630325872826869e-19  9.00000000000002243e-01  8.63105174083941495e-01 -3.68948259160575668e-05 
 3.79599999999998069e-09  5.99999999999997757e-01  5.72926375754884698e-01 -2.70736242451163087e-05 -5.00000000000000000e-01 -4.56656021141881308e-01  4.33439788581231600e-05  9.00000000000002243e-01  8.67675342680960915e-01 -3.23246573190398806e-05  3.12499999999998612e-01  3.12499999999998612e-01 -1.62630325872826869e-19  9.00000000000002243e-01  8.63578096514113214e-01 -3.64219034858858737e-05 
 3.80899999999998054e-09  5.99999999999997757e-01  5.73277914882336259e-01 -2.67220851176647130e-05 -5.00000000000000000e-01 -4.57218823682469022e-01  4.27811763175355052e-05  9.00000000000002243e-01  8.68095064168052155e-01 -3.19049358319487160e-05  3.12499999999998612e-01  3.12499999999998612e-01 -1.62630325872826869e-19  9.00000000000002243e-01  8.64051018944284932e-01 -3.59489810557141805e-05 
 3.82199999999998039e-09  5.99999999999997757e-01  5.73623254352553125e-01 -2.63767456474526158e-05 -5.00000000000000000e-01 -4.57771700776426704e-01  4.22282992235692379e-05  9.00000000000002243e-01  8.68507383550645273e-01 -3.14926164493536156e-05  3.12499999999998612e-01  3.12499999999998612e-01 -1.62630325872826869e-19  9.00000000000002243e-01  8.64515601031268455e-01 -3.54843989687327944e-05 
 3.83499999999998024e-09  5.99999999999997757e-01  5.73962022790053150e-01 -2.60379772099525599e-05 -5.00000000000000000e-01 -4.58314057863895341e-01  4.16859421361005984e-05  9.00000000000002243e-01  8.68911857423576017e-01 -3.10881425764228338e-05  3.12499999999998612e-01  3.12499999999998612e-01 -1.62630325872826869e-19  9.00000000000002243e-01  8.64971343166971440e-01 -3.50286568330297700e-05 
 3.84799999999998009e-09  5.99999999999997757e-01  5.74300791227553176e-01 -2.56992087724525041e-05 -5.00000000000000000e-01 -4.58856414951363978e-01  4.11435850486319859e-05  9.00000000000002243e-01  8.69316331296506761e-01 -3.06836687034920655e-05  3.12499999999998612e-01  3.12499999999998612e-01 -1.62630325872826869e-19  9.00000000000002243e-01  8.65427085302674426e-01 -3.45729146973267456e-05 
 3.86099999999997995e-09  5.99999999999997757e-01  5.74631691881283158e-01 -2.53683081187158630e-05 -5.00000000000000000e-01 -4.59386175976706002e-01  4.06138240232948016e-05  9.00000000000002243e-01  8.69711411398887524e-01 -3.02885886011073670e-05  3.12499999999998612e-01  3.12499999999998612e-01 -1.62630325872824461e-19  9.00000000000002243e-01  8.65872242979553564e-01 -3.41277570204418098e-05 
 3.87399999999997980e-09  5.99999999999997757e-01  5.74958153561603513e-01 -2.50418464383954956e-05 -5.00000000000000000e-01 -4.59908830352111386e-01  4.00911696478893978e-05  9.00000000000002243e-01  8.70101191571967192e-01 -2.98988084280277992e-05  3.12499999999998612e-01  3.12499999999998612e-01 -1.62630325872824461e-19  9.00000000000002243e-01  8.66311428945378381e-01 -3.36885710546170930e-05 
 3.88699999999997965e-09  5.99999999999997757e-01  5.75284615241923869e-01 -2.47153847580751146e-05 -5.00000000000000000e-01 -4.60431484727516827e-01  3.95685152724839669e-05  9.00000000000002243e-01  8.70490971745046749e-01 -2.95090282549482179e-05  3.12499999999998612e-01  3.12499999999998612e-01 -1.62630325872824461e-19  9.00000000000002243e-01  8.66750614911203088e-01 -3.32493850887923762e-05 
 3.89999999999997950e-09  5.99999999999997757e-01  5.75601670392937859e-01 -2.43983296070603606e-05 -5.00000000000000000e-01 -4.60939079559961884e-01  3.90609204400368742e-05  9.00000000000002243e-01  8.70869520956455090e-01 -2.91304790435466525e-05  3.12500000000004219e-01  3.12500000000004219e-01 -1.62630325872824461e-19  9.00000000000002243e-01  8.67177146357658191e-01 -3.28228536423409831e-05 
 3.91299999999997935e-09  5.99999999999997757e-01  5.75916272395131768e-01 -2.40837276048664868e-05 -5.00000000000000000e-01 -4.61442746982112517e-01  3.85572530178862009e-05  9.00000000000002243e-01  8.71245141221430708e-01 -2.87548587785710314e-05  3.12500000000004219e-01  3.12500000000004219e-01 -1.62630325872824461e-19  9.00000000000002243e-01  8.67600377605038608e-01 -3.23996223949605882e-05 
 3.92599999999997920e-09  5.99999999999997757e-01  5.76230874397325676e-01 -2.37691256026726266e-05 -5.00000000000000000e-01 -4.61946414404263206e-01  3.80535855957355547e-05  9.00000000000002243e-01  8.71620761486406326e-01 -2.83792385135954103e-05  3.12500000000004219e-01  3.12500000000004219e-01 -1.62630325872824461e-19  9.00000000000002243e-01  8.68023608852418915e-01 -3.19763911475801934e-05 
 3.93899999999997906e-09  6.00000000000008971e-01  5.76534653306831069e-01 -2.34653466931749482e-05 -5.00000000000000000e-01 -4.62432754412222535e-01  3.75672455877780747e-05  8.99999999999991029e-01  8.71983459478414047e-01 -2.80165405215803998e-05  3.12499999999998612e-01  3.12499999999998612e-01 -1.62630325872826869e-19  8.99999999999991029e-01  8.68432279890418601e-01 -3.15677201095767093e-05 
 3.95199999999997891e-09  6.00000000000008971e-01  5.76837826468493686e-01 -2.31621735315123945e-05 -5.00000000000000000e-01 -4.62918124637888617e-01  3.70818753621119854e-05  8.99999999999991029e-01  8.72345434235481831e-01 -2.76545657645126889e-05  3.12499999999998612e-01  3.12499999999998612e-01 -1.62630325872826869e-19  8.99999999999991029e-01  8.68840136021301168e-01 -3.11598639786941477e-05 
 3.96499999999997876e-09  5.99999999999993205e-01  5.77139898933279660e-01 -2.28601010667301070e-05 -5.00000000000000000e-01 -4.63401732684179279e-01  3.65982673158222734e-05  9.00000000000006795e-01  8.72706094811299571e-01 -2.72939051886988287e-05  3.12499999999998557e-01  3.12499999999998945e-01 -1.60673114392999057e-19  9.00000000000006795e-01  8.69246511394560439e-01 -3.07534886054360539e-05 
 3.97799999999997861e-09  5.99999999999993205e-01  5.77432157297918081e-01 -2.25678427020916365e-05 -5.00000000000000000e-01 -4.63869628680049995e-01  3.61303713199515606e-05  9.00000000000006795e-01  8.73055037804672973e-01 -2.69449621953254145e-05  3.12499999999998557e-01  3.12499999999999001e-01 -1.41264895453645041e-19  9.00000000000006795e-01  8.69639683947057707e-01 -3.03603160529388664e-05 
 3.99099999999997846e-09  5.99999999999993205e-01  5.77724415662556612e-01 -2.22755843374531661e-05 -5.00000000000000000e-01 -4.64337524675920710e-01  3.56624753240808478e-05  9.00000000000006795e-01  8.73403980798046375e-01 -2.65960192019520139e-05  3.12499999999998557e-01  3.12499999999999001e-01 -1.21856676514291796e-19  9.00000000000006795e-01  8.70032856499554974e-01 -2.99671435004416654e-05 
 4.00399999999997832e-09  6.00000000000000089e-01  5.77926748376528132e-01 -2.20732516234718994e-05 -5.00000000000000000e-01 -4.64661452673060971e-01  3.53385473269390263e-05  9.00000000000000022e-01  8.73645556716537763e-01 -2.63544432834622632e-05  3.12500000000000000e-01  3.12499999999999889e-01 -1.08420217248550443e-19  9.00000000000000022e-01  8.70305052882056951e-01 -2.96949471179431320e-05 
