 time                     v(src0)                  v(out0)                  i(V0)                    v(src1)                  v(out1)                  i(V1)                    v(src2)                  v(out2)                  i(V2)                    v(src3)                  v(out3)                  i(V3)                    v(src4)                  v(out4)                  i(V4)                   
 0.00000000000000000e+00 -6.00000000000000089e-01 -6.00000000000000089e-01  0.00000000000000000e+00 -6.00000000000000089e-01 -6.00000000000000089e-01  0.00000000000000000e+00 -6.00000000000000089e-01 -6.00000000000000089e-01  0.00000000000000000e+00 -6.00000000000000089e-01 -6.00000000000000089e-01  0.00000000000000000e+00 -6.00000000000000089e-01 -6.00000000000000089e-01  0.00000000000000000e+00 
 1.30000000000000001e-13 -5.98830000000000084e-01 -5.99999847919770457e-01 -1.16984791977039603e-06 -5.98830000000000084e-01 -5.99999847919770457e-01 -1.16984791977039603e-06 -6.00000000000000089e-01 -6.00000000000000089e-01  0.00000000000000000e+00 -6.00000000000000089e-01 -6.00000000000000089e-01  0.00000000000000000e+00 -6.00000000000000089e-01 -6.00000000000000089e-01  0.00000000000000000e+00 
 2.60000000000000003e-13 -5.97660000000000080e-01 -5.99999543779079159e-01 -2.33954377907913055e-06 -5.97660000000000080e-01 -5.99999543779079159e-01 -2.33954377907913055e-06 -6.00000000000000089e-01 -6.00000000000000089e-01  0.00000000000000000e+00 -6.00000000000000089e-01 -6.00000000000000089e-01  0.00000000000000000e+00 -6.00000000000000089e-01 -6.00000000000000089e-01  0.00000000000000000e+00 
 5.20000000000000006e-13 -5.95320000000000071e-01 -5.99998631416303718e-01 -4.67863141630361305e-06 -5.95320000000000071e-01 -5.99998631416303718e-01 -4.67863141630361305e-06 -6.00000000000000089e-01 -6.00000000000000089e-01  0.00000000000000000e+00 -6.00000000000000089e-01 -6.00000000000000089e-01  0.00000000000000000e+00 -6.00000000000000089e-01 -6.00000000000000089e-01  0.00000000000000000e+00 
 1.04000000000000001e-12 -5.90640000000000054e-01 -5.99994982676639310e-01 -9.35498267663932570e-06 -5.90640000000000054e-01 -5.99994982676639310e-01 -9.35498267663932570e-06 -6.00000000000000089e-01 -6.00000000000000089e-01  0.00000000000000000e+00 -6.00000000000000089e-01 -6.00000000000000089e-01  0.00000000000000000e+00 -6.00000000000000089e-01 -6.00000000000000089e-01  0.00000000000000000e+00 
 2.08000000000000002e-12 -5.81280000000000130e-01 -5.99980393880829133e-01 -1.87003938808290695e-05 -5.81280000000000130e-01 -5.99980393880829133e-01 -1.87003938808290695e-05 -6.00000000000000089e-01 -5.99999999999999978e-01  1.08420217248550443e-19 -6.00000000000000089e-01 -5.99999999999999978e-01  1.08420217248550443e-19 -6.00000000000000089e-01 -5.99999999999999978e-01  1.08420217248550443e-19 
 4.16000000000000005e-12 -5.62560000000000060e-01 -5.99922088898738104e-01 -3.73620888987380743e-05 -5.62560000000000060e-01 -5.99922088898738104e-01 -3.73620888987380743e-05 -6.00000000000000089e-01 -5.99999999999999756e-01  3.25260651745651330e-19 -6.00000000000000089e-01 -5.99999999999999756e-01  3.25260651745651330e-19 -6.00000000000000089e-01 -5.99999999999999756e-01  3.25260651745651330e-19 
 8.32000000000000009e-12 -5.25120000000000031e-01 -5.99689271668757629e-01 -7.45692716687576095e-05 -5.25120000000000031e-01 -5.99689271668757629e-01 -7.45692716687576095e-05 -6.00000000000000089e-01 -5.99999999999999645e-01  4.33680868994201774e-19 -6.00000000000000089e-01 -5.99999999999999645e-01  4.33680868994201774e-19 -6.00000000000000089e-01 -5.99999999999999645e-01  4.33680868994201774e-19 
 1.66400000000000002e-11 -4.50240000000000085e-01 -5.98761215243203693e-01 -1.48521215243203669e-04 -4.50240000000000085e-01 -5.98761215243203693e-01 -1.48521215243203669e-04 -6.00000000000000089e-01 -5.99999999999999423e-01  6.50521303491302660e-19 -6.00000000000000089e-01 -5.99999999999999423e-01  6.50521303491302660e-19 -6.00000000000000089e-01 -5.99999999999999423e-01  6.50521303491302660e-19 
 3.32800000000000004e-11 -3.00480000000000080e-01 -5.95074492554328205e-01 -2.94594492554328072e-04 -3.00480000000000080e-01 -5.95074492554328205e-01 -2.94594492554328072e-04 -6.00000000000000089e-01 -5.99999999999999201e-01  8.67361737988403547e-19 -6.00000000000000089e-01 -5.99999999999999201e-01  8.67361737988403547e-19 -6.00000000000000089e-01 -5.99999999999999201e-01  8.67361737988403547e-19 
 6.65600000000000007e-11 -9.60000000000071907e-04 -5.80528421661772320e-01 -5.79568421661772262e-04 -9.60000000000071907e-04 -5.80528421661772320e-01 -5.79568421661772262e-04 -6.00000000000000089e-01 -5.99999999999999201e-01  8.67361737988403547e-19 -6.00000000000000089e-01 -5.99999999999999201e-01  8.67361737988403547e-19 -6.00000000000000089e-01 -5.99999999999999201e-01  8.67361737988403547e-19 
 1.00000000000000004e-10  3.00000000000000044e-01 -5.56517072204331109e-01 -8.56517072204331163e-04  3.00000000000000044e-01 -5.56517072204331109e-01 -8.56517072204331163e-04 -6.00000000000000089e-01 -5.99999999999999201e-01  8.67361737988403547e-19 -6.00000000000000089e-01 -5.99999999999999201e-01  8.67361737988403547e-19 -6.00000000000000089e-01 -5.99999999999999201e-01  8.67361737988403547e-19 
 1.02751831102401933e-10  2.89909952624526290e-01 -5.54194240033307417e-01 -8.44104192657833732e-04  2.89909952624526290e-01 -5.54194240033307417e-01 -8.44104192657833732e-04 -6.00000000000000089e-01 -5.99999999999999201e-01  8.67361737988403547e-19 -6.00000000000000089e-01 -5.99999999999999201e-01  8.67361737988403547e-19 -6.00000000000000089e-01 -5.99999999999999201e-01  8.67361737988403547e-19 
 1.08255493307205779e-10  2.69729857873578838e-01 -5.49616704508275156e-01 -8.19346562381853961e-04  2.69729857873578838e-01 -5.49616704508275156e-01 -8.19346562381853961e-04 -6.00000000000000089e-01 -5.99999999999999201e-01  8.67361737988403547e-19 -6.00000000000000089e-01 -5.99999999999999201e-01  8.67361737988403547e-19 -6.00000000000000089e-01 -5.99999999999999201e-01  8.67361737988403547e-19 
 1.19262817716813472e-10  2.29369668371683988e-01 -5.40868168926410986e-01 -7.70237837298095012e-04  2.29369668371683988e-01 -5.40868168926410986e-01 -7.70237837298095012e-04 -6.00000000000000089e-01 -5.99999999999999312e-01  7.58941520739853104e-19 -6.00000000000000089e-01 -5.99999999999999312e-01  7.58941520739853104e-19 -6.00000000000000089e-01 -5.99999999999999312e-01  7.58941520739853104e-19 
 1.40931998922778834e-10  1.49916003949810972e-01 -5.25208262261817382e-01 -6.75124266211628407e-04  1.49916003949810972e-01 -5.25208262261817382e-01 -6.75124266211628407e-04 -6.00000000000000089e-01 -5.99999999999999534e-01  5.42101086242752217e-19 -6.00000000000000089e-01 -5.99999999999999534e-01  5.42101086242752217e-19 -6.00000000000000089e-01 -5.99999999999999534e-01  5.42101086242752217e-19 
 1.77931998922778835e-10  1.42493372831443144e-02 -5.03146637797902918e-01 -5.17395975081047185e-04  1.42493372831443144e-02 -5.03146637797902918e-01 -5.17395975081047185e-04 -6.00000000000000089e-01 -5.99999999999999645e-01  4.33680868994201774e-19 -6.00000000000000089e-01 -5.99999999999999645e-01  4.33680868994201774e-19 -6.00000000000000089e-01 -5.99999999999999645e-01  4.33680868994201774e-19 
 2.14931998922778837e-10 -1.21417329383522399e-01 -4.86814956163474311e-01 -3.65397626779951886e-04 -1.21417329383522399e-01 -4.86814956163474311e-01 -3.65397626779951886e-04 -6.00000000000000089e-01 -5.99999999999999534e-01  5.42101086242752217e-19 -6.00000000000000089e-01 -5.99999999999999534e-01  5.42101086242752217e-19 -6.00000000000000089e-01 -5.99999999999999534e-01  5.42101086242752217e-19 
 2.51931998922778812e-10 -2.57083996050188945e-01 -4.76005060377980960e-01 -2.18921064327792022e-04 -2.57083996050188945e-01 -4.76005060377980960e-01 -2.18921064327792022e-04 -6.00000000000000089e-01 -5.99999999999999534e-01  5.42101086242752217e-19 -6.00000000000000089e-01 -5.99999999999999534e-01  5.42101086242752217e-19 -6.00000000000000089e-01 -5.99999999999999534e-01  5.42101086242752217e-19 
 2.88931998922778788e-10 -3.92750662716855548e-01 -4.70516355373763850e-01 -7.77656926569083229e-05 -3.92750662716855548e-01 -4.70516355373763850e-01 -7.77656926569083229e-05 -6.00000000000000089e-01 -5.99999999999999534e-01  5.42101086242752217e-19 -6.00000000000000089e-01 -5.99999999999999534e-01  5.42101086242752217e-19 -6.00000000000000089e-01 -5.99999999999999534e-01  5.42101086242752217e-19 
 3.25931998922778764e-10 -5.28417329383522150e-01 -4.70155533287389404e-01  5.82617960961327448e-05 -5.28417329383522150e-01 -4.70155533287389404e-01  5.82617960961327448e-05 -6.00000000000000089e-01 -5.99999999999999534e-01  5.42101086242752217e-19 -6.00000000000000089e-01 -5.99999999999999534e-01  5.42101086242752217e-19 -6.00000000000000089e-01 -5.99999999999999534e-01  5.42101086242752217e-19 
 3.62931998922778739e-10 -6.64083996050188641e-01 -4.74736308730580647e-01  1.89347687319607941e-04 -6.64083996050188641e-01 -4.74736308730580647e-01  1.89347687319607941e-04 -6.00000000000000089e-01 -5.99999999999999534e-01  5.42101086242752217e-19 -6.00000000000000089e-01 -5.99999999999999534e-01  5.42101086242752217e-19 -6.00000000000000089e-01 -5.99999999999999534e-01  5.42101086242752217e-19 
 3.69999999999999963e-10 -6.89999999999999836e-01 -4.76161170099596520e-01  2.13838829900403330e-04 -6.89999999999999836e-01 -4.76161170099596520e-01  2.13838829900403330e-04 -6.00000000000000089e-01 -5.99999999999999423e-01  6.50521303491302660e-19 -6.00000000000000089e-01 -5.99999999999999423e-01  6.50521303491302660e-19 -6.00000000000000089e-01 -5.99999999999999423e-01  6.50521303491302660e-19 
 3.72999999999999953e-10 -7.00999999999999845e-01 -4.76833669092319612e-01  2.24166330907680307e-04 -7.00999999999999845e-01 -4.76833669092319612e-01  2.24166330907680307e-04 -5.73000000000000176e-01 -5.99919242273179831e-01 -2.69192422731796312e-05 -5.73000000000000176e-01 -5.99919242273179831e-01 -2.69192422731796312e-05 -5.73000000000000176e-01 -5.99919242273179831e-01 -2.69192422731796312e-05 
 3.78999999999999984e-10 -7.22999999999999865e-01 -4.78240446744808256e-01  2.44759553255191652e-04 -7.22999999999999865e-01 -4.78240446744808256e-01  2.44759553255191652e-04 -5.18999999999999906e-01 -5.99596694462971147e-01 -8.05966944629712316e-05 -5.18999999999999906e-01 -5.99596694462971147e-01 -8.05966944629712316e-05 -5.18999999999999906e-01 -5.99596694462971147e-01 -8.05966944629712316e-05 
 3.90999999999999994e-10 -7.66999999999999904e-01 -4.81422469248846463e-01  2.85577530751153388e-04 -7.66999999999999904e-01 -4.81422469248846463e-01  2.85577530751153388e-04 -4.10999999999999810e-01 -5.97991167292438397e-01 -1.86991167292438649e-04 -4.10999999999999810e-01 -5.97991167292438397e-01 -1.86991167292438649e-04 -4.10999999999999810e-01 -5.97991167292438397e-01 -1.86991167292438649e-04 
 4.00000000000000015e-10 -8.00000000000000044e-01 -4.84128987692609980e-01  3.15871012307390037e-04 -8.00000000000000044e-01 -4.84128987692609980e-01  3.15871012307390037e-04 -3.29999999999999627e-01 -5.95952918904551932e-01 -2.65952918904552294e-04 -3.29999999999999627e-01 -5.95952918904551932e-01 -2.65952918904552294e-04 -3.29999999999999627e-01 -5.95952918904551932e-01 -2.65952918904552294e-04 
 4.01606111572278917e-10 -7.93040183186791481e-01 -4.84624337950717854e-01  3.08415845236073658e-04 -7.93040183186791481e-01 -4.84624337950717854e-01  3.08415845236073658e-04 -3.15544995849489474e-01 -5.95503274673177985e-01 -2.79958278823688549e-04 -3.15544995849489474e-01 -5.95503274673177985e-01 -2.79958278823688549e-04 -3.15544995849489474e-01 -5.95503274673177985e-01 -2.79958278823688549e-04 
 4.04818334716836721e-10 -7.79120549560374354e-01 -4.85591129207658512e-01  2.93529420352715799e-04 -7.79120549560374354e-01 -4.85591129207658512e-01  2.93529420352715799e-04 -2.86634987548469222e-01 -5.94559070009579860e-01 -3.07924082461110641e-04 -2.86634987548469222e-01 -5.94559070009579860e-01 -3.07924082461110641e-04 -2.86634987548469222e-01 -5.94559070009579860e-01 -3.07924082461110641e-04 
 4.11242781005952330e-10 -7.51281282307539988e-01 -4.87381715501656765e-01  2.63899566805883209e-04 -7.51281282307539988e-01 -4.87381715501656765e-01  2.63899566805883209e-04 -2.28814970946428720e-01 -5.92402026390572378e-01 -3.63587055444143594e-04 -2.28814970946428720e-01 -5.92402026390572378e-01 -3.63587055444143594e-04 -2.28814970946428720e-01 -5.92402026390572378e-01 -3.63587055444143594e-04 
 4.24091673584183495e-10 -6.95602747801871590e-01 -4.90395467246386163e-01  2.05207280555485421e-04 -6.95602747801871590e-01 -4.90395467246386163e-01  2.05207280555485421e-04 -1.13174937742348269e-01 -5.87021976034687976e-01 -4.73847038292339790e-04 -1.13174937742348269e-01 -5.87021976034687976e-01 -4.73847038292339790e-04 -1.13174937742348269e-01 -5.87021976034687976e-01 -4.73847038292339790e-04 
 4.49789458740645826e-10 -5.84245678790534906e-01 -4.94189278563020251e-01  9.00564002275146833e-05 -5.84245678790534906e-01 -4.94189278563020251e-01  9.00564002275146833e-05  1.18105128665812686e-01 -5.72065636321202886e-01 -6.90170764987015615e-04  1.18105128665812686e-01 -5.72065636321202886e-01 -6.90170764987015615e-04  1.18105128665812686e-01 -5.72065636321202886e-01 -6.90170764987015615e-04 
 4.69999999999999928e-10 -4.96666666666667145e-01 -4.95115002842127061e-01  1.55166382454006817e-06 -4.96666666666667145e-01 -4.95115002842127061e-01  1.55166382454006817e-06  2.99999999999999711e-01 -5.56436748836128037e-01 -8.56436748836127788e-04  2.99999999999999711e-01 -5.56436748836128037e-01 -8.56436748836127788e-04  2.99999999999999711e-01 -5.56436748836128037e-01 -8.56436748836127788e-04 
 4.73187245018810219e-10 -4.82855271585155843e-01 -4.95076052219922791e-01 -1.22207806347669670e-05 -4.82855271585155843e-01 -4.95076052219922791e-01 -1.22207806347669670e-05  2.88313434931029122e-01 -5.53752877177352665e-01 -8.42066312108381821e-04  2.88313434931029122e-01 -5.53752877177352665e-01 -8.42066312108381821e-04  2.88313434931029122e-01 -5.53752877177352665e-01 -8.42066312108381821e-04 
 4.79561735056430800e-10 -4.55232481422133350e-01 -4.94910637592110014e-01 -3.96781561699767124e-05 -4.55232481422133350e-01 -4.94910637592110014e-01 -3.96781561699767124e-05  2.64940304793087000e-01 -5.48476447028118264e-01 -8.13416751821205300e-04  2.64940304793087000e-01 -5.48476447028118264e-01 -8.13416751821205300e-04  2.64940304793087000e-01 -5.48476447028118264e-01 -8.13416751821205300e-04 
 4.92310715131672067e-10 -3.99986901096087866e-01 -4.94058053954171739e-01 -9.40711528580838712e-05 -3.99986901096087866e-01 -4.94058053954171739e-01 -9.40711528580838712e-05  2.18194044517202340e-01 -5.38467995411826994e-01 -7.56662039929029335e-04  2.18194044517202340e-01 -5.38467995411826994e-01 -7.56662039929029335e-04  2.18194044517202340e-01 -5.38467995411826994e-01 -7.56662039929029335e-04 
 5.13351818990425992e-10 -3.08808784374820899e-01 -4.91150042827057098e-01 -1.82341258452236210e-04 -3.08808784374820899e-01 -4.91150042827057098e-01 -1.82341258452236210e-04  1.41043330368437941e-01 -5.23515962576191041e-01 -6.64559292944628954e-04  1.41043330368437941e-01 -5.23515962576191041e-01 -6.64559292944628954e-04  1.41043330368437941e-01 -5.23515962576191041e-01 -6.64559292944628954e-04 
 5.50351818990425967e-10 -1.48475451041487738e-01 -4.81613672449639818e-01 -3.33138221408152088e-04 -1.48475451041487738e-01 -4.81613672449639818e-01 -3.33138221408152088e-04  5.37666370177136699e-03 -5.01838141755750922e-01 -5.07214805457522266e-04  5.37666370177136699e-03 -5.01838141755750922e-01 -5.07214805457522266e-04  5.37666370177136699e-03 -5.01838141755750922e-01 -5.07214805457522266e-04 
 5.87351818990425943e-10  1.18578822918455895e-02 -4.66599160069896823e-01 -4.78457042361742427e-04  1.18578822918455895e-02 -4.66599160069896823e-01 -4.78457042361742427e-04 -1.30290002964895180e-01 -4.85876320971661391e-01 -3.55586318006766231e-04 -1.30290002964895180e-01 -4.85876320971661391e-01 -3.55586318006766231e-04 -1.30290002964895180e-01 -4.85876320971661391e-01 -3.55586318006766231e-04 
 6.24351818990425919e-10  1.72191215625178695e-01 -4.46305515264741048e-01 -6.18496730889919722e-04  1.72191215625178695e-01 -4.46305515264741048e-01 -6.18496730889919722e-04 -2.65956669631561726e-01 -4.75422849756229782e-01 -2.09466180124668060e-04 -2.65956669631561726e-01 -4.75422849756229782e-01 -2.09466180124668060e-04 -2.65956669631561726e-01 -4.75422849756229782e-01 -2.09466180124668060e-04 
 6.61351818990425894e-10  3.32524548958512023e-01 -4.20924518004462456e-01 -7.53449066962974447e-04  3.32524548958512023e-01 -4.20924518004462456e-01 -7.53449066962974447e-04 -4.01623336298228439e-01 -4.70277621154089887e-01 -6.86542848558614163e-05 -4.01623336298228439e-01 -4.70277621154089887e-01 -6.86542848558614163e-05 -4.01623336298228439e-01 -4.70277621154089887e-01 -6.86542848558614163e-05 
 6.98351818990425870e-10  4.92857882291845018e-01 -3.90640981289394396e-01 -8.83498863581239427e-04  4.92857882291845018e-01 -3.90640981289394396e-01 -8.83498863581239427e-04 -5.37290002964894930e-01 -4.70247797681990209e-01  6.70422052829047830e-05 -5.37290002964894930e-01 -4.70247797681990209e-01  6.70422052829047830e-05 -5.37290002964894930e-01 -4.70247797681990209e-01  6.70422052829047830e-05 
 7.00000000000000064e-10  5.00000000000000000e-01 -3.89180133359979585e-01 -8.89180133359979575e-04  5.00000000000000000e-01 -3.89180133359979585e-01 -8.89180133359979575e-04 -5.43333333333333668e-01 -4.70363180536836289e-01  7.29701527964974066e-05 -5.43333333333333668e-01 -4.70363180536836289e-01  7.29701527964974066e-05 -5.43333333333333668e-01 -4.70363180536836289e-01  7.29701527964974066e-05 
 7.00032880194554140e-10 -5.99704078249013395e-01 -3.89187055200654386e-01  2.10517023048359029e-04  2.99879439286635074e-01 -3.89157477692094411e-01 -6.89036916978729569e-04 -5.43453894046698638e-01 -4.70365583694700273e-01  7.30883103519982939e-05 -5.43453894046698638e-01 -4.70365583694700273e-01  7.30883103519982939e-05 -5.43453894046698638e-01 -4.70365583694700273e-01  7.30883103519982939e-05 
 7.00098640583662293e-10 -5.99112234747040007e-01 -3.89200878967546349e-01  2.09911355779493665e-04  2.99638317859905190e-01 -3.89112175773979385e-01 -6.88750493633884546e-04 -5.43695015473428467e-01 -4.70370397780259686e-01  7.33246176931687949e-05 -5.43695015473428467e-01 -4.70370397780259686e-01  7.33246176931687949e-05 -5.43695015473428467e-01 -4.70370397780259686e-01  7.33246176931687949e-05 
 7.00230161361878701e-10 -5.97928547743092342e-01 -3.89228407022441381e-01  2.08700140720650983e-04  2.99156075006445032e-01 -3.89021628439965517e-01 -6.88177703446410599e-04 -5.44177258326888680e-01 -4.70380072567300966e-01  7.37971857595877368e-05 -5.44177258326888680e-01 -4.70380072567300966e-01  7.37971857595877368e-05 -5.44177258326888680e-01 -4.70380072567300966e-01  7.37971857595877368e-05 
 7.00493202918311414e-10 -5.95561173735197902e-01 -3.89282985295235473e-01  2.06278188439962371e-04  2.98191589299525106e-01 -3.88840759743651176e-01 -6.87032349043176270e-04 -5.45141744033808662e-01 -4.70399608574423422e-01  7.47421354593852828e-05 -5.45141744033808662e-01 -4.70399608574423422e-01  7.47421354593852828e-05 -5.45141744033808662e-01 -4.70399608574423422e-01  7.47421354593852828e-05 
 7.01019286031176943e-10 -5.90826425719408133e-01 -3.89390231121129804e-01  2.01436194598278288e-04  2.96262617885684809e-01 -3.88479925940755366e-01 -6.84742543826440163e-04 -5.47070715447648959e-01 -4.70439426075693556e-01  7.66312893719554530e-05 -5.47070715447648959e-01 -4.70439426075693556e-01  7.66312893719554530e-05 -5.47070715447648959e-01 -4.70439426075693556e-01  7.66312893719554530e-05 
 7.02071452256907897e-10 -5.81356929687829593e-01 -3.89597084917487291e-01  1.91759844770342334e-04  2.92404675058004659e-01 -3.87761870318329094e-01 -6.80166545376333781e-04 -5.50928658275329108e-01 -4.70522041066425534e-01  8.04066172089035495e-05 -5.50928658275329108e-01 -4.70522041066425534e-01  8.04066172089035495e-05 -5.50928658275329108e-01 -4.70522041066425534e-01  8.04066172089035495e-05 
 7.04175784708369909e-10 -5.62417937624671516e-01 -3.89980281227711001e-01  1.72437656396960551e-04  2.84688789402643971e-01 -3.86340188024875797e-01 -6.71028977427519727e-04 -5.58644543930689852e-01 -4.70699175339918563e-01  8.79453685907712664e-05 -5.58644543930689852e-01 -4.70699175339918563e-01  8.79453685907712664e-05 -5.58644543930689852e-01 -4.70699175339918563e-01  8.79453685907712664e-05 
 7.08384449611293934e-10 -5.24539953498355249e-01 -3.90624949073470173e-01  1.33915004424885067e-04  2.69257018091922540e-01 -3.83554387745814906e-01 -6.52811405837737434e-04 -5.74076315241411117e-01 -4.71100936065102227e-01  1.02975379176308945e-04 -5.74076315241411117e-01 -4.71100936065102227e-01  1.02975379176308945e-04 -5.74076315241411117e-01 -4.71100936065102227e-01  1.02975379176308945e-04 
 7.16801779417141879e-10 -4.48783985245723716e-01 -3.91429936424880942e-01  5.73540488208427882e-05  2.38393475470480010e-01 -3.78211838151440216e-01 -6.16605313621920205e-04 -6.04939857862853647e-01 -4.72093431023424659e-01  1.32846426839428977e-04 -6.04939857862853647e-01 -4.72093431023424659e-01  1.32846426839428977e-04 -6.04939857862853647e-01 -4.72093431023424659e-01  1.32846426839428977e-04 
 7.33636439028837874e-10 -2.97272048740459816e-01 -3.91122732214203794e-01 -9.38506834737439953e-05  1.76666390227594672e-01 -3.68433383295806383e-01 -5.45099773523400992e-04 -6.66666943105739040e-01 -4.74826428096615738e-01  1.91840515009123272e-04 -6.66666943105739040e-01 -4.74826428096615738e-01  1.91840515009123272e-04 -6.66666943105739040e-01 -4.74826428096615738e-01  1.91840515009123272e-04 
 7.67305758252229862e-10  5.75182427006815100e-03 -3.82998311690698146e-01 -3.88750135960766290e-04  5.32122197418240517e-02 -3.52427999144364457e-01 -4.05640218886188497e-04 -7.90121113591509605e-01 -4.83222531039108227e-01  3.06898582552401393e-04 -7.90121113591509605e-01 -4.83222531039108227e-01  3.06898582552401393e-04 -7.90121113591509605e-01 -4.83222531039108227e-01  3.06898582552401393e-04 
 7.69999999999999926e-10  2.99999999999988054e-02 -3.81919712624578411e-01 -4.11919712624577252e-04  4.33333333333338344e-02 -3.51349866760797047e-01 -3.94683200094130882e-04 -7.99999999999999822e-01 -4.84061567782732738e-01  3.15938432217267059e-04 -7.99999999999999822e-01 -4.84061567782732738e-01  3.15938432217267059e-04 -7.99999999999999822e-01 -4.84061567782732738e-01  3.15938432217267059e-04 
 7.71166959143124677e-10  4.05026322881214540e-02 -3.81427337588472581e-01 -4.21929969876594054e-04  3.90544831418763727e-02 -3.50894811865632872e-01 -3.89949295007509255e-04 -7.94943177046459670e-01 -4.84423931055957491e-01  3.10519245990502259e-04 -7.94943177046459670e-01 -4.84423931055957491e-01  3.10519245990502259e-04 -7.94943177046459670e-01 -4.84423931055957491e-01  3.10519245990502259e-04 
 7.73500877429374282e-10  6.15078968643678614e-02 -3.80419251625840948e-01 -4.41927148490208789e-04  3.04967827589611717e-02 -3.49995737744776214e-01 -3.80492520503737403e-04 -7.84829531139378034e-01 -4.85136024406998878e-01  2.99693506732379167e-04 -7.84829531139378034e-01 -4.85136024406998878e-01  2.99693506732379167e-04 -7.84829531139378034e-01 -4.85136024406998878e-01  2.99693506732379167e-04 
 7.78168714001873493e-10  1.03518426016860898e-01 -3.78263390381514686e-01 -4.81781816398375580e-04  1.33813819931307143e-02 -3.48263649341627679e-01 -3.61645031334758421e-04 -7.64602239325214761e-01 -4.86484588433776066e-01  2.78117650891438709e-04 -7.64602239325214761e-01 -4.86484588433776066e-01  2.78117650891438709e-04 -7.64602239325214761e-01 -4.86484588433776066e-01  2.78117650891438709e-04 
 7.87504387146871915e-10  1.87539484321846639e-01 -3.73396155703636046e-01 -5.60935640025482735e-04 -2.08494195385301451e-02 -3.45062177270289316e-01 -3.24212757731759166e-04 -7.24147655696888326e-01 -4.88880982557235777e-01  2.35266673139652559e-04 -7.24147655696888326e-01 -4.88880982557235777e-01  2.35266673139652559e-04 -7.24147655696888326e-01 -4.88880982557235777e-01  2.35266673139652559e-04 
 8.00000000000000029e-10  2.99999999999999711e-01 -3.65732172660278743e-01 -6.65732172660278478e-04 -6.66666666666665964e-02 -3.41320574269954047e-01 -2.74653907603287476e-04 -6.69999999999999818e-01 -4.91466327019042470e-01  1.78533672980957345e-04 -6.69999999999999818e-01 -4.91466327019042470e-01  1.78533672980957345e-04 -6.69999999999999818e-01 -4.91466327019042470e-01  1.78533672980957345e-04 
 8.01867134628999672e-10  2.93153839693668150e-01 -3.64504236492190770e-01 -6.57658076185858929e-04 -7.35128269729986017e-02 -3.40821473040250844e-01 -2.67308646067252224e-04 -6.61909083274334731e-01 -4.91783973502759375e-01  1.70125109771575322e-04 -6.61909083274334731e-01 -4.91783973502759375e-01  1.70125109771575322e-04 -6.61909083274334731e-01 -4.91783973502759375e-01  1.70125109771575322e-04 
 8.05601403886999062e-10  2.79461519081003751e-01 -3.62078458815484616e-01 -6.41539977896488393e-04 -8.72051475856630565e-02 -3.39850648646655762e-01 -2.52645501060992682e-04 -6.45727249823004001e-01 -4.92387925149561478e-01  1.53339324673442486e-04 -6.45727249823004001e-01 -4.92387925149561478e-01  1.53339324673442486e-04 -6.45727249823004001e-01 -4.92387925149561478e-01  1.53339324673442486e-04 
 8.13069942402997737e-10  2.52076877855675230e-01 -3.57406799638130546e-01 -6.09483677493805813e-04 -1.14589788810991522e-01 -3.38072657114078190e-01 -2.23482868303086658e-04 -6.13363582920343098e-01 -4.93408480128427696e-01  1.19955102791915427e-04 -6.13363582920343098e-01 -4.93408480128427696e-01  1.19955102791915427e-04 -6.13363582920343098e-01 -4.93408480128427696e-01  1.19955102791915427e-04 
 8.28007019434995191e-10  1.97307595405017910e-01 -3.48776397980326613e-01 -5.46083993385344519e-04 -1.69359071261648841e-01 -3.35165236969709901e-01 -1.65806165708061074e-04 -5.48636249115020735e-01 -4.94707141054503030e-01  5.39291080605176516e-05 -5.48636249115020735e-01 -4.94707141054503030e-01  5.39291080605176516e-05 -5.48636249115020735e-01 -4.94707141054503030e-01  5.39291080605176516e-05 
 8.57881173498990100e-10  8.77690305037032437e-02 -3.34314800605943541e-01 -4.22083831109646833e-04 -2.78897636162963480e-01 -3.31896923068992100e-01 -5.29992869060286372e-05 -4.19181581504376233e-01 -4.94389300799360110e-01 -7.52077192949839133e-05 -4.19181581504376233e-01 -4.94389300799360110e-01 -7.52077192949839133e-05 -4.19181581504376233e-01 -4.94389300799360110e-01 -7.52077192949839133e-05 
 8.94881173498990076e-10 -4.78976361629633307e-02 -3.21445612174207085e-01 -2.73547976011243791e-04 -4.14564302829629971e-01 -3.32435813317210227e-01  8.21284895124197454e-05 -2.58848248171043016e-01 -4.88744870479692783e-01 -2.29896622308649811e-04 -2.58848248171043016e-01 -4.88744870479692783e-01 -2.29896622308649811e-04 -2.58848248171043016e-01 -4.88744870479692783e-01 -2.29896622308649811e-04 
 9.31881173498990051e-10 -1.83564302829629933e-01 -3.13972424369511283e-01 -1.30408121539881365e-04 -5.50230969496296685e-01 -3.37883616405372011e-01  2.12347353090924654e-04 -9.85149148377097994e-02 -4.77480912019126624e-01 -3.78965997181416854e-04 -9.85149148377097994e-02 -4.77480912019126624e-01 -3.78965997181416854e-04 -9.85149148377097994e-02 -4.77480912019126624e-01 -3.78965997181416854e-04 
 9.68881173498990027e-10 -3.19230969496296479e-01 -3.11699211641340179e-01  7.53175785495632756e-06 -6.85897636162963287e-01 -3.48062001675570831e-01  3.37835634487392510e-04  6.18184184956234173e-02 -4.60801571260776976e-01 -5.22619989756400419e-04  6.18184184956234173e-02 -4.60801571260776976e-01 -5.22619989756400419e-04  6.18184184956234173e-02 -4.60801571260776976e-01 -5.22619989756400419e-04 
 1.00000000000000006e-09 -4.33333333333333348e-01 -3.13678165576987633e-01  1.19655167756345740e-04 -8.00000000000000044e-01 -3.60162144874421386e-01  4.39837855125578634e-04  1.96666666666666878e-01 -4.42721407592342020e-01 -6.39388074259008947e-04  1.96666666666666878e-01 -4.42721407592342020e-01 -6.39388074259008947e-04  1.96666666666666878e-01 -4.42721407592342020e-01 -6.39388074259008947e-04 
 1.00256575476798700e-09 -4.42741100815952082e-01 -3.14008461958930507e-01  1.28732638857021538e-04 -7.88881729338723359e-01 -3.61259319112357702e-01  4.27622410226365687e-04  2.07784937327943453e-01 -4.41056639223636582e-01 -6.48841576551580069e-04  2.07784937327943453e-01 -4.41056639223636582e-01 -6.48841576551580069e-04  2.07784937327943453e-01 -4.41056639223636582e-01 -6.48841576551580069e-04 
 1.00769726430396087e-09 -4.61556635781189661e-01 -3.14715516642440185e-01  1.46841119138749524e-04 -7.66645188016169876e-01 -3.63391144335577454e-01  4.03254043680592372e-04  2.30021478650497047e-01 -4.37678715897184489e-01 -6.67700194547681588e-04  2.30021478650497047e-01 -4.37678715897184489e-01 -6.67700194547681588e-04  2.30021478650497047e-01 -4.37678715897184489e-01 -6.67700194547681588e-04 
 1.01796028337590862e-09 -4.99187705711664709e-01 -3.16406974311744749e-01  1.82780731399919912e-04 -7.22172105371063022e-01 -3.67281570470215035e-01  3.54890534900847965e-04  2.74494561295604012e-01 -4.30634031881714063e-01 -7.05128593177318098e-04  2.74494561295604012e-01 -4.30634031881714063e-01 -7.05128593177318098e-04  2.74494561295604012e-01 -4.30634031881714063e-01 -7.05128593177318098e-04 
 1.03519112037754761e-09 -5.62367441384341027e-01 -3.20069207493619001e-01  2.42298233890722006e-04 -6.47505145030627727e-01 -3.72706605372930710e-01  2.74798539657697036e-04  3.49161521636039529e-01 -4.17950066585242641e-01 -7.67111588221282238e-04  3.49161521636039529e-01 -4.17950066585242641e-01 -7.67111588221282238e-04  3.49161521636039529e-01 -4.17950066585242641e-01 -7.67111588221282238e-04 
 1.06965279438082581e-09 -6.88726912729694329e-01 -3.30418168436748816e-01  3.58308744292945471e-04 -4.98171224349755859e-01 -3.79486648794069792e-01  1.18684575555686042e-04  4.98495442316911674e-01 -3.89432352740671395e-01 -8.87927795057583081e-04  4.98495442316911674e-01 -3.89432352740671395e-01 -8.87927795057583081e-04  4.98495442316911674e-01 -3.89432352740671395e-01 -8.87927795057583081e-04 
 1.07000000000000023e-09 -6.90000000000000502e-01 -3.30542774625709079e-01  3.59457225374291425e-04 -4.96666666666666701e-01 -3.79527588442933050e-01  1.17139078223733688e-04  5.00000000000000000e-01 -3.89123851582033053e-01 -8.89123851582033099e-04  2.99999999999999267e-01 -3.89158566117409621e-01 -6.89158566117408855e-04  5.00000000000000000e-01 -3.89123851582033053e-01 -8.89123851582033099e-04 
 1.07034200968307703e-09 -6.91254035504615505e-01 -3.30666099191528895e-01  3.60587936313086575e-04 -4.95184624706667242e-01 -3.79567130745400994e-01  1.15617493961266246e-04  5.00000000000000000e-01 -3.88819866581151252e-01 -8.88819866581151349e-04  2.98745964495384375e-01 -3.88923376544019095e-01 -6.87669341039403442e-04  5.00000000000000000e-01 -3.88819866581151252e-01 -8.88819866581151349e-04 
 1.07102602904923082e-09 -6.93762106513846066e-01 -3.30913521486918771e-01  3.62848585026927272e-04 -4.92220540786667493e-01 -3.79645174913073535e-01  1.12575365873593966e-04  5.00000000000000000e-01 -3.88212104439924988e-01 -8.88212104439925010e-04  2.96237893486153814e-01 -3.88454015707759892e-01 -6.84691909193913700e-04  5.00000000000000000e-01 -3.88212104439924988e-01 -8.88212104439925010e-04 
 1.07239406778153819e-09 -6.98778248532306523e-01 -3.31413001889214520e-01  3.67365246643091994e-04 -4.86292372946668883e-01 -3.79795024891996347e-01  1.06497348054672533e-04  5.00000000000000000e-01 -3.86997826468195638e-01 -8.86997826468195576e-04  2.91221751467693468e-01 -3.87521399721964588e-01 -6.78743151189658113e-04  5.00000000000000000e-01 -3.86997826468195638e-01 -8.86997826468195576e-04 
 1.07513014524615314e-09 -7.08810532569227991e-01 -3.32430474273342880e-01  3.76380058295885153e-04 -4.74436037266670774e-01 -3.80069814037422404e-01  9.43662232292483702e-05  5.00000000000000000e-01 -3.84574247254269308e-01 -8.84574247254269310e-04  2.81189467430771944e-01 -3.85680548790243827e-01 -6.66870016221015813e-04  5.00000000000000000e-01 -3.84574247254269308e-01 -8.84574247254269310e-04 
 1.08060230017538285e-09 -7.28875100643070262e-01 -3.34539212805178898e-01  3.94335887837891366e-04 -4.50723365906675388e-01 -3.80520088938276158e-01  7.02032769683992434e-05  5.00000000000000000e-01 -3.79746927846732807e-01 -8.79746927846732866e-04  2.61124899356929729e-01 -3.82096038454320441e-01 -6.43220937811250218e-04  5.00000000000000000e-01 -3.79746927846732807e-01 -8.79746927846732866e-04 
 1.09154661003384225e-09 -7.69004236790754803e-01 -3.39049856857081222e-01  4.29954379933673630e-04 -4.03298023186684618e-01 -3.81026127410641180e-01  2.22718957760434334e-05  5.00000000000000000e-01 -3.70171105256140942e-01 -8.70171105256140921e-04  2.20995763209245188e-01 -3.75313139129615780e-01 -5.96308902338861004e-04  5.00000000000000000e-01 -3.70171105256140942e-01 -8.70171105256140921e-04 
 1.09999999999999992e-09 -7.99999999999999378e-01 -3.42799589558773210e-01  4.57200410441226145e-04 -3.66666666666668029e-01 -3.81059430099786045e-01 -1.43927634331180538e-05  5.00000000000000000e-01 -3.62846169833928756e-01 -8.62846169833928834e-04  1.90000000000000363e-01 -3.70423982050405387e-01 -5.60423982050405728e-04  5.00000000000000000e-01 -3.62846169833928756e-01 -8.62846169833928834e-04 
 1.10218886197169189e-09 -7.90514931456002157e-01 -3.43777436273307591e-01  4.46737495182694547e-04 -3.57181598122669586e-01 -3.81007278973023056e-01 -2.38256808503534688e-05  5.00000000000000000e-01 -3.60961643633094964e-01 -8.60961643633094994e-04  1.81974172770463155e-01 -3.69217499559728546e-01 -5.51191672330191766e-04  5.00000000000000000e-01 -3.60961643633094964e-01 -8.60961643633094994e-04 
 1.10656658591507561e-09 -7.71544794368006048e-01 -3.45687425986856312e-01  4.25857368381149721e-04 -3.38211461034673422e-01 -3.80861772202065019e-01 -4.26503111673915834e-05  5.00000000000000000e-01 -3.57200823148368707e-01 -8.57200823148368714e-04  1.65922518311389544e-01 -3.66844862808760053e-01 -5.32767381120149617e-04  5.00000000000000000e-01 -3.57200823148368707e-01 -8.57200823148368714e-04 
 1.11532203380184325e-09 -7.33604520192012943e-01 -3.49234378357914044e-01  3.84370141834098917e-04 -3.00271186858680317e-01 -3.80324609130246905e-01 -8.00534222715665778e-05  5.00000000000000000e-01 -3.49728358400641259e-01 -8.49728358400641311e-04  1.33819209393241489e-01 -3.62340504030977006e-01 -4.96159713424218496e-04  5.00000000000000000e-01 -3.49728358400641259e-01 -8.49728358400641311e-04 
 1.13206838302295163e-09 -6.61037006900543345e-01 -3.55015151103806381e-01  3.06021855796736986e-04 -2.27703673567210663e-01 -3.78392563460448195e-01 -1.50688889893237527e-04  5.00000000000000000e-01 -3.35616670197162514e-01 -8.35616670197162487e-04  7.24159289158440855e-02 -3.54610505219416561e-01 -4.27026434135260673e-04  5.00000000000000000e-01 -3.35616670197162514e-01 -8.35616670197162487e-04 
 1.16556108146516838e-09 -5.15901980317604147e-01 -3.62705383677097259e-01  1.53196596640506886e-04 -8.25686469842714654e-02 -3.71038261777548173e-01 -2.88469614793276691e-04  5.00000000000000000e-01 -3.08090574657559513e-01 -8.08090574657559517e-04 -5.03906320389506668e-02 -3.42566492434579706e-01 -2.92175860395629025e-04  5.00000000000000000e-01 -3.08090574657559513e-01 -8.08090574657559517e-04 
 1.20256108146516836e-09 -3.55568646984270875e-01 -3.65358410097354536e-01 -9.78976311308363961e-06  7.77646863490617513e-02 -3.57646467556617442e-01 -4.35411153905679185e-04  5.00000000000000000e-01 -2.78734314213445911e-01 -7.78734314213445954e-04 -1.86057298705617158e-01 -3.34416592089655795e-01 -1.48359293384038669e-04  5.00000000000000000e-01 -2.78734314213445911e-01 -7.78734314213445954e-04 
 1.23956108146516833e-09 -1.95235313650937714e-01 -3.62090478922243331e-01 -1.66855165271305634e-04  2.38098019682394968e-01 -3.38916590913341254e-01 -5.77014610595736233e-04  5.00000000000000000e-01 -2.50444506038779657e-01 -7.50444506038779741e-04 -3.21723965372283760e-01 -3.31491250389237435e-01 -9.76728501695365865e-06  5.00000000000000000e-01 -2.50444506038779657e-01 -7.50444506038779741e-04 
 1.27656108146516831e-09 -3.49019803176044974e-02 -3.53116686303976302e-01 -3.18214705986371834e-04  3.98431353015728185e-01 -3.15042553349562160e-01 -7.13473906365290388e-04  5.00000000000000000e-01 -2.23182408126717940e-01 -7.23182408126717916e-04 -4.57390632038950362e-01 -3.33600669915703918e-01  1.23789962123246433e-04  5.00000000000000000e-01 -2.23182408126717940e-01 -7.23182408126717916e-04 
 1.30000000000000006e-09  6.66666666666664298e-02 -3.44567934856968017e-01 -4.11234601523634464e-04  4.99999999999999112e-01 -2.97336670335140385e-01 -7.97336670335139553e-04  5.00000000000000000e-01 -2.06428145475508751e-01 -7.06428145475508748e-04 -5.43333333333333557e-01 -3.37464097458768264e-01  2.05869235874565340e-04  5.00000000000000000e-01 -2.06428145475508751e-01 -7.06428145475508748e-04 
 1.30075296115742858e-09  6.99294983488566446e-02 -3.44256069212626803e-01 -4.14185567561483454e-04  2.97239142422762892e-01 -2.96889314684415873e-01 -5.94128457107178797e-04  5.00000000000000000e-01 -2.05896632729903634e-01 -7.05896632729903647e-04 -5.46094190910571431e-01 -3.37621069621466874e-01  2.08473121289104554e-04  5.00000000000000000e-01 -2.05896632729903634e-01 -7.05896632729903647e-04 
 1.30225888347228541e-09  7.64551617132361860e-02 -3.43627897341923394e-01 -4.20083059055159603e-04  2.91717427268287866e-01 -2.95999431067798302e-01 -5.87716858336086081e-04  5.00000000000000000e-01 -2.04834407053368195e-01 -7.04834407053368220e-04 -5.51615906065046402e-01 -3.37938932245688328e-01  2.13676973819358098e-04  5.00000000000000000e-01 -2.04834407053368195e-01 -7.04834407053368220e-04 
 1.30527072810199927e-09  8.95064884419963791e-02 -3.42344950171088402e-01 -4.31851438613084786e-04  2.80673996959337035e-01 -2.94248586388433819e-01 -5.74922583347770868e-04  5.00000000000000000e-01 -2.02714747372460452e-01 -7.02714747372460476e-04 -5.62659336373997232e-01 -3.38598131936390379e-01  2.24061204437606826e-04  5.00000000000000000e-01 -2.02714747372460452e-01 -7.02714747372460476e-04 
 1.31129441736142678e-09  1.15609141899515544e-01 -3.39673041535683784e-01 -4.55282183435199318e-04  2.58587136341436152e-01 -2.90862153001868018e-01 -5.49449289343304122e-04  5.00000000000000000e-01 -1.98494522757115599e-01 -6.98494522757115615e-04 -5.84746196991898115e-01 -3.40010076641477366e-01  2.44736120350420719e-04  5.00000000000000000e-01 -1.98494522757115599e-01 -6.98494522757115615e-04 
 1.32334179588028182e-09  1.67814448814553985e-01 -3.33908340957357386e-01 -5.01722789771911408e-04  2.14413415105634275e-01 -2.84546859571596256e-01 -4.98960274677230512e-04  5.00000000000000000e-01 -1.90129880851718058e-01 -6.90129880851718109e-04 -6.28919918227699992e-01 -3.43205346776339459e-01  2.85714571451360470e-04  5.00000000000000000e-01 -1.90129880851718058e-01 -6.90129880851718109e-04 
 1.34743655291799189e-09  2.72225062644630977e-01 -3.20720457475492549e-01 -5.92945520120123507e-04  1.26065972634030687e-01 -2.73719331392800858e-01 -3.99785304026831537e-04  5.00000000000000000e-01 -1.73699314302628166e-01 -6.73699314302628237e-04 -7.17267360699303413e-01 -3.51059305425503787e-01  3.66208055273799563e-04  5.00000000000000000e-01 -1.73699314302628166e-01 -6.73699314302628237e-04 
 1.37000000000000003e-09  3.69999999999999662e-01 -3.06400051656708639e-01 -6.76400051656708386e-04  4.33333333333342230e-02 -2.65722382966947168e-01 -3.09055716300281433e-04  5.00000000000000000e-01 -1.58667915560222056e-01 -6.58667915560222079e-04 -8.00000000000000044e-01 -3.60152995765701700e-01  4.39847004234298342e-04  5.00000000000000000e-01 -1.58667915560222056e-01 -6.58667915560222079e-04 
 1.37237276305770454e-09  3.80281973250052419e-01 -3.04774574787087527e-01 -6.85056548037139943e-04  3.46332021217509722e-02 -2.65011397330925158e-01 -2.99644599452676143e-04  5.00000000000000000e-01 -1.57108752188135720e-01 -6.57108752188135777e-04 -7.89718026749947177e-01 -3.61169839073865795e-01  4.28548187676081440e-04  5.00000000000000000e-01 -1.57108752188135720e-01 -6.57108752188135777e-04 
 1.37711828917311358e-09  4.00845919750158375e-01 -3.01482638659700597e-01 -7.02328558409859045e-04  1.72329396985844707e-02 -2.63633981041240417e-01 -2.80866920739824882e-04  5.00000000000000000e-01 -1.53997806979827817e-01 -6.53997806979827816e-04 -7.69154080249841332e-01 -3.63150033784760740e-01  4.06004046465080601e-04  5.00000000000000000e-01 -1.53997806979827817e-01 -6.53997806979827816e-04 
 1.38660934140393187e-09  4.41973812750370731e-01 -2.94654033462627640e-01 -7.36627846212998443e-04 -1.75675851477492539e-02 -2.61145215726872271e-01 -2.43577630579123046e-04  5.00000000000000000e-01 -1.47819996595456665e-01 -6.47819996595456657e-04 -7.28026187249628753e-01 -3.66790987663662638e-01  3.61235199585966142e-04  5.00000000000000000e-01 -1.47819996595456665e-01 -6.47819996595456657e-04 
 1.38963582834642646e-09  4.55088589501180696e-01 -2.92408191559887787e-01 -7.47496781061068524e-04 -2.86647039368960743e-02 -2.60425912332164000e-01 -2.31761208395267953e-04  5.00000000000000000e-01 -1.45862340245364319e-01 -6.45862340245364304e-04 -7.14911410498818789e-01 -3.67862793524862008e-01  3.47048616973956762e-04  5.00000000000000000e-01 -1.45862340245364319e-01 -6.45862340245364304e-04 
 1.39568880223141565e-09  4.81318143002800625e-01 -2.87818121451080988e-01 -7.69136264453881661e-04 -5.08589415151898261e-02 -2.59094268562903018e-01 -2.08235327047713185e-04  5.00000000000000000e-01 -1.41964748377456484e-01 -6.41964748377456436e-04 -6.88681856997199082e-01 -3.69877987381154127e-01  3.18803869616045017e-04  5.00000000000000000e-01 -1.41964748377456484e-01 -6.41964748377456436e-04 
 1.39815392737695538e-09  4.92000351966806138e-01 -2.85911288105679673e-01 -7.77911640072485736e-04 -5.98977337155021106e-02 -2.58592701511752066e-01 -1.98694967796249979e-04  5.00000000000000000e-01 -1.40384173091621822e-01 -6.40384173091621900e-04 -6.77999648033193569e-01 -3.70649761066317418e-01  3.07349886966876195e-04  5.00000000000000000e-01 -1.40384173091621822e-01 -6.40384173091621900e-04 
 1.40000000000000013e-09 -6.00000000000000089e-01 -2.85483557511724328e-01  3.14516442488275711e-04 -6.66666666666662078e-02 -2.58232476642905051e-01 -1.91565809976238844e-04  5.00000000000000000e-01 -1.39203067604698416e-01 -6.39203067604698395e-04 -6.69999999999999596e-01 -3.71209250883311748e-01  2.98790749116687848e-04  5.00000000000000000e-01 -1.39203067604698416e-01 -6.39203067604698395e-04 
 1.40015012264673155e-09 -5.98648896179417300e-01 -2.85530563664541492e-01  3.13118332514875748e-04 -6.72171163713480846e-02 -2.58203805215685311e-01 -1.90986688844337261e-04  5.00000000000000000e-01 -1.39107123151826023e-01 -6.39107123151826063e-04 -6.69349468530830105e-01 -3.71254001763761388e-01  2.98095466767068693e-04  5.00000000000000000e-01 -1.39107123151826023e-01 -6.39107123151826063e-04 
 1.40045036794019418e-09 -5.95946688538253611e-01 -2.85624156257245021e-01  3.10322532281008577e-04 -6.83180157807110611e-02 -2.58146636213540726e-01 -1.89828620432829664e-04  5.00000000000000000e-01 -1.38915263048627724e-01 -6.38915263048627684e-04 -6.68048405592492012e-01 -3.71343294800741741e-01  2.96705110791750312e-04  5.00000000000000000e-01 -1.38915263048627724e-01 -6.38915263048627684e-04 
 1.40105085852711945e-09 -5.90542273255926231e-01 -2.85808823920941257e-01  3.04733449334984976e-04 -7.05198145994370140e-02 -2.58033341009925921e-01 -1.87513526410488921e-04  5.00000000000000000e-01 -1.38531715605638650e-01 -6.38531715605638673e-04 -6.65446279715815825e-01 -3.71520628907086370e-01  2.93925650808729447e-04  5.00000000000000000e-01 -1.38531715605638650e-01 -6.38531715605638673e-04 
 1.40225183970096999e-09 -5.79733442691271361e-01 -2.86168096715694098e-01  2.93565345975577261e-04 -7.49234122368890310e-02 -2.57810918676312339e-01 -1.82887506439423315e-04  5.00000000000000000e-01 -1.37765311254888195e-01 -6.37765311254888173e-04 -6.60242027962464006e-01 -3.71870293006029529e-01  2.88371734956434519e-04  5.00000000000000000e-01 -1.37765311254888195e-01 -6.37765311254888173e-04 
 1.40465380204867106e-09 -5.58115781561961621e-01 -2.86846452526720197e-01  2.71269329035241417e-04 -8.37306075117929538e-02 -2.57382721304681539e-01 -1.73652113792888575e-04  5.00000000000000000e-01 -1.36235260552672488e-01 -6.36235260552672505e-04 -6.49833524455759370e-01 -3.72549634762116999e-01  2.77283889693642348e-04  5.00000000000000000e-01 -1.36235260552672488e-01 -6.36235260552672505e-04 
 1.40945772674407342e-09 -5.14880459303340476e-01 -2.88042886549946420e-01  2.26837572753394053e-04 -1.01344998061601632e-01 -2.56592716291996370e-01 -1.55247718230394714e-04  5.00000000000000000e-01 -1.33186158101699287e-01 -6.33186158101699259e-04 -6.29016517442349099e-01 -3.73828611965329682e-01  2.55187905477019408e-04  5.00000000000000000e-01 -1.33186158101699287e-01 -6.33186158101699259e-04 
 1.41906557613487813e-09 -4.28409814786098075e-01 -2.89798475602906447e-01  1.38611339183191589e-04 -1.36573779161218822e-01 -2.55276678156584780e-01 -1.18702898995365959e-04  5.00000000000000000e-01 -1.27131686085949935e-01 -6.27131686085949944e-04 -5.87382503415528778e-01 -3.76069646498219667e-01  2.11312856917309096e-04  5.00000000000000000e-01 -1.27131686085949935e-01 -6.27131686085949944e-04 
 1.43828127491648755e-09 -2.55468525751613273e-01 -2.90790860798375517e-01 -3.53223350467622645e-05 -2.07031341360453425e-01 -2.53687929112574206e-01 -4.66565877521207719e-05  5.00000000000000000e-01 -1.15195592697312152e-01 -6.15195592697312149e-04 -5.04114475361888137e-01 -3.79299115778359508e-01  1.24815359583528660e-04  5.00000000000000000e-01 -1.15195592697312152e-01 -6.15195592697312149e-04 
 1.47528127491648752e-09  7.75314742483865782e-02 -2.83459072485434671e-01 -3.60990546733821246e-04 -3.42698008027119916e-01 -2.54457236512186324e-01  8.82407715149336001e-05  5.00000000000000000e-01 -9.28468082792458793e-02 -5.92846808279245898e-04 -3.43781142028554920e-01 -3.80921110513679995e-01 -3.71399684851251026e-05  5.00000000000000000e-01 -9.28468082792458793e-02 -5.92846808279245898e-04 
 1.50000000000000020e-09  2.99999999999999822e-01 -2.71928784251573408e-01 -5.71928784251573164e-04 -4.33333333333333015e-01 -2.57718325744862919e-01  1.75615007588470113e-04  5.00000000000000000e-01 -7.83712990749852456e-02 -5.78371299074985313e-04 -2.36666666666666692e-01 -3.78706561621246329e-01 -1.42039894954579628e-04  5.00000000000000000e-01 -7.83712990749852456e-02 -5.78371299074985313e-04 
 1.50139482460540591e-09  2.94885643113512175e-01 -2.71139278763266822e-01 -5.66024921876778948e-04 -4.38447690219820774e-01 -2.57970060383683697e-01  1.80477629836137035e-04  5.00000000000000000e-01 -7.75656962306444236e-02 -5.77565696230644470e-04 -2.30622426709908623e-01 -3.78500297927876539e-01 -1.47877871217967893e-04  5.00000000000000000e-01 -7.75656962306444236e-02 -5.77565696230644470e-04 
 1.50418447381621753e-09  2.84656929340536213e-01 -2.69576714551316154e-01 -5.54233643891852384e-04 -4.48676403992796735e-01 -2.58487075777185271e-01  1.90189328215611487e-04  5.00000000000000000e-01 -7.59567347610097671e-02 -5.75956734761009820e-04 -2.18533946796391598e-01 -3.78071507319602540e-01 -1.59537560523210950e-04  5.00000000000000000e-01 -7.59567347610097671e-02 -5.75956734761009820e-04 
 1.50976377223784079e-09  2.64199501794584291e-01 -2.66549992196975838e-01 -5.30749493991560179e-04 -4.69133831538748547e-01 -2.59602157156626989e-01  2.09531674382121540e-04  5.00000000000000000e-01 -7.27522396770165364e-02 -5.72752239677016563e-04 -1.94356986969357437e-01 -3.77116618228683365e-01 -1.82759631259325902e-04  5.00000000000000000e-01 -7.27522396770165364e-02 -5.72752239677016563e-04 
 1.52092236908108709e-09  2.23284646702681194e-01 -2.60887441813618448e-01 -4.84172088516299703e-04 -5.10048686630651726e-01 -2.62154273803005711e-01  2.47894412827646060e-04  5.00000000000000000e-01 -6.63965884184297001e-02 -5.66396588418429693e-04 -1.46003067315290225e-01 -3.74820308036465877e-01 -2.28817240721175687e-04  5.00000000000000000e-01 -6.63965884184297001e-02 -5.66396588418429693e-04 
 1.54323956276757990e-09  1.41454936518874197e-01 -2.51104349861323517e-01 -3.92559286380197775e-04 -5.91878396814458752e-01 -2.68528558104931148e-01  3.23349838709527620e-04  5.00000000000000000e-01 -5.38956984427473515e-02 -5.53895698442747318e-04 -4.92952280071546900e-02 -3.68702887396701262e-01 -3.19407659389546559e-04  5.00000000000000000e-01 -5.38956984427473515e-02 -5.53895698442747318e-04 
 1.58023956276757988e-09  5.78826985220759482e-03 -2.39307727119316610e-01 -2.45095996971524241e-04 -7.27545063481125354e-01 -2.82739434261618405e-01  4.44805629219506896e-04  5.00000000000000000e-01 -3.37738124904826062e-02 -5.33773812490482636e-04  1.11038105326178527e-01 -3.54187177957251242e-01 -4.65225283283429800e-04  5.00000000000000000e-01 -3.37738124904826062e-02 -5.33773812490482636e-04 
 1.60000000000000027e-09 -6.66666666666670960e-02 -2.35220773661510785e-01 -1.68554106994843689e-04 -8.00000000000000044e-01 -2.92151861749775588e-01  5.07848138250224400e-04  5.00000000000000000e-01 -2.33294016350241405e-02 -5.23329401635024179e-04  1.96666666666666878e-01 -3.44246311971333707e-01 -5.40912978638000662e-04  5.00000000000000000e-01 -2.33294016350241405e-02 -5.23329401635024179e-04 
 1.60124107776015248e-09 -7.12172851205585822e-02 -2.35017484876485189e-01 -1.63800199755926613e-04 -7.94621996372673833e-01 -2.92774693276640463e-01  5.01847303096033441e-04  5.00000000000000000e-01 -2.26807142249390893e-02 -5.22680714224939150e-04  2.02044670293993089e-01 -3.43569162777477233e-01 -5.45613833071470337e-04  5.00000000000000000e-01 -2.26807142249390893e-02 -5.22680714224939150e-04 
 1.60372323328045690e-09 -8.03185220283414991e-02 -2.34622692617043188e-01 -1.54304170588701712e-04 -7.83865989118021300e-01 -2.94005479787212642e-01  4.89860509330808705e-04  5.00000000000000000e-01 -2.13849475519691523e-02 -5.21384947551969133e-04  2.12800677548645512e-01 -3.42203210601239927e-01 -5.55003888149885436e-04  5.00000000000000000e-01 -2.13849475519691523e-02 -5.21384947551969133e-04 
 1.60868754432106574e-09 -9.85209958439072220e-02 -2.33903644878555639e-01 -1.35382649034648426e-04 -7.62353974608716345e-01 -2.96378014556200720e-01  4.65975960052515605e-04  5.00000000000000000e-01 -1.88030391985020973e-02 -5.18803039198502056e-04  2.34312692057950578e-01 -3.39401556646977909e-01 -5.73714248704928521e-04  5.00000000000000000e-01 -1.88030391985020973e-02 -5.18803039198502056e-04 
 1.61861616640228343e-09 -1.34925943475038723e-01 -2.32745954339320105e-01 -9.78200108642813800e-05 -7.19329945590106323e-01 -3.00769130236175464e-01  4.18560815353930860e-04  5.00000000000000000e-01 -1.36774847343286831e-02 -5.13677484734328667e-04  2.77336721076560710e-01 -3.33520973072671478e-01 -6.10857694149232258e-04  5.00000000000000000e-01 -1.36774847343286831e-02 -5.13677484734328667e-04 
 1.63847341056471902e-09 -2.07735838737302503e-01 -2.31538409687937763e-01 -2.38025709506352540e-05 -6.33281887552885503e-01 -3.08152944790187511e-01  3.25128942762698036e-04  5.00000000000000000e-01 -3.57754399386807365e-03 -5.03577543993868133e-04  3.63384779113781420e-01 -3.20664332765220272e-01 -6.84049111879001664e-04  5.00000000000000000e-01 -3.57754399386807365e-03 -5.03577543993868133e-04 
 1.67000000000000002e-09 -3.23333333333332917e-01 -2.32593560528342097e-01  9.07397728049908175e-05 -4.96666666666668033e-01 -3.16123995471352559e-01  1.80542671195315480e-04  5.00000000000000000e-01  1.20521628097578996e-02 -4.87947837190242121e-04  4.99999999999999112e-01 -2.97313182337879400e-01 -7.97313182337878535e-04  5.00000000000000000e-01  1.20521628097578996e-02 -4.87947837190242121e-04 
 1.67082302361255110e-09 -3.26351086579353411e-01 -2.32670661730026956e-01  9.36804248493264388e-05 -4.93100231012280010e-01 -3.16269531312629359e-01  1.76830699699650703e-04  5.00000000000000000e-01  1.24534251530753603e-02 -4.87546574846924670e-04  2.96982246753980217e-01 -2.96824465392491521e-01 -5.93806712146471675e-04  5.00000000000000000e-01  1.24534251530753603e-02 -4.87546574846924670e-04 
 1.67246907083765345e-09 -3.32386593071395398e-01 -2.32829700605003881e-01  9.95568924663914996e-05 -4.85967359703503188e-01 -3.16554497939407931e-01  1.69412861764095275e-04  5.00000000000000000e-01  1.32552898861009322e-02 -4.86744710113899053e-04  2.90946740261938230e-01 -2.95852798570810149e-01 -5.86799538832748430e-04  5.00000000000000000e-01  1.32552898861009322e-02 -4.86744710113899053e-04 
 1.67576116528785816e-09 -3.44457606055479371e-01 -2.33176749496733476e-01  1.11280856558745921e-04 -4.71701617085949487e-01 -3.17087861054489772e-01  1.54613756031459718e-04  5.00000000000000000e-01  1.48550661376736799e-02 -4.85144933862326352e-04  2.78875727277854313e-01 -2.93944010478405682e-01 -5.72819737756259965e-04  5.00000000000000000e-01  1.48550661376736799e-02 -4.85144933862326352e-04 
 1.68234535418826737e-09 -3.68599632023646429e-01 -2.33986256533399217e-01  1.34613375490247192e-04 -4.43170131850842863e-01 -3.18008906717289208e-01  1.25161225133553662e-04  5.00000000000000000e-01  1.80388706411633223e-02 -4.81961129358836674e-04  2.54733701309687199e-01 -2.90264049727208095e-01 -5.44997751036895299e-04  5.00000000000000000e-01  1.80388706411633223e-02 -4.81961129358836674e-04 
 1.69551373198908600e-09 -4.16883683959981433e-01 -2.36063133090151783e-01  1.80820550869829644e-04 -3.86107161380628783e-01 -3.19273040344470072e-01  6.68341210361587338e-05  5.00000000000000000e-01  2.43440026973695788e-02 -4.75655997302630411e-04  2.06449649373352140e-01 -2.83450089163296615e-01 -4.89899738536648741e-04  5.00000000000000000e-01  2.43440026973695788e-02 -4.75655997302630411e-04 
 1.72185048759072305e-09 -5.13451787832650663e-01 -2.42018581427784568e-01  2.71433206404866033e-04 -2.71981220440201565e-01 -3.19527036037625001e-01 -4.75458155974234397e-05  5.00000000000000000e-01  3.67084191417555855e-02 -4.63291580858244431e-04  1.09881545500682937e-01 -2.71970531902452017e-01 -3.81852077403134916e-04  5.00000000000000000e-01  3.67084191417555855e-02 -4.63291580858244431e-04 
 1.75885048759072303e-09 -6.49118454499317377e-01 -2.54343433632314209e-01  3.94775020867003154e-04 -1.11647887106868349e-01 -3.14887505508640086e-01 -2.03239618401771709e-04  5.00000000000000000e-01  5.35388447595808656e-02 -4.46461155240419146e-04 -2.57851211659836377e-02 -2.60562879933298741e-01 -2.34777758767315098e-04  5.00000000000000000e-01  5.35388447595808656e-02 -4.46461155240419146e-04 
 1.79585048759072301e-09 -7.84785121165983757e-01 -2.71149039037726525e-01  5.13636082128257252e-04  4.86854462264647569e-02 -3.04591940906252134e-01 -3.53277387132716928e-04  5.00000000000000000e-01  6.97578557992426240e-02 -4.30242144200757405e-04 -1.61451787832650184e-01 -2.54498133992152653e-01 -9.30463461595024599e-05  5.00000000000000000e-01  6.97578557992426240e-02 -4.30242144200757405e-04 
 1.79999999999999999e-09 -7.99999999999999378e-01 -2.73307467286232952e-01  5.26692532713766374e-04  6.66666666666649865e-02 -3.03091817745587966e-01 -3.69758484412252911e-04  5.00000000000000000e-01  7.15394545325714615e-02 -4.28460545467428578e-04 -1.76666666666665750e-01 -2.54144338228345756e-01 -7.74776715616799945e-05  5.00000000000000000e-01  7.15394545325714615e-02 -4.28460545467428578e-04 
 1.80149860901879137e-09 -7.93506027585238027e-01 -2.74085875011422009e-01  5.19420152573816032e-04  7.31606390814276697e-02 -3.02528806154692465e-01 -3.75689445236120122e-04  5.00000000000000000e-01  7.21805885609679704e-02 -4.27819411439032005e-04 -1.82161566402234187e-01 -2.54036625616381295e-01 -7.18750592141471206e-05  5.00000000000000000e-01  7.21805885609679704e-02 -4.27819411439032005e-04 
 1.80449582705637394e-09 -7.80518082755713660e-01 -2.75620926169033942e-01  5.04897156586679632e-04  8.61485839109521478e-02 -3.01385033190124496e-01 -3.87533617101076637e-04  5.00000000000000000e-01  7.34609378747322073e-02 -4.26539062125267797e-04 -1.93151365873370284e-01 -2.53837967515875562e-01 -6.06866016425052738e-05  5.00000000000000000e-01  7.34609378747322073e-02 -4.26539062125267797e-04 
 1.81049026313153906e-09 -7.54542193096664704e-01 -2.78560832952058191e-01  4.75981360144606515e-04  1.12124473570001104e-01 -2.98991306810288959e-01 -4.11115780380290048e-04  5.00000000000000000e-01  7.60101584463240693e-02 -4.23989841553675971e-04 -2.15130964815642423e-01 -2.53540953428100346e-01 -3.84099886124579471e-05  5.00000000000000000e-01  7.60101584463240693e-02 -4.23989841553675971e-04 
 1.82247913528186931e-09 -7.02590413778567013e-01 -2.83923743380916249e-01  4.18666670397650851e-04  1.64076252888098795e-01 -2.93782295744064337e-01 -4.57858548632163144e-04  5.00000000000000000e-01  8.10630293381925382e-02 -4.18936970661807457e-04 -2.59090162700186699e-01 -2.53345145345995504e-01  5.74501735419119747e-06  5.00000000000000000e-01  8.10630293381925382e-02 -4.18936970661807457e-04 
 1.84645687958253002e-09 -5.98686855142370522e-01 -2.92612570038531972e-01  3.06074285103838525e-04  2.67979811524295064e-01 -2.81703011058400843e-01 -5.49682822582695874e-04  5.00000000000000000e-01  9.09891894344766750e-02 -4.09010810565523355e-04 -3.47008558469275918e-01 -2.54522821303169944e-01  9.24857371661059959e-05  5.00000000000000000e-01  9.09891894344766750e-02 -4.09010810565523355e-04 
 1.88345687958253000e-09 -4.38353521809037416e-01 -3.00819326918429386e-01  1.37534194890608021e-04  4.28313144857628503e-01 -2.58821880864756826e-01 -6.87135025722385336e-04  5.00000000000000000e-01  1.05847706853155477e-01 -3.94152293146844517e-04 -4.82675225135942410e-01 -2.60346881792594909e-01  2.22328343343347504e-04  5.00000000000000000e-01  1.05847706853155477e-01 -3.94152293146844517e-04 
 1.90000000000000047e-09 -3.66666666666665364e-01 -3.02487808581010376e-01  6.41788580856549615e-05  3.00000000000000044e-01 -2.48600420717461246e-01 -5.48600420717461302e-04  5.00000000000000000e-01  1.12314723384892706e-01 -3.87685276615107311e-04 -5.43333333333334223e-01 -2.64492334183797029e-01  2.78840999149537229e-04  5.00000000000000000e-01  1.12314723384892706e-01 -3.87685276615107311e-04 
 1.90096227842007039e-09 -3.62496793513028992e-01 -3.02545498418535119e-01  5.99512950944939074e-05  2.96471645793076999e-01 -2.48076413870955748e-01 -5.44548059664032779e-04  5.00000000000000000e-01  1.12687425916754708e-01 -3.87312574083245305e-04 -5.46861687540257213e-01 -2.64763790902079077e-01  2.82097896638178127e-04  5.00000000000000000e-01  1.12687425916754708e-01 -3.87312574083245305e-04 
 1.90288683526020982e-09 -3.54157047205758135e-01 -3.02652749730061621e-01  5.15042974756965417e-05  2.89414937379232406e-01 -2.47036191679534944e-01 -5.36451129058767326e-04  5.00000000000000000e-01  1.13432114382838137e-01 -3.86567885617161841e-04 -5.53918395954101861e-01 -2.65312966397138805e-01  2.88605429556963071e-04  5.00000000000000000e-01  1.13432114382838137e-01 -3.86567885617161841e-04 
 1.90673594894048909e-09 -3.37477554591214701e-01 -3.02818575852668581e-01  3.46589787385461205e-05  2.75301520551541778e-01 -2.45002406507930537e-01 -5.20303927059472329e-04  5.00000000000000000e-01  1.14917199988064059e-01 -3.85082800011935953e-04 -5.68031812781792489e-01 -2.66448817567004559e-01  3.01582995214787913e-04  5.00000000000000000e-01  1.14917199988064059e-01 -3.85082800011935953e-04 
 1.91443417630104722e-09 -3.04118569362129443e-01 -3.02956455310967987e-01  1.16211405116150007e-06  2.47074686896161966e-01 -2.41120578469815300e-01 -4.88195265365977318e-04  5.00000000000000000e-01  1.17870288163102716e-01 -3.82129711836897302e-04 -5.96258646437172302e-01 -2.68869801680748088e-01  3.27388844756424280e-04  5.00000000000000000e-01  1.17870288163102716e-01 -3.82129711836897302e-04 
 1.92983063102216389e-09 -2.37400598903957150e-01 -3.02464524635897902e-01 -6.50639257319407267e-05  1.90621019585400758e-01 -2.34092796798982539e-01 -4.24713816384383338e-04  5.00000000000000000e-01  1.23708784893716672e-01 -3.76291215106283323e-04 -6.52712313747933370e-01 -2.74303194875382961e-01  3.78409118872550436e-04  5.00000000000000000e-01  1.23708784893716672e-01 -3.76291215106283323e-04 
 1.96062354046439682e-09 -1.03964657987614562e-01 -2.98468107298964780e-01 -1.94503449311350229e-04  7.77136849638800087e-02 -2.22924940767102148e-01 -3.00638625730982156e-04  5.00000000000000000e-01  1.35120191006866924e-01 -3.64879808993133091e-04 -7.65619648369454175e-01 -2.87490842254373991e-01  4.78128806115080205e-04  5.00000000000000000e-01  1.35120191006866924e-01 -3.64879808993133091e-04 
 1.97000000000000043e-09 -6.33333333333322424e-02 -2.96463263758378948e-01 -2.33129930425046738e-04  4.33333333333334458e-02 -2.20279599812248483e-01 -2.63612933145581946e-04  5.00000000000000000e-01  1.38525506868060616e-01 -3.61474493131939392e-04 -7.99999999999999156e-01 -2.92113508524048215e-01  5.07886491475951010e-04  5.00000000000000000e-01  1.38525506868060616e-01 -3.61474493131939392e-04 
 1.97141541331994959e-09 -5.71998756135525532e-02 -2.96125085833362167e-01 -2.38925210219809625e-04  3.81434844935198414e-02 -2.19914341328263180e-01 -2.58057825821783040e-04  5.00000000000000000e-01  1.39036419527877403e-01 -3.60963580472122578e-04 -7.93866542280219467e-01 -2.92822692662675521e-01  5.01043849617543915e-04  5.00000000000000000e-01  1.39036419527877403e-01 -3.60963580472122578e-04 
 1.97424623995984791e-09 -4.49329601739931750e-02 -2.95432347738547374e-01 -2.50499387564554182e-04  2.77637868138926880e-02 -2.19199527679405287e-01 -2.46963314493297995e-04  5.00000000000000000e-01  1.40056800586569052e-01 -3.59943199413430965e-04 -7.81599626840660089e-01 -2.94221717985345577e-01  4.87377908855314514e-04  5.00000000000000000e-01  1.40056800586569052e-01 -3.59943199413430965e-04 
 1.97990789323964455e-09 -2.03991292948744185e-02 -2.93948855546541210e-01 -2.73549726251666762e-04  7.00439145463838120e-03 -2.17863854329028439e-01 -2.24868245783666832e-04  5.00000000000000000e-01  1.42088921599768908e-01 -3.57911078400231114e-04 -7.57065795961541332e-01 -2.96904038515072966e-01  4.60161757446468395e-04  5.00000000000000000e-01  1.42088921599768908e-01 -3.57911078400231114e-04 
 1.99123119979923781e-09  2.86685324633630945e-02 -2.90592566195388202e-01 -3.19261098658751299e-04 -3.45143992638702879e-02 -2.15565678717634462e-01 -1.81051279453764191e-04  5.00000000000000000e-01  1.46118842446987418e-01 -3.53881157553012583e-04 -7.07998134203303819e-01 -3.01809016787193574e-01  4.06189117416110197e-04  5.00000000000000000e-01  1.46118842446987418e-01 -3.53881157553012583e-04 
 2.01387781291842477e-09  1.26803855979839786e-01 -2.82344561938263239e-01 -4.09148417918103031e-04 -1.17551980700889125e-01 -2.12441120755359952e-01 -9.48891400544708342e-05  5.00000000000000000e-01  1.54043320814381685e-01 -3.45956679185618356e-04 -6.09862810686827017e-01 -3.09806055311261319e-01  3.00056755375565688e-04  5.00000000000000000e-01  1.54043320814381685e-01 -3.45956679185618356e-04 
 2.05087781291842495e-09  2.87137189313174002e-01 -2.64568756214516032e-01 -5.51705945527689989e-04 -2.53218647367556504e-01 -2.11458239215171317e-01  4.17604081523851873e-05  5.00000000000000000e-01  1.66611211958090949e-01 -3.33388788041909072e-04 -4.49529477353493190e-01 -3.17794207772949255e-01  1.31735269580543935e-04  5.00000000000000000e-01  1.66611211958090949e-01 -3.33388788041909072e-04 
 2.08787781291842513e-09  4.47470522646508106e-01 -2.41614130145599793e-01 -6.89084652792107876e-04 -3.88885314034223772e-01 -2.15439553338854728e-01  1.73445760695369017e-04  5.00000000000000000e-01  1.78722537591424924e-01 -3.21277462408575101e-04 -2.89196144020159140e-01 -3.19667588536634573e-01 -3.04714445164754001e-05  5.00000000000000000e-01  1.78722537591424924e-01 -3.21277462408575101e-04 
 2.09531399498284343e-09  4.79693978258987519e-01 -2.36389586796076856e-01 -7.16083565055064433e-04 -4.16151314937090899e-01 -2.16825551798684069e-01  1.99325763138406831e-04  5.00000000000000000e-01  1.81102765391451537e-01 -3.18897234608548469e-04 -2.56972688407679839e-01 -3.19322470765395050e-01 -6.23497823577152423e-05  5.00000000000000000e-01  1.81102765391451537e-01 -3.18897234608548469e-04 
 2.10000000000000019e-09 -6.00000000000000089e-01 -2.35565671752097999e-01  3.64434328247902018e-04 -4.33333333333332349e-01 -2.17797573387981974e-01  2.15535759945350371e-04  5.00000000000000000e-01  1.82593626341837928e-01 -3.17406373658162086e-04 -2.36666666666667136e-01 -3.18983516483302976e-01 -8.23168498166358198e-05  5.00000000000000000e-01  1.82593626341837928e-01 -3.17406373658162086e-04 
 2.10011170686559394e-09 -5.98994638209656372e-01 -2.35606264728292769e-01  3.63388373481363645e-04 -4.33742925173842719e-01 -2.17821693272012895e-01  2.15921231901829847e-04  5.00000000000000000e-01  1.82629078852669852e-01 -3.17370921147330158e-04 -2.36182603582427597e-01 -3.18974268085964019e-01 -8.27916645035364524e-05  5.00000000000000000e-01  1.82629078852669852e-01 -3.17370921147330158e-04 
 2.10033512059678143e-09 -5.96983914628968937e-01 -2.35687217026126161e-01  3.61296697602842779e-04 -4.34562108854863460e-01 -2.17870019150183641e-01  2.16692089704679846e-04  5.00000000000000000e-01  1.82699975954640742e-01 -3.17300024045359251e-04 -2.35214477413948519e-01 -3.18955665223013773e-01 -8.37411878090652526e-05  5.00000000000000000e-01  1.82699975954640742e-01 -3.17300024045359251e-04 
 2.10078194805915600e-09 -5.92962467467597842e-01 -2.35847720007595435e-01  3.57114747460002431e-04 -4.36200476216903610e-01 -2.17967187451775596e-01  2.18233288765128016e-04  5.00000000000000000e-01  1.82841722651038041e-01 -3.17158277348961941e-04 -2.33278225076992030e-01 -3.18917823229630526e-01 -8.56395981526384884e-05  5.00000000000000000e-01  1.82841722651038041e-01 -3.17158277348961941e-04 
 2.10167560298390555e-09 -5.84919573144851879e-01 -2.36163122643743811e-01  3.48756450501108077e-04 -4.39477210940985352e-01 -2.18163589082444181e-01  2.21313621858541169e-04  5.00000000000000000e-01  1.83125026119745821e-01 -3.16874973880254193e-04 -2.29405720403077273e-01 -3.18839595593807201e-01 -8.94338751907299283e-05  5.00000000000000000e-01  1.83125026119745821e-01 -3.16874973880254193e-04 
 2.10346291283340424e-09 -5.68833784499363726e-01 -2.36771539623728738e-01  3.32062244875635008e-04 -4.46030680389147061e-01 -2.18564643234848421e-01  2.27466037154298661e-04  5.00000000000000000e-01  1.83690874208690291e-01 -3.16309125791309738e-04 -2.21660711055249648e-01 -3.18672977081508102e-01 -9.70122660262584210e-05  5.00000000000000000e-01  1.83690874208690291e-01 -3.16309125791309738e-04 
 2.10703753253240202e-09 -5.36662207208383646e-01 -2.37899020131571687e-01  2.98763187076811899e-04 -4.59137619285472476e-01 -2.19399681500981603e-01  2.39737937784490889e-04  5.00000000000000000e-01  1.84819541762081624e-01 -3.15180458237918396e-04 -2.06170692359592622e-01 -3.18299177756557805e-01 -1.12128485396965184e-04  5.00000000000000000e-01  1.84819541762081624e-01 -3.15180458237918396e-04 
 2.11418677193039719e-09 -4.72319052626427149e-01 -2.39798158673384804e-01  2.32520893953042345e-04 -4.85351497078121308e-01 -2.21200891414490508e-01  2.64150605663630790e-04  5.00000000000000000e-01  1.87064816308969373e-01 -3.12935183691030673e-04 -1.75190654968280235e-01 -3.17390052296962155e-01 -1.42199397328681890e-04  5.00000000000000000e-01  1.87064816308969373e-01 -3.12935183691030673e-04 
 2.12848525072638751e-09 -3.43632743462514212e-01 -2.42185774873931586e-01  1.01446968588582648e-04 -5.37779252663419194e-01 -2.25323190521115380e-01  3.12456062142303800e-04  5.00000000000000000e-01  1.91507551222019790e-01 -3.08492448777980218e-04 -1.13230580185655461e-01 -3.14931427121684704e-01 -2.01700846936029253e-04  5.00000000000000000e-01  1.91507551222019790e-01 -3.08492448777980218e-04 
 2.15708220831836858e-09 -8.62601251346846176e-02 -2.41417793571040318e-01 -1.55157668436355697e-04 -6.42634763834016409e-01 -2.35610662384370562e-01  4.07024101449645855e-04  5.00000000000000000e-01  2.00205134487275421e-01 -2.99794865512724570e-04  1.06895693795957536e-02 -3.07497816252031098e-01 -3.18187385631626832e-04  5.00000000000000000e-01  2.00205134487275421e-01 -2.99794865512724570e-04 
 2.19408220831836876e-09  2.46739874865317121e-01 -2.29732635267510477e-01 -4.76472510132827610e-04 -7.78301430500683677e-01 -2.52861251571381007e-01  5.25440178929302646e-04  5.00000000000000000e-01  2.11096062345862340e-01 -2.88903937654137678e-04  1.71022902712929858e-01 -2.93026436836187287e-01 -4.64049339549117137e-04  5.00000000000000000e-01  2.11096062345862340e-01 -2.88903937654137678e-04 
 2.20000000000000026e-09  2.99999999999999822e-01 -2.26764162449652390e-01 -5.26764162449652241e-04 -7.99999999999999378e-01 -2.56025538104225792e-01  5.43974461895773602e-04  5.00000000000000000e-01  2.12800691843771123e-01 -2.87199308156228859e-04  1.96666666666666434e-01 -2.90212737730811576e-01 -4.86879404397478027e-04  5.00000000000000000e-01  2.12800691843771123e-01 -2.87199308156228859e-04 
 2.20176846143293129e-09  2.93515641412586070e-01 -2.25845691961824052e-01 -5.19361333374410193e-04 -7.92336667123966554e-01 -2.56972309323561687e-01  5.35364357800404951e-04  5.00000000000000000e-01  2.13307696126289942e-01 -2.86692303873710061e-04  2.04329999542700813e-01 -2.89339701903197855e-01 -4.93669701445898618e-04  5.00000000000000000e-01  2.13307696126289942e-01 -2.86692303873710061e-04 
 2.20530538429879333e-09  2.80546924237758510e-01 -2.24034887999295995e-01 -5.04581812237054456e-04 -7.77010001371897685e-01 -2.58835452248548703e-01  5.18174549123348940e-04  5.00000000000000000e-01  2.14319914621956265e-01 -2.85680085378043735e-04  2.19656665294769793e-01 -2.87569655888803455e-01 -5.07226321183573280e-04  5.00000000000000000e-01  2.14319914621956265e-01 -2.85680085378043735e-04 
 2.21237923003051784e-09  2.54609489888102003e-01 -2.20569549440317397e-01 -4.75179039328419426e-04 -7.46356669867758060e-01 -2.62379983867110977e-01  4.83976686000647078e-04  5.00000000000000000e-01  2.16333649051197813e-01 -2.83666350948802155e-04  2.50309996798909307e-01 -2.83886224684619770e-01 -5.34196221483529020e-04  5.00000000000000000e-01  2.16333649051197813e-01 -2.83666350948802155e-04 
 2.22652692149396686e-09  2.02734621188788933e-01 -2.14258461483141593e-01 -4.16993082671930550e-04 -6.85050006859479033e-01 -2.68748413530709773e-01  4.16301593328769252e-04  5.00000000000000000e-01  2.20318683543747867e-01 -2.79681316456252148e-04  3.11616659807188334e-01 -2.75951039759694816e-01 -5.87567699566883149e-04  5.00000000000000000e-01  2.20318683543747867e-01 -2.79681316456252148e-04 
 2.25482230442086491e-09  9.89848837901627643e-02 -2.04071424856324374e-01 -3.03056308646487173e-04 -5.62436680842920866e-01 -2.78653003932163856e-01  2.83783676910757065e-04  5.00000000000000000e-01  2.28121974931424137e-01 -2.71878025068575879e-04  4.34229985823745501e-01 -2.57847021267066101e-01 -6.92077007090811588e-04  5.00000000000000000e-01  2.28121974931424137e-01 -2.71878025068575879e-04 
 2.26717357128932448e-09  5.36969052724776685e-02 -2.00629235168089476e-01 -2.54326140440567139e-04 -5.08914524412929614e-01 -2.81808074083168214e-01  2.27106450329761359e-04  5.00000000000000000e-01  2.31459402247001428e-01 -2.68540597752998575e-04  4.87752142253738752e-01 -2.49022954442350147e-01 -7.36775096696088913e-04  5.00000000000000000e-01  2.31459402247001428e-01 -2.68540597752998575e-04 
 2.27000000000000023e-09  4.33333333333332793e-02 -1.99926040176766184e-01 -2.43259373510099487e-04 -4.96666666666668033e-01 -2.82431783990576002e-01  2.14234882676092044e-04  5.00000000000000000e-01  2.32217341971173830e-01 -2.67782658028826136e-04  3.00000000000000044e-01 -2.47208410517938182e-01 -5.47208410517938202e-04  5.00000000000000000e-01  2.32217341971173830e-01 -2.67782658028826136e-04 
 2.27030241078891533e-09  4.22244937739778559e-02 -1.99852833381282763e-01 -2.42077327155260639e-04 -4.95356219914702578e-01 -2.82496155170683716e-01  2.12860064744018894e-04  5.00000000000000000e-01  2.32298297854113600e-01 -2.67701702145886427e-04  2.98891160440646175e-01 -2.47043314042813794e-01 -5.45934474483459990e-04  5.00000000000000000e-01  2.32298297854113600e-01 -2.67701702145886427e-04 
 2.27090723236674513e-09  4.00068146552686188e-02 -1.99707134501321049e-01 -2.39713949156589683e-04 -4.92735326410773444e-01 -2.82624066262732676e-01  2.10111260148040718e-04  5.00000000000000000e-01  2.32460160670931115e-01 -2.67539839329068881e-04  2.96673481321935384e-01 -2.46713891363629173e-01 -5.43387372685564586e-04  5.00000000000000000e-01  2.32460160670931115e-01 -2.67539839329068881e-04 
 2.27211687552240472e-09  3.55714564178500892e-02 -1.99420022415359999e-01 -2.34991478833210103e-04 -4.87493539402915177e-01 -2.82874903852622095e-01  2.04618635550293110e-04  5.00000000000000000e-01  2.32783592787718596e-01 -2.67216407212281389e-04  2.92238123084516910e-01 -2.46059664838075065e-01 -5.38297787922592053e-04  5.00000000000000000e-01  2.32783592787718596e-01 -2.67216407212281389e-04 
 2.27453616183372391e-09  2.67007399430130854e-02 -1.98862915049923344e-01 -2.25563654992936430e-04 -4.77009965387198753e-01 -2.83356670767044128e-01  1.93653294620154618e-04  5.00000000000000000e-01  2.33429284727012187e-01 -2.66570715272987802e-04  2.83367406609679906e-01 -2.44769659216281216e-01 -5.28137065825961139e-04  5.00000000000000000e-01  2.33429284727012187e-01 -2.66570715272987802e-04 
 2.27937473445636228e-09  8.95930699333902236e-03 -1.97816960992424185e-01 -2.06776267985763206e-04 -4.56042817355765850e-01 -2.84240811772225932e-01  1.71802005583539903e-04  5.00000000000000000e-01  2.34715993574827059e-01 -2.65284006425172965e-04  2.65625973660005843e-01 -2.42263215080441380e-01 -5.07889188740447183e-04  5.00000000000000000e-01  2.34715993574827059e-01 -2.65284006425172965e-04 
 2.28905187970163902e-09 -2.65235589060089927e-02 -1.95996452101840357e-01 -1.69472893195831364e-04 -4.14108521292899878e-01 -2.85693433978768785e-01  1.28415087314131128e-04  5.00000000000000000e-01  2.37270823705128420e-01 -2.62729176294871562e-04  2.30143107760657717e-01 -2.37542824011004378e-01 -4.67685931771662125e-04  5.00000000000000000e-01  2.37270823705128420e-01 -2.62729176294871562e-04 
 2.30840617019219251e-09 -9.74892907047051338e-02 -1.93428025230592049e-01 -9.59387345258869070e-05 -3.30239929167168100e-01 -2.87351166218833776e-01  4.28887629483343247e-05  5.00000000000000000e-01  2.42307024457319886e-01 -2.57692975542680124e-04  1.59177375961961604e-01 -2.29258013636527147e-01 -3.88435389598488796e-04  5.00000000000000000e-01  2.42307024457319886e-01 -2.57692975542680124e-04 
 2.34540617019219270e-09 -2.33155957371372402e-01 -1.92407014092521839e-01  4.07489432788505745e-05 -1.69906595833834051e-01 -2.85996937021407882e-01 -1.16090341187573834e-04  5.00000000000000000e-01  2.51668477668001489e-01 -2.48331522331998527e-04  2.35107092952957508e-02 -2.17611203541474868e-01 -2.41121912836770620e-04  5.00000000000000000e-01  2.51668477668001489e-01 -2.48331522331998527e-04 
 2.38240617019219288e-09 -3.68822624038039781e-01 -1.96351583787809786e-01  1.72471040250229984e-04 -9.57326250049983507e-03 -2.78867325543148747e-01 -2.69294063042648955e-04  5.00000000000000000e-01  2.60689848631461440e-01 -2.39310151368538591e-04 -1.12155957371373127e-01 -2.11315987594860089e-01 -9.91600302234869543e-05  5.00000000000000000e-01  2.60689848631461440e-01 -2.39310151368538591e-04 
 2.41940617019219306e-09 -5.04489290704707161e-01 -2.05081345027467971e-01  2.99407945677239223e-04  1.50760070832834159e-01 -2.66172139485962023e-01 -4.16932210318796191e-04  5.00000000000000000e-01  2.69383491832871191e-01 -2.30616508167128822e-04 -2.47822624038038897e-01 -2.10177953441756771e-01  3.76446705962820978e-05  5.00000000000000000e-01  2.69383491832871191e-01 -2.30616508167128822e-04 
 2.45640617019219324e-09 -6.40155957371374540e-01 -2.18422461692555026e-01  4.21733495678819532e-04  3.11093404166168375e-01 -2.48113564671566228e-01 -5.59206968837734674e-04  5.00000000000000000e-01  2.77761312944489969e-01 -2.22238687055510014e-04 -3.83489290704707830e-01 -2.14009751326288689e-01  1.69479539378419148e-04  5.00000000000000000e-01  2.77761312944489969e-01 -2.22238687055510014e-04 
 2.49340617019219342e-09 -7.75822624038041697e-01 -2.36207412771052450e-01  5.39615211266989271e-04  4.71426737499502480e-01 -2.24886441928647346e-01 -6.96313179428149800e-04  5.00000000000000000e-01  2.85834785130109736e-01 -2.14165214869890266e-04 -5.19155957371373544e-01 -2.22630837522002772e-01  2.96525119849370782e-04  5.00000000000000000e-01  2.85834785130109736e-01 -2.14165214869890266e-04 
 2.50000000000000005e-09 -7.99999999999999378e-01 -2.39833300144874167e-01  5.60166699855125204e-04  4.99999999999997780e-01 -2.20216264891850810e-01 -7.20216264891848667e-04  5.00000000000000000e-01  2.87242313606103916e-01 -2.12757686393896090e-04 -5.43333333333331225e-01 -2.24659097446800154e-01  3.18674235886531030e-04  5.00000000000000000e-01  2.87242313606103916e-01 -2.12757686393896090e-04 
 2.50018065424076738e-09 -7.99217164956675608e-01 -2.39934336959540306e-01  5.59282827997135404e-04  2.99337601117188046e-01 -2.20122422235722925e-01 -5.19460023352910985e-04  5.00000000000000000e-01  2.87280742242110754e-01 -2.12719257757889245e-04 -5.43995732216146277e-01 -2.24716776544130137e-01  3.19278955672016120e-04  5.00000000000000000e-01  2.87280742242110754e-01 -2.12719257757889245e-04 
 2.50054196272230245e-09 -7.97651494870023625e-01 -2.40136091296155235e-01  5.57515403573868406e-04  2.98012803351559441e-01 -2.19935010110596796e-01 -5.17947813462156298e-04  5.00000000000000000e-01  2.87357585632040224e-01 -2.12642414367959786e-04 -5.45320529981773272e-01 -2.24832353189713424e-01  3.20488176792059845e-04  5.00000000000000000e-01  2.87357585632040224e-01 -2.12642414367959786e-04 
 2.50126457968537259e-09 -7.94520154696719771e-01 -2.40537684905010318e-01  5.53982469791709504e-04  2.95363207820302287e-01 -2.19561824391107635e-01 -5.14925032211409925e-04  5.00000000000000000e-01  2.87511189149476931e-01 -2.12488810850523053e-04 -5.47970125513030482e-01 -2.25064816713022114e-01  3.22905308800008363e-04  5.00000000000000000e-01  2.87511189149476931e-01 -2.12488810850523053e-04 
 2.50270981361151286e-09 -7.88257474350111842e-01 -2.41333218779515052e-01  5.46924255570596760e-04  2.90064016757787924e-01 -2.18822001159306251e-01 -5.08886017917094193e-04  5.00000000000000000e-01  2.87818063435278826e-01 -2.12181936564721156e-04 -5.53269316575544789e-01 -2.25534979957646958e-01  3.27734336617897825e-04  5.00000000000000000e-01  2.87818063435278826e-01 -2.12181936564721156e-04 
 2.50560028146379300e-09 -7.75732113656897981e-01 -2.42893728380246227e-01  5.32838385276651833e-04  2.79465634632760751e-01 -2.17368500274242010e-01 -4.96834134907002704e-04  5.00000000000000000e-01  2.88430483411626915e-01 -2.11569516588373092e-04 -5.63867698700573516e-01 -2.26496213455876172e-01  3.37371485244697335e-04  5.00000000000000000e-01  2.88430483411626915e-01 -2.11569516588373092e-04 
 2.51138121716835368e-09 -7.50681392270468373e-01 -2.45892955352463694e-01  5.04788436918004752e-04  2.58268870382704907e-01 -2.14565704042554956e-01 -4.72834574425259847e-04  5.00000000000000000e-01  2.89650028129268433e-01 -2.10349971870731544e-04 -5.85064462950627862e-01 -2.28502007203917945e-01  3.56562455746709949e-04  5.00000000000000000e-01  2.89650028129268433e-01 -2.10349971870731544e-04 
 2.52294308857747505e-09 -7.00579949497609045e-01 -2.51407740511118805e-01  4.49172208986490184e-04  2.15875341882593164e-01 -2.09373939017614530e-01 -4.25249280900207710e-04  5.00000000000000000e-01  2.92068088801673231e-01 -2.07931911198326765e-04 -6.27457991450739549e-01 -2.32844507016914531e-01  3.94613484433825015e-04  5.00000000000000000e-01  2.92068088801673231e-01 -2.07931911198326765e-04 
 2.54606683139571738e-09 -6.00377063951892276e-01 -2.60530276685152662e-01  3.39846787266739631e-04  1.31088284882371314e-01 -2.00622069057695779e-01 -3.31710353940067068e-04  5.00000000000000000e-01  2.96821296859582640e-01 -2.03178703140417349e-04 -7.12245048450962814e-01 -2.42834244730907145e-01  4.69410803720055753e-04  5.00000000000000000e-01  2.96821296859582640e-01 -2.03178703140417349e-04 
 2.57000000000000002e-09 -4.96666666666667589e-01 -2.67341322972723061e-01  2.29325343693944565e-04  4.33333333333349446e-02 -1.93814776297389274e-01 -2.37148109630724217e-04  5.00000000000000000e-01  3.01626505089271857e-01 -1.98373494910728128e-04 -7.99999999999997824e-01 -2.54973593130654208e-01  5.45026406869343659e-04  5.00000000000000000e-01  3.01626505089271857e-01 -1.98373494910728128e-04 
 2.57140824796040978e-09 -4.90564258838225242e-01 -2.67655234152094301e-01  2.22909024686130937e-04  3.81697574784991556e-02 -1.93488543966866794e-01 -2.31658301445365940e-04  5.00000000000000000e-01  3.01905471305274564e-01 -1.98094528694725428e-04 -7.93897592171560418e-01 -2.55731464482334248e-01  5.38166127689226133e-04  5.00000000000000000e-01  3.01905471305274564e-01 -1.98094528694725428e-04 
 2.57422474388122971e-09 -4.78359443181338884e-01 -2.68265010387940317e-01  2.10094432793398584e-04  2.78426057688260786e-02 -1.92851519584441133e-01 -2.20694125353267220e-04  5.00000000000000000e-01  3.02462619134985122e-01 -1.97537380865014890e-04 -7.81692776514672283e-01 -2.57227912409197568e-01  5.24464864105474767e-04  5.00000000000000000e-01  3.02462619134985122e-01 -1.97537380865014890e-04 
 2.57985773572286958e-09 -4.53949811867566166e-01 -2.69376590226733936e-01  1.84573221640832203e-04  7.18830234947986924e-03 -1.91669852299244881e-01 -1.98858154648724734e-04  5.00000000000000000e-01  3.03572220402373361e-01 -1.96427779597626629e-04 -7.57283145200899455e-01 -2.60105364750125967e-01  4.97177780450773466e-04  5.00000000000000000e-01  3.03572220402373361e-01 -1.96427779597626629e-04 
 2.59112371940614891e-09 -4.05130549240022342e-01 -2.71170883383301864e-01  1.33959665856720465e-04 -3.41203044892109952e-02 -1.89673456301365867e-01 -1.55553151812154867e-04  5.00000000000000000e-01  3.05772776845770367e-01 -1.94227223154229628e-04 -7.08463882573357573e-01 -2.65401728629753531e-01  4.43062153943604047e-04  5.00000000000000000e-01  3.05772776845770367e-01 -1.94227223154229628e-04 
 2.61365568677270798e-09 -3.07492023984933083e-01 -2.73067892496718700e-01  3.44241314882143810e-05 -1.16737518166594278e-01 -1.87127979245197362e-01 -7.03904610786030817e-05  5.00000000000000000e-01  3.10100343998646277e-01 -1.89899656001353708e-04 -6.10825357318266482e-01 -2.74185834992430766e-01  3.36639522325835755e-04  5.00000000000000000e-01  3.10100343998646277e-01 -1.89899656001353708e-04 
 2.65065568677270816e-09 -1.47158690651599033e-01 -2.71406160732749369e-01 -1.24247470081150375e-04 -2.52404184833261547e-01 -1.87035084079193531e-01  6.53691007540680292e-05  5.00000000000000000e-01  3.16999006023241492e-01 -1.83000993976758489e-04 -4.50492023984934375e-01 -2.83502963769445282e-01  1.66989060215489099e-04  5.00000000000000000e-01  3.16999006023241492e-01 -1.83000993976758489e-04 
 2.68765568677270835e-09  1.31746426817351825e-02 -2.63980217620653879e-01 -2.77154860302389057e-04 -3.88070851499928926e-01 -1.91874053211480100e-01  1.96196798288448843e-04  5.00000000000000000e-01  3.23647053914395189e-01 -1.76352946085604832e-04 -2.90158690651598494e-01 -2.86657041885602704e-01  3.50164876599583317e-06  5.00000000000000000e-01  3.23647053914395189e-01 -1.76352946085604832e-04 
 2.72465568677270853e-09  1.73507976015069176e-01 -2.50999465045440240e-01 -4.24507441060509479e-04 -5.23737518166596305e-01 -2.01465722205104003e-01  3.22271795961492360e-04  5.00000000000000000e-01  3.30053591965614901e-01 -1.69946408034385118e-04 -1.29825357318266166e-01 -2.83871960233835485e-01 -1.54046602915569299e-04  5.00000000000000000e-01  3.30053591965614901e-01 -1.69946408034385118e-04 
 2.76165568677270871e-09  3.33841309348403392e-01 -2.32665697754418560e-01 -5.66507007102821968e-04 -6.59404184833263685e-01 -2.15637435296815921e-01  4.43766749536447726e-04  5.00000000000000000e-01  3.36227393730241519e-01 -1.63772606269758480e-04  3.05079760150697155e-02 -2.75363476213665803e-01 -3.05871452228735510e-04  5.00000000000000000e-01  3.36227393730241519e-01 -1.63772606269758480e-04 
 2.79865568677270889e-09  4.94174642681737497e-01 -2.09173379708791518e-01 -7.03348022390529008e-04 -7.95070851499930953e-01 -2.34222808950406369e-01  5.60848042549524526e-04  5.00000000000000000e-01  3.42176914036555757e-01 -1.57823085963444232e-04  1.90841309348402044e-01 -2.61339509204210840e-01 -4.52180818552612896e-04  5.00000000000000000e-01  3.42176914036555757e-01 -1.57823085963444232e-04 
 2.80000000000000026e-09 -6.00000000000000089e-01 -2.08963457482077675e-01  3.91036542517922392e-04 -7.99999999999999378e-01 -2.34979568891071106e-01  5.65020431108928241e-04  5.00000000000000000e-01  3.42388935187169730e-01 -1.57611064812830280e-04  1.96666666666664547e-01 -2.60728131937527974e-01 -4.57394798604192506e-04  5.00000000000000000e-01  3.42388935187169730e-01 -1.57611064812830280e-04 
 2.80003619701431661e-09 -5.99674226871152904e-01 -2.08977599533490738e-01  3.90696627337662234e-04 -7.99843146271296712e-01 -2.35000014525997336e-01  5.64843131745299334e-04  5.00000000000000000e-01  3.42394640030640907e-01 -1.57605359969359123e-04  1.96823520395368767e-01 -2.60711570533291415e-01 -4.57535090928660180e-04  5.00000000000000000e-01  3.42394640030640907e-01 -1.57605359969359123e-04 
 2.80010859104294932e-09 -5.99022680613458536e-01 -2.09005859029378266e-01  3.90016821584080256e-04 -7.99529438813888382e-01 -2.35040892960899195e-01  5.64488545852989253e-04  5.00000000000000000e-01  3.42406049304601556e-01 -1.57593950695398470e-04  1.97137227852777097e-01 -2.60678437568859334e-01 -4.57815665421636392e-04  5.00000000000000000e-01  3.42406049304601556e-01 -1.57593950695398470e-04 
 2.80025337910021432e-09 -5.97719588098073573e-01 -2.09062230390209325e-01  3.88657357707864295e-04 -7.98902023899073388e-01 -2.35122572826573728e-01  5.63779451072499594e-04  5.00000000000000000e-01  3.42428865374812208e-01 -1.57571134625187801e-04  1.97764642767593979e-01 -2.60612110708652533e-01 -4.58376753476246541e-04  5.00000000000000000e-01  3.42428865374812208e-01 -1.57571134625187801e-04 
 2.80054295521474473e-09 -5.95113403067299873e-01 -2.09174382694956085e-01  3.85939020372343805e-04 -7.97647194069441512e-01 -2.35285624597144999e-01  5.62361569472296513e-04  5.00000000000000000e-01  3.42474487606184597e-01 -1.57525512393815413e-04  1.99019472597223968e-01 -2.60479213306973101e-01 -4.59498685904197071e-04  5.00000000000000000e-01  3.42474487606184597e-01 -1.57525512393815413e-04 
 2.80112210744380556e-09 -5.89901033005752362e-01 -2.09396326491394058e-01  3.80504706514358344e-04 -7.95137534410177982e-01 -2.35610496740936981e-01  5.59527037669240975e-04  5.00000000000000000e-01  3.42565692447077796e-01 -1.57434307552922227e-04  2.01529132256487609e-01 -2.60212444131269816e-01 -4.61741576387757397e-04  5.00000000000000000e-01  3.42565692447077796e-01 -1.57434307552922227e-04 
 2.80228041190192680e-09 -5.79476292882661226e-01 -2.09830777664440776e-01  3.69645515218220452e-04 -7.90118215091652587e-01 -2.36255319002886766e-01  5.53862896088765924e-04  5.00000000000000000e-01  3.42747943756125772e-01 -1.57252056243874228e-04  2.06548451575014891e-01 -2.59675011110400311e-01 -4.66223462685415248e-04  5.00000000000000000e-01  3.42747943756125772e-01 -1.57252056243874228e-04 
 2.80459702081816969e-09 -5.58626812636475178e-01 -2.10661988919223775e-01  3.47964823717251395e-04 -7.80079576454600021e-01 -2.37525303897290374e-01  5.42554272557309617e-04  5.00000000000000000e-01  3.43111813799424570e-01 -1.56888186200575459e-04  2.16587090212065458e-01 -2.58584588920778347e-01 -4.75171679132843855e-04  5.00000000000000000e-01  3.43111813799424570e-01 -1.56888186200575459e-04 
 2.80923023865065507e-09 -5.16927852144106748e-01 -2.12174082632096112e-01  3.04753769512010591e-04 -7.60002299180496776e-01 -2.39986862360164033e-01  5.20015436820332700e-04  5.00000000000000000e-01  3.43837030897041041e-01 -1.56162969102958959e-04  2.36664367486170590e-01 -2.56341699721099048e-01 -4.93006067207269632e-04  5.00000000000000000e-01  3.43837030897041041e-01 -1.56162969102958959e-04 
 2.81849667431562624e-09 -4.33529931159366222e-01 -2.14600421340466502e-01  2.18929509818899720e-04 -7.19847744632288400e-01 -2.44598142088594872e-01  4.75249602543693613e-04  5.00000000000000000e-01  3.45277431314584049e-01 -1.54722568685415965e-04  2.76818922034377302e-01 -2.51609172747063070e-01 -5.28428094781440349e-04  5.00000000000000000e-01  3.45277431314584049e-01 -1.54722568685415965e-04 
 2.83702954564556857e-09 -2.66734089189885171e-01 -2.17089149200866499e-01  4.96449399890186438e-05 -6.39538635535871647e-01 -2.52587668199688142e-01  3.86950967336183540e-04  5.00000000000000000e-01  3.48118557657397132e-01 -1.51881442342602846e-04  3.57128031130794055e-01 -2.41168451934306416e-01 -5.98296483065100513e-04  5.00000000000000000e-01  3.48118557657397132e-01 -1.51881442342602846e-04 
 2.84608965925160687e-09 -1.85193066735540535e-01 -2.17169189944522195e-01 -3.19761232089816661e-05 -6.00278143243038964e-01 -2.55900627768486599e-01  3.44377515474552352e-04  5.00000000000000000e-01  3.49488415246977213e-01 -1.50511584753022787e-04  3.96388523423628403e-01 -2.35595212657941006e-01 -6.31983736081569419e-04  5.00000000000000000e-01  3.49488415246977213e-01 -1.50511584753022787e-04 
 2.86420988646368387e-09 -2.21110218268474323e-02 -2.15130702401361756e-01 -1.93019680574514337e-04 -5.21757158657371933e-01 -2.61379775850722473e-01  2.60377382806649448e-04  5.00000000000000000e-01  3.52191231538097893e-01 -1.47808768461902109e-04  4.74909508009293546e-01 -2.23541324322713175e-01 -6.98450832332006685e-04  5.00000000000000000e-01  3.52191231538097893e-01 -1.47808768461902109e-04 
 2.87000000000000064e-09  3.00000000000033573e-02 -2.13865893862178025e-01 -2.43865893862181386e-04 -4.96666666666666201e-01 -2.62810609715543431e-01  2.33856056951122751e-04  5.00000000000000000e-01  3.53044590566325145e-01 -1.46955409433674835e-04  2.99999999999998546e-01 -2.20013800041997193e-01 -5.20013800041995702e-04  5.00000000000000000e-01  3.53044590566325145e-01 -1.46955409433674835e-04 
 2.87038017052509250e-09  3.34215347258300932e-02 -2.13771918197380867e-01 -2.47193452923210970e-04 -4.95019261057934867e-01 -2.62898855052179137e-01  2.32120406005755756e-04  5.00000000000000000e-01  3.53100437450155458e-01 -1.46899562549844521e-04  2.98606041407995071e-01 -2.19816710991997649e-01 -5.18422752399992724e-04  5.00000000000000000e-01  3.53100437450155458e-01 -1.46899562549844521e-04 
 2.87114051157527663e-09  4.02646041774873398e-02 -2.13581437749531727e-01 -2.53846041927019103e-04 -4.91724449840470257e-01 -2.63074026540303318e-01  2.28650423300166892e-04  5.00000000000000000e-01  3.53212088771274635e-01 -1.46787911228725345e-04  2.95818124223988066e-01 -2.19423742171101305e-01 -5.15241866395089402e-04  5.00000000000000000e-01  3.53212088771274635e-01 -1.46787911228725345e-04 
 2.87266119367564448e-09  5.39507430807979471e-02 -2.13185313673493304e-01 -2.67136056754291274e-04 -4.85134827405542923e-01 -2.63416460419279685e-01  2.21718366986263244e-04  5.00000000000000000e-01  3.53435136927760907e-01 -1.46564863072239072e-04  2.90242289855971114e-01 -2.18645054691329221e-01 -5.08887344547300381e-04  5.00000000000000000e-01  3.53435136927760907e-01 -1.46564863072239072e-04 
 2.87570255787638059e-09  8.13230208874230476e-02 -2.12332527916883784e-01 -2.93655548804306829e-04 -4.71955582535686424e-01 -2.64069751832948119e-01  2.07885830702738306e-04  5.00000000000000000e-01  3.53880217229746108e-01 -1.46119782770253890e-04  2.79090621119940208e-01 -2.17116625337611446e-01 -4.96207246457551661e-04  5.00000000000000000e-01  3.53880217229746108e-01 -1.46119782770253890e-04 
 2.88178528627785241e-09  1.36067576500669363e-01 -2.10385723778706346e-01 -3.46453300279375731e-04 -4.45597092795975258e-01 -2.65250508003002039e-01  1.80346584792973226e-04  5.00000000000000000e-01  3.54766329193216046e-01 -1.45233670806783964e-04  2.56787283647875342e-01 -2.14175110217494524e-01 -4.70962393865369852e-04  5.00000000000000000e-01  3.54766329193216046e-01 -1.45233670806783964e-04 
 2.89395074308079646e-09  2.45556687727165768e-01 -2.05534477407495503e-01 -4.51091165134661297e-04 -3.92880113316551038e-01 -2.67112517423951534e-01  1.25767595892599523e-04  5.00000000000000000e-01  3.56522480947595144e-01 -1.43477519052404880e-04  2.12180608703748608e-01 -2.08749967517276758e-01 -4.20930576221025345e-04  5.00000000000000000e-01  3.56522480947595144e-01 -1.43477519052404880e-04 
 2.90000000000000033e-09  2.99999999999999822e-01 -2.02649765445774732e-01 -5.02649765445774559e-04 -3.66666666666667584e-01 -2.67791976874463822e-01  9.88746897922037596e-05  5.00000000000000000e-01  3.57387796065740282e-01 -1.42612203934259748e-04  1.90000000000001112e-01 -2.06278214551269989e-01 -3.96278214551271080e-04  5.00000000000000000e-01  3.57387796065740282e-01 -1.42612203934259748e-04 
 2.90194468809301080e-09  2.92869476992294708e-01 -2.01688005398460157e-01 -4.94557482390754798e-04 -3.58239684930288849e-01 -2.67967528063053850e-01  9.02721568672349870e-05  5.00000000000000000e-01  3.57664594034934336e-01 -1.42335405965065653e-04  1.82869476992294527e-01 -2.05522912496016175e-01 -3.88392389488310735e-04  5.00000000000000000e-01  3.57664594034934336e-01 -1.42335405965065653e-04 
 2.90583406427903175e-09  2.78608430976884591e-01 -1.99795898148650453e-01 -4.78404329125535076e-04 -3.41385721457531377e-01 -2.68285236893568702e-01  7.31004845639626733e-05  5.00000000000000000e-01  3.58217115491424765e-01 -1.41782884508575235e-04  1.68608430976884355e-01 -2.04042919796069866e-01 -3.72651350772954188e-04  5.00000000000000000e-01  3.58217115491424765e-01 -1.41782884508575235e-04 
 2.91361281665107366e-09  2.50086338946064246e-01 -1.96199430499817362e-01 -4.46285769445881617e-04 -3.07677794512016489e-01 -2.68721069535826085e-01  3.89567249761903927e-05  5.00000000000000000e-01  3.59315736490260162e-01 -1.40684263509739823e-04  1.40086338946064065e-01 -2.01265891271431796e-01 -3.41352230217495845e-04  5.00000000000000000e-01  3.59315736490260162e-01 -1.40684263509739823e-04 
 2.92717686003024864e-09  2.00351513222422645e-01 -1.90521799447274348e-01 -3.90873312669697015e-04 -2.48900273202258271e-01 -2.68849975575374545e-01 -1.99497023731162737e-05  5.00000000000000000e-01  3.61211129347803306e-01 -1.38788870652196701e-04  9.03515132224239625e-02 -1.97001995314828926e-01 -2.87353508537252901e-04  5.00000000000000000e-01  3.61211129347803306e-01 -1.38788870652196701e-04 
 2.95430494678859819e-09  1.00881861775140941e-01 -1.81391212652155909e-01 -2.82273074427296831e-04 -1.31345230582743611e-01 -2.66742837927522791e-01 -1.35397607344779196e-04  5.00000000000000000e-01  3.64925819651529482e-01 -1.35074180348470534e-04 -9.11813822485929570e-03 -1.90642120687389199e-01 -1.81523982462529899e-04  5.00000000000000000e-01  3.64925819651529482e-01 -1.35074180348470534e-04 
 2.99130494678859837e-09 -3.47848048915264108e-02 -1.73601060054731582e-01 -1.38816255163205175e-04  2.89881027505906053e-02 -2.58911833373351385e-01 -2.87899936123942025e-04  5.00000000000000000e-01  3.69832785457021251e-01 -1.30167214542978749e-04 -1.44784804891525065e-01 -1.86511974376362855e-01 -4.17271694848377875e-05  5.00000000000000000e-01  3.69832785457021251e-01 -1.30167214542978749e-04 
 3.02830494678859856e-09 -1.70451471558193735e-01 -1.71022397209660088e-01 -5.70925651466341498e-07  1.89321436083924710e-01 -2.45540734401085758e-01 -4.34862170485010493e-04  5.00000000000000000e-01  3.74561491336344032e-01 -1.25438508663655969e-04 -2.80451471558193943e-01 -1.87460357353676887e-01  9.29911142045170501e-05  5.00000000000000000e-01  3.74561491336344032e-01 -1.25438508663655969e-04 
 3.06530494678859874e-09 -3.06118138224861003e-01 -1.73465901465162331e-01  1.32652236759698655e-04  3.49654769417258704e-01 -2.26830801190862852e-01 -5.76485570608121578e-04  5.00000000000000000e-01  3.79118413104194141e-01 -1.20881586895805863e-04 -4.16118138224859657e-01 -1.93302777146411725e-01  2.22815361078447944e-04  5.00000000000000000e-01  3.79118413104194141e-01 -1.20881586895805863e-04 
 3.07863507595457936e-09 -3.54995278500123357e-01 -1.75546077702923159e-01  1.79449200797200166e-04  4.07418662469841486e-01 -2.18814602476712111e-01 -6.26233264946553648e-04  5.00000000000000000e-01  3.80719111513031172e-01 -1.19280888486968822e-04 -4.64995278500122011e-01 -1.96576881866904946e-01  2.68418396633217024e-04  5.00000000000000000e-01  3.80719111513031172e-01 -1.19280888486968822e-04 
 3.08817147290993685e-09 -3.89962067336434126e-01 -1.77415192792620191e-01  2.12546874543813921e-04  4.48743049276390638e-01 -2.12674826268837852e-01 -6.61417875545228413e-04  5.00000000000000000e-01  3.81851223281221064e-01 -1.18148776718778915e-04 -4.99962067336432781e-01 -1.99290416166502060e-01  3.00671651169930770e-04  5.00000000000000000e-01  3.81851223281221064e-01 -1.18148776718778915e-04 
 3.09510138582593163e-09 -4.15371748028415033e-01 -1.78970777527611563e-01  2.36400970500803446e-04  4.78772671912367942e-01 -2.08003392968326067e-01 -6.86776064880693969e-04  5.00000000000000000e-01  3.82667156840757139e-01 -1.17332843159242885e-04 -5.25371748028413688e-01 -2.01454589197308048e-01  3.23917158831105666e-04  5.00000000000000000e-01  3.82667156840757139e-01 -1.17332843159242885e-04 
 3.10000000000000046e-09 -4.33333333333334014e-01 -1.80169871162115136e-01  2.53163462171218873e-04  3.00000000000000044e-01 -2.05084161269661586e-01 -5.05084161269661624e-04  5.00000000000000000e-01  3.83240520824871089e-01 -1.16759479175128909e-04 -5.43333333333332669e-01 -2.03081343400365461e-01  3.40251989932967161e-04  5.00000000000000000e-01  3.83240520824871089e-01 -1.16759479175128909e-04 
 3.10057747917545065e-09 -4.35450756976651476e-01 -1.80317205475065967e-01  2.55133551501585554e-04  2.97882576356682693e-01 -2.04793876086386606e-01 -5.02676452443069307e-04  5.00000000000000000e-01  3.83307908077895831e-01 -1.16692091922104152e-04 -5.45450756976651574e-01 -2.03278940498807403e-01  3.42171816477844157e-04  5.00000000000000000e-01  3.83307908077895831e-01 -1.16692091922104152e-04 
 3.10173243752635103e-09 -4.39685604263286178e-01 -1.80614148158870669e-01  2.59071456104415562e-04  2.93647729070047991e-01 -2.04216084918323187e-01 -4.97863813988371146e-04  5.00000000000000000e-01  3.83442604799393738e-01 -1.16557395200606278e-04 -5.49685604263286387e-01 -2.03676350735674583e-01  3.46009253527611760e-04  5.00000000000000000e-01  3.83442604799393738e-01 -1.16557395200606278e-04 
 3.10404235422815137e-09 -4.48155298836554028e-01 -1.81221662133424805e-01  2.66933636703129253e-04  2.85178034496780031e-01 -2.03077158536182495e-01 -4.88255193032962492e-04  5.00000000000000000e-01  3.83711532073484907e-01 -1.16288467926515117e-04 -5.58155298836552682e-01 -2.04484452110421322e-01  3.53670846726131369e-04  5.00000000000000000e-01  3.83711532073484907e-01 -1.16288467926515117e-04 
 3.10866218763175247e-09 -4.65094687983091393e-01 -1.82491047468332279e-01  2.82603640514759102e-04  2.68238645350242666e-01 -2.00865737661847316e-01 -4.69104383012089953e-04  5.00000000000000000e-01  3.84247527317698567e-01 -1.15752472682301448e-04 -5.75094687983091601e-01 -2.06153625428588533e-01  3.68941062554503044e-04  5.00000000000000000e-01  3.84247527317698567e-01 -1.15752472682301448e-04 
 3.11790185443895467e-09 -4.98973466276166122e-01 -1.85245997845046834e-01  3.13727468431119279e-04  2.34359867057167909e-01 -1.96707096008273824e-01 -4.31066963065441762e-04  5.00000000000000000e-01  3.85312123341122414e-01 -1.14687876658877579e-04 -6.08973466276166331e-01 -2.09702636390328018e-01  3.99270829885838290e-04  5.00000000000000000e-01  3.85312123341122414e-01 -1.14687876658877579e-04 
 3.13638118805335906e-09 -5.66731022862315692e-01 -1.91610721716819088e-01  3.75120301145496614e-04  1.66602310471018450e-01 -1.89434519220514297e-01 -3.56036829691532767e-04  5.00000000000000000e-01  3.87412076012435602e-01 -1.12587923987564396e-04 -6.76731022862315790e-01 -2.17633672374881487e-01  4.59097350487434322e-04  5.00000000000000000e-01  3.87412076012435602e-01 -1.12587923987564396e-04 
 3.17000000000000001e-09 -6.89999999999999059e-01 -2.06051163608823362e-01  4.83948836391175715e-04  4.33333333333349446e-02 -1.79700682294231667e-01 -2.23034015627566616e-04  5.00000000000000000e-01  3.91134575255425443e-01 -1.08865424744574563e-04 -7.99999999999999378e-01 -2.34850650964004481e-01  5.65149349035994910e-04  5.00000000000000000e-01  3.91134575255425443e-01 -1.08865424744574563e-04 
 3.17168436025213575e-09 -6.96175987591163392e-01 -2.06875322200950257e-01  4.89300665390213110e-04  3.71573457421706110e-02 -1.79336029458193463e-01 -2.16493375200364080e-04  5.00000000000000000e-01  3.91317635510280037e-01 -1.08682364489719955e-04 -7.92701105574081244e-01 -2.35788692097185976e-01  5.56912413476895311e-04  5.00000000000000000e-01  3.91317635510280037e-01 -1.08682364489719955e-04 
 3.17505308075640723e-09 -7.08527962773492170e-01 -2.08541637885330283e-01  4.99986324888161845e-04  2.48053705598418328e-02 -1.78628720325538587e-01 -2.03434090885380443e-04  5.00000000000000000e-01  3.91683140378118022e-01 -1.08316859621881989e-04 -7.78103316722238203e-01 -2.37637073088764805e-01  5.40466243633473393e-04  5.00000000000000000e-01  3.91683140378118022e-01 -1.08316859621881989e-04 
 3.18179052176495059e-09 -7.33231913138151281e-01 -2.11981897684746262e-01  5.21250015453405061e-04  1.01420195182833073e-04 -1.77345638188306121e-01 -1.77447058383488972e-04  5.00000000000000000e-01  3.92410468664340151e-01 -1.07589531335659826e-04 -7.48907739018548457e-01 -2.41168185450493872e-01  5.07739553568054567e-04  5.00000000000000000e-01  3.92410468664340151e-01 -1.07589531335659826e-04 
 3.19505507391014778e-09 -7.81868604337207618e-01 -2.19170937958907491e-01  5.62697666378300220e-04 -4.85352710038735036e-02 -1.75327837007149406e-01 -1.26792566003275907e-04  5.00000000000000000e-01  3.93828192874661753e-01 -1.06171807125338255e-04 -6.91428013056029078e-01 -2.47480039862823131e-01  4.43947973193206018e-04  5.00000000000000000e-01  3.93828192874661753e-01 -1.06171807125338255e-04 
 3.20000000000000012e-09 -7.99999999999999378e-01 -2.21991292313893446e-01  5.78008707686105978e-04 -6.66666666666654306e-02 -1.74747122141295119e-01 -1.08080455474629687e-04  5.00000000000000000e-01  3.94351909743119344e-01 -1.05648090256880653e-04 -6.70000000000000484e-01 -2.49617066089225265e-01  4.20382933910775172e-04  5.00000000000000000e-01  3.94351909743119344e-01 -1.05648090256880653e-04 
 3.20155235402757993e-09 -7.93273132547154813e-01 -2.22876749436532240e-01  5.70396383110622577e-04 -7.23586314344580872e-02 -1.74588425309035233e-01 -1.02229793874577147e-04  5.00000000000000000e-01  3.94515658785050960e-01 -1.05484341214949018e-04 -6.63273132547154587e-01 -2.50258211465417102e-01  4.13014921081737479e-04  5.00000000000000000e-01  3.94515658785050960e-01 -1.05484341214949018e-04 
 3.20465706208273998e-09 -7.79819397641461354e-01 -2.24624066267922334e-01  5.55195331373539041e-04 -8.37425609700448992e-02 -1.74289168086534330e-01 -9.05466071164894297e-05  5.00000000000000000e-01  3.94842649263927314e-01 -1.05157350736072709e-04 -6.49819397641462904e-01 -2.51517662144899068e-01  3.98301735496563820e-04  5.00000000000000000e-01  3.94842649263927314e-01 -1.05157350736072709e-04 
 3.21086647819306007e-09 -7.52911927830074212e-01 -2.27977553665324600e-01  5.24934374164749652e-04 -1.06510420041218579e-01 -1.73799135489179662e-01 -6.72887154479610849e-05  5.00000000000000000e-01  3.95493594018284100e-01 -1.04506405981715888e-04 -6.22911927830075873e-01 -2.53899947220129707e-01  3.69011980609946144e-04  5.00000000000000000e-01  3.95493594018284100e-01 -1.04506405981715888e-04 
 3.22328531041370026e-09 -6.99096988207300152e-01 -2.34124298535232506e-01  4.64972689672067631e-04 -1.52046138183565882e-01 -1.73249650424927404e-01 -2.12035122413615172e-05  5.00000000000000000e-01  3.96783432396945079e-01 -1.03216567603054939e-04 -5.69096988207301702e-01 -2.58122267597487021e-01  3.10974720609814707e-04  5.00000000000000000e-01  3.96783432396945079e-01 -1.03216567603054939e-04 
 3.24812297485498021e-09 -5.91467108961753696e-01 -2.44211228867965008e-01  3.47255880093788681e-04 -2.43117574468259101e-01 -1.73846592269597700e-01  6.92709821986614257e-05  5.00000000000000000e-01  3.99315643759788175e-01 -1.00684356240211836e-04 -4.61467108961753691e-01 -2.64431166784930394e-01  1.97035942176823295e-04  5.00000000000000000e-01  3.99315643759788175e-01 -1.00684356240211836e-04 
 3.28512297485498039e-09 -4.31133775628419591e-01 -2.53914027981174018e-01  1.77219747647245599e-04 -3.78784241134926369e-01 -1.78827308690494846e-01  1.99956932444431530e-04  5.00000000000000000e-01  4.02973298331106511e-01 -9.70267016688935091e-05 -3.01133775628421418e-01 -2.68676786022903680e-01  3.24569896055177461e-05  5.00000000000000000e-01  4.02973298331106511e-01 -9.70267016688935091e-05 
 3.32212297485498057e-09 -2.70800442295085486e-01 -2.57439765827301992e-01  1.33606764677835031e-05 -5.14450907801593749e-01 -1.88555575586692503e-01  3.25895332214901187e-04  5.00000000000000000e-01  4.06498077871360886e-01 -9.35019221286391379e-05 -1.40800442295085482e-01 -2.66943592059955548e-01 -1.26143149764870049e-04  5.00000000000000000e-01  4.06498077871360886e-01 -9.35019221286391379e-05 
 3.35912297485498076e-09 -1.10467108961751381e-01 -2.55012842275648854e-01 -1.44545733313897445e-04 -6.50117574468261128e-01 -2.02858924261493379e-01  4.47258650206767733e-04  5.00000000000000000e-01  4.09894809455808307e-01 -9.01051905441916908e-05  1.95328910382468468e-02 -2.59448782822874646e-01 -2.78981673861121448e-04  5.00000000000000000e-01  4.09894809455808307e-01 -9.01051905441916908e-05 
 3.39612297485498094e-09  4.98662243715827236e-02 -2.46849505212044656e-01 -2.96715729583627366e-04 -7.85784241134928507e-01 -2.21571151449499015e-01  5.64213089685429480e-04  5.00000000000000000e-01  4.13168144802038229e-01 -8.68318551979617589e-05  1.79866224371582728e-01 -2.46401665886666232e-01 -4.26267890258248986e-04  5.00000000000000000e-01  4.13168144802038229e-01 -8.68318551979617589e-05 
 3.40000000000000025e-09  6.66666666666664298e-02 -2.45668851710569847e-01 -3.12335518377236275e-04 -7.99999999999999378e-01 -2.23781891664943972e-01  5.76218108335055422e-04  5.00000000000000000e-01  4.13504142751779491e-01 -8.64958572482205069e-05  1.96666666666666434e-01 -2.44719707187093488e-01 -4.41386373853759953e-04  5.00000000000000000e-01  4.13504142751779491e-01 -8.64958572482205069e-05 
 3.40133370930828889e-09  7.24460736692505991e-02 -2.45245143976434155e-01 -3.17691217645684777e-04 -7.94220592997416874e-01 -2.24541677736962680e-01  5.69678915260454235e-04  5.00000000000000000e-01  4.13619349429501404e-01 -8.63806505704986191e-05  2.02446073669248605e-01 -2.44124112373164420e-01 -4.46570186042413004e-04  5.00000000000000000e-01  4.13619349429501404e-01 -8.63806505704986191e-05 
 3.40400112792486658e-09  8.40048876744203810e-02 -2.44383461644078787e-01 -3.28388349318499190e-04 -7.82661778992246870e-01 -2.26043830348248542e-01  5.56617948643998344e-04  5.00000000000000000e-01  4.13849455889817142e-01 -8.61505441101828606e-05  2.14004887674420496e-01 -2.42919113765334621e-01 -4.56924001439755153e-04  5.00000000000000000e-01  4.13849455889817142e-01 -8.61505441101828606e-05 
 3.40933596515802195e-09  1.07122515684760389e-01 -2.42574723521614521e-01 -3.49697239206374919e-04 -7.59544150981906974e-01 -2.28943896423752041e-01  5.30600254558154932e-04  5.00000000000000000e-01  4.14307832338320525e-01 -8.56921676616794674e-05  2.37122515684760282e-01 -2.40426483087878978e-01 -4.77548998772639303e-04  5.00000000000000000e-01  4.14307832338320525e-01 -8.56921676616794674e-05 
 3.42000563962433270e-09  1.53357771705440293e-01 -2.38618018628794226e-01 -3.91975790334234500e-04 -7.13308894961227069e-01 -2.34329837726129919e-01  4.78979057235097124e-04  5.00000000000000000e-01  4.15217288073266300e-01 -8.47827119267336999e-05  2.83357771705440298e-01 -2.35112880369582444e-01 -5.18470652075022709e-04  5.00000000000000000e-01  4.15217288073266300e-01 -8.47827119267336999e-05 
 3.44134498855695377e-09  2.45828283746798215e-01 -2.29365600494021965e-01 -4.75193884240820161e-04 -6.20838382919869036e-01 -2.43466820071444240e-01  3.77371562848424812e-04  5.00000000000000000e-01  4.17007396076866599e-01 -8.29926039231333929e-05  3.75828283746796554e-01 -2.23189641034702763e-01 -5.99017924781499291e-04  5.00000000000000000e-01  4.17007396076866599e-01 -8.29926039231333929e-05 
 3.45054716098773638e-09  2.85704364280189749e-01 -2.24830179013971426e-01 -5.10534543294161166e-04 -5.80962302386477725e-01 -2.46740920560156923e-01  3.34221381826320775e-04  5.00000000000000000e-01  4.17767610516468157e-01 -8.22323894835318603e-05  4.15704364280187644e-01 -2.17519988079326848e-01 -6.33224352359514553e-04  5.00000000000000000e-01  4.17767610516468157e-01 -8.22323894835318603e-05 
 3.46895150584930158e-09  3.65456525346972150e-01 -2.14792599614006124e-01 -5.80249124960978326e-04 -5.01210141319695435e-01 -2.52108757234872249e-01  2.49101384084823136e-04  5.00000000000000000e-01  4.19267243886459973e-01 -8.07327561135400234e-05  4.95456525346970267e-01 -2.05244972396798120e-01 -7.00701497743768374e-04  5.00000000000000000e-01  4.19267243886459973e-01 -8.07327561135400234e-05 
 3.47000000000000022e-09  3.69999999999999662e-01 -2.14182149923702575e-01 -5.84182149923702290e-04 -4.96666666666668033e-01 -2.52367421071957254e-01  2.44299245594710760e-04  5.00000000000000000e-01  4.19351847355893370e-01 -8.06481526441066147e-05  3.00000000000000044e-01 -2.04613089749428961e-01 -5.04613089749429027e-04  5.00000000000000000e-01  4.19351847355893370e-01 -8.06481526441066147e-05 
 3.47017247032332491e-09  3.70747371401073167e-01 -2.14081284336358008e-01 -5.84828655737431170e-04 -4.95919295265594362e-01 -2.52409419298997961e-01  2.43509875966596394e-04  5.00000000000000000e-01  4.19365754370308208e-01 -8.06342456296917716e-05  2.99367608814477715e-01 -2.04526183024229202e-01 -5.03893791838706849e-04  5.00000000000000000e-01  4.19365754370308208e-01 -8.06342456296917716e-05 
 3.47051741096997429e-09  3.72242114203220620e-01 -2.13879330193990663e-01 -5.86121444397211299e-04 -4.94424552463447076e-01 -2.52493143514362473e-01  2.41931408949084637e-04  5.00000000000000000e-01  4.19393563602870334e-01 -8.06064363971296894e-05  2.98102826443430002e-01 -2.04352617646131024e-01 -5.02455444089561091e-04  5.00000000000000000e-01  4.19393563602870334e-01 -8.06064363971296894e-05 
 3.47120729226327304e-09  3.75231599807515082e-01 -2.13474084564491712e-01 -5.88705684372006787e-04 -4.91435066859152447e-01 -2.52658959076033252e-01  2.38776107783119187e-04  5.00000000000000000e-01  4.19449153300313904e-01 -8.05508466996860913e-05  2.95573261701334522e-01 -2.04006974810498509e-01 -4.99580236511833024e-04  5.00000000000000000e-01  4.19449153300313904e-01 -8.05508466996860913e-05 
 3.47258705484987056e-09  3.81210571016104449e-01 -2.12658248536302191e-01 -5.93868819552406625e-04 -4.85456095650563246e-01 -2.52984064351687743e-01  2.32472031298875499e-04  5.00000000000000000e-01  4.19560217723640883e-01 -8.04397822763591079e-05  2.90514132217143672e-01 -2.03321635692584352e-01 -4.93835767909727970e-04  5.00000000000000000e-01  4.19560217723640883e-01 -8.04397822763591079e-05 
 3.47534658002306558e-09  3.93168513433282740e-01 -2.11005234224913796e-01 -6.04173747658196588e-04 -4.73498153233384733e-01 -2.53608216470818604e-01  2.19889936762566139e-04  5.00000000000000000e-01  4.19781887476127880e-01 -8.02181125238721204e-05  2.80395873248761862e-01 -2.01974702702525738e-01 -4.82370575951287617e-04  5.00000000000000000e-01  4.19781887476127880e-01 -8.02181125238721204e-05 
 3.48086563036945605e-09  4.17084398267641543e-01 -2.07614130244181044e-01 -6.24698528511822551e-04 -4.49582268399026097e-01 -2.54752645535423372e-01  1.94829622863602751e-04  5.00000000000000000e-01  4.20223396921410974e-01 -7.97766030785890105e-05  2.60159355311995300e-01 -1.99375490979078918e-01 -4.59534846291074269e-04  5.00000000000000000e-01  4.20223396921410974e-01 -7.97766030785890105e-05 
 3.49190373106223658e-09  4.64916167936357150e-01 -2.00493955640987209e-01 -6.65410123577344389e-04 -4.01750498730310435e-01 -2.56628853698258830e-01  1.45121645032051598e-04  5.00000000000000000e-01  4.21099145796985264e-01 -7.89008542030147117e-05  2.19686319438468197e-01 -1.94553086887505777e-01 -4.14239406325974009e-04  5.00000000000000000e-01  4.21099145796985264e-01 -7.89008542030147117e-05 
 3.49467389796037061e-09  4.76920224494937983e-01 -1.98636604509220660e-01 -6.75556829004158622e-04 -3.89746442171729712e-01 -2.57013705204017451e-01  1.32732736967712268e-04  5.00000000000000000e-01  4.21317412014607429e-01 -7.86825879853925831e-05  2.09529040811976736e-01 -1.93421211017246214e-01 -4.02950251829222957e-04  5.00000000000000000e-01  4.21317412014607429e-01 -7.86825879853925831e-05 
 3.49662093267103659e-09  4.85357374907823935e-01 -1.97314345443913880e-01 -6.82671720351737824e-04 -3.81309291758843816e-01 -2.57263683379686359e-01  1.24045608379157472e-04  5.00000000000000000e-01  4.21470460748941012e-01 -7.85295392510589876e-05  2.02389913539534838e-01 -1.92644359233258955e-01 -3.95034272772793772e-04  5.00000000000000000e-01  4.21470460748941012e-01 -7.85295392510589876e-05 
 3.49790578364132535e-09  4.90925062445741744e-01 -1.96434202623441967e-01 -6.87359265069183742e-04 -3.75741604220925784e-01 -2.57419386647857185e-01  1.18322217573068635e-04  5.00000000000000000e-01  4.21571294725327950e-01 -7.84287052746720668e-05  1.97678793315142681e-01 -1.92140149525451331e-01 -3.89818942840594010e-04  5.00000000000000000e-01  4.21571294725327950e-01 -7.84287052746720668e-05 
 3.49895748681729921e-09  4.95482442874961793e-01 -1.95709289392371616e-01 -6.91191732267333429e-04 -3.71184223791705736e-01 -2.57541365851173598e-01  1.13642857940532156e-04  5.00000000000000000e-01  4.21653735092354987e-01 -7.83462649076449992e-05  1.93822548336570366e-01 -1.91732417924066811e-01 -3.85554966260637179e-04  5.00000000000000000e-01  4.21653735092354987e-01 -7.83462649076449992e-05 
 3.49989021575362670e-09  4.99524268265714388e-01 -1.95063011300525280e-01 -6.94587279566239715e-04 -3.67142398400953307e-01 -2.57645430337454184e-01  1.09496968063499151e-04  5.00000000000000000e-01  4.21726776856604035e-01 -7.82732231433959738e-05  1.90402542236702887e-01 -1.91374561511332225e-01 -3.81777103748035147e-04  5.00000000000000000e-01  4.21726776856604035e-01 -7.82732231433959738e-05 
 3.50000000000000032e-09 -6.00000000000000089e-01 -1.95047112653788407e-01  4.04952887346211681e-04 -3.66666666666667584e-01 -2.57657424607257324e-01  1.09009242059410249e-04  5.00000000000000000e-01  4.21735369551746730e-01 -7.82646304482532626e-05  1.89999999999999614e-01 -1.91332672795473141e-01 -3.81332672795472777e-04  5.00000000000000000e-01  4.21735369551746730e-01 -7.82646304482532626e-05 
 3.50003393557710718e-09 -5.99694579806038353e-01 -1.95060844133125355e-01  4.04633735672912996e-04 -3.66519612499204561e-01 -2.57661118783064580e-01  1.08858493716139999e-04  5.00000000000000000e-01  4.21738025417019657e-01 -7.82619745829803322e-05  1.89875569550607803e-01 -1.91319736712764643e-01 -3.81195306263372490e-04  5.00000000000000000e-01  4.21738025417019657e-01 -7.82619745829803322e-05 
 3.50010180673132089e-09 -5.99083739418114991e-01 -1.95088285431341851e-01  4.03995453986773125e-04 -3.66225504164278515e-01 -2.57668496903562139e-01  1.08557007260716399e-04  5.00000000000000000e-01  4.21743336967314975e-01 -7.82566630326850341e-05  1.89626708651824211e-01 -1.91293873870256398e-01 -3.80920582522080572e-04  5.00000000000000000e-01  4.21743336967314975e-01 -7.82566630326850341e-05 
 3.50023754903974831e-09 -5.97862058642268268e-01 -1.95143038073850777e-01  4.02719020568417471e-04 -3.65637287494426311e-01 -2.57683191762022201e-01  1.07954095732404104e-04  5.00000000000000000e-01  4.21753958986475996e-01 -7.82460410135239802e-05  1.89128986854256997e-01 -1.91242204118895864e-01 -3.80371190973152881e-04  5.00000000000000000e-01  4.21753958986475996e-01 -7.82460410135239802e-05 
 3.50050903365660314e-09 -5.95418697090574711e-01 -1.95252023631361404e-01  4.00166673459213286e-04 -3.64460854154722014e-01 -2.57712335990457841e-01  1.06748518164264197e-04  5.00000000000000000e-01  4.21775198699813225e-01 -7.82248013001867956e-05  1.88133543259122571e-01 -1.91139088312840905e-01 -3.79272631571963507e-04  5.00000000000000000e-01  4.21775198699813225e-01 -7.82248013001867956e-05 
 3.50105200289031282e-09 -5.90531973987187597e-01 -1.95467916541652242e-01  3.95064057445535346e-04 -3.62107987475313420e-01 -2.57769642826531586e-01  1.04338344648781888e-04  5.00000000000000000e-01  4.21817660832416452e-01 -7.81823391675835495e-05  1.86142656068853773e-01 -1.90933751183827022e-01 -3.77076407252680804e-04  5.00000000000000000e-01  4.21817660832416452e-01 -7.81823391675835495e-05 
 3.50213794135773218e-09 -5.80758527780413369e-01 -1.95891395182256567e-01  3.84867132598156793e-04 -3.57402254116496176e-01 -2.57880332678992297e-01  9.95219214375038649e-05  5.00000000000000000e-01  4.21902515968263225e-01 -7.80974840317367916e-05  1.82160881688316123e-01 -1.90526652431117188e-01 -3.72687534119433325e-04  5.00000000000000000e-01  4.21902515968263225e-01 -7.80974840317367916e-05 
 3.50430981829257048e-09 -5.61211635366868689e-01 -1.96705168800058283e-01  3.64506466566810370e-04 -3.47990787398863577e-01 -2.58086038387188133e-01  8.99047490116754080e-05  5.00000000000000000e-01  4.22071950097462179e-01 -7.79280499025378345e-05  1.74197332927243875e-01 -1.89726737554133745e-01 -3.63924070481377632e-04  5.00000000000000000e-01  4.22071950097462179e-01 -7.79280499025378345e-05 
 3.50865357216224708e-09 -5.22117850539779216e-01 -1.98200340955251159e-01  3.23917509584528067e-04 -3.29167853963598322e-01 -2.58434923657763715e-01  7.07329303058346461e-05  5.00000000000000000e-01  4.22409716778119670e-01 -7.75902832218803499e-05  1.58270235405096354e-01 -1.88183883549485453e-01 -3.46454118954581808e-04  5.00000000000000000e-01  4.22409716778119670e-01 -7.75902832218803499e-05 
 3.51734107990160069e-09 -4.43930280885596718e-01 -2.00664047533450074e-01  2.43266233352146645e-04 -2.91521987093065982e-01 -2.58883941733323297e-01  3.26380453597426901e-05  5.00000000000000000e-01  4.23080867649911929e-01 -7.69191323500880830e-05  1.26416040360798260e-01 -1.85324846446206642e-01 -3.11740886807004912e-04  5.00000000000000000e-01  4.23080867649911929e-01 -7.69191323500880830e-05 
 3.53471609538030792e-09 -2.87555141577231721e-01 -2.03507588585509519e-01  8.40475529917221735e-05 -2.16230253352001411e-01 -2.58797680155186338e-01 -4.25674268031849446e-05  5.00000000000000000e-01  4.24405828160414222e-01 -7.55941718395857550e-05  6.27076502722050955e-02 -1.80503694638190271e-01 -2.43211344910395369e-04  5.00000000000000000e-01  4.24405828160414222e-01 -7.55941718395857550e-05 
 3.56946612633772236e-09  2.51951370394983831e-02 -2.01037127029702778e-01 -2.26232264069201169e-04 -6.56467858698721596e-02 -2.54772016643486587e-01 -1.89125230773614468e-04  5.00000000000000000e-01  4.26987865041268511e-01 -7.30121349587314851e-05 -6.47091299049812330e-02 -1.74372491156581294e-01 -1.09663361251600083e-04  5.00000000000000000e-01  4.26987865041268511e-01 -7.30121349587314851e-05 
 3.60000000000000039e-09  2.99999999999999822e-01 -1.90100913655333242e-01 -4.90100913655333072e-04  6.66666666666659857e-02 -2.47094482054499520e-01 -3.13761148721165503e-04  5.00000000000000000e-01  4.29183684902793017e-01 -7.08163150972069741e-05 -1.76666666666667305e-01 -1.72757941803242915e-01  3.90872486342438768e-06  5.00000000000000000e-01  4.29183684902793017e-01 -7.08163150972069741e-05 
 3.60092168321552778e-09  2.96620494876399354e-01 -1.89652723791526479e-01 -4.86273218667925846e-04  7.06606272672847258e-02 -2.46801882187975330e-01 -3.17462509455260060e-04  5.00000000000000000e-01  4.29248895008743581e-01 -7.07511049912564393e-05 -1.80046171790266218e-01 -1.72764653056843076e-01  7.28151873342314606e-06  5.00000000000000000e-01  4.29248895008743581e-01 -7.07511049912564393e-05 
 3.60276504964658298e-09  2.89861484629196975e-01 -1.88763393411096020e-01 -4.78624878040293010e-04  7.86485484685238712e-02 -2.46209865773621195e-01 -3.24858414242145061e-04  5.00000000000000000e-01  4.29379195125214219e-01 -7.06208048747857691e-05 -1.86805182037470097e-01 -1.72784287133942505e-01  1.40208949035275886e-05  5.00000000000000000e-01  4.29379195125214219e-01 -7.06208048747857691e-05 
 3.60645178250869338e-09  2.76343464134792161e-01 -1.87026950909611717e-01 -4.63370415044403851e-04  9.46243908710022730e-02 -2.44985008112204916e-01 -3.39609398983207198e-04  5.00000000000000000e-01  4.29639076111408724e-01 -7.03609238885912792e-05 -2.00323202531874967e-01 -1.72860756132747845e-01  2.74624463991271245e-05  5.00000000000000000e-01  4.29639076111408724e-01 -7.03609238885912792e-05 
 3.61382524823291417e-09  2.49307423145982587e-01 -1.83722163565542357e-01 -4.33029586711524989e-04  1.26576075675958966e-01 -2.42372743245537203e-01 -3.68948818921496172e-04  5.00000000000000000e-01  4.30155974306463629e-01 -6.98440256935363869e-05 -2.27359243520684484e-01 -1.73161814279785747e-01  5.41974292408987349e-05  5.00000000000000000e-01  4.30155974306463629e-01 -6.98440256935363869e-05 
 3.62857217968135576e-09  1.95235341168363441e-01 -1.77778827562565300e-01 -3.73014168730928769e-04  1.90479445285872573e-01 -2.36503964240275838e-01 -4.26983409526148373e-04  5.00000000000000000e-01  4.31178420394266182e-01 -6.88215796057337938e-05 -2.81431325498303742e-01 -1.74350990347606177e-01  1.07080335150697544e-04  5.00000000000000000e-01  4.31178420394266182e-01 -6.88215796057337938e-05 
 3.65806604257823853e-09  8.70911772131265915e-02 -1.68508699329390332e-01 -2.55599876542516918e-04  3.18286184505697900e-01 -2.22236222290994517e-01 -5.40522406796692455e-04  5.00000000000000000e-01  4.33178736108787210e-01 -6.68212638912128124e-05 -3.89575489453539037e-01 -1.79034923995475825e-01  2.10540565458063213e-04  5.00000000000000000e-01  4.33178736108787210e-01 -6.68212638912128124e-05 
 3.69506604257823871e-09 -4.85754894535407877e-02 -1.61687528883892234e-01 -1.13112039430351437e-04  4.78619517839032005e-01 -1.99687871070430595e-01 -6.78307388909462640e-04  5.00000000000000000e-01  4.35606214522115398e-01 -6.43937854778846037e-05 -5.25242156120207859e-01 -1.89147672405178019e-01  3.36094483715029834e-04  5.00000000000000000e-01  4.35606214522115398e-01 -6.43937854778846037e-05 
 3.70000000000000046e-09 -6.66666666666670960e-02 -1.61175333022778977e-01 -9.45086663561118742e-05  2.99999999999996381e-01 -1.96788933459910914e-01 -4.96788933459907313e-04  5.00000000000000000e-01  4.35923148847655373e-01 -6.40768511523446107e-05 -5.43333333333334223e-01 -1.90846388131025030e-01  3.52486945202309216e-04  5.00000000000000000e-01  4.35923148847655373e-01 -6.40768511523446107e-05 
 3.70025966603156976e-09 -6.76187754490879533e-02 -1.61151045869295323e-01 -9.35322704202073567e-05  2.99047891217580797e-01 -1.96660214903177893e-01 -4.95708106120758643e-04  5.00000000000000000e-01  4.35939783109956625e-01 -6.40602168900433668e-05 -5.44285442115755025e-01 -1.90938140422621333e-01  3.53347301693133749e-04  5.00000000000000000e-01  4.35939783109956625e-01 -6.40602168900433668e-05 
 3.70077899809470796e-09 -6.95229930139279473e-02 -1.61102978504408162e-01 -9.15799854904802079e-05  2.97143673652740747e-01 -1.96403338952288953e-01 -4.93547012605029755e-04  5.00000000000000000e-01  4.35973042998096028e-01 -6.40269570019039516e-05 -5.46189659680593631e-01 -1.91122091700533903e-01  3.55067567980059721e-04  5.00000000000000000e-01  4.35973042998096028e-01 -6.40269570019039516e-05 
 3.70181766222098435e-09 -7.33314281436080462e-02 -1.61009883848307250e-01 -8.76784557046992056e-05  2.93335238523060593e-01 -1.95892952278302834e-01 -4.89228190801363396e-04  5.00000000000000000e-01  4.36039510982492939e-01 -6.39604890175070480e-05 -5.49998094810273619e-01 -1.91492673033504007e-01  3.58505421776769662e-04  5.00000000000000000e-01  4.36039510982492939e-01 -6.39604890175070480e-05 
 3.70389499047353714e-09 -8.09482984029682995e-02 -1.60835839059103425e-01 -7.98875406561351395e-05  2.85718368263700395e-01 -1.94885622382924451e-01 -4.80603990646624865e-04  5.00000000000000000e-01  4.36172240052452531e-01 -6.38277599475474606e-05 -5.57614965069633817e-01 -1.92244536910710029e-01  3.65370428158923741e-04  5.00000000000000000e-01  4.36172240052452531e-01 -6.38277599475474606e-05 
 3.70804964697864270e-09 -9.61820389216886951e-02 -1.60536201693376429e-01 -6.43541627716877308e-05  2.70484627744980000e-01 -1.92924597059684261e-01 -4.63409224804664272e-04  5.00000000000000000e-01  4.36436872741563231e-01 -6.35631272584367946e-05 -5.72848705588354323e-01 -1.93790958590958490e-01  3.79057746997395932e-04  5.00000000000000000e-01  4.36436872741563231e-01 -6.35631272584367946e-05 
 3.71635895998885384e-09 -1.26649519959129597e-01 -1.60129733465549706e-01 -3.34802135064201018e-05  2.40017146707539153e-01 -1.89215974729139924e-01 -4.29233121436679074e-04  5.00000000000000000e-01  4.36962853392926787e-01 -6.30371466070732151e-05 -6.03316186625795114e-01 -1.97053694431308102e-01  4.06262492194486998e-04  5.00000000000000000e-01  4.36962853392926787e-01 -6.30371466070732151e-05 
 3.73297758600927611e-09 -1.87584482034011180e-01 -1.60080078589257740e-01  2.75044034447534348e-05  1.79082184632657432e-01 -1.82643649191646829e-01 -3.61725833824304277e-04  5.00000000000000000e-01  4.38001811132719743e-01 -6.19981888672802798e-05 -6.64251148700676919e-01 -2.04251735749981261e-01  4.59999412950695664e-04  5.00000000000000000e-01  4.38001811132719743e-01 -6.19981888672802798e-05 
 3.76621483805012066e-09 -3.09454406183774622e-01 -1.62971508479358485e-01  1.46482897704416145e-04  5.72122604828940728e-02 -1.72809615307124881e-01 -2.30021875790018969e-04  5.00000000000000000e-01  4.40028775204314715e-01 -5.99712247956852933e-05 -7.86121072850440195e-01 -2.21283124587743185e-01  5.64837948262696989e-04  5.00000000000000000e-01  4.40028775204314715e-01 -5.99712247956852933e-05 
 3.77000000000000001e-09 -3.23333333333332140e-01 -1.63551139964012798e-01  1.59782193369319359e-04  4.33333333333364434e-02 -1.71966807331061483e-01 -2.15300140664397938e-04  5.00000000000000000e-01  4.40255347196656877e-01 -5.97446528033431499e-05 -7.99999999999997824e-01 -2.23443306371883837e-01  5.76556693628114026e-04  5.00000000000000000e-01  4.40255347196656877e-01 -5.97446528033431499e-05 
 3.77096319110940173e-09 -3.26865034067805094e-01 -1.63708291088289631e-01  1.63156742979515444e-04  3.98016325988634900e-02 -1.71763030128858629e-01 -2.11564662727722116e-04  5.00000000000000000e-01  4.40312837341075458e-01 -5.96871626589245237e-05 -7.95826171859261966e-01 -2.23994089949250158e-01  5.71832081910011850e-04  5.00000000000000000e-01  4.40312837341075458e-01 -5.96871626589245237e-05 
 3.77288957332820517e-09 -3.33928435536751111e-01 -1.64029087753844116e-01  1.69899347782907014e-04  3.27382311299175277e-02 -1.71362664758315353e-01 -2.04100895888232876e-04  5.00000000000000000e-01  4.40427706988489487e-01 -5.95722930115105405e-05 -7.87478515577780369e-01 -2.25086564453938043e-01  5.62391951123842422e-04  5.00000000000000000e-01  4.40427706988489487e-01 -5.95722930115105405e-05 
 3.77674233776581123e-09 -3.48055238474639927e-01 -1.64709572666906112e-01  1.83345665807733830e-04  1.86114281920286562e-02 -1.70604985287202443e-01 -1.89216413479231105e-04  5.00000000000000000e-01  4.40656783711145861e-01 -5.93432162888541271e-05 -7.70783203014820728e-01 -2.27217062456496144e-01  5.43566140558324521e-04  5.00000000000000000e-01  4.40656783711145861e-01 -5.93432162888541271e-05 
 3.78444786664102335e-09 -3.76308844350417782e-01 -1.66225362495737605e-01  2.10083481854680167e-04 -9.64217768374908690e-03 -1.69261005275819193e-01 -1.59618827592070112e-04  5.00000000000000000e-01  4.41112299582457845e-01 -5.88877004175421422e-05 -7.37392577888901557e-01 -2.31261299343067717e-01  5.06131278545833910e-04  5.00000000000000000e-01  4.41112299582457845e-01 -5.88877004175421422e-05 
 3.79985892439144841e-09 -4.32816056101976265e-01 -1.69870302925092947e-01  2.62945753176883380e-04 -6.61493894353076817e-02 -1.67252008639146188e-01 -1.01102619203838494e-04  5.00000000000000000e-01  4.42012881871549412e-01 -5.79871181284506102e-05 -6.70611327637059662e-01 -2.38491024001778018e-01  4.32120303635281716e-04  5.00000000000000000e-01  4.42012881871549412e-01 -5.79871181284506102e-05 
 3.83068103989229770e-09 -5.45830479605090457e-01 -1.79567081492707586e-01  3.66263398112382822e-04 -1.79163812938421707e-01 -1.65898345224896188e-01  1.32654677135255318e-05  5.00000000000000000e-01  4.43773041600828144e-01 -5.62269583991718597e-05 -5.37048827133379425e-01 -2.49580643732040197e-01  2.87468183401339179e-04  5.00000000000000000e-01  4.43773041600828144e-01 -5.62269583991718597e-05 
 3.86768103989229747e-09 -6.81497146271756171e-01 -1.95336918570264279e-01  4.86160227701491906e-04 -3.14830479605087477e-01 -1.68844497054777137e-01  1.45985982550310325e-04  5.00000000000000000e-01  4.45815650791568874e-01 -5.41843492084311418e-05 -3.76715493800047374e-01 -2.57111479391522679e-01  1.19604014408524655e-04  5.00000000000000000e-01  4.45815650791568874e-01 -5.41843492084311418e-05 
 3.90000000000000018e-09 -7.99999999999999378e-01 -2.12683740454215092e-01  5.87316259545784224e-04 -4.33333333333330906e-01 -1.75372074445603404e-01  2.57961258887727518e-04  5.00000000000000000e-01  4.47538984436437637e-01 -5.24610155635623862e-05 -2.36666666666669023e-01 -2.58688358979043964e-01 -2.20216923123749066e-05  5.00000000000000000e-01  4.47538984436437637e-01 -5.24610155635623862e-05 
 3.90150274102970547e-09 -7.93488122204611179e-01 -2.13555229406698382e-01  5.79932892797912873e-04 -4.38843383775583518e-01 -1.75767409506067979e-01  2.63075974269515525e-04  5.00000000000000000e-01  4.47617701465675422e-01 -5.23822985343245541e-05 -2.30154788871279381e-01 -2.58645544751215872e-01 -2.84907558799364895e-05  5.00000000000000000e-01  4.47617701465675422e-01 -5.23822985343245541e-05 
 3.90450822308911688e-09 -7.80464366613828342e-01 -2.15276050032019439e-01  5.65188316581808942e-04 -4.49863484660091961e-01 -1.76573428746564370e-01  2.73290055913527586e-04  5.00000000000000000e-01  4.47774899296520867e-01 -5.22251007034791204e-05 -2.17131033280496655e-01 -2.58540502814500694e-01 -4.14094695340040263e-05  5.00000000000000000e-01  4.47774899296520867e-01 -5.22251007034791204e-05 
 3.91051918720793970e-09 -7.54416855432262778e-01 -2.18585145967355315e-01  5.35831709464907463e-04 -4.71903686429109070e-01 -1.78277285985331296e-01  2.93626400443777757e-04  5.00000000000000000e-01  4.48087881839533519e-01 -5.19121181604664784e-05 -1.91083522098931091e-01 -2.58214287086920569e-01 -6.71307649879894746e-05  5.00000000000000000e-01  4.48087881839533519e-01 -5.19121181604664784e-05 
 3.92254111544558450e-09 -7.02321833069135315e-01 -2.24677116400118670e-01  4.77644716669016717e-04 -5.15984089967140069e-01 -1.82049532386390628e-01  3.33934557580749507e-04  5.00000000000000000e-01  4.48708236668107274e-01 -5.12917633318927244e-05 -1.38988499735803628e-01 -2.57100797682360160e-01 -1.18112297946556556e-04  5.00000000000000000e-01  4.48708236668107274e-01 -5.12917633318927244e-05 
 3.94658497192087411e-09 -5.98131788342880388e-01 -2.34787426747654515e-01  3.63344361595225804e-04 -6.04144897043201845e-01 -1.91030501293338983e-01  4.13114395749862909e-04  5.00000000000000000e-01  4.49926838520010086e-01 -5.00731614799898952e-05 -3.47984550095485901e-02 -2.53056971885327886e-01 -2.18258516875779302e-04  5.00000000000000000e-01  4.49926838520010086e-01 -5.00731614799898952e-05 
 3.98358497192087388e-09 -4.37798455009548060e-01 -2.45074687142702807e-01  1.92723767866845254e-04 -7.39811563709867670e-01 -2.08502338285070116e-01  5.31309225424797527e-04  5.00000000000000000e-01  4.51745892987128028e-01 -4.82541070128719956e-05  1.25534878323783738e-01 -2.42215801741910625e-01 -3.67750680065694372e-04  5.00000000000000000e-01  4.51745892987128028e-01 -4.82541070128719956e-05 
 4.00000000000000025e-09 -3.66666666666667140e-01 -2.47633437076265256e-01  1.19033229590401917e-04 -7.99999999999997824e-01 -2.17642771342342362e-01  5.82357228657655454e-04  5.00000000000000000e-01  4.52531537321770760e-01 -4.74684626782292257e-05  1.96666666666664547e-01 -2.35649243966166960e-01 -4.32315910632831521e-04  5.00000000000000000e-01  4.52531537321770760e-01 -4.74684626782292257e-05 
