 time                     v(src0)                  v(out0)                  i(V0)                    v(src1)                  v(out1)                  i(V1)                    v(src2)                  v(out2)                  i(V2)                    v(src3)                  v(out3)                  i(V3)                    v(src4)                  v(out4)                  i(V4)                   
 0.00000000000000000e+00 -6.00000000000000089e-01 -6.00000000000000089e-01  0.00000000000000000e+00 -6.00000000000000089e-01 -6.00000000000000089e-01  0.00000000000000000e+00 -6.00000000000000089e-01 -6.00000000000000089e-01  0.00000000000000000e+00 -6.00000000000000089e-01 -6.00000000000000089e-01  0.00000000000000000e+00 -6.00000000000000089e-01 -6.00000000000000089e-01  0.00000000000000000e+00 
 1.30000000000000003e-11 -4.83000000000000040e-01 -5.99167239929383588e-01 -1.16167239929383504e-04 -4.83000000000000040e-01 -5.99167239929383588e-01 -1.16167239929383504e-04 -6.00000000000000089e-01 -5.99999999999999645e-01  5.55653613398821022e-19 -6.00000000000000089e-01 -5.99999999999999645e-01  5.55653613398821022e-19 -6.00000000000000089e-01 -5.99999999999999645e-01  5.55653613398821022e-19 
 2.60000000000000007e-11 -3.66000000000000214e-01 -5.96687433730711203e-01 -2.30687433730711159e-04 -3.66000000000000214e-01 -5.96687433730711203e-01 -2.30687433730711159e-04 -6.00000000000000089e-01 -5.99999999999999201e-01  7.72494047895921909e-19 -6.00000000000000089e-01 -5.99999999999999201e-01  7.72494047895921909e-19 -6.00000000000000089e-01 -5.99999999999999201e-01  7.72494047895921909e-19 
 3.90000000000000010e-11 -2.49000000000000055e-01 -5.92574386619670213e-01 -3.43574386619670009e-04 -2.49000000000000055e-01 -5.92574386619670213e-01 -3.43574386619670009e-04 -6.00000000000000089e-01 -5.99999999999999201e-01  8.67361737988403547e-19 -6.00000000000000089e-01 -5.99999999999999201e-01  8.67361737988403547e-19 -6.00000000000000089e-01 -5.99999999999999201e-01  8.67361737988403547e-19 
 5.20000000000000014e-11 -1.32000000000000062e-01 -5.86892327677265513e-01 -4.54892327677265402e-04 -1.32000000000000062e-01 -5.86892327677265513e-01 -4.54892327677265402e-04 -6.00000000000000089e-01 -5.99999999999999201e-01  8.67361737988403547e-19 -6.00000000000000089e-01 -5.99999999999999201e-01  8.67361737988403547e-19 -6.00000000000000089e-01 -5.99999999999999201e-01  8.67361737988403547e-19 
 6.50000000000000082e-11 -1.50000000000000133e-02 -5.81210268734860924e-01 -5.66210268734860904e-04 -1.50000000000000133e-02 -5.81210268734860924e-01 -5.66210268734860904e-04 -6.00000000000000089e-01 -5.99999999999999201e-01  8.67361737988403547e-19 -6.00000000000000089e-01 -5.99999999999999201e-01  8.67361737988403547e-19 -6.00000000000000089e-01 -5.99999999999999201e-01  8.67361737988403547e-19 
 7.80000000000000150e-11  1.02000000000000091e-01 -5.72314012636858216e-01 -6.74314012636858108e-04  1.02000000000000091e-01 -5.72314012636858216e-01 -6.74314012636858108e-04 -6.00000000000000200e-01 -5.99999999999999201e-01  8.67361737988403547e-19 -6.00000000000000200e-01 -5.99999999999999201e-01  8.67361737988403547e-19 -6.00000000000000200e-01 -5.99999999999999201e-01  8.67361737988403547e-19 
 9.10000000000000218e-11  2.19000000000000195e-01 -5.62979456926728572e-01 -7.81979456926728579e-04  2.19000000000000195e-01 -5.62979456926728572e-01 -7.81979456926728579e-04 -6.00000000000000200e-01 -5.99999999999999201e-01  8.67361737988403547e-19 -6.00000000000000200e-01 -5.99999999999999201e-01  8.67361737988403547e-19 -6.00000000000000200e-01 -5.99999999999999201e-01  8.67361737988403547e-19 
 1.04000000000000029e-10  2.85333333333333883e-01 -5.53156106285744853e-01 -8.38489439619076807e-04  2.85333333333333883e-01 -5.53156106285744853e-01 -8.38489439619076807e-04 -5.99999999999998646e-01 -6.00000000000000977e-01  8.67361737988403547e-19 -5.99999999999998646e-01 -6.00000000000000977e-01  8.67361737988403547e-19 -5.99999999999998646e-01 -6.00000000000000977e-01  8.67361737988403547e-19 
 1.17000000000000035e-10  2.37666666666666859e-01 -5.42666638797393963e-01 -7.80333305464060104e-04  2.37666666666666859e-01 -5.42666638797393963e-01 -7.80333305464060104e-04 -5.99999999999999756e-01 -5.99999999999998646e-01  7.81229878865888156e-19 -5.99999999999999756e-01 -5.99999999999998646e-01  7.81229878865888156e-19 -5.99999999999999756e-01 -5.99999999999998646e-01  7.81229878865888156e-19 
 1.30000000000000042e-10  1.89999999999999836e-01 -5.33108610741114375e-01 -7.23108610741113691e-04  1.89999999999999836e-01 -5.33108610741114375e-01 -7.23108610741113691e-04 -6.00000000000000311e-01 -5.99999999999999312e-01  6.51496054783815465e-19 -6.00000000000000311e-01 -5.99999999999999312e-01  6.51496054783815465e-19 -6.00000000000000311e-01 -5.99999999999999312e-01  6.51496054783815465e-19 
 1.43000000000000049e-10  1.42333333333333090e-01 -5.23975195690016826e-01 -6.66308529023350088e-04  1.42333333333333090e-01 -5.23975195690016826e-01 -6.66308529023350088e-04 -5.99999999999999978e-01 -5.99999999999999645e-01  5.36041272024845255e-19 -5.99999999999999978e-01 -5.99999999999999645e-01  5.36041272024845255e-19 -5.99999999999999978e-01 -5.99999999999999645e-01  5.36041272024845255e-19 
 1.56000000000000056e-10  9.46666666666664547e-02 -5.16223814121614444e-01 -6.10890480788280933e-04  9.46666666666664547e-02 -5.16223814121614444e-01 -6.10890480788280933e-04 -5.99999999999999978e-01 -5.99999999999999645e-01  4.97947682180760017e-19 -5.99999999999999978e-01 -5.99999999999999645e-01  4.97947682180760017e-19 -5.99999999999999978e-01 -5.99999999999999645e-01  4.97947682180760017e-19 
 1.69000000000000063e-10  4.69999999999997087e-02 -5.08472432553212061e-01 -5.55472432553211887e-04  4.69999999999997087e-02 -5.08472432553212061e-01 -5.55472432553211887e-04 -5.99999999999999978e-01 -5.99999999999999756e-01  4.59854092336674681e-19 -5.99999999999999978e-01 -5.99999999999999756e-01  4.59854092336674681e-19 -5.99999999999999978e-01 -5.99999999999999756e-01  4.59854092336674681e-19 
 1.82000000000000069e-10 -6.66666666666926311e-04 -5.01351035136235801e-01 -5.00684368469568597e-04 -6.66666666666926311e-04 -5.01351035136235801e-01 -5.00684368469568597e-04 -6.00000000000000311e-01 -5.99999999999999423e-01  4.45601235495814297e-19 -6.00000000000000311e-01 -5.99999999999999423e-01  4.45601235495814297e-19 -6.00000000000000311e-01 -5.99999999999999423e-01  4.45601235495814297e-19 
 1.95000000000000076e-10 -4.83333333333336723e-02 -4.95612876724139284e-01 -4.47279543390805305e-04 -4.83333333333336723e-02 -4.95612876724139284e-01 -4.47279543390805305e-04 -6.00000000000000311e-01 -5.99999999999999423e-01  4.83694825339899536e-19 -6.00000000000000311e-01 -5.99999999999999423e-01  4.83694825339899536e-19 -6.00000000000000311e-01 -5.99999999999999423e-01  4.83694825339899536e-19 
 2.08000000000000083e-10 -9.60000000000004183e-02 -4.89874718312042712e-01 -3.93874718312042012e-04 -9.60000000000004183e-02 -4.89874718312042712e-01 -3.93874718312042012e-04 -6.00000000000000311e-01 -5.99999999999999312e-01  5.21788415183984871e-19 -6.00000000000000311e-01 -5.99999999999999312e-01  5.21788415183984871e-19 -6.00000000000000311e-01 -5.99999999999999312e-01  5.21788415183984871e-19 
 2.21000000000000090e-10 -1.43666666666667164e-01 -4.85042132939933146e-01 -3.41375466273266190e-04 -1.43666666666667164e-01 -4.85042132939933146e-01 -3.41375466273266190e-04 -5.99999999999999978e-01 -5.99999999999999978e-01  5.42101086242752217e-19 -5.99999999999999978e-01 -5.99999999999999978e-01  5.42101086242752217e-19 -5.99999999999999978e-01 -5.99999999999999978e-01  5.42101086242752217e-19 
 2.34000000000000071e-10 -1.91333333333333688e-01 -4.81244061447732796e-01 -2.89910728114399279e-04 -1.91333333333333688e-01 -4.81244061447732796e-01 -2.89910728114399279e-04 -5.99999999999999978e-01 -5.99999999999999978e-01  5.42101086242752217e-19 -5.99999999999999978e-01 -5.99999999999999978e-01  5.42101086242752217e-19 -5.99999999999999978e-01 -5.99999999999999978e-01  5.42101086242752217e-19 
 2.47000000000000078e-10 -2.39000000000000434e-01 -4.77445989955532391e-01 -2.38445989955532152e-04 -2.39000000000000434e-01 -4.77445989955532391e-01 -2.38445989955532152e-04 -5.99999999999999978e-01 -5.99999999999999978e-01  5.42101086242752217e-19 -5.99999999999999978e-01 -5.99999999999999978e-01  5.42101086242752217e-19 -5.99999999999999978e-01 -5.99999999999999978e-01  5.42101086242752217e-19 
 2.60000000000000084e-10 -2.86666666666666958e-01 -4.74808225840505971e-01 -1.88141559173839136e-04 -2.86666666666666958e-01 -4.74808225840505971e-01 -1.88141559173839136e-04 -5.99999999999999978e-01 -5.99999999999999312e-01  5.42101086242752217e-19 -5.99999999999999978e-01 -5.99999999999999312e-01  5.42101086242752217e-19 -5.99999999999999978e-01 -5.99999999999999312e-01  5.42101086242752217e-19 
 2.73000000000000091e-10 -3.34333333333333704e-01 -4.72879761920105390e-01 -1.38546428586772000e-04 -3.34333333333333704e-01 -4.72879761920105390e-01 -1.38546428586772000e-04 -5.99999999999999978e-01 -5.99999999999999312e-01  5.42101086242752217e-19 -5.99999999999999978e-01 -5.99999999999999312e-01  5.42101086242752217e-19 -5.99999999999999978e-01 -5.99999999999999312e-01  5.42101086242752217e-19 
 2.86000000000000098e-10 -3.82000000000000450e-01 -4.70951297999704754e-01 -8.89512979997046475e-05 -3.82000000000000450e-01 -4.70951297999704754e-01 -8.89512979997046475e-05 -5.99999999999999978e-01 -5.99999999999999312e-01  5.42101086242752217e-19 -5.99999999999999978e-01 -5.99999999999999312e-01  5.42101086242752217e-19 -5.99999999999999978e-01 -5.99999999999999312e-01  5.42101086242752217e-19 
 2.99000000000000105e-10 -4.29666666666667196e-01 -4.70418172747972207e-01 -4.07515060813047961e-05 -4.29666666666667196e-01 -4.70418172747972207e-01 -4.07515060813047961e-05 -5.99999999999999978e-01 -5.99999999999999312e-01  5.42101086242752217e-19 -5.99999999999999978e-01 -5.99999999999999312e-01  5.42101086242752217e-19 -5.99999999999999978e-01 -5.99999999999999312e-01  5.42101086242752217e-19 
 3.12000000000000112e-10 -4.77333333333333720e-01 -4.70291397420327106e-01  7.04193591300698168e-06 -4.77333333333333720e-01 -4.70291397420327106e-01  7.04193591300698168e-06 -5.99999999999999978e-01 -5.99999999999999312e-01  5.42101086242752217e-19 -5.99999999999999978e-01 -5.99999999999999312e-01  5.42101086242752217e-19 -5.99999999999999978e-01 -5.99999999999999312e-01  5.42101086242752217e-19 
 3.25000000000000118e-10 -5.25000000000000466e-01 -4.70164622092682005e-01  5.48353779073187594e-05 -5.25000000000000466e-01 -4.70164622092682005e-01  5.48353779073187594e-05 -5.99999999999999978e-01 -5.99999999999999312e-01  5.42101086242752217e-19 -5.99999999999999978e-01 -5.99999999999999312e-01  5.42101086242752217e-19 -5.99999999999999978e-01 -5.99999999999999312e-01  5.42101086242752217e-19 
 3.38000000000000125e-10 -5.72666666666667434e-01 -4.71649609043684803e-01  1.01017057622981811e-04 -5.72666666666667434e-01 -4.71649609043684803e-01  1.01017057622981811e-04 -5.99999999999999978e-01 -5.99999999999999978e-01  5.42101086242752217e-19 -5.99999999999999978e-01 -5.99999999999999978e-01  5.42101086242752217e-19 -5.99999999999999978e-01 -5.99999999999999978e-01  5.42101086242752217e-19 
 3.51000000000000132e-10 -6.20333333333334180e-01 -4.73259070685887129e-01  1.47074262647446186e-04 -6.20333333333334180e-01 -4.73259070685887129e-01  1.47074262647446186e-04 -5.99999999999999978e-01 -5.99999999999999978e-01  5.42101086242752217e-19 -5.99999999999999978e-01 -5.99999999999999978e-01  5.42101086242752217e-19 -5.99999999999999978e-01 -5.99999999999999978e-01  5.42101086242752217e-19 
 3.64000000000000139e-10 -6.68000000000000038e-01 -4.74951610547938330e-01  1.93048389452063832e-04 -6.68000000000000038e-01 -4.74951610547938330e-01  1.93048389452063832e-04 -6.00000000000001421e-01 -5.99999999999999423e-01  5.58483781653935520e-19 -6.00000000000001421e-01 -5.99999999999999423e-01  5.58483781653935520e-19 -6.00000000000001421e-01 -5.99999999999999423e-01  5.58483781653935520e-19 
 3.77000000000000146e-10 -7.15666666666666895e-01 -4.77771520860642562e-01  2.37895145806020589e-04 -7.15666666666666895e-01 -4.77771520860642562e-01  2.37895145806020589e-04 -5.36999999999998145e-01 -5.99704210399706894e-01 -6.27042103997087381e-05 -5.36999999999998145e-01 -5.99704210399706894e-01 -6.27042103997087381e-05 -5.36999999999998145e-01 -5.99704210399706894e-01 -6.27042103997087381e-05 
 3.90000000000000153e-10 -7.63333333333336861e-01 -4.81157300706844759e-01  2.82176032626490353e-04 -7.63333333333336861e-01 -4.81157300706844759e-01  2.82176032626490353e-04 -4.19999999999999041e-01 -5.98124961223314044e-01 -1.78124961223317512e-04 -4.19999999999999041e-01 -5.98124961223314044e-01 -1.78124961223317512e-04 -4.19999999999999041e-01 -5.98124961223314044e-01 -1.78124961223317512e-04 
 4.03000000000000159e-10 -7.87000000000000144e-01 -4.85043860220634060e-01  3.01956139779367911e-04 -7.87000000000000144e-01 -4.85043860220634060e-01  3.01956139779367911e-04 -3.02999999999996827e-01 -5.95093553463057146e-01 -2.92093553463049042e-04 -3.02999999999996827e-01 -5.95093553463057146e-01 -2.92093553463049042e-04 -3.02999999999996827e-01 -5.95093553463057146e-01 -2.92093553463049042e-04 
 4.16000000000000166e-10 -7.30666666666665465e-01 -4.88497537503909340e-01  2.42169129162755990e-04 -7.30666666666665465e-01 -4.88497537503909340e-01  2.42169129162755990e-04 -1.85999999999998611e-01 -5.90410097702079972e-01 -4.04410097702081681e-04 -1.85999999999998611e-01 -5.90410097702079972e-01 -4.04410097702081681e-04 -1.85999999999998611e-01 -5.90410097702079972e-01 -4.04410097702081681e-04 
 4.29000000000000173e-10 -6.74333333333332119e-01 -4.91120092508395389e-01  1.83213240824937245e-04 -6.74333333333332119e-01 -4.91120092508395389e-01  1.83213240824937245e-04 -6.89999999999977298e-02 -5.84165286368529046e-01 -5.15165286368531473e-04 -6.89999999999977298e-02 -5.84165286368529046e-01 -5.15165286368531473e-04 -6.89999999999977298e-02 -5.84165286368529046e-01 -5.15165286368531473e-04 
 4.42000000000000180e-10 -6.17999999999998773e-01 -4.93039306433484925e-01  1.24960693566514031e-04 -6.17999999999998773e-01 -4.93039306433484925e-01  1.24960693566514031e-04  4.80000000000022631e-02 -5.76599170647213222e-01 -6.24599170647215530e-04  4.80000000000022631e-02 -5.76599170647213222e-01 -6.24599170647215530e-04  4.80000000000022631e-02 -5.76599170647213222e-01 -6.24599170647215530e-04 
 4.55000000000000187e-10 -5.61666666666665426e-01 -4.94427942361736095e-01  6.72387243049296819e-05 -5.61666666666665426e-01 -4.94427942361736095e-01  6.72387243049296819e-05  1.65000000000001368e-01 -5.68036305189800972e-01 -7.33036305189804695e-04  1.65000000000001368e-01 -5.68036305189800972e-01 -7.33036305189804695e-04  1.65000000000001368e-01 -5.68036305189800972e-01 -7.33036305189804695e-04 
 4.68000000000000142e-10 -5.05333333333332302e-01 -4.95023394778074444e-01  1.03099385552578304e-05 -5.05333333333332302e-01 -4.95023394778074444e-01  1.03099385552578304e-05  2.82000000000001361e-01 -5.57983356349950554e-01 -8.39983356349953761e-04  2.82000000000001361e-01 -5.57983356349950554e-01 -8.39983356349953761e-04  2.82000000000001361e-01 -5.57983356349950554e-01 -8.39983356349953761e-04 
 4.81000000000000097e-10 -4.48999999999998511e-01 -4.94814454120910074e-01 -4.58144541209096375e-05 -4.48999999999998511e-01 -4.94814454120910074e-01 -4.58144541209096375e-05  2.59666666666666268e-01 -5.47347352385706643e-01 -8.07014019052377726e-04  2.59666666666666268e-01 -5.47347352385706643e-01 -8.07014019052377726e-04  2.59666666666666268e-01 -5.47347352385706643e-01 -8.07014019052377726e-04 
 4.94000000000000052e-10 -3.92666666666666941e-01 -4.93824584302249237e-01 -1.01157917635583128e-04 -3.92666666666666941e-01 -4.93824584302249237e-01 -1.01157917635583128e-04  2.11999999999999744e-01 -5.37267571565741120e-01 -7.49267571565740993e-04  2.11999999999999744e-01 -5.37267571565741120e-01 -7.49267571565740993e-04  2.11999999999999744e-01 -5.37267571565741120e-01 -7.49267571565740993e-04 
 5.07000000000000007e-10 -3.36333333333334039e-01 -4.92027903628732055e-01 -1.55694570295399071e-04 -3.36333333333334039e-01 -4.92027903628732055e-01 -1.55694570295399071e-04  1.64333333333333220e-01 -5.28029632902062285e-01 -6.92362966235395699e-04  1.64333333333333220e-01 -5.28029632902062285e-01 -6.92362966235395699e-04  1.64333333333333220e-01 -5.28029632902062285e-01 -6.92362966235395699e-04 
 5.19999999999999962e-10 -2.80000000000000249e-01 -4.89436542382641393e-01 -2.09436542382640230e-04 -2.80000000000000249e-01 -4.89436542382641393e-01 -2.09436542382640230e-04  1.16666666666666918e-01 -5.19620879421936355e-01 -6.36287546088603728e-04  1.16666666666666918e-01 -5.19620879421936355e-01 -6.36287546088603728e-04  1.16666666666666918e-01 -5.19620879421936355e-01 -6.36287546088603728e-04 
 5.32999999999999917e-10 -2.23666666666667346e-01 -4.86085925763548810e-01 -2.62419259096880733e-04 -2.23666666666667346e-01 -4.86085925763548810e-01 -2.62419259096880733e-04  6.90000000000003944e-02 -5.12004347782322400e-01 -5.81004347782323322e-04  6.90000000000003944e-02 -5.12004347782322400e-01 -5.81004347782323322e-04  6.90000000000003944e-02 -5.12004347782322400e-01 -5.81004347782323322e-04 
 5.45999999999999872e-10 -1.67333333333334000e-01 -4.82735309144456282e-01 -3.15401975811121669e-04 -1.67333333333334000e-01 -4.82735309144456282e-01 -3.15401975811121669e-04  2.13333333333340924e-02 -5.04387816142708223e-01 -5.25721149476042482e-04  2.13333333333340924e-02 -5.04387816142708223e-01 -5.25721149476042482e-04  2.13333333333340924e-02 -5.04387816142708223e-01 -5.25721149476042482e-04 
 5.58999999999999827e-10 -1.11000000000001098e-01 -4.78104261075842252e-01 -3.67104261075841109e-04 -1.11000000000001098e-01 -4.78104261075842252e-01 -3.67104261075841109e-04 -2.63333333333326536e-02 -4.98107311610258563e-01 -4.71773978276926464e-04 -2.63333333333326536e-02 -4.98107311610258563e-01 -4.71773978276926464e-04 -2.63333333333326536e-02 -4.98107311610258563e-01 -4.71773978276926464e-04 
 5.71999999999999783e-10 -5.46666666666677514e-02 -4.72828891861337974e-01 -4.18162225194669904e-04 -5.46666666666677514e-02 -4.72828891861337974e-01 -4.18162225194669904e-04 -7.39999999999993996e-02 -4.92499104307740632e-01 -4.18499104307741825e-04 -7.39999999999993996e-02 -4.92499104307740632e-01 -4.18499104307741825e-04 -7.39999999999993996e-02 -4.92499104307740632e-01 -4.18499104307741825e-04 
 5.84999999999999738e-10  1.66666666666515084e-03 -4.67553522646833697e-01 -4.69220189313499132e-04  1.66666666666515084e-03 -4.67553522646833697e-01 -4.69220189313499132e-04 -1.21666666666665702e-01 -4.86890897005222700e-01 -3.65224230338557620e-04 -1.21666666666665702e-01 -4.86890897005222700e-01 -3.65224230338557620e-04 -1.21666666666665702e-01 -4.86890897005222700e-01 -3.65224230338557620e-04 
 5.97999999999999693e-10  5.79999999999984972e-02 -4.60758878901538604e-01 -5.18758878901535775e-04  5.79999999999984972e-02 -4.60758878901538604e-01 -5.18758878901535775e-04 -1.69333333333332448e-01 -4.82867930331654704e-01 -3.13534596998321733e-04 -1.69333333333332448e-01 -4.82867930331654704e-01 -3.13534596998321733e-04 -1.69333333333332448e-01 -4.82867930331654704e-01 -3.13534596998321733e-04 
 6.10999999999999648e-10  1.14333333333331844e-01 -4.53628679375402855e-01 -5.67962012708733135e-04  1.14333333333331844e-01 -4.53628679375402855e-01 -5.67962012708733135e-04 -2.16999999999999194e-01 -4.79195089093800375e-01 -2.62195089093800703e-04 -2.16999999999999194e-01 -4.79195089093800375e-01 -2.62195089093800703e-04 -2.16999999999999194e-01 -4.79195089093800375e-01 -2.62195089093800703e-04 
 6.23999999999999603e-10  1.70666666666664746e-01 -4.46498479849267049e-01 -6.17165146515930062e-04  1.70666666666664746e-01 -4.46498479849267049e-01 -6.17165146515930062e-04 -2.64666666666665495e-01 -4.75522247855946045e-01 -2.10855581189280106e-04 -2.64666666666665495e-01 -4.75522247855946045e-01 -2.10855581189280106e-04 -2.64666666666665495e-01 -4.75522247855946045e-01 -2.10855581189280106e-04 
 6.36999999999999558e-10  2.26999999999998092e-01 -4.37629205871456373e-01 -6.64629205871454564e-04  2.26999999999998092e-01 -4.37629205871456373e-01 -6.64629205871454564e-04 -3.12333333333331353e-01 -4.73663990764459752e-01 -1.61330657431127660e-04 -3.12333333333331353e-01 -4.73663990764459752e-01 -1.61330657431127660e-04 -3.12333333333331353e-01 -4.73663990764459752e-01 -1.61330657431127660e-04 
 6.49999999999999513e-10  2.83333333333331439e-01 -4.28711558185412567e-01 -7.12044891518743813e-04  2.83333333333331439e-01 -4.28711558185412567e-01 -7.12044891518743813e-04 -3.59999999999997655e-01 -4.71856207742086253e-01 -1.11856207742087876e-04 -3.59999999999997655e-01 -4.71856207742086253e-01 -1.11856207742087876e-04 -3.59999999999997655e-01 -4.71856207742086253e-01 -1.11856207742087876e-04 
 6.62999999999999468e-10  3.39666666666664785e-01 -4.19575524758070695e-01 -7.59242191424732869e-04  3.39666666666664785e-01 -4.19575524758070695e-01 -7.59242191424732869e-04 -4.07666666666664845e-01 -4.70276292654620010e-01 -6.26096259879554105e-05 -4.07666666666664845e-01 -4.70276292654620010e-01 -6.26096259879554105e-05 -4.07666666666664845e-01 -4.70276292654620010e-01 -6.26096259879554105e-05 
 6.75999999999999423e-10  3.95999999999998131e-01 -4.08935363209533276e-01 -8.04935363209528321e-04  3.95999999999998131e-01 -4.08935363209533276e-01 -8.04935363209528321e-04 -4.55333333333331147e-01 -4.70265814137395821e-01 -1.49324808040650174e-05 -4.55333333333331147e-01 -4.70265814137395821e-01 -1.49324808040650174e-05 -4.55333333333331147e-01 -4.70265814137395821e-01 -1.49324808040650174e-05 
 6.88999999999999378e-10  4.52333333333331034e-01 -3.98295201660995857e-01 -8.50628534994324207e-04  4.52333333333331034e-01 -3.98295201660995857e-01 -8.50628534994324207e-04 -5.02999999999997449e-01 -4.70255335620171633e-01  3.27446643798258094e-05 -5.02999999999997449e-01 -4.70255335620171633e-01  3.27446643798258094e-05 -5.02999999999997449e-01 -4.70255335620171633e-01  3.27446643798258094e-05 
 7.01999999999999334e-10 -5.81999999999999851e-01 -3.89583037545267130e-01  1.92416962454741713e-04  2.92666666666685060e-01 -3.87810633235754931e-01 -6.80477299902480532e-04 -5.50666666666671745e-01 -4.70516430710030853e-01  8.01502359566615141e-05 -5.50666666666671745e-01 -4.70516430710030853e-01  8.01502359566615141e-05 -5.50666666666671745e-01 -4.70516430710030853e-01  8.01502359566615141e-05 
 7.14999999999999289e-10 -4.65000000000006075e-01 -3.91257624103243828e-01  7.37423758967632736e-05  2.45000000000000995e-01 -3.79355442609884352e-01 -6.24355442609892796e-04 -5.98333333333330941e-01 -4.71880981585330761e-01  1.26452351748002241e-04 -5.98333333333330941e-01 -4.71880981585330761e-01  1.26452351748002241e-04 -5.98333333333330941e-01 -4.71880981585330761e-01  1.26452351748002241e-04 
 7.27999999999999244e-10 -3.48000000000007859e-01 -3.91225587742193903e-01 -4.32255877421856838e-05  1.97333333333336469e-01 -3.71707323242397913e-01 -5.69040656575736312e-04 -6.45999999999998575e-01 -4.73911389021022811e-01  1.72088610978976108e-04 -6.45999999999998575e-01 -4.73911389021022811e-01  1.72088610978976108e-04 -6.45999999999998575e-01 -4.73911389021022811e-01  1.72088610978976108e-04 
 7.40999999999999199e-10 -2.31000000000007866e-01 -3.89345901934884497e-01 -1.58345901934878186e-04  1.49666666666670167e-01 -3.64932967344891224e-01 -5.14599634011560832e-04 -6.93666666666663989e-01 -4.76662675973414274e-01  2.17003990693249993e-04 -6.93666666666663989e-01 -4.76662675973414274e-01  2.17003990693249993e-04 -6.93666666666663989e-01 -4.76662675973414274e-01  2.17003990693249993e-04 
 7.53999999999999154e-10 -1.14000000000007873e-01 -3.86208996608560118e-01 -2.72208996608552974e-04  1.02000000000003865e-01 -3.58753157394228861e-01 -4.60753157394231706e-04 -7.41333333333330291e-01 -4.79904480107564146e-01  2.61428853225766696e-04 -7.41333333333330291e-01 -4.79904480107564146e-01  2.61428853225766696e-04 -7.41333333333330291e-01 -4.79904480107564146e-01  2.61428853225766696e-04 
 7.66999999999999109e-10  2.99999999999123190e-03 -3.83072091282235738e-01 -3.86072091282228629e-04  5.43333333333371193e-02 -3.52573347443566554e-01 -4.06906680776903014e-04 -7.88999999999996593e-01 -4.83146284241713908e-01  3.05853715758283400e-04 -7.88999999999996593e-01 -4.83146284241713908e-01  3.05853715758283400e-04 -7.88999999999996593e-01 -4.83146284241713908e-01  3.05853715758283400e-04 
 7.79999999999999064e-10  1.19999999999992113e-01 -3.77308633442538399e-01 -4.97308633442529457e-04  6.66666666667037333e-03 -3.47635648458717417e-01 -3.54302315125386638e-04 -7.56666666666669929e-01 -4.86954665195900915e-01  2.69712001470764993e-04 -7.56666666666669929e-01 -4.86954665195900915e-01  2.69712001470764993e-04 -7.56666666666669929e-01 -4.86954665195900915e-01  2.69712001470764993e-04 
 7.92999999999999019e-10  2.36999999999990330e-01 -3.70025510004680647e-01 -6.07025510004665855e-04 -4.09999999999959286e-02 -3.43416607598627466e-01 -3.02416607598633095e-04 -7.00333333333333030e-01 -4.90018025807616664e-01  2.10315307525718413e-04 -7.00333333333333030e-01 -4.90018025807616664e-01  2.10315307525718413e-04 -7.00333333333333030e-01 -4.90018025807616664e-01  2.10315307525718413e-04 
 8.05999999999998974e-10  2.78000000000003133e-01 -3.61829132232326489e-01 -6.39829132232326830e-04 -8.86666666666617864e-02 -3.39755757187998775e-01 -2.51089090521336000e-04 -6.44000000000002792e-01 -4.92442392197811829e-01  1.51557607802194506e-04 -6.44000000000002792e-01 -4.92442392197811829e-01  1.51557607802194506e-04 -6.44000000000002792e-01 -4.92442392197811829e-01  1.51557607802194506e-04 
 8.18999999999998930e-10  2.30333333333336387e-01 -3.53980508215357703e-01 -5.84313841548696547e-04 -1.36333333333328532e-01 -3.36918403917294496e-01 -2.00585070583966275e-04 -5.87666666666669446e-01 -4.93924051821211019e-01  9.37426148454609601e-05 -5.87666666666669446e-01 -4.93924051821211019e-01  9.37426148454609601e-05 -5.87666666666669446e-01 -4.93924051821211019e-01  9.37426148454609601e-05 
 8.31999999999998885e-10  1.82666666666671418e-01 -3.46843460326891784e-01 -5.29510126993561030e-04 -1.83999999999995723e-01 -3.34728394009808417e-01 -1.50728394009811903e-04 -5.31333333333337432e-01 -4.94664658513948918e-01  3.66686748193897211e-05 -5.31333333333337432e-01 -4.94664658513948918e-01  3.66686748193897211e-05 -5.31333333333337432e-01 -4.94664658513948918e-01  3.66686748193897211e-05 
 8.44999999999998840e-10  1.35000000000004672e-01 -3.40550369467674363e-01 -4.75550369467676870e-04 -2.31666666666662469e-01 -3.33306158567816813e-01 -1.01639491901153647e-04 -4.75000000000004086e-01 -4.94526347540925004e-01 -1.95263475409193990e-05 -4.75000000000004086e-01 -4.94526347540925004e-01 -1.95263475409193990e-05 -4.75000000000004086e-01 -4.94526347540925004e-01 -1.95263475409193990e-05 
 8.57999999999998795e-10  8.73333333333383699e-02 -3.34273470859128119e-01 -4.21606804192467544e-04 -2.79333333333328326e-01 -3.31898653729603865e-01 -5.25653203962746923e-05 -4.18666666666672960e-01 -4.94371173558683208e-01 -7.57045068920112266e-05 -4.18666666666672960e-01 -4.94371173558683208e-01 -7.57045068920112266e-05 -4.18666666666672960e-01 -4.94371173558683208e-01 -7.57045068920112266e-05 
 8.70999999999998750e-10  3.96666666666720680e-02 -3.29751864112842352e-01 -3.69418530779515222e-04 -3.26999999999995072e-01 -3.32087993546545335e-01 -5.08799354654969338e-06 -3.62333333333340057e-01 -4.92387995338259554e-01 -1.30054662004920607e-04 -3.62333333333340057e-01 -4.92387995338259554e-01 -1.30054662004920607e-04 -3.62333333333340057e-01 -4.92387995338259554e-01 -1.30054662004920607e-04 
 8.83999999999998705e-10 -7.99999999999467803e-03 -3.25230257366556585e-01 -3.17230257366563333e-04 -3.74666666666661374e-01 -3.32277333363486860e-01  4.23893333031753056e-05 -3.06000000000006711e-01 -4.90404817117835901e-01 -1.84404817117829987e-04 -3.06000000000006711e-01 -4.90404817117835901e-01 -1.84404817117829987e-04 -3.06000000000006711e-01 -4.90404817117835901e-01 -1.84404817117829987e-04 
 8.96999999999998660e-10 -5.56666666666614240e-02 -3.21017655731839491e-01 -2.65350989065178417e-04 -4.22333333333326788e-01 -3.32747784926816448e-01  8.95855484065104062e-05 -2.49666666666672032e-01 -4.88099833352867496e-01 -2.38433166686196664e-04 -2.49666666666672032e-01 -4.88099833352867496e-01 -2.38433166686196664e-04 -2.49666666666672032e-01 -4.88099833352867496e-01 -2.38433166686196664e-04 
 9.09999999999998615e-10 -1.03333333333328170e-01 -3.18391941097757147e-01 -2.15058607764429671e-04 -4.69999999999993534e-01 -3.34661877903738136e-01  1.35338122096255453e-04 -1.93333333333338686e-01 -4.84142226326182090e-01 -2.90808892992844206e-04 -1.93333333333338686e-01 -4.84142226326182090e-01 -2.90808892992844206e-04 -1.93333333333338686e-01 -4.84142226326182090e-01 -2.90808892992844206e-04 
 9.22999999999998570e-10 -1.50999999999994472e-01 -3.15766226463674915e-01 -1.64766226463680925e-04 -5.17666666666659836e-01 -3.36575970880659825e-01  1.81090695786000067e-04 -1.37000000000005784e-01 -4.80184619299496684e-01 -3.43184619299492181e-04 -1.37000000000005784e-01 -4.80184619299496684e-01 -3.43184619299492181e-04 -1.37000000000005784e-01 -4.80184619299496684e-01 -3.43184619299492181e-04 
 9.35999999999998629e-10 -1.98666666666661662e-01 -3.13719371157964333e-01 -1.15052704491303871e-04 -5.65333333333327914e-01 -3.39016670540192633e-01  2.26316662793135323e-04 -8.06666666666728815e-02 -4.75624173891157132e-01 -3.94957507224486404e-04 -8.06666666666728815e-02 -4.75624173891157132e-01 -3.94957507224486404e-04 -8.06666666666728815e-02 -4.75624173891157132e-01 -3.94957507224486404e-04 
 9.48999999999998687e-10 -2.46333333333328852e-01 -3.12920674794012310e-01 -6.65873414606847104e-05 -6.12999999999995104e-01 -3.42592859959451712e-01  2.70407140040543250e-04 -2.43333333333390911e-02 -4.69763864976061263e-01 -4.45430531642724333e-04 -2.43333333333390911e-02 -4.69763864976061263e-01 -4.45430531642724333e-04 -2.43333333333390911e-02 -4.69763864976061263e-01 -4.45430531642724333e-04 
 9.61999999999998746e-10 -2.93999999999995598e-01 -3.12121978430060343e-01 -1.81219784300659832e-05 -6.60666666666661850e-01 -3.46169049378710791e-01  3.14497617287951177e-04  3.19999999999938112e-02 -4.63903556060965394e-01 -4.95903556060962262e-04  3.19999999999938112e-02 -4.63903556060965394e-01 -4.95903556060962262e-04  3.19999999999938112e-02 -4.63903556060965394e-01 -4.95903556060962262e-04 
 9.74999999999998804e-10 -3.41666666666661900e-01 -3.12088329006845022e-01  2.95783376598160626e-05 -7.08333333333328152e-01 -3.50441226254259386e-01  3.57892107079069849e-04  8.83333333333276016e-02 -4.57246508392535556e-01 -5.45579841725862651e-04  8.83333333333276016e-02 -4.57246508392535556e-01 -5.45579841725862651e-04  8.83333333333276016e-02 -4.57246508392535556e-01 -5.45579841725862651e-04 
 9.87999999999998863e-10 -3.89333333333328646e-01 -3.12915044023318434e-01  7.64182893100095149e-05 -7.55999999999995342e-01 -3.55496103936743746e-01  4.00503896063252214e-04  1.44666666666661392e-01 -4.49693455976435397e-01 -5.94360122643096140e-04  1.44666666666661392e-01 -4.49693455976435397e-01 -5.94360122643096140e-04  1.44666666666661392e-01 -4.49693455976435397e-01 -5.94360122643096140e-04 
 1.00099999999999892e-09 -4.37000000000003386e-01 -3.13806898215849839e-01  1.23193101784145956e-04 -7.95666666666686950e-01 -3.60589767284636875e-01  4.35076899382011092e-04  2.00999999999996959e-01 -4.42072566015787372e-01 -6.43072566015809918e-04  2.00999999999996959e-01 -4.42072566015787372e-01 -6.43072566015809918e-04  2.00999999999996959e-01 -4.42072566015787372e-01 -6.43072566015809918e-04 
 1.01399999999999898e-09 -4.84666666666671020e-01 -3.15754276344229534e-01  1.68912390322431289e-04 -7.39333333333331844e-01 -3.65780336784665039e-01  3.73552996548670926e-04  2.57333333333329861e-01 -4.33352427394713580e-01 -6.90685760728039066e-04  2.57333333333329861e-01 -4.33352427394713580e-01 -6.90685760728039066e-04  2.57333333333329861e-01 -4.33352427394713580e-01 -6.90685760728039066e-04 
 1.02699999999999904e-09 -5.32333333333332437e-01 -3.18328271006289909e-01  2.14005062327039114e-04 -6.83000000000005159e-01 -3.70127675867865324e-01  3.12872324132141763e-04  3.13666666666661875e-01 -4.23979714860490908e-01 -7.37646381527157311e-04  3.13666666666661875e-01 -4.23979714860490908e-01 -7.37646381527157311e-04  3.13666666666661875e-01 -4.23979714860490908e-01 -7.37646381527157311e-04 
 1.03999999999999910e-09 -5.79999999999994742e-01 -3.21513330822864429e-01  2.58486669177133456e-04 -6.26666666666671368e-01 -3.73652711840194884e-01  2.53013954826475547e-04  3.69999999999997442e-01 -4.13970624002940601e-01 -7.83970624002934980e-04  3.69999999999997442e-01 -4.13970624002940601e-01 -7.83970624002934980e-04  3.69999999999997442e-01 -4.13970624002940601e-01 -7.83970624002934980e-04 
 1.05299999999999916e-09 -6.27666666666661932e-01 -3.25417276181058313e-01  3.02249390485606183e-04 -5.70333333333337578e-01 -3.76210352089081934e-01  1.94122981244254818e-04  4.26333333333331232e-01 -4.03212868011627923e-01 -8.29546201344955915e-04  4.26333333333331232e-01 -4.03212868011627923e-01 -8.29546201344955915e-04  4.26333333333331232e-01 -4.03212868011627923e-01 -8.29546201344955915e-04 
 1.06599999999999921e-09 -6.75333333333328678e-01 -3.29321221539252196e-01  3.46012111794079345e-04 -5.14000000000004675e-01 -3.78767992337968984e-01  1.35232007662034956e-04  4.82666666666664135e-01 -3.92455112020315355e-01 -8.75121778686976850e-04  4.82666666666664135e-01 -3.92455112020315355e-01 -8.75121778686976850e-04  4.82666666666664135e-01 -3.92455112020315355e-01 -8.75121778686976850e-04 
 1.07899999999999927e-09 -7.23000000000007415e-01 -3.33921753657345666e-01  3.89078246342654775e-04 -4.57666666666677990e-01 -3.80388244068764370e-01  7.72784225979107273e-05  5.00000000000000000e-01 -3.81160413910880291e-01 -8.81160413910859661e-04  2.66999999999998128e-01 -3.83145617937033611e-01 -6.50145617937044826e-04  5.00000000000000000e-01 -3.81160413910880291e-01 -8.81160413910859661e-04 
 1.09199999999999933e-09 -7.70666666666666167e-01 -3.39250970397272089e-01  4.31415696269392933e-04 -4.01333333333334430e-01 -3.81027913570415599e-01  2.03054197629231811e-05  5.00000000000000000e-01 -3.69778238934285519e-01 -8.69778238934290301e-04  2.19333333333335823e-01 -3.75050913587962387e-01 -5.94384246921294060e-04  5.00000000000000000e-01 -3.69778238934285519e-01 -8.69778238934290301e-04 
 1.10499999999999939e-09 -7.78333333333315558e-01 -3.45003928575447261e-01  4.33329404757884853e-04 -3.45000000000005969e-01 -3.80913842378456491e-01 -3.59138423784545815e-05  5.00000000000000000e-01 -3.58546647708501975e-01 -8.58546647708524147e-04  1.71666666666667744e-01 -3.67693920301591981e-01 -5.39360586968277815e-04  5.00000000000000000e-01 -3.58546647708501975e-01 -8.58546647708524147e-04 
 1.11799999999999945e-09 -7.22000000000001307e-01 -3.50158801574481260e-01  3.71841198425525502e-04 -2.88666666666671290e-01 -3.80015649074018746e-01 -9.13489824073470888e-05  5.00000000000000000e-01 -3.47471709891233105e-01 -8.47471709891232309e-04  1.24000000000002331e-01 -3.61104373382090449e-01 -4.85104373382090094e-04  5.00000000000000000e-01 -3.47471709891233105e-01 -8.47471709891232309e-04 
 1.13099999999999951e-09 -6.65666666666667517e-01 -3.54646349559081753e-01  3.11020317107591447e-04 -2.32333333333337499e-01 -3.78515824044947657e-01 -1.46182490711609277e-04  5.00000000000000000e-01 -3.36516967205347406e-01 -8.36516967205346560e-04  7.63333333333351405e-02 -3.55103663422953741e-01 -4.31436996756286335e-04  5.00000000000000000e-01 -3.36516967205347406e-01 -8.36516967205346560e-04 
 1.14399999999999957e-09 -6.09333333333336391e-01 -3.57754760445443187e-01  2.51578572887891337e-04 -1.76000000000003709e-01 -3.75772627925381297e-01 -1.99772627925379198e-04  5.00000000000000000e-01 -3.25810627563160704e-01 -8.25810627563160573e-04  2.86666666666679504e-02 -3.50319882065738109e-01 -3.78986548732407162e-04  5.00000000000000000e-01 -3.25810627563160704e-01 -8.25810627563160573e-04 
 1.15699999999999962e-09 -5.53000000000003489e-01 -3.60739680386285233e-01  1.92260319613715355e-04 -1.19666666666670807e-01 -3.72918097644918956e-01 -2.53251430978249960e-04  5.00000000000000000e-01 -3.15126530471604993e-01 -8.15126530471604904e-04 -1.89999999999992397e-02 -3.45645067151287233e-01 -3.26645067151290144e-04  5.00000000000000000e-01 -3.15126530471604993e-01 -8.15126530471604904e-04 
 1.16999999999999968e-09 -4.96666666666669698e-01 -3.63023669302781238e-01  1.33642997363888315e-04 -6.33333333333352400e-02 -3.69431637896954879e-01 -3.06098304563619424e-04  5.00000000000000000e-01 -3.04568681452189183e-01 -8.04568681452187077e-04 -6.66666666666655416e-02 -3.41588742604901074e-01 -2.74922075938235227e-04  5.00000000000000000e-01 -3.04568681452189183e-01 -8.04568681452187077e-04 
 1.18299999999999974e-09 -4.40333333333335908e-01 -3.63955813720709509e-01  7.63775196126262323e-05 -7.00000000000233769e-03 -3.64726412900411578e-01 -3.57726412900410094e-04  5.00000000000000000e-01 -2.94254319674527531e-01 -7.94254319674525555e-04 -1.14333333333332732e-01 -3.38725264105333157e-01 -2.24391930772000273e-04  5.00000000000000000e-01 -2.94254319674527531e-01 -7.94254319674525555e-04 
 1.19599999999999980e-09 -3.84000000000002117e-01 -3.64887958138637725e-01  1.91120418613641499e-05  4.93333333333314528e-02 -3.60021187903868334e-01 -4.09354521237199898e-04  5.00000000000000000e-01 -2.83939957896865991e-01 -7.83939957896863924e-04 -1.61999999999999922e-01 -3.35861785605765295e-01 -1.73861785605765318e-04  5.00000000000000000e-01 -2.83939957896865991e-01 -7.83939957896863924e-04 
 1.20899999999999986e-09 -3.27666666666668327e-01 -3.64789708945625679e-01 -3.71230422789581294e-05  1.05666666666665243e-01 -3.54387004046523679e-01 -4.60053670713187444e-04  5.00000000000000000e-01 -2.73811185289048131e-01 -7.73811185289051255e-04 -2.09666666666666224e-01 -3.33907510011398678e-01 -1.24240843344732010e-04  5.00000000000000000e-01 -2.73811185289048131e-01 -7.73811185289051255e-04 
 1.22199999999999992e-09 -2.71333333333334537e-01 -3.63641516911127116e-01 -9.23081835777928711e-05  1.61999999999999034e-01 -3.47806236577264505e-01 -5.09806236577261922e-04  5.00000000000000000e-01 -2.63871522957408566e-01 -7.63871522957411701e-04 -2.57333333333332526e-01 -3.32879687251792233e-01 -7.55463539184580285e-05  5.00000000000000000e-01 -2.63871522957408566e-01 -7.63871522957411701e-04 
 1.23499999999999997e-09 -2.15000000000000746e-01 -3.62493324876628609e-01 -1.47493324876628480e-04  2.18333333333332824e-01 -3.41225469108005219e-01 -5.59558802441336399e-04  5.00000000000000000e-01 -2.53931860625769001e-01 -7.53931860625772256e-04 -3.04999999999999716e-01 -3.31851864492185789e-01 -2.68518644921849139e-05  5.00000000000000000e-01 -2.53931860625769001e-01 -7.53931860625772256e-04 
 1.24800000000000003e-09 -1.58666666666667844e-01 -3.60043746358620631e-01 -2.01377079691954404e-04  2.74666666666665726e-01 -3.33471427180956015e-01 -6.08138093847622636e-04  5.00000000000000000e-01 -2.44226597299091130e-01 -7.44226597299089705e-04 -3.52666666666667794e-01 -3.31972364430848044e-01  2.06943022358178907e-05  5.00000000000000000e-01 -2.44226597299091130e-01 -7.44226597299089705e-04 
 1.26100000000000009e-09 -1.02333333333334053e-01 -3.56890792195445727e-01 -2.54557458862113110e-04  3.30999999999999517e-01 -3.25083251820709296e-01 -6.56083251820709264e-04  5.00000000000000000e-01 -2.34648022357015429e-01 -7.34648022357013882e-04 -4.00333333333334096e-01 -3.32713511832038955e-01  6.76198215012937393e-05  5.00000000000000000e-01 -2.34648022357015429e-01 -7.34648022357013882e-04 
 1.27400000000000015e-09 -4.60000000000002629e-02 -3.53737838032270768e-01 -3.07737838032271817e-04  3.87333333333333307e-01 -3.16695076460462577e-01 -7.04028409793795891e-04  5.00000000000000000e-01 -2.25069447414939616e-01 -7.25069447414938058e-04 -4.48000000000001286e-01 -3.33454659233229922e-01  1.14545340766769588e-04  5.00000000000000000e-01 -2.25069447414939616e-01 -7.25069447414938058e-04 
 1.28700000000000021e-09  1.03333333333335275e-02 -3.49309355355783946e-01 -3.59642688689118181e-04  4.43666666666667986e-01 -3.07156939083693126e-01 -7.50823605750363353e-04  5.00000000000000000e-01 -2.15720614073924177e-01 -7.15720614073925483e-04 -4.95666666666666700e-01 -3.35321312671782168e-01  1.60345353994883859e-04  5.00000000000000000e-01 -2.15720614073924177e-01 -7.15720614073925483e-04 
 1.30000000000000027e-09  6.66666666666717589e-02 -3.44567934856964575e-01 -4.11234601523630290e-04  5.00000000000000000e-01 -2.97336670335174857e-01 -7.97336670335102582e-04  5.00000000000000000e-01 -2.06428145475512470e-01 -7.06428145475563284e-04 -5.43333333333289481e-01 -3.37464097458801016e-01  2.05869235874566424e-04  5.00000000000000000e-01 -2.06428145475512470e-01 -7.06428145475563284e-04 
 1.31300000000000033e-09  1.23000000000001997e-01 -3.38856916002018727e-01 -4.61856916002026038e-04  2.52333333333330856e-01 -2.89968078426615095e-01 -5.42301411759947560e-04  5.00000000000000000e-01 -1.97310315919969170e-01 -6.97310315919974456e-04 -5.91000000000006409e-01 -3.40462440386759158e-01  2.50537559613247564e-04  5.00000000000000000e-01 -1.97310315919969170e-01 -6.97310315919974456e-04 
 1.32600000000000038e-09  1.79333333333334899e-01 -3.32453415051818912e-01 -5.11786748385150911e-04  2.04666666666667219e-01 -2.83352334971652464e-01 -4.88019001638317212e-04  5.00000000000000000e-01 -1.88317212659142919e-01 -6.88317212659146399e-04 -6.38666666666672711e-01 -3.44071818482390324e-01  2.94594848184277606e-04  5.00000000000000000e-01 -1.88317212659142919e-01 -6.88317212659146399e-04 
 1.33900000000000044e-09  2.35666666666668689e-01 -3.25338071037520549e-01 -5.61004737704186296e-04  1.57000000000000028e-01 -2.77510488710075998e-01 -4.34510488710073209e-04  5.00000000000000000e-01 -1.79452322890639504e-01 -6.79452322890643137e-04 -6.86333333333339901e-01 -3.48309315556104004e-01  3.38024017777230346e-04  5.00000000000000000e-01 -1.79452322890639504e-01 -6.79452322890643137e-04 
 1.35200000000000050e-09  2.92000000000002480e-01 -3.17824161802698790e-01 -6.09824161802705912e-04  1.09333333333332838e-01 -2.72101952149891579e-01 -3.81435285483223280e-04  5.00000000000000000e-01 -1.70659220628987196e-01 -6.70659220628986533e-04 -7.33999999999999098e-01 -3.52898500230131473e-01  3.81101499769873064e-04  5.00000000000000000e-01 -1.70659220628987196e-01 -6.70659220628986533e-04 
 1.36500000000000056e-09  3.48333333333336270e-01 -3.09573415586149370e-01 -6.57906748919490428e-04  6.16666666666656482e-02 -2.67494485517765335e-01 -3.29161152184429678e-04  5.00000000000000000e-01 -1.61998833634878658e-01 -6.61998833634877938e-04 -7.81666666666666288e-01 -3.58137858116934216e-01  4.23528808549737852e-04  5.00000000000000000e-01 -1.61998833634878658e-01 -6.61998833634877938e-04 
 1.37800000000000062e-09  4.04666666666662955e-01 -3.00848266939014675e-01 -7.05514933605680579e-04  1.39999999999984581e-02 -2.63402776821739903e-01 -2.77402776821740991e-04  5.00000000000000000e-01 -1.53423893553805146e-01 -6.53423893553807967e-04 -7.65333333333325427e-01 -3.63488275359790336e-01  4.01845057973542266e-04  5.00000000000000000e-01 -1.53423893553805146e-01 -6.53423893553807967e-04 
 1.39100000000000068e-09  4.60999999999991417e-01 -2.91373717655102116e-01 -7.52373717655109575e-04 -3.36666666666687320e-02 -2.60125796931505282e-01 -2.26459130264838882e-04  5.00000000000000000e-01 -1.44983931640864316e-01 -6.44983931640859308e-04 -7.08999999999999631e-01 -3.68316962068703790e-01  3.40683037931298338e-04  5.00000000000000000e-01 -1.44983931640864316e-01 -6.44983931640859308e-04 
 1.40400000000000074e-09 -5.63999999999959201e-01 -2.86661807492886500e-01  2.77338192507107714e-04 -8.13333333333385866e-02 -2.57499274471747475e-01 -1.76165941138409221e-04  5.00000000000000000e-01 -1.36651732644595847e-01 -6.36651732644592252e-04 -6.52666666666660511e-01 -3.72364721359004780e-01  2.80301945307652629e-04  5.00000000000000000e-01 -1.36651732644595847e-01 -6.36651732644592252e-04 
 1.41700000000000079e-09 -4.46999999999992070e-01 -2.89421044327397514e-01  1.57578955672595111e-04 -1.29000000000003112e-01 -2.55559611085120930e-01 -1.26559611085122654e-04  5.00000000000000000e-01 -1.28433327316609058e-01 -6.28433327316611171e-04 -5.96333333333329385e-01 -3.75587850077373109e-01  2.20745483255966983e-04  5.00000000000000000e-01 -1.28433327316609058e-01 -6.28433327316611171e-04 
 1.43000000000000085e-09 -3.29999999999994742e-01 -2.90363178478822426e-01  3.96368215211714142e-05 -1.76666666666670302e-01 -2.54372622797475856e-01 -7.77059561308081695e-05  5.00000000000000000e-01 -1.20339619563240352e-01 -6.20339619563235593e-04 -5.40000000000000924e-01 -3.77907330694339960e-01  1.62092669305653400e-04  5.00000000000000000e-01 -1.20339619563240352e-01 -6.20339619563235593e-04 
 1.44300000000000091e-09 -2.12999999999992085e-01 -2.89855815030286568e-01 -7.68558150302939280e-05 -2.24333333333335716e-01 -2.53786041278073637e-01 -2.94527079447376786e-05  5.00000000000000000e-01 -1.12345382707594088e-01 -6.12345382707594815e-04 -4.83666666666663581e-01 -3.79505973811950059e-01  1.04160692854712682e-04  5.00000000000000000e-01 -1.12345382707594088e-01 -6.12345382707594815e-04 
 1.45600000000000097e-09 -9.59999999999912035e-02 -2.87279781298712733e-01 -1.91279781298720961e-04 -2.72000000000002906e-01 -2.54056338472531951e-01  1.79436615274711220e-05  5.00000000000000000e-01 -1.04493107101246374e-01 -6.04493107101247143e-04 -4.27333333333329790e-01 -3.80075863854089702e-01  4.72574694792395403e-05  5.00000000000000000e-01 -1.04493107101246374e-01 -6.04493107101247143e-04 
 1.46900000000000103e-09  2.10000000000096776e-02 -2.84703747567138898e-01 -3.05703747567146258e-04 -3.19666666666669208e-01 -2.54326635666990264e-01  6.53400309996790551e-05  5.00000000000000000e-01 -9.66408314948987712e-02 -5.96640831494899470e-04 -3.70999999999996888e-01 -3.80645753896229344e-01 -9.64575389623360119e-06  5.00000000000000000e-01 -9.66408314948987712e-02 -5.96640831494899470e-04 
 1.48200000000000109e-09  1.38000000000007006e-01 -2.80325058230443069e-01 -4.18325058230452351e-04 -3.67333333333333734e-01 -2.55343623732930347e-01  1.11989709600404316e-04  5.00000000000000000e-01 -8.89122620411730846e-02 -5.88912262041174487e-04 -3.14666666666664874e-01 -3.80319180392205636e-01 -6.56525137255415184e-05  5.00000000000000000e-01 -8.89122620411730846e-02 -5.88912262041174487e-04 
 1.49500000000000114e-09  2.55000000000006111e-01 -2.74261082579037918e-01 -5.29261082579047387e-04 -4.15000000000000924e-01 -2.57058686297102490e-01  1.57941313702898711e-04  5.00000000000000000e-01 -8.12993443433704943e-02 -5.81299344343371924e-04 -2.58333333333331083e-01 -3.79154511279847561e-01 -1.20821177946517019e-04  5.00000000000000000e-01 -8.12993443433704943e-02 -5.81299344343371924e-04 
 1.50800000000000120e-09  2.70666666666661726e-01 -2.67506823765538915e-01 -5.38173490432207295e-04 -4.62666666666661897e-01 -2.59249648752992001e-01  2.03417017913680963e-04  5.00000000000000000e-01 -7.37652701762524510e-02 -5.73765270176237237e-04 -2.01999999999997293e-01 -3.77418485370666190e-01 -1.75418485370663034e-04  5.00000000000000000e-01 -7.37652701762524510e-02 -5.73765270176237237e-04 
 1.52100000000000126e-09  2.22999999999995424e-01 -2.60853411082481501e-01 -4.83853411082479055e-04 -5.10333333333336192e-01 -2.62176446911090710e-01  2.48156886422248348e-04  5.00000000000000000e-01 -6.63531037585889383e-02 -5.66353103758589953e-04 -1.45666666666661726e-01 -3.74799028435078563e-01 -2.29132361768419855e-04  5.00000000000000000e-01 -6.63531037585889383e-02 -5.66353103758589953e-04 
 1.53400000000000132e-09  1.75333333333329122e-01 -2.55154657145654329e-01 -4.30487990478984651e-04 -5.58000000000003382e-01 -2.65889534546082384e-01  2.92110465453923607e-04  5.00000000000000000e-01 -5.90712038939913420e-02 -5.59071203893992254e-04 -8.93333333333279356e-02 -3.71235566584358856e-01 -2.81902233251033613e-04  5.00000000000000000e-01 -5.90712038939913420e-02 -5.59071203893992254e-04 
 1.54700000000000138e-09  1.27666666666661932e-01 -2.49905418526840728e-01 -3.77572085193502056e-04 -6.05666666666675013e-01 -2.69972858315874642e-01  3.35693808350795778e-04  5.00000000000000000e-01 -5.18506419800057738e-02 -5.51850641980003876e-04 -3.29999999999950333e-02 -3.67227605930997680e-01 -3.34227605930998393e-04  5.00000000000000000e-01 -5.18506419800057738e-02 -5.51850641980003876e-04 
 1.56000000000000144e-09  7.99999999999947420e-02 -2.45760659185054464e-01 -3.25760659185049019e-04 -6.53333333333342203e-01 -2.74965868857413420e-01  3.78367464475923981e-04  5.00000000000000000e-01 -4.47807901589397650e-02 -5.44780790158937872e-04  2.33333333333387571e-02 -3.62127491803623247e-01 -3.85460825136957688e-04  5.00000000000000000e-01 -4.47807901589397650e-02 -5.44780790158937872e-04 
 1.57300000000000150e-09  3.23333333333284401e-02 -2.41615899843268256e-01 -2.73949233176595981e-04 -7.01000000000008505e-01 -2.79958879398952198e-01  4.21041120601051318e-04  5.00000000000000000e-01 -3.77109383378737562e-02 -5.37710938337871867e-04  7.96666666666716594e-02 -3.57027377676248925e-01 -4.36694044342916983e-04  5.00000000000000000e-01 -3.77109383378737562e-02 -5.37710938337871867e-04 
 1.58600000000000155e-09 -1.53333333333387500e-02 -2.38116324389275991e-01 -2.22782991055937331e-04 -7.48666666666666814e-01 -2.85483285377488571e-01  4.63183381289182343e-04  5.00000000000000000e-01 -3.07291241339018306e-02 -5.30729124133904619e-04  1.36000000000007226e-01 -3.51289279804784416e-01 -4.87289279804790573e-04  5.00000000000000000e-01 -3.07291241339018306e-02 -5.30729124133904619e-04 
 1.59900000000000161e-09 -6.30000000000059401e-02 -2.35427598713494557e-01 -1.72427598713488679e-04 -7.96333333333334004e-01 -2.91675534866041808e-01  5.04657798467296123e-04  5.00000000000000000e-01 -2.38579532420859497e-02 -5.23857953242088748e-04  1.92333333333341017e-01 -3.44749381102295027e-01 -5.37082714435634274e-04  5.00000000000000000e-01 -2.38579532420859497e-02 -5.23857953242088748e-04 
 1.61200000000000167e-09 -1.10666666666674018e-01 -2.33517408140994115e-01 -1.22850741474321047e-04 -7.47999999999994003e-01 -2.97843008988658620e-01  4.50156991011337396e-04  5.00000000000000000e-01 -1.70930162110560779e-02 -5.17093016211050234e-04  2.48666666666671254e-01 -3.37439635617370670e-01 -5.86106302284039246e-04  5.00000000000000000e-01 -1.70930162110560779e-02 -5.17093016211050234e-04 
 1.62500000000000173e-09 -1.58333333333339432e-01 -2.32357745177306008e-01 -7.40244118439649726e-05 -6.91666666666651331e-01 -3.03142926068247553e-01  3.88523740598415053e-04  5.00000000000000000e-01 -1.04304913194073201e-02 -5.10430491319407119e-04  3.05000000000005045e-01 -3.29387738285556786e-01 -6.34387738285557834e-04  5.00000000000000000e-01 -1.04304913194073201e-02 -5.10430491319407119e-04 
 1.63800000000000179e-09 -2.06000000000005734e-01 -2.31567198395509016e-01 -2.55671983955011936e-05 -6.35333333333317540e-01 -3.07976909496005535e-01  3.27356423837323746e-04  5.00000000000000000e-01 -3.81833363267403136e-03 -5.03818333632673849e-04  3.61333333333337947e-01 -3.20970844046373216e-01 -6.82304177379707173e-04  5.00000000000000000e-01 -3.81833363267403136e-03 -5.03818333632673849e-04 
 1.65100000000000185e-09 -2.53666666666672924e-01 -2.31957657110726523e-01  2.17090095559471438e-05 -5.78999999999993520e-01 -3.11320115138750908e-01  2.67679884861240537e-04  5.00000000000000000e-01  2.63267168850978006e-03 -4.97367328311487775e-04  4.17666666666673514e-01 -3.11386124132935649e-01 -7.29052790799613291e-04  5.00000000000000000e-01  2.63267168850978006e-03 -4.97367328311487775e-04 
 1.66400000000000191e-09 -3.01333333333340114e-01 -2.32392748922779835e-01  6.89405844105607166e-05 -5.22666666666660618e-01 -3.14606980629477895e-01  2.08059686037180211e-04  5.00000000000000000e-01  9.07758666620650523e-03 -4.90922413333790995e-04  4.74000000000007304e-01 -3.01757269220525703e-01 -7.75757269220536672e-04  5.00000000000000000e-01  9.07758666620650523e-03 -4.90922413333790995e-04 
 1.67700000000000196e-09 -3.49000000000000199e-01 -2.33329060651823600e-01  1.15670939348183448e-04 -4.66333333333321498e-01 -3.17261158533617915e-01  1.49072174799711257e-04  5.00000000000000000e-01  1.54541084183952293e-02 -4.84545891581601479e-04  2.74333333333330209e-01 -2.93251614924931681e-01 -5.67584948258250885e-04  5.00000000000000000e-01  1.54541084183952293e-02 -4.84545891581601479e-04 
 1.69000000000000202e-09 -3.96666666666672718e-01 -2.35193524025045175e-01  1.61473142641631665e-04 -4.09999999999992149e-01 -3.18743734903506160e-01  9.12562650964869257e-05  5.00000000000000000e-01  2.17039806050857154e-02 -4.78296019394913318e-04  2.26666666666663019e-01 -2.86303162860144678e-01 -5.12969829526801688e-04  5.00000000000000000e-01  2.17039806050857154e-02 -4.78296019394913318e-04 
 1.70300000000000208e-09 -4.44333333333339908e-01 -2.37755979508102538e-01  2.06577353825238529e-04 -3.53666666666657470e-01 -3.19345239056464558e-01  3.43214276101932655e-05  5.00000000000000000e-01  2.78586093065261720e-02 -4.72141390693474024e-04  1.78999999999994053e-01 -2.80187005296733238e-01 -4.59187005296722919e-04  5.00000000000000000e-01  2.78586093065261720e-02 -4.72141390693474024e-04 
 1.71600000000000214e-09 -4.92000000000006210e-01 -2.40695628930388011e-01  2.51304371069619413e-04 -2.97333333333323679e-01 -3.19470613041816398e-01 -2.21372797084918096e-05  5.00000000000000000e-01  3.39617685645718925e-02 -4.66038231435428330e-04  1.31333333333326863e-01 -2.74520618493124702e-01 -4.05853951826446943e-04  5.00000000000000000e-01  3.39617685645718925e-02 -4.66038231435428330e-04 
 1.72900000000000220e-09 -5.39666666666676065e-01 -2.44400113421806509e-01  2.95266553244868946e-04 -2.40999999999992554e-01 -3.18630539251403611e-01 -7.76305392514104256e-05  5.00000000000000000e-01  3.99605633798121307e-02 -4.60039436620189634e-04  8.36666666666605607e-02 -2.69766230569634557e-01 -3.53432897236296423e-04  5.00000000000000000e-01  3.99605633798121307e-02 -4.60039436620189634e-04 
 1.74200000000000226e-09 -5.87333333333343255e-01 -2.48730466899073688e-01  3.38602866434268429e-04 -1.84666666666659651e-01 -3.17000433930408887e-01 -1.32333767263749166e-04  5.00000000000000000e-01  4.58739561644534444e-02 -4.54126043835548373e-04  3.59999999999933706e-02 -2.65758136634526632e-01 -3.01758136634521466e-04  5.00000000000000000e-01  4.58739561644534444e-02 -4.54126043835548373e-04 
 1.75500000000000231e-09 -6.35000000000009557e-01 -2.53060820376340867e-01  3.81939179623668780e-04 -1.28333333333325861e-01 -3.15370328609414163e-01 -1.87036995276087907e-04  5.00000000000000000e-01  5.17873489490947581e-02 -4.48212651050907004e-04 -1.16666666666738195e-02 -2.61750042699418706e-01 -2.50083376032746510e-04  5.00000000000000000e-01  5.17873489490947581e-02 -4.48212651050907004e-04 
 1.76800000000000237e-09 -6.82666666666671418e-01 -2.58499192962105329e-01  4.24167473704569094e-04 -7.19999999999920703e-02 -3.12341575884585387e-01 -2.40341575884593303e-04  5.00000000000000000e-01  5.75495486183273952e-02 -4.42450451381673406e-04 -5.93333333333410096e-02 -2.59063164575255633e-01 -1.99729831241913028e-04  5.00000000000000000e-01  5.75495486183273952e-02 -4.42450451381673406e-04 
 1.78100000000000243e-09 -7.30333333333337720e-01 -2.64403865131574545e-01  4.65929468201766762e-04 -1.56666666666582799e-02 -3.08724215348611220e-01 -2.93057548681952516e-04  5.00000000000000000e-01  6.32481200646951569e-02 -4.36751879935305697e-04 -1.07000000000008200e-01 -2.56932307893231293e-01 -1.49932307893221525e-04  5.00000000000000000e-01  6.32481200646951569e-02 -4.36751879935305697e-04 
 1.79400000000000249e-09 -7.78000000000004910e-01 -2.70308537301043761e-01  5.07691462698964431e-04  4.06666666666755106e-02 -3.05106854812637107e-01 -3.45773521479311730e-04  5.00000000000000000e-01  6.89466915110628076e-02 -4.31053308488937989e-04 -1.54666666666675390e-01 -2.54801451211207008e-01 -1.00134784544530890e-04  5.00000000000000000e-01  6.89466915110628076e-02 -4.31053308488937989e-04 
 1.80700000000000255e-09 -7.69666666666646293e-01 -2.76849070890325066e-01  4.92817595776330608e-04  9.70000000000075246e-02 -3.00385055083819186e-01 -3.97385055083817815e-04  5.00000000000000000e-01  7.45258736089164930e-02 -4.25474126391074919e-04 -2.02333333333340804e-01 -2.53713890015817289e-01 -5.13805566824728638e-05  5.00000000000000000e-01  7.45258736089164930e-02 -4.25474126391074919e-04 
 1.82000000000000261e-09 -7.13333333333327602e-01 -2.82814766632223824e-01  4.30518566701086625e-04  1.53333333333345756e-01 -2.94859448203106500e-01 -4.48192781536453644e-04  5.00000000000000000e-01  8.00181645380962925e-02 -4.19981835461907490e-04 -2.50000000000011546e-01 -2.53385635787360564e-01 -3.38563578735056464e-06  5.00000000000000000e-01  8.00181645380962925e-02 -4.19981835461907490e-04 
 1.83300000000000267e-09 -6.56999999999990258e-01 -2.87736194155180369e-01  3.69263805844816106e-04  2.09666666666676882e-01 -2.88482192511827273e-01 -4.98148859178506459e-04  5.00000000000000000e-01  8.54183926381789638e-02 -4.14581607361822640e-04 -2.97666666666675184e-01 -2.53861881585730753e-01  4.38047850809461514e-05  5.00000000000000000e-01  8.54183926381789638e-02 -4.14581607361822640e-04 
 1.84600000000000272e-09 -6.00666666666657356e-01 -2.92447010365940119e-01  3.08219656300722303e-04  2.66000000000010672e-01 -2.81933173598930664e-01 -5.47933173598942960e-04  5.00000000000000000e-01  9.08000532161565843e-02 -4.09199946783844965e-04 -3.45333333333341486e-01 -2.54500381490112781e-01  9.08329518432308622e-05  5.00000000000000000e-01  9.08000532161565843e-02 -4.09199946783844965e-04 
 1.85900000000000278e-09 -5.44333333333325342e-01 -2.95394687329922967e-01  2.48938646003398975e-04  3.22333333333341798e-01 -2.73946233455516719e-01 -5.96279566788859676e-04  5.00000000000000000e-01  9.60262751968441464e-02 -4.03973724803154198e-04 -3.93000000000008676e-01 -2.56497196763642743e-01  1.36502803236365593e-04  5.00000000000000000e-01  9.60262751968441464e-02 -4.03973724803154198e-04 
 1.87200000000000263e-09 -4.87999999999992440e-01 -2.98278142449886874e-01  1.89721857550102443e-04  3.78666666666674701e-01 -2.65906917441533830e-01 -6.44573584108209564e-04  5.00000000000000000e-01  1.01246835370974564e-01 -3.98753164629023910e-04 -4.40666666666674978e-01 -2.58543488286954226e-01  1.82123178379720897e-04  5.00000000000000000e-01  1.01246835370974564e-01 -3.98753164629023910e-04 
 1.88500000000000249e-09 -4.31666666666661314e-01 -3.00974960683689452e-01  1.30691705982965284e-04  4.16344264219432603e-01 -2.57868436565756198e-01 -6.74212700785190716e-04  5.00000000000000000e-01  1.06450941611679117e-01 -3.93549058388324431e-04 -4.88333333333338615e-01 -2.60733564115103178e-01  2.27599769218243993e-04  5.00000000000000000e-01  1.06450941611679117e-01 -3.93549058388324431e-04 
 1.89800000000000234e-09 -3.75333333333328412e-01 -3.02286095528035148e-01  7.30472378052873100e-05  3.15512568562573037e-01 -2.49836156163897316e-01 -5.65348724726470048e-04  5.00000000000000000e-01  1.11532885815131766e-01 -3.88467114184871823e-04 -5.36000000000004029e-01 -2.63991164841306802e-01  2.72008835158705879e-04  5.00000000000000000e-01  1.11532885815131766e-01 -3.88467114184871823e-04 
 1.91100000000000219e-09 -3.18999999999995509e-01 -3.02894947336998399e-01  1.61050526629909208e-05  2.59666666666661605e-01 -2.42852260482939397e-01 -5.02518927149597089e-04  5.00000000000000000e-01  1.16552916650073612e-01 -3.83447083349917331e-04 -5.83666666666674772e-01 -2.67789801587319520e-01  3.15876865079358499e-04  5.00000000000000000e-01  1.16552916650073612e-01 -3.83447083349917331e-04 
 1.92400000000000204e-09 -2.62666666666655502e-01 -3.02650818578679814e-01 -3.99841519120175404e-05  2.11999999999993527e-01 -2.36754214805216301e-01 -4.48754214805212673e-04  5.00000000000000000e-01  1.21497748601471334e-01 -3.78502251398529777e-04 -6.31333333333343738e-01 -2.72245571124326735e-01  3.59087762209011306e-04  5.00000000000000000e-01  1.21497748601471334e-01 -3.78502251398529777e-04 
 1.93700000000000189e-09 -2.06333333333326152e-01 -3.01534057492751473e-01 -9.52007241594270137e-05  1.64333333333328113e-01 -2.31492637150731984e-01 -3.95825970484062727e-04  5.00000000000000000e-01  1.26365649167441085e-01 -3.73634350832559368e-04 -6.79000000000008264e-01 -2.77373613089255566e-01  4.01626386910749512e-04  5.00000000000000000e-01  1.26365649167441085e-01 -3.73634350832559368e-04 
 1.95000000000000174e-09 -1.49999999999993250e-01 -2.99846869554970086e-01 -1.49846869554976989e-04  1.16666666666662699e-01 -2.26777846276982276e-01 -3.43444512943645933e-04  5.00000000000000000e-01  1.31183260824087267e-01 -3.68816739175913187e-04 -7.26666666666674566e-01 -2.82941109601675067e-01  4.43725557064996411e-04  5.00000000000000000e-01  1.31183260824087267e-01 -3.68816739175913187e-04 
 1.96300000000000160e-09 -9.36666666666621239e-02 -2.97959980587461981e-01 -2.04293313920800301e-04  6.89999999999963975e-02 -2.22254480268315624e-01 -2.91254480268306366e-04  5.00000000000000000e-01  1.35983266810619452e-01 -3.64016733189382572e-04 -7.74333333333337315e-01 -2.88662454982478001e-01  4.85670878350860473e-04  5.00000000000000000e-01  1.35983266810619452e-01 -3.64016733189382572e-04 
 1.97600000000000145e-09 -3.73333333333292217e-02 -2.94972819541100550e-01 -2.57639486207781980e-04  2.13333333333292074e-02 -2.18785788011360227e-01 -2.40119121344685611e-04  5.00000000000000000e-01  1.40686272660106804e-01 -3.59313727339882869e-04 -7.73999999999992028e-01 -2.95052596586962923e-01  4.78947403413041220e-04  5.00000000000000000e-01  1.40686272660106804e-01 -3.59313727339882869e-04 
 1.98900000000000130e-09  1.90000000000036806e-02 -2.91253905892157050e-01 -3.10253905892160682e-04 -2.63333333333370945e-02 -2.16018522499241916e-01 -1.89685189165907098e-04  5.00000000000000000e-01  1.45324767100010743e-01 -3.54675232899990785e-04 -7.17666666666659125e-01 -3.00842515838163127e-01  4.16824150828495193e-04  5.00000000000000000e-01  1.45324767100010743e-01 -3.54675232899990785e-04 
 2.00200000000000115e-09  7.53333333333383592e-02 -2.86670517921211010e-01 -3.62003851254551721e-04 -7.40000000000042846e-02 -2.14079905095136691e-01 -1.40079905095132073e-04  5.00000000000000000e-01  1.49887049365371894e-01 -3.50112950634625026e-04 -6.61333333333329776e-01 -3.05611727135549960e-01  3.55721606197782758e-04  5.00000000000000000e-01  1.49887049365371894e-01 -3.50112950634625026e-04 
 2.01500000000000100e-09  1.31666666666669485e-01 -2.81805432761295993e-01 -4.13472099427966526e-04 -1.21666666666670586e-01 -2.12411310567059419e-01 -9.07446439003915806e-05  5.00000000000000000e-01  1.54424497168006880e-01 -3.45575502831993258e-04 -6.04999999999996874e-01 -3.10048331027429958e-01  2.94951668972569941e-04  5.00000000000000000e-01  1.54424497168006880e-01 -3.45575502831993258e-04 
 2.02800000000000086e-09  1.88000000000002387e-01 -2.75559879398898366e-01 -4.63559879398900594e-04 -1.69333333333336000e-01 -2.12065973809695857e-01 -4.27326404763613693e-05  5.00000000000000000e-01  1.58840242704985646e-01 -3.41159757295014408e-04 -5.48666666666663971e-01 -3.12854979189644611e-01  2.35811687477022192e-04  5.00000000000000000e-01  1.58840242704985646e-01 -3.41159757295014408e-04 
 2.04100000000000071e-09  2.44333333333335290e-01 -2.69314326036500851e-01 -5.13647659369836397e-04 -2.17000000000002302e-01 -2.11720637052332294e-01  5.27936294766797459e-06  5.00000000000000000e-01  1.63255988241964523e-01 -3.36744011758035558e-04 -4.92333333333331069e-01 -3.15661627351859209e-01  1.76671705981474442e-04  5.00000000000000000e-01  1.63255988241964523e-01 -3.36744011758035558e-04 
 2.05400000000000056e-09  3.00666666666666416e-01 -2.62631766026007574e-01 -5.63298432692675363e-04 -2.64666666666669492e-01 -2.11794196175297517e-01  5.28724704913696372e-05  5.00000000000000000e-01  1.67633207213041091e-01 -3.32366792786957022e-04 -4.36000000000001720e-01 -3.17952290076172317e-01  1.18047709923827654e-04  5.00000000000000000e-01  1.67633207213041091e-01 -3.32366792786957022e-04 
 2.06700000000000041e-09  3.56999999999999318e-01 -2.54566627136929124e-01 -6.11566627136929213e-04 -3.12333333333334906e-01 -2.13193036272807862e-01  9.91402970605256492e-05  5.00000000000000000e-01  1.71888537840969136e-01 -3.28111462159028891e-04 -3.79666666666668817e-01 -3.18610504939088712e-01  6.10561617275778151e-05  5.00000000000000000e-01  1.71888537840969136e-01 -3.28111462159028891e-04 
 2.08000000000000026e-09  4.13333333333332220e-01 -2.46501488247850675e-01 -6.59834821581183929e-04 -3.60000000000001208e-01 -2.14591876370318235e-01  1.45408123629681661e-04  5.00000000000000000e-01  1.76143868468897180e-01 -3.23856131531100868e-04 -3.23333333333335915e-01 -3.19268719802005219e-01  4.06461353132797631e-06  5.00000000000000000e-01  1.76143868468897180e-01 -3.23856131531100868e-04 
 2.09300000000000011e-09  4.69666666666674004e-01 -2.38015362899149707e-01 -7.07682029565801472e-04 -4.07666666666674615e-01 -2.16394256080731290e-01  1.91272410585927380e-04  5.00000000000000000e-01  1.80362084872930817e-01 -3.19637915127064733e-04 -2.66999999999997684e-01 -3.19429864692032939e-01 -5.24298646920363931e-05  5.00000000000000000e-01  1.80362084872930817e-01 -3.19637915127064733e-04 
 2.10599999999999997e-09 -5.46000000000010033e-01 -2.37571769177607695e-01  3.08428230822391930e-04 -4.55333333333326706e-01 -2.19157311839352109e-01  2.36176021493982209e-04  5.00000000000000000e-01  1.84491946268424523e-01 -3.15508053731572186e-04 -2.10666666666687874e-01 -3.18407672923303520e-01 -1.07741006256609553e-04  5.00000000000000000e-01  1.84491946268424523e-01 -3.15508053731572186e-04 
 2.11899999999999982e-09 -4.29000000000002046e-01 -2.40601890418543407e-01  1.88398109581454365e-04 -5.02999999999998337e-01 -2.22588561113793382e-01  2.80411438886205532e-04  5.00000000000000000e-01  1.88560352770885675e-01 -3.11439647229121478e-04 -1.54333333333333655e-01 -3.16562417142547903e-01 -1.62229083809207683e-04  5.00000000000000000e-01  1.88560352770885675e-01 -3.11439647229121478e-04 
 2.13199999999999967e-09 -3.12000000000008271e-01 -2.42091385052293384e-01  6.99086149477147478e-05 -5.50666666666662863e-01 -2.26587586712297173e-01  3.24079079954368333e-04  5.00000000000000000e-01  1.92576539920043865e-01 -3.07423460079953221e-04 -9.80000000000043059e-02 -3.14017788727797065e-01 -2.16017788727793786e-04  5.00000000000000000e-01  1.92576539920043865e-01 -3.07423460079953221e-04 
 2.14499999999999952e-09 -1.95000000000007390e-01 -2.41742265503282816e-01 -4.67422655032745382e-05 -5.98333333333329165e-01 -2.31264207775644715e-01  3.67069125557686893e-04  5.00000000000000000e-01  1.96530407462933376e-01 -3.03469592537063690e-04 -4.16666666666714036e-02 -3.10638515216107303e-01 -2.68971848549435372e-04  5.00000000000000000e-01  1.96530407462933376e-01 -3.03469592537063690e-04 
 2.15799999999999937e-09 -7.80000000000100613e-02 -2.41127941109161470e-01 -1.63127941109154906e-04 -6.45999999999998131e-01 -2.36038566364343172e-01  4.09961433635649443e-04  5.00000000000000000e-01  2.00475285919541668e-01 -2.99524714080458081e-04  1.46666666666632750e-02 -3.07138851072311092e-01 -3.21805517738978086e-04  5.00000000000000000e-01  2.00475285919541668e-01 -2.99524714080458081e-04 
 2.17099999999999922e-09  3.89999999999908198e-02 -2.37022344948461861e-01 -2.76022344948455983e-04 -6.93666666666663545e-01 -2.42099584186806327e-01  4.51567082479852749e-04  5.00000000000000000e-01  2.04301828140126207e-01 -2.95698171859873501e-04  7.09999999999961773e-02 -3.02054312358636223e-01 -3.73054312358634885e-04  5.00000000000000000e-01  2.04301828140126207e-01 -2.95698171859873501e-04 
 2.18399999999999908e-09  1.55999999999988148e-01 -2.32916748787762251e-01 -3.88916748787753591e-04 -7.41333333333330735e-01 -2.48160602009269260e-01  4.93172731324055189e-04  5.00000000000000000e-01  2.08128370360710746e-01 -2.91871629639289028e-04  1.27333333333329080e-01 -2.96969773644961466e-01 -4.24303106978293418e-04  5.00000000000000000e-01  2.08128370360710746e-01 -2.91871629639289028e-04 
 2.19699999999999893e-09  2.72999999999996135e-01 -2.28269017458526680e-01 -5.01269017458543659e-04 -7.88999999999996149e-01 -2.54421416142998513e-01  5.34578583856986159e-04  5.00000000000000000e-01  2.11936536975064482e-01 -2.88063463024954502e-04  1.83666666666658429e-01 -2.91639130846721439e-01 -4.75305797513382242e-04  5.00000000000000000e-01  2.11936536975064482e-01 -2.88063463024954502e-04 
 2.20999999999999878e-09  2.63333333333342523e-01 -2.21735087660703378e-01 -4.85068420994046873e-04 -7.56666666666696131e-01 -2.61187809710250241e-01  4.95478856956449096e-04  5.00000000000000000e-01  2.15656345981654340e-01 -2.84343654018338020e-04  2.39999999999996660e-01 -2.85125116578611726e-01 -5.25125116578602225e-04  5.00000000000000000e-01  2.15656345981654340e-01 -2.84343654018338020e-04 
 2.22299999999999863e-09  2.15666666666672668e-01 -2.15831771999838273e-01 -4.31498438666518686e-04 -7.00333333333352570e-01 -2.67160808123749982e-01  4.33172525209588391e-04  5.00000000000000000e-01  2.19325242045369351e-01 -2.80674757954622639e-04  2.96333333333322457e-01 -2.77929226401852469e-01 -5.74262559735164331e-04  5.00000000000000000e-01  2.19325242045369351e-01 -2.80674757954622639e-04 
 2.23599999999999848e-09  1.68000000000006366e-01 -2.10847919277050155e-01 -3.78847919277058853e-04 -6.44000000000003681e-01 -2.72064394893655526e-01  3.71935605106349029e-04  5.00000000000000000e-01  2.22931166015246374e-01 -2.77068833984753867e-04  3.52666666666660689e-01 -2.69889952376693554e-01 -6.22556619043352841e-04  5.00000000000000000e-01  2.22931166015246374e-01 -2.77068833984753867e-04 
 2.24899999999999833e-09  1.20333333333341841e-01 -2.06167598233480520e-01 -3.26500931566824082e-04 -5.87666666666670778e-01 -2.76614949150212341e-01  3.11051717516459131e-04  5.00000000000000000e-01  2.26516301735157632e-01 -2.73483698264842577e-04  4.08999999999993591e-01 -2.61572261783418636e-01 -6.70572261783410409e-04  5.00000000000000000e-01  2.26516301735157632e-01 -2.73483698264842577e-04 
 2.26199999999999819e-09  7.26666666666755390e-02 -2.02071064085976082e-01 -2.74737730752646486e-04 -5.31333333333341429e-01 -2.80486510836019831e-01  2.50846822497326205e-04  5.00000000000000000e-01  2.30061455111378155e-01 -2.69938544888625813e-04  4.65333333333333599e-01 -2.52719088552775029e-01 -7.18052421886100113e-04  5.00000000000000000e-01  2.30061455111378155e-01 -2.69938544888625813e-04 
 2.27499999999999804e-09  2.50000000000092371e-02 -1.98762647171380258e-01 -2.23762647171388274e-04 -4.75000000000015632e-01 -2.83441426825184972e-01  1.91558573174816296e-04  5.00000000000000000e-01  2.33552631986419346e-01 -2.66447368013573885e-04  2.81666666666684051e-01 -2.44529384957201890e-01 -5.26196051623881861e-04  5.00000000000000000e-01  2.33552631986419346e-01 -2.66447368013573885e-04 
 2.28799999999999789e-09 -2.26666666666570649e-02 -1.96194336529543656e-01 -1.73527669862887091e-04 -4.18666666666664966e-01 -2.85535537845712728e-01  1.33131128820962452e-04  5.00000000000000000e-01  2.36993120530577583e-01 -2.63006879469423051e-04  2.34000000000007091e-01 -2.38055917844355536e-01 -4.72055917844362016e-04  5.00000000000000000e-01  2.36993120530577583e-01 -2.63006879469423051e-04 
 2.30099999999999774e-09 -7.03333333333251431e-02 -1.94410867073537830e-01 -1.24077533740215434e-04 -3.62333333333346275e-01 -2.86716813484021060e-01  7.56165198493221474e-05  5.00000000000000000e-01  2.40379856943166992e-01 -2.59620143056830390e-04  1.86333333333344342e-01 -2.32428303742143294e-01 -4.18761637075493187e-04  5.00000000000000000e-01  2.40379856943166992e-01 -2.59620143056830390e-04 
 2.31399999999999759e-09 -1.17999999999991445e-01 -1.93273664080909180e-01 -7.52736640809194280e-05 -3.06000000000013372e-01 -2.87146427633669488e-01  1.88535723663445232e-05  5.00000000000000000e-01  2.43722331917164747e-01 -2.56277668082835540e-04  1.38666666666678040e-01 -2.27497195434487320e-01 -3.66163862101165707e-04  5.00000000000000000e-01  2.43722331917164747e-01 -2.56277668082835540e-04 
 2.32699999999999744e-09 -1.65666666666655971e-01 -1.92914930437803445e-01 -2.72482637711478348e-05 -2.49666666666680470e-01 -2.86670617375114456e-01 -3.70039507084345826e-05  5.00000000000000000e-01  2.47011491153350082e-01 -2.52988508846650143e-04  9.10000000000117382e-02 -2.23405072968658192e-01 -3.14405072968669541e-04  5.00000000000000000e-01  2.47011491153350082e-01 -2.52988508846650143e-04 
 2.33999999999999730e-09 -2.13333333333322273e-01 -1.92556196794697709e-01  2.07771365386237583e-05 -1.93333333333347568e-01 -2.86194807116559424e-01 -9.28614737832119536e-05  5.00000000000000000e-01  2.50300650389535417e-01 -2.49699349610464855e-04  4.33333333333472126e-02 -2.19312950502829063e-01 -2.62646283836175110e-04  5.00000000000000000e-01  2.50300650389535417e-01 -2.49699349610464855e-04 
 2.35299999999999715e-09 -2.60999999999988574e-01 -1.93216592225792794e-01  6.77834077741946983e-05 -1.37000000000014666e-01 -2.84533665233253852e-01 -1.47533665233240061e-04  5.00000000000000000e-01  2.53520011606639728e-01 -2.46479988393361808e-04 -4.33333333332264203e-03 -2.16319181960339002e-01 -2.11985848627018955e-04  5.00000000000000000e-01  2.53520011606639728e-01 -2.46479988393361808e-04 
 2.36599999999999700e-09 -3.08666666666654876e-01 -1.94602522118731802e-01  1.14064144547922769e-04 -8.06666666666817633e-02 -2.82028666605757428e-01 -2.01361999939076580e-04  5.00000000000000000e-01  2.56689682485693238e-01 -2.43310317514308302e-04 -5.19999999999889440e-02 -2.14107349330447394e-01 -1.62107349330462003e-04  5.00000000000000000e-01  2.56689682485693238e-01 -2.43310317514308302e-04 
 2.37899999999999685e-09 -3.56333333333321178e-01 -1.95988452011670755e-01  1.60344881321649105e-04 -2.43333333333488611e-02 -2.79523667978261003e-01 -2.55190334644913100e-04  5.00000000000000000e-01  2.59859353364746637e-01 -2.40140646635254905e-04 -9.96666666666552459e-02 -2.11895516700555731e-01 -1.12228850033903316e-04  5.00000000000000000e-01  2.59859353364746637e-01 -2.40140646635254905e-04 
 2.39199999999999670e-09 -4.03999999999987480e-01 -1.98615147128242853e-01  2.05384852871744877e-04  3.19999999999822649e-02 -2.75575556505011421e-01 -3.07575556504995767e-04  5.00000000000000000e-01  2.62944046828329725e-01 -2.37055953171672680e-04 -1.47333333333317995e-01 -2.11020903649445368e-01 -6.36875703161256940e-05  5.00000000000000000e-01  2.62944046828329725e-01 -2.37055953171672680e-04 
 2.40499999999999655e-09 -4.51666666666653782e-01 -2.01682360536771299e-01  2.49984306129881831e-04  8.83333333333151671e-02 -2.71115085728162120e-01 -3.59448419061478286e-04  5.00000000000000000e-01  2.65998570115311472e-01 -2.34001429884690953e-04 -1.94999999999984297e-01 -2.10621053811868547e-01 -1.56210538118841530e-05  5.00000000000000000e-01  2.65998570115311472e-01 -2.34001429884690953e-04 
 2.41799999999999641e-09 -4.99333333333320084e-01 -2.04749573945299856e-01  2.94583759388020519e-04  1.44666666666648069e-01 -2.66654614951312818e-01 -4.11321281617962539e-04  5.00000000000000000e-01  2.69053093402293220e-01 -2.30946906597709225e-04 -2.42666666666648823e-01 -2.10221203974291726e-01  3.24454626923591227e-05  5.00000000000000000e-01  2.69053093402293220e-01 -2.30946906597709225e-04 
 2.43099999999999626e-09 -5.46999999999984610e-01 -2.09261740596688450e-01  3.37738259403298942e-04  2.00999999999982748e-01 -2.60513543730025443e-01 -4.61513543730007400e-04  5.00000000000000000e-01  2.72008654863365340e-01 -2.27991345136635613e-04 -2.90333333333316901e-01 -2.11378634861518144e-01  7.89546984718003664e-05  5.00000000000000000e-01  2.72008654863365340e-01 -2.27991345136635613e-04 
 2.44399999999999611e-09 -5.94666666666650912e-01 -2.13949159965502789e-01  3.80717506701149823e-04  2.57333333333315650e-01 -2.54168639065508239e-01 -5.11501972398822197e-04  5.00000000000000000e-01  2.74952213632312370e-01 -2.25047786367688443e-04 -3.37999999999983203e-01 -2.12724942226353686e-01  1.25275057773630710e-04  5.00000000000000000e-01  2.74952213632312370e-01 -2.25047786367688443e-04 
 2.45699999999999596e-09 -6.42333333333313661e-01 -2.18707900451491910e-01  4.23625432881827128e-04  3.13666666666648553e-01 -2.47740782027396911e-01 -5.61407448694047073e-04  5.00000000000000000e-01  2.77890887767090866e-01 -2.22109112232907061e-04 -3.85666666666651281e-01 -2.14148115054901111e-01  1.71518551611750045e-04  5.00000000000000000e-01  2.77890887767090866e-01 -2.22109112232907061e-04 
 2.46999999999999581e-09 -6.89999999999979963e-01 -2.24956667046639525e-01  4.65043332953346371e-04  3.69999999999979678e-01 -2.39579901063668776e-01 -6.09579901063651494e-04  5.00000000000000000e-01  2.80727513129605810e-01 -2.19272486870392049e-04 -4.33333333333315807e-01 -2.17177145339881694e-01  2.16156187993435389e-04  5.00000000000000000e-01  2.80727513129605810e-01 -2.19272486870392049e-04 
 2.48299999999999566e-09 -7.37666666666644488e-01 -2.31205433641787139e-01  5.06461233024863879e-04  4.26333333333312581e-01 -2.31419020099940642e-01 -6.57752353433255915e-04  5.00000000000000000e-01  2.83564138492120865e-01 -2.16435861507877146e-04 -4.80999999999982109e-01 -2.20206175624862277e-01  2.60793824375118999e-04  5.00000000000000000e-01  2.83564138492120865e-01 -2.16435861507877146e-04 
 2.49599999999999552e-09 -7.85333333333280592e-01 -2.37633736322623967e-01  5.47699597010691333e-04  4.82666666666657918e-01 -2.23049323780485365e-01 -7.05715990447133151e-04  5.00000000000000000e-01  2.86388467803572189e-01 -2.13611532196421208e-04 -5.28666666666657292e-01 -2.23428698735322229e-01  3.05237967931320034e-04  5.00000000000000000e-01  2.86388467803572189e-01 -2.13611532196421208e-04 
 2.50899999999999537e-09 -7.61000000000059629e-01 -2.44657547950794196e-01  5.16342452049249959e-04  2.67000000000019000e-01 -2.15720199931696444e-01 -4.82720199931719468e-04  5.00000000000000000e-01  2.89147687164485467e-01 -2.10852312835523850e-04 -5.76333333333316489e-01 -2.27675803496918405e-01  3.48657529836395724e-04  5.00000000000000000e-01  2.89147687164485467e-01 -2.10852312835523850e-04 
 2.52199999999999522e-09 -7.04666666666700081e-01 -2.50957905816860505e-01  4.53708760849835108e-04  2.19333333333349145e-01 -2.09797425330405352e-01 -4.29130758663758341e-04  5.00000000000000000e-01  2.91870850368629864e-01 -2.08129149631367015e-04 -6.23999999999973909e-01 -2.32490294292478139e-01  3.91509705707504541e-04  5.00000000000000000e-01  2.91870850368629864e-01 -2.08129149631367015e-04 
 2.53499999999999507e-09 -6.48333333333354744e-01 -2.56164306585375479e-01  3.92169026747978336e-04  1.71666666666686396e-01 -2.04810641383768810e-01 -3.76477308050458467e-04  5.00000000000000000e-01  2.94546450932642645e-01 -2.05453549067356224e-04 -6.71666666666638434e-01 -2.38053239171504782e-01  4.33613427495144546e-04  5.00000000000000000e-01  2.94546450932642645e-01 -2.05453549067356224e-04 
 2.54799999999999492e-09 -5.92000000000023618e-01 -2.61080429532157876e-01  3.30919570467869822e-04  1.24000000000018318e-01 -2.00072219396668638e-01 -3.24072219396689953e-04  5.00000000000000000e-01  2.97209430910707062e-01 -2.02790569089293378e-04 -7.19333333333313618e-01 -2.43814783814167768e-01  4.75518549519148362e-04  5.00000000000000000e-01  2.97209430910707062e-01 -2.02790569089293378e-04 
 2.56099999999999478e-09 -5.35666666666692493e-01 -2.64780048383402244e-01  2.70886618283292316e-04  7.63333333333537922e-02 -1.96374639383458560e-01 -2.72707972716813851e-04  5.00000000000000000e-01  2.99819520198039591e-01 -2.00180479801960963e-04 -7.66999999999978144e-01 -2.50408625682998709e-01  5.16591374316983931e-04  5.00000000000000000e-01  2.99819520198039591e-01 -2.00180479801960963e-04 
 2.57399999999999463e-09 -4.79333333333341827e-01 -2.68216352949137815e-01  2.11116980384220762e-04  2.86666666666910430e-02 -1.92902351304467423e-01 -2.21569017971164073e-04  5.00000000000000000e-01  3.02418161209550562e-01 -1.97581838790457940e-04 -7.82666666666807842e-01 -2.57108502502477521e-01  5.25558164164196748e-04  5.00000000000000000e-01  3.02418161209550562e-01 -1.97581838790457940e-04 
 2.58699999999999448e-09 -4.23000000000028464e-01 -2.70514113258466415e-01  1.52485886741557733e-04 -1.89999999999788116e-02 -1.90404202692472158e-01 -1.71404202692494734e-04  5.00000000000000000e-01  3.04967301037790905e-01 -1.95032698962204669e-04 -7.26333333333370135e-01 -2.63463085797801311e-01  4.62870247535558665e-04  5.00000000000000000e-01  3.04967301037790905e-01 -1.95032698962204669e-04 
 2.59999999999999433e-09 -3.66666666666693786e-01 -2.71918194299643923e-01  9.47484723670434514e-05 -6.66666666666433372e-02 -1.88670686848159963e-01 -1.22004020181518125e-04  5.00000000000000000e-01  3.07477585827281907e-01 -1.92522414172716289e-04 -6.70000000000026574e-01 -2.68862154058779335e-01  4.01137845941248669e-04  5.00000000000000000e-01  3.07477585827281907e-01 -1.92522414172716289e-04 
 2.61299999999999418e-09 -3.10333333333360883e-01 -2.73012688982386065e-01  3.73206443509688235e-05 -1.14333333333309639e-01 -1.87202053364370069e-01 -7.28687200310610544e-05  5.00000000000000000e-01  3.09974410541793144e-01 -1.90025589458205036e-04 -6.13666666666691896e-01 -2.73930214954530737e-01  3.39736451712162671e-04  5.00000000000000000e-01  3.09974410541793144e-01 -1.90025589458205036e-04 
 2.62599999999999403e-09 -2.54000000000029758e-01 -2.72513488783362456e-01 -1.85134887833362377e-05 -1.61999999999979494e-01 -1.87096986622859063e-01 -2.50969866228863137e-05  5.00000000000000000e-01  3.12401945211640941e-01 -1.87598054788360238e-04 -5.57333333333362546e-01 -2.77294309478983425e-01  2.80039023854377830e-04  5.00000000000000000e-01  3.12401945211640941e-01 -1.87598054788360238e-04 
 2.63899999999999389e-09 -1.97666666666696855e-01 -2.71929637082508391e-01 -7.42629704158156989e-05 -2.09666666666645796e-01 -1.87064347780749596e-01  2.26023188858899549e-05  5.00000000000000000e-01  3.14825799436498688e-01 -1.85174200563502410e-04 -5.01000000000031420e-01 -2.80567895265501910e-01  2.20432104734527914e-04  5.00000000000000000e-01  3.14825799436498688e-01 -1.85174200563502410e-04 
 2.65199999999999374e-09 -1.41333333333362177e-01 -2.71136355501649162e-01 -1.29803022168291024e-04 -2.57333333333306769e-01 -1.87210897328137393e-01  7.01224360051717899e-05  5.00000000000000000e-01  3.17240548150694801e-01 -1.82759451849304558e-04 -4.44666666666694965e-01 -2.83617560227053089e-01  1.61049106439643472e-04  5.00000000000000000e-01  3.17240548150694801e-01 -1.82759451849304558e-04 
 2.66499999999999359e-09 -8.50000000000292744e-02 -2.68527240354156205e-01 -1.83527240354129997e-04 -3.04999999999973070e-01 -1.88911075671913675e-01  1.16088924328060575e-04  5.00000000000000000e-01  3.19576348761100082e-01 -1.80423651238899264e-04 -3.88333333333362063e-01 -2.84725749835432695e-01  1.03607583497930880e-04  5.00000000000000000e-01  3.19576348761100082e-01 -1.80423651238899264e-04 
 2.67799999999999344e-09 -2.86666666666963721e-02 -2.65918125206663136e-01 -2.37251458539968971e-04 -3.52666666666639372e-01 -1.90611254015690013e-01  1.62055412650951094e-04  5.00000000000000000e-01  3.21912149371505474e-01 -1.78087850628493971e-04 -3.32000000000029161e-01 -2.85833939443812302e-01  4.61660605562182885e-05  5.00000000000000000e-01  3.21912149371505474e-01 -1.78087850628493971e-04 
 2.69099999999999329e-09  2.76666666666383065e-02 -2.62806928362885106e-01 -2.90473595029519874e-04 -4.00333333333311003e-01 -1.92741013900321612e-01  2.07592319432988240e-04  5.00000000000000000e-01  3.24226120669687035e-01 -1.75773879330311364e-04 -2.75666666666699811e-01 -2.86405307144871335e-01 -1.07386404781719541e-05  5.00000000000000000e-01  3.24226120669687035e-01 -1.75773879330311364e-04 
 2.70399999999999314e-09  8.39999999999712088e-02 -2.58246123404026307e-01 -3.42246123403994532e-04 -4.47999999999975529e-01 -1.96111059762946183e-01  2.51888940237029318e-04  5.00000000000000000e-01  3.26477066471466904e-01 -1.73522933528531451e-04 -2.19333333333368685e-01 -2.85426764942899092e-01 -6.60934316095325436e-05  5.00000000000000000e-01  3.26477066471466904e-01 -1.73522933528531451e-04 
 2.71699999999999300e-09  1.40333333333304111e-01 -2.53685318445167618e-01 -3.94018651778467455e-04 -4.95666666666641831e-01 -1.99481105625570754e-01  2.96185561041070397e-04  5.00000000000000000e-01  3.28728012273246772e-01 -1.71271987726751593e-04 -1.63000000000035783e-01 -2.84448222740926848e-01 -1.21448222740891398e-04  5.00000000000000000e-01  3.28728012273246772e-01 -1.71271987726751593e-04 
 2.72999999999999285e-09  1.96666666666635237e-01 -2.48351319233565793e-01 -4.45017985900200697e-04 -5.43333333333308133e-01 -2.03512697170761925e-01  3.39820636162545611e-04  5.00000000000000000e-01  3.30945341436785168e-01 -1.69054658563213265e-04 -1.06666666666701104e-01 -2.82642987161046522e-01 -1.75976320494345903e-04  5.00000000000000000e-01  3.30945341436785168e-01 -1.69054658563213265e-04 
 2.74299999999999270e-09  2.52999999999968139e-01 -2.41909725320504032e-01 -4.94909725320472060e-04 -5.90999999999974435e-01 -2.08491947716498371e-01  3.82508052283476313e-04  5.00000000000000000e-01  3.33114515029762082e-01 -1.66885484970236359e-04 -5.03333333333664257e-02 -2.79653519802608552e-01 -2.29320186469240961e-04  5.00000000000000000e-01  3.33114515029762082e-01 -1.66885484970236359e-04 
 2.75599999999999255e-09  3.09333333333301042e-01 -2.35468131407442494e-01 -5.44801464740743424e-04 -6.38666666666640737e-01 -2.13471198262234818e-01  4.25195468404405280e-04  5.00000000000000000e-01  3.35283688622738940e-01 -1.64716311377259453e-04  5.99999999996647659e-03 -2.76664052444170583e-01 -2.82664052444136019e-04  5.00000000000000000e-01  3.35283688622738940e-01 -1.64716311377259453e-04 
 2.76899999999999240e-09  3.65666666666632167e-01 -2.28002591209499172e-01 -5.93669257876135170e-04 -6.86333333333299933e-01 -2.19326538149739347e-01  4.67006795183565540e-04  5.00000000000000000e-01  3.37408343478394435e-01 -1.62591656521604675e-04  6.23333333332976025e-02 -2.72579789554031615e-01 -3.34913122887326234e-04  5.00000000000000000e-01  3.37408343478394435e-01 -1.62591656521604675e-04 
 2.78199999999999225e-09  4.21999999999965070e-01 -2.19748533517792444e-01 -6.41748533517760497e-04 -7.33999999999964459e-01 -2.25856534298298106e-01  5.08143465701672500e-04  5.00000000000000000e-01  3.39498715477910218e-01 -1.60501284522088846e-04  1.18666666666628728e-01 -2.67652449793952751e-01 -3.86319116460578579e-04  5.00000000000000000e-01  3.39498715477910218e-01 -1.60501284522088846e-04 
 2.79499999999999211e-09  4.78333333333296196e-01 -2.11494475826085715e-01 -6.89827809159385824e-04 -7.81666666666630761e-01 -2.32386530446856643e-01  5.49280136219779461e-04  5.00000000000000000e-01  3.41589087477426001e-01 -1.58410912522573071e-04  1.74999999999961631e-01 -2.62725110033874110e-01 -4.37725110033832659e-04  5.00000000000000000e-01  3.41589087477426001e-01 -1.58410912522573071e-04 
 2.80799999999999196e-09 -5.28000000000069747e-01 -2.11772582811402321e-01  3.16227417188657406e-04 -7.65333333333348520e-01 -2.39333255197407224e-01  5.26000078135959934e-04  5.00000000000000000e-01  3.43644467081616334e-01 -1.56355532918405046e-04  2.31333333333303415e-01 -2.56937244563224754e-01 -4.88270577896507407e-04  5.00000000000000000e-01  3.43644467081616334e-01 -1.56355532918405046e-04 
 2.82099999999999181e-09 -4.11000000000072419e-01 -2.14936585999649543e-01  1.96063414000430952e-04 -7.09000000000044039e-01 -2.45677326504421312e-01  4.63322673495606893e-04  5.00000000000000000e-01  3.45661196162451279e-01 -1.54338803837546939e-04  2.87666666666625659e-01 -2.50198893459596006e-01 -5.37865560126219930e-04  5.00000000000000000e-01  3.45661196162451279e-01 -1.54338803837546939e-04 
 2.83399999999999166e-09 -2.94000000000075090e-01 -2.16682319923400923e-01  7.73176800766793570e-05 -6.52666666666711137e-01 -2.51281630208640361e-01  4.01385036458055955e-04  5.00000000000000000e-01  3.47654122234133278e-01 -1.52345877765864895e-04  3.43999999999958561e-01 -2.42875183703593622e-01 -5.86875183703551226e-04  5.00000000000000000e-01  3.47654122234133278e-01 -1.52345877765864895e-04 
 2.84699999999999151e-09 -1.77000000000074209e-01 -2.17066778520325410e-01 -4.00667785202465931e-05 -5.96333333333380011e-01 -2.56175894281833627e-01  3.40157439051540569e-04  5.00000000000000000e-01  3.49624201833778570e-01 -1.50375798166218675e-04  4.00333333333298569e-01 -2.34989638257597777e-01 -6.35322971590890004e-04  5.00000000000000000e-01  3.49624201833778570e-01 -1.50375798166218675e-04 
 2.85999999999999136e-09 -6.00000000000733280e-02 -2.15604305795732698e-01 -1.55604305795652847e-04 -5.40000000000047109e-01 -2.60106801120661313e-01  2.79893198879379787e-04  5.00000000000000000e-01  3.51563284129675468e-01 -1.48436715870321734e-04  4.56666666666629695e-01 -2.26341813562909611e-01 -6.83008480229532061e-04  5.00000000000000000e-01  3.51563284129675468e-01 -1.48436715870321734e-04 
 2.87299999999999122e-09  5.69999999999240003e-02 -2.13090313802190678e-01 -2.70090313802109905e-04 -4.83666666666687561e-01 -2.63489236728838672e-01  2.20177429937845962e-04  5.00000000000000000e-01  3.53484718632299688e-01 -1.46515281367721225e-04  2.89000000000017465e-01 -2.18474788489322336e-01 -5.07474788489351014e-04  5.00000000000000000e-01  3.53484718632299688e-01 -1.46515281367721225e-04 
 2.88599999999999107e-09  1.73999999999917776e-01 -2.08705012977506987e-01 -3.82705012977425235e-04 -4.27333333333367094e-01 -2.65895599821942219e-01  1.61437733511432535e-04  5.00000000000000000e-01  3.55374746700033606e-01 -1.44625253299965806e-04  2.41333333333374256e-01 -2.12295573447638386e-01 -4.53628906781024591e-04  5.00000000000000000e-01  3.55374746700033606e-01 -1.44625253299965806e-04 
 2.89899999999999092e-09  2.90999999999907999e-01 -2.03126635911053954e-01 -4.94126635910984574e-04 -3.71000000000060837e-01 -2.67679655731614452e-01  1.03320344268423292e-04  5.00000000000000000e-01  3.57244751204223721e-01 -1.42755248795752986e-04  1.93666666666693743e-01 -2.06686818946651973e-01 -4.00353485613371557e-04  5.00000000000000000e-01  3.57244751204223721e-01 -1.42755248795752986e-04 
 2.91199999999999077e-09  2.56000000000044636e-01 -1.96945108293857585e-01 -4.52945108293875340e-04 -3.14666666666701289e-01 -2.68630705669113068e-01  4.60359609975920930e-05  5.00000000000000000e-01  3.59087952630394280e-01 -1.40912047369591846e-04  1.46000000000032770e-01 -2.01841669703612725e-01 -3.47841669703637807e-04  5.00000000000000000e-01  3.59087952630394280e-01 -1.40912047369591846e-04 
 2.92499999999999062e-09  2.08333333333362347e-01 -1.91432988519688152e-01 -3.99766321853057410e-04 -2.58333333333379045e-01 -2.68829287761474411e-01 -1.04959544281000433e-05  5.00000000000000000e-01  3.60906942400162800e-01 -1.39093057599841202e-04  9.83333333333717974e-02 -1.97686297511571518e-01 -2.96019630844945522e-04  5.00000000000000000e-01  3.60906942400162800e-01 -1.39093057599841202e-04 
 2.93799999999999047e-09  1.60666666666703151e-01 -1.86879020663435313e-01 -3.47545687330134967e-04 -2.02000000000046143e-01 -2.68009302736874511e-01 -6.60093027368326840e-05  5.00000000000000000e-01  3.62693158414565286e-01 -1.37306841585437748e-04  5.06666666667019427e-02 -1.94464631957956158e-01 -2.45131298624657115e-04  5.00000000000000000e-01  3.62693158414565286e-01 -1.37306841585437748e-04 
 2.95099999999999033e-09  1.13000000000036849e-01 -1.82503569147304923e-01 -2.95503569147339412e-04 -1.45666666666713240e-01 -2.66999545223708112e-01 -1.21332878556998022e-04  5.00000000000000000e-01  3.64473268246069626e-01 -1.35526731753933451e-04  3.00000000003564082e-03 -1.91416928266457509e-01 -1.94416928266490791e-04  5.00000000000000000e-01  3.64473268246069626e-01 -1.35526731753933451e-04 
 2.96399999999999018e-09  6.53333333333705468e-02 -1.79349970923590507e-01 -2.44683304256960651e-04 -8.93333333333750090e-02 -2.64690891823432639e-01 -1.75357558490053800e-04  5.00000000000000000e-01  3.66211584370200127e-01 -1.33788415629802738e-04 -4.46666666666306611e-02 -1.89559904788571043e-01 -1.44893238121944143e-04  5.00000000000000000e-01  3.66211584370200127e-01 -1.33788415629802738e-04 
 2.97699999999999003e-09  1.76666666667042449e-02 -1.76612890281252266e-01 -1.94279556947956830e-04 -3.30000000000421068e-02 -2.61939457790885899e-01 -2.28939457790839143e-04  5.00000000000000000e-01  3.67935653436994525e-01 -1.32064346563008314e-04 -9.23333333332969630e-02 -1.88108772300913163e-01 -9.57754389676202661e-05  5.00000000000000000e-01  3.67935653436994525e-01 -1.32064346563008314e-04 
 2.98999999999998988e-09 -2.99999999999620570e-02 -1.73875809638914025e-01 -1.43875809638953009e-04  2.33333333332890192e-02 -2.59188023758339270e-01 -2.82521357091626221e-04  5.00000000000000000e-01  3.69659722503788868e-01 -1.30340277496213944e-04 -1.39999999999961489e-01 -1.86657639813255283e-01 -4.66576398132963893e-05  5.00000000000000000e-01  3.69659722503788868e-01 -1.30340277496213944e-04 
 3.00299999999998973e-09 -7.76666666666283589e-02 -1.72785989806423179e-01 -9.51193231397955835e-05  7.96666666666183687e-02 -2.54685462725367406e-01 -3.34352129391982805e-04  5.00000000000000000e-01  3.71327446724040278e-01 -1.28672553275960939e-04 -1.87666666666627791e-01 -1.86811741657023606e-01  8.54925009603421659e-07  5.00000000000000000e-01  3.71327446724040278e-01 -1.28672553275960939e-04 
 3.01599999999998959e-09 -1.25333333333294661e-01 -1.71879973131127795e-01 -4.65466397978342439e-05  1.35999999999951271e-01 -2.49987509032409294e-01 -3.85987509032358761e-04  5.00000000000000000e-01  3.72988883924883385e-01 -1.27011116075117841e-04 -2.35333333333294092e-01 -1.87144957297701503e-01  4.81883760355926449e-05  5.00000000000000000e-01  3.72988883924883385e-01 -1.27011116075117841e-04 
 3.02899999999998944e-09 -1.72999999999959186e-01 -1.71068298979383943e-01  1.93170102057507731e-06  1.92333333333285950e-01 -2.45189264153447661e-01 -4.37522597486729448e-04  5.00000000000000000e-01  3.74647094123067681e-01 -1.25352905876931697e-04 -2.82999999999958618e-01 -1.87570108506088185e-01  9.54298914938728204e-05  5.00000000000000000e-01  3.74647094123067681e-01 -1.25352905876931697e-04 
 3.04199999999998929e-09 -2.20666666666625488e-01 -1.71926827501587415e-01  4.87398391650385732e-05  2.48666666666618852e-01 -2.38615503836342446e-01 -4.87282170502957579e-04  5.00000000000000000e-01  3.76248174744204134e-01 -1.23751825255795193e-04 -3.30666666666624920e-01 -1.89622850595427384e-01  1.41043816071198883e-04  5.00000000000000000e-01  3.76248174744204134e-01 -1.23751825255795193e-04 
 3.05499999999998914e-09 -2.68333333333291790e-01 -1.72785356023790887e-01  9.55479773095003343e-05  3.04999999999951754e-01 -2.32041743519237231e-01 -5.37041743519185710e-04  5.00000000000000000e-01  3.77849255365340642e-01 -1.22150744634658690e-04 -3.78333333333289445e-01 -1.91675592684766638e-01  1.86657740648524945e-04  5.00000000000000000e-01  3.77849255365340642e-01 -1.22150744634658690e-04 
 3.06799999999998899e-09 -3.15999999999961645e-01 -1.73886466455946798e-01  1.42113533544010323e-04  3.61333333333289985e-01 -2.25210105560781582e-01 -5.86543438894060118e-04  5.00000000000000000e-01  3.79442038429463779e-01 -1.20557961570539099e-04 -4.25999999999962853e-01 -1.93964727704540763e-01  2.32035272295417344e-04  5.00000000000000000e-01  3.79442038429463779e-01 -1.20557961570539099e-04 
 3.08099999999998884e-09 -3.63666666666619065e-01 -1.76009598175060011e-01  1.87657068491570850e-04  4.17666666666610453e-01 -2.17292003904588249e-01 -6.34958670571204170e-04  5.00000000000000000e-01  3.80999863075194012e-01 -1.19000136924800348e-04 -4.73666666666630931e-01 -1.97249809235930051e-01  2.76416857430683560e-04  5.00000000000000000e-01  3.80999863075194012e-01 -1.19000136924800348e-04 
 3.09399999999998870e-09 -4.11333333333269380e-01 -1.78723545131054373e-01  2.32609788202248202e-04  4.73999999999961119e-01 -2.08745833816642357e-01 -6.82745833816585448e-04  5.00000000000000000e-01  3.82537478781560580e-01 -1.17462521218441977e-04 -5.21333333333272364e-01 -2.01110632566120606e-01  3.20222700767171936e-04  5.00000000000000000e-01  3.82537478781560580e-01 -1.17462521218441977e-04 
 3.10699999999998855e-09 -4.58999999999928576e-01 -1.82034330435642988e-01  2.76965669564319464e-04  2.74333333333380835e-01 -2.01661393285094581e-01 -4.75994726618456793e-04  5.00000000000000000e-01  3.84054679526912690e-01 -1.15945320473080529e-04 -5.68999999999949324e-01 -2.05553067139511048e-01  3.63446932860425967e-04  5.00000000000000000e-01  3.84054679526912690e-01 -1.15945320473080529e-04 
 3.11999999999998840e-09 -5.06666666666623300e-01 -1.85968649290029875e-01  3.20698017376597894e-04  2.26666666666714534e-01 -1.95881366843853488e-01 -4.22548033510555462e-04  5.00000000000000000e-01  3.85550552197248653e-01 -1.14449447802749391e-04 -6.16666666666645824e-01 -2.10603127084024511e-01  4.06063539582607672e-04  5.00000000000000000e-01  3.85550552197248653e-01 -1.14449447802749391e-04 
 3.13299999999998825e-09 -5.54333333333289602e-01 -1.90446159792277969e-01  3.63887173541016865e-04  1.79000000000048232e-01 -1.90765192190933242e-01 -3.69765192190969066e-04  5.00000000000000000e-01  3.87027844901450480e-01 -1.12972155098547587e-04 -6.64333333333312126e-01 -2.16182520256450905e-01  4.48150813076848495e-04  5.00000000000000000e-01  3.87027844901450480e-01 -1.12972155098547587e-04 
 3.14599999999998810e-09 -6.01999999999952351e-01 -1.95742333958379477e-01  4.06257666041577939e-04  1.31333333333380153e-01 -1.86649532438065480e-01 -3.17982865771443760e-04  5.00000000000000000e-01  3.88477135070637747e-01 -1.11522864929362257e-04 -7.11999999999950006e-01 -2.22559690569717361e-01  4.89440309430239084e-04  5.00000000000000000e-01  3.88477135070637747e-01 -1.11522864929362257e-04 
 3.15899999999998795e-09 -6.49666666666618653e-01 -2.01326283352367907e-01  4.48340383314255533e-04  8.36666666667138514e-02 -1.82885571943491421e-01 -2.66552238610202538e-04  5.00000000000000000e-01  3.89916581837396636e-01 -1.10083418162603363e-04 -7.59666666666616308e-01 -2.29217294116619508e-01  5.30449372550003545e-04  5.00000000000000000e-01  3.89916581837396636e-01 -1.10083418162603363e-04 
 3.17199999999998781e-09 -6.97333333333215677e-01 -2.07031451349034112e-01  4.90301881984275822e-04  3.60000000000439968e-02 -1.79269756558427029e-01 -2.15269756558490039e-04  5.00000000000000000e-01  3.91351882300468135e-01 -1.08648117699526592e-04 -7.91333333333387401e-01 -2.35961880258494849e-01  5.55371453074909871e-04  5.00000000000000000e-01  3.91351882300468135e-01 -1.08648117699526592e-04 
 3.18499999999998766e-09 -7.44999999999933493e-01 -2.13721350931126874e-01  5.31278649068824341e-04 -1.16666666666169760e-02 -1.76857412961958893e-01 -1.65190746295337115e-04  5.00000000000000000e-01  3.92753499845984122e-01 -1.07246500154017834e-04 -7.35000000000050946e-01 -2.42695395652337664e-01  4.92304604347707994e-04  5.00000000000000000e-01  3.92753499845984122e-01 -1.07246500154017834e-04 
 3.19799999999998751e-09 -7.92666666666656639e-01 -2.20850585939824429e-01  5.71816080726742296e-04 -5.93333333332868307e-02 -1.74981995162766690e-01 -1.15648661829486493e-04  5.00000000000000000e-01  3.94140089845739283e-01 -1.05859910154257439e-04 -6.78666666666773111e-01 -2.48752735182113716e-01  4.29913931484600040e-04  5.00000000000000000e-01  3.94140089845739283e-01 -1.05859910154257439e-04 
 3.21099999999998736e-09 -7.52333333333375265e-01 -2.28043640755255739e-01  5.24289692578139635e-04 -1.06999999999951356e-01 -1.73793227668117722e-01 -6.67932276681576509e-05  5.00000000000000000e-01  3.95507461791667680e-01 -1.04492538208329061e-04 -6.22333333333376260e-01 -2.53945343746644681e-01  3.68387989586735007e-04  5.00000000000000000e-01  3.95507461791667680e-01 -1.04492538208329061e-04 
 3.22399999999998721e-09 -6.96000000000069008e-01 -2.34414544185481022e-01  4.61585455814575787e-04 -1.54666666666621211e-01 -1.73266827085036546e-01 -1.86001604184186931e-05  5.00000000000000000e-01  3.96856295330403785e-01 -1.03143704669602981e-04 -5.66000000000062897e-01 -2.58303802562694806e-01  3.07696197437361263e-04  5.00000000000000000e-01  3.96856295330403785e-01 -1.03143704669602981e-04 
 3.23699999999998706e-09 -6.39666666666736106e-01 -2.39694029888959159e-01  3.99972636777764373e-04 -2.02333333333285736e-01 -1.73579265639758951e-01  2.87540676935250233e-05  5.00000000000000000e-01  3.98181651335385078e-01 -1.01818348664621690e-04 -5.09666666666729995e-01 -2.61605871870807971e-01  2.48060794795916181e-04  5.00000000000000000e-01  3.98181651335385078e-01 -1.01818348664621690e-04 
 3.24999999999998692e-09 -5.83333333333390769e-01 -2.44703455838570560e-01  3.38629877494818141e-04 -2.49999999999948486e-01 -1.74099266052358648e-01  7.59007339475904763e-05  5.00000000000000000e-01  3.99501198073357044e-01 -1.00498801926641112e-04 -4.53333333333388211e-01 -2.64646548786708624e-01  1.88686784546683237e-04  5.00000000000000000e-01  3.99501198073357044e-01 -1.00498801926641112e-04 
 3.26299999999998677e-09 -5.27000000000057867e-01 -2.48112547418887219e-01  2.78887452581168954e-04 -2.97666666666614788e-01 -1.75849247497538719e-01  1.21817419169075944e-04  5.00000000000000000e-01  4.00786319949766212e-01 -9.92136800502319612e-05 -3.97000000000055309e-01 -2.66138252843293843e-01  1.30861747156764754e-04  5.00000000000000000e-01  4.00786319949766212e-01 -9.92136800502319612e-05 
 3.27599999999998662e-09 -4.70666666666724964e-01 -2.51521638999203767e-01  2.19145027667519768e-04 -3.45333333333281089e-01 -1.77599228942718790e-01  1.67734104390561412e-04  5.00000000000000000e-01  4.02071441826175269e-01 -9.79285581738228647e-05 -3.40666666666724183e-01 -2.67629956899879007e-01  7.30367097668480070e-05  5.00000000000000000e-01  4.02071441826175269e-01 -9.79285581738228647e-05 
 3.28899999999998647e-09 -4.14333333333392062e-01 -2.54283470529395150e-01  1.60049862804000770e-04 -3.92999999999949168e-01 -1.79846679916815355e-01  2.13153320083132522e-04  5.00000000000000000e-01  4.03342640463759228e-01 -9.66573595362399114e-05 -2.84333333333389504e-01 -2.68495174223565169e-01  1.58381591098301355e-05  5.00000000000000000e-01  4.03342640463759228e-01 -9.66573595362399114e-05 
 3.30199999999998632e-09 -3.58000000000059160e-01 -2.55522243286142814e-01  1.02477756713920815e-04 -4.40666666666615470e-01 -1.83264719637101003e-01  2.57401947029512954e-04  5.00000000000000000e-01  4.04581076518443217e-01 -9.54189234815559285e-05 -2.28000000000056602e-01 -2.67886214182529336e-01 -3.98862141824662952e-05  5.00000000000000000e-01  4.04581076518443217e-01 -9.54189234815559285e-05 
 3.31499999999998617e-09 -3.01666666666726258e-01 -2.56761016042890478e-01  4.49056506238391245e-05 -4.88333333333281772e-01 -1.86682759357386541e-01  3.01650573975893385e-04  5.00000000000000000e-01  4.05819512573127206e-01 -9.41804874268719998e-05 -1.71666666666723700e-01 -2.67277254141493503e-01 -9.56105874747644607e-05  5.00000000000000000e-01  4.05819512573127206e-01 -9.41804874268719998e-05 
 3.32799999999998603e-09 -2.45333333333395132e-01 -2.57054276888435962e-01 -1.17209435550429120e-05 -5.35999999999948074e-01 -1.90827498284520169e-01  3.45172501715427377e-04  5.00000000000000000e-01  4.07037609680355739e-01 -9.29623903196497383e-05 -1.15333333333397903e-01 -2.65753127672299305e-01 -1.50419794338899071e-04  5.00000000000000000e-01  4.07037609680355739e-01 -9.29623903196497383e-05 
 3.34099999999998588e-09 -1.89000000000062229e-01 -2.56201574018936173e-01 -6.72015740188752070e-05 -5.83666666666614375e-01 -1.95852999170261111e-01  3.87813667496352335e-04  5.00000000000000000e-01  4.08231055912729124e-01 -9.17689440872763388e-05 -5.90000000000650004e-02 -2.63119816318730382e-01 -2.04119816318662842e-04  5.00000000000000000e-01  4.08231055912729124e-01 -9.17689440872763388e-05 
 3.35399999999998573e-09 -1.32666666666729327e-01 -2.55348871149436496e-01 -1.22682204482709237e-04 -6.31333333333280677e-01 -2.00878500056001830e-01  4.30454833277277293e-04  5.00000000000000000e-01  4.09424502145102565e-01 -9.05754978549029393e-05 -2.66666666673387454e-03 -2.60486504965161458e-01 -2.57819838298424878e-04  5.00000000000000000e-01  4.09424502145102565e-01 -9.05754978549029393e-05 
 3.36699999999998558e-09 -7.63333333333964248e-02 -2.53274928456265314e-01 -1.76941595122871026e-04 -6.78999999999939874e-01 -2.06842618425789437e-01  4.72157381574155044e-04  5.00000000000000000e-01  4.10591678235005975e-01 -8.94083217649955294e-05  5.36666666666008041e-02 -2.56671148547839678e-01 -3.10337815214438428e-04  5.00000000000000000e-01  4.10591678235005975e-01 -8.94083217649955294e-05 
 3.37999999999998543e-09 -2.00000000000635225e-02 -2.50406728947431434e-01 -2.30406728947370187e-04 -7.26666666666606176e-01 -2.13417184735088750e-01  5.13249481931521076e-04  5.00000000000000000e-01  4.11741769032329952e-01 -8.82582309676714963e-05  1.09999999999935483e-01 -2.52087026381063728e-01 -3.62087026380995131e-04  5.00000000000000000e-01  4.11741769032329952e-01 -8.82582309676714963e-05 
 3.39299999999998528e-09  3.63333333332693798e-02 -2.47538529438597554e-01 -2.83871862771869349e-04 -7.74333333333272478e-01 -2.19991751044387840e-01  5.54341582288888843e-04  5.00000000000000000e-01  4.12891859829653929e-01 -8.71081401703474633e-05  1.66333333333268385e-01 -2.47502904214288000e-01 -4.13836237547553568e-04  5.00000000000000000e-01  4.12891859829653929e-01 -8.71081401703474633e-05 
 3.40599999999998514e-09  9.26666666665987293e-02 -2.43705758470362355e-01 -3.36372425136972214e-04 -7.74000000000031108e-01 -2.27130435401215580e-01  5.46869564598824465e-04  5.00000000000000000e-01  4.14021201688743234e-01 -8.59787983112515319e-05  2.22666666666617274e-01 -2.41985167772801768e-01 -4.64651834439399475e-04  5.00000000000000000e-01  4.14021201688743234e-01 -8.59787983112515319e-05 
 3.41899999999998499e-09  1.48999999999933408e-01 -2.38990946522209535e-01 -3.87990946522141431e-04 -7.17666666666740838e-01 -2.33822201246198791e-01  4.83844465420536080e-04  5.00000000000000000e-01  4.15131569926339039e-01 -8.48684300736692650e-05  2.78999999999939519e-01 -2.35613698783348591e-01 -5.14613698783287013e-04  5.00000000000000000e-01  4.15131569926339039e-01 -8.48684300736692650e-05 
 3.43199999999998484e-09  2.05333333333266310e-01 -2.33417445836948234e-01 -4.38750779170216099e-04 -6.61333333333395501e-01 -2.39465526698731779e-01  4.21867806634668163e-04  5.00000000000000000e-01  4.16223466873487546e-01 -8.37765331265144845e-05  3.35333333333268868e-01 -2.28411100016338242e-01 -5.63744433349598964e-04  5.00000000000000000e-01  4.16223466873487546e-01 -8.37765331265144845e-05 
 3.44499999999998469e-09  2.61666666666585002e-01 -2.27564176152850850e-01 -4.89230842819432521e-04 -6.05000000000067928e-01 -2.44767260249220353e-01  3.60232739750835501e-04  5.00000000000000000e-01  4.17309345697659428e-01 -8.26906543023464167e-05  3.91666666666580454e-01 -2.20937711222940703e-01 -6.12604377889545276e-04  5.00000000000000000e-01  4.17309345697659428e-01 -8.26906543023464167e-05 
 3.45799999999998454e-09  3.17999999999926786e-01 -2.20765461475626701e-01 -5.38765461475564436e-04 -5.48666666666731473e-01 -2.48914625893410069e-01  2.99752040773315631e-04  5.00000000000000000e-01  4.18374887013838070e-01 -8.16251129861604585e-05  4.47999999999929344e-01 -2.12549220771776515e-01 -6.60549220771704595e-04  5.00000000000000000e-01  4.18374887013838070e-01 -8.16251129861604585e-05 
 3.47099999999998439e-09  3.74333333333103369e-01 -2.13595850851755920e-01 -5.87929184184782933e-04 -4.92333333333203171e-01 -2.52609135601439605e-01  2.39724197731883137e-04  5.00000000000000000e-01  4.19432449971067434e-01 -8.05675500286583916e-05  2.96333333333231863e-01 -2.04110831932578396e-01 -5.00444165266056978e-04  5.00000000000000000e-01  4.19432449971067434e-01 -8.05675500286583916e-05 
 3.48399999999998425e-09  4.30666666666606801e-01 -2.05592291554581141e-01 -6.36258958221174939e-04 -4.36000000000078103e-01 -2.55285412000401613e-01  1.80714587999678683e-04  5.00000000000000000e-01  4.20472073822990233e-01 -7.95279261770123888e-05  2.48666666666721881e-01 -1.98006125238401998e-01 -4.46672791905126931e-04  5.00000000000000000e-01  4.20472073822990233e-01 -7.95279261770123888e-05 
 3.49699999999998410e-09  4.86999999999966349e-01 -1.97054678450796938e-01 -6.84054678450845763e-04 -3.79666666666816255e-01 -2.57309620241900017e-01  1.22357046424820606e-04  5.00000000000000000e-01  4.21500209620290334e-01 -7.84997903798087429e-05  2.01000000000064460e-01 -1.92495603127214476e-01 -3.93495603127364674e-04  5.00000000000000000e-01  4.21500209620290334e-01 -7.84997903798087429e-05 
 3.50999999999998395e-09 -5.10000000000161435e-01 -1.98582176945549471e-01  3.11417823054604970e-04 -3.23333333333414075e-01 -2.58504514437378763e-01  6.48288188960146478e-05  5.00000000000000000e-01  4.22513734667280816e-01 -7.74862653327214887e-05  1.53333333333394606e-01 -1.87740777510283285e-01 -3.41074110843679959e-04  5.00000000000000000e-01  4.22513734667280816e-01 -7.74862653327214887e-05 
 3.52299999999998380e-09 -3.93000000000146343e-01 -2.01590168815458826e-01  1.91409831184694013e-04 -2.67000000000074067e-01 -2.58855846945211798e-01  8.14415305485510777e-06  5.00000000000000000e-01  4.23512397951087194e-01 -7.64876020489128677e-05  1.05666666666728304e-01 -1.83754631277352032e-01 -2.89421297944077172e-04  5.00000000000000000e-01  4.23512397951087194e-01 -7.64876020489128677e-05 
 3.53599999999998365e-09 -2.76000000000149015e-01 -2.03416312781810438e-01  7.25836872183388548e-05 -2.10666666666739388e-01 -2.58648944518479529e-01 -4.79822778517418475e-05  5.00000000000000000e-01  4.24501226322321679e-01 -7.54987736776807465e-05  5.80000000000620020e-02 -1.80277165905485037e-01 -2.38277165905548260e-04  5.00000000000000000e-01  4.24501226322321679e-01 -7.54987736776807465e-05 
 3.54899999999998351e-09 -1.59000000000151687e-01 -2.02492112159806836e-01 -4.34921121596557048e-05 -1.54333333333408262e-01 -2.57142942244230344e-01 -1.02809608910825120e-04  5.00000000000000000e-01  4.25467167316510742e-01 -7.45328326834916949e-05  1.03333333333957000e-02 -1.77983480315432097e-01 -1.88316813648828005e-04  5.00000000000000000e-01  4.25467167316510742e-01 -7.45328326834916949e-05 
 3.56199999999998336e-09 -4.20000000001508056e-02 -2.01567911537803235e-01 -1.59567911537650264e-04 -9.80000000000753602e-02 -2.55636939969981103e-01 -1.57636939969910128e-04  5.00000000000000000e-01  4.26433108310699804e-01 -7.35668916893026433e-05 -3.73333333332706019e-02 -1.75689794725379156e-01 -1.38356461392109484e-04  5.00000000000000000e-01  4.26433108310699804e-01 -7.35668916893026433e-05 
 3.57499999999998321e-09  7.49999999998465228e-02 -1.99055078376897177e-01 -2.74055078376737871e-04 -4.16666666667406815e-02 -2.53380561798188353e-01 -2.11713895131445187e-04  5.00000000000000000e-01  4.27385829277093232e-01 -7.26141707229067111e-05 -8.49999999999386802e-02 -1.74079874758096692e-01 -8.90798747581588585e-05  5.00000000000000000e-01  4.27385829277093232e-01 -7.26141707229067111e-05 
 3.58799999999998306e-09  1.91999999999843851e-01 -1.94398912721687855e-01 -3.86398912721526433e-04  1.46666666665922207e-02 -2.50111800331472289e-01 -2.64778466998061984e-04  5.00000000000000000e-01  4.28320714202456765e-01 -7.16792857975431861e-05 -1.32666666666603206e-01 -1.73392469621573564e-01 -4.07258029549682765e-05  5.00000000000000000e-01  4.28320714202456765e-01 -7.16792857975431861e-05 
 3.60099999999998291e-09  2.96333333333315352e-01 -1.89614939933413051e-01 -4.85948273266756381e-04  7.09999999999091358e-02 -2.46776729933291028e-01 -3.17776729933192531e-04  5.00000000000000000e-01  4.29254430905436912e-01 -7.07455690945506060e-05 -1.80333333333297929e-01 -1.72765487225099573e-01  7.56784610815575132e-06  5.00000000000000000e-01  4.29254430905436912e-01 -7.07455690945506060e-05 
 3.61399999999998276e-09  2.48666666666734315e-01 -1.83651734780241993e-01 -4.32318401446966927e-04  1.27333333333254473e-01 -2.42303197963838590e-01 -3.69636531297097906e-04  5.00000000000000000e-01  4.30168090336253028e-01 -6.98319096637574767e-05 -2.27999999999939362e-01 -1.73175906066948437e-01  5.48240939329935201e-05  5.00000000000000000e-01  4.30168090336253028e-01 -6.98319096637574767e-05 
 3.62699999999998262e-09  2.01000000000068013e-01 -1.78412450369866082e-01 -3.79412450369924492e-04  1.83666666666585598e-01 -2.37129638478928984e-01 -4.20796305145521021e-04  5.00000000000000000e-01  4.31069416770698322e-01 -6.89305832293121549e-05 -2.75666666666605664e-01 -1.74224211535493834e-01  1.01442455131113551e-04  5.00000000000000000e-01  4.31069416770698322e-01 -6.89305832293121549e-05 
 3.63999999999998247e-09  1.53333333333398159e-01 -1.74186983382987881e-01 -3.27520316716383569e-04  2.39999999999920277e-01 -2.30975722927193816e-01 -4.70975722927119422e-04  5.00000000000000000e-01  4.31953471415762458e-01 -6.80465285842397384e-05 -3.23333333333263084e-01 -1.76165847638405260e-01  1.47167485694862932e-04  5.00000000000000000e-01  4.31953471415762458e-01 -6.80465285842397384e-05 
 3.65299999999998232e-09  1.05666666666731857e-01 -1.70100992088710434e-01 -2.75767658755440501e-04  2.96333333333251403e-01 -2.24686935121095388e-01 -5.21020268454354743e-04  5.00000000000000000e-01  4.32835149898492588e-01 -6.71648501015096222e-05 -3.70999999999929386e-01 -1.78230383492362199e-01  1.92769616507571309e-04  5.00000000000000000e-01  4.32835149898492588e-01 -6.71648501015096222e-05 
 3.66599999999998217e-09  5.80000000000655547e-02 -1.67046027008280751e-01 -2.25046027008348262e-04  3.52666666666589634e-01 -2.17401150439251456e-01 -5.70067817105831404e-04  5.00000000000000000e-01  4.33699263416176817e-01 -6.63007365838196938e-05 -4.18666666666595688e-01 -1.81203413598160612e-01  2.37463253068439725e-04  5.00000000000000000e-01  4.33699263416176817e-01 -6.63007365838196938e-05 
 3.67899999999998202e-09  1.03333333333992528e-02 -1.64649399554457232e-01 -1.74982732887858650e-04  4.08999999999922537e-01 -2.09478756767161656e-01 -6.18478756767073048e-04  5.00000000000000000e-01  4.34552161237075851e-01 -6.54478387629206081e-05 -4.66333333333263766e-01 -1.84756541417785636e-01  2.81576791915481503e-04  5.00000000000000000e-01  4.34552161237075851e-01 -6.54478387629206081e-05 
 3.69199999999998187e-09 -3.73333333332670492e-02 -1.62252772100633602e-01 -1.24919438767369037e-04  4.65333333333255439e-01 -2.01556363095071855e-01 -6.66889696428316428e-04  5.00000000000000000e-01  4.35405059057974941e-01 -6.45949409420215224e-05 -5.13999999999930068e-01 -1.88309669237410660e-01  3.25690330762523281e-04  5.00000000000000000e-01  4.35405059057974941e-01 -6.45949409420215224e-05 
 3.70499999999998173e-09 -8.49999999999262457e-02 -1.60756144830912884e-01 -7.57561448309750779e-05  2.81666666666739118e-01 -1.94364050584846959e-01 -4.76030717251605881e-04  5.00000000000000000e-01  4.36242624124437151e-01 -6.37573758755813986e-05 -5.61666666666521763e-01 -1.92655837023356646e-01  3.69010829643244206e-04  5.00000000000000000e-01  4.36242624124437151e-01 -6.37573758755813986e-05 
 3.71799999999998158e-09 -1.32666666666597877e-01 -1.60124830193841688e-01 -2.74581635272483360e-05  2.34000000000074593e-01 -1.88566977082764931e-01 -4.22566977082844408e-04  5.00000000000000000e-01  4.37065447387088191e-01 -6.29345526129145526e-05 -6.09333333333262672e-01 -1.97764479654538361e-01  4.11568853678715568e-04  5.00000000000000000e-01  4.37065447387088191e-01 -6.29345526129145526e-05 
 3.73099999999998143e-09 -1.80333333333264179e-01 -1.60085987428440851e-01  2.02473459048196913e-05  1.86333333333408291e-01 -1.83425743873568470e-01 -3.69759077206981146e-04  5.00000000000000000e-01  4.37878177067671293e-01 -6.21218229323314611e-05 -6.56999999999928974e-01 -2.03395182037981792e-01  4.53604817961939313e-04  5.00000000000000000e-01  4.37878177067671293e-01 -6.21218229323314611e-05 
 3.74399999999998128e-09 -2.27999999999926928e-01 -1.61038958620453004e-01  6.69610413794752973e-05  1.38666666666738436e-01 -1.79382405074935525e-01 -3.18049071741674169e-04  5.00000000000000000e-01  4.38674009818519561e-01 -6.13259901814819060e-05 -7.04666666666595276e-01 -2.09899826584198035e-01  4.94766840082400128e-04  5.00000000000000000e-01  4.38674009818519561e-01 -6.13259901814819060e-05 
 3.75699999999998113e-09 -2.75666666666593230e-01 -1.62169876077922631e-01  1.13496790588672042e-04  9.10000000000721343e-02 -1.75536044962442350e-01 -2.66536044962514124e-04  5.00000000000000000e-01  4.39466811007328761e-01 -6.05331889926726517e-05 -7.52333333333261578e-01 -2.16561269432085091e-01  5.35772063901179818e-04  5.00000000000000000e-01  4.39466811007328761e-01 -6.05331889926726517e-05 
 3.76999999999998098e-09 -3.23333333333279072e-01 -1.63551139964021708e-01  1.59782193369251840e-04  4.33333333334076087e-02 -1.71966807331073057e-01 -2.15300140664474726e-04  5.00000000000000000e-01  4.40255347196654157e-01 -5.97446528033435023e-05 -7.99999999999926104e-01 -2.23443306371876371e-01  5.76556693628006364e-04  5.00000000000000000e-01  4.40255347196654157e-01 -5.97446528033435023e-05 
 3.78299999999998084e-09 -3.70999999999947150e-01 -1.65940546026480673e-01  2.05059453973454806e-04 -4.33333333325869319e-03 -1.69513538730203250e-01 -1.65180205396932983e-04  5.00000000000000000e-01  4.41026708282327207e-01 -5.89732917176607216e-05 -7.43666666666758402e-01 -2.30501388404902530e-01  5.13165278261853985e-04  5.00000000000000000e-01  4.41026708282327207e-01 -5.89732917176607216e-05 
 3.79599999999998069e-09 -4.18666666666592135e-01 -1.68957610898623378e-01  2.49709055767970839e-04 -5.19999999999267715e-02 -1.67755060814354373e-01 -1.15755060814426783e-04  5.00000000000000000e-01  4.41787376327542058e-01 -5.82126236724678139e-05 -6.87333333333427277e-01 -2.36680703043868901e-01  4.50652630289549022e-04  5.00000000000000000e-01  4.41787376327542058e-01 -5.82126236724678139e-05 
 3.80899999999998054e-09 -4.66333333333261990e-01 -1.72746127137853867e-01  2.93587206195411107e-04 -9.96666666665930734e-02 -1.66850545617641760e-01 -6.71838789510475348e-05  5.00000000000000000e-01  4.42534901626094435e-01 -5.74650983739021025e-05 -6.31000000000078387e-01 -2.41779930385290776e-01  3.89220069614792247e-04  5.00000000000000000e-01  4.42534901626094435e-01 -5.74650983739021025e-05 
 3.82199999999998039e-09 -5.13999999999928292e-01 -1.76835986621234120e-01  3.37164013378696628e-04 -1.47333333333257599e-01 -1.66279604132954728e-01 -1.89462707996957552e-05  5.00000000000000000e-01  4.43277293123523985e-01 -5.67227068764724934e-05 -5.74666666666747261e-01 -2.46457255551028709e-01  3.28209411115720773e-04  5.00000000000000000e-01  4.43277293123523985e-01 -5.67227068764724934e-05 
 3.83499999999998024e-09 -5.61666666666592818e-01 -1.81407873310074130e-01  3.80258793356515537e-04 -1.94999999999925677e-01 -1.66242245555286716e-01  2.87577544446394884e-05  5.00000000000000000e-01  4.44011472617322100e-01 -5.59885273826748369e-05 -5.18333333333426793e-01 -2.50459708023680672e-01  2.67873625309736352e-04  5.00000000000000000e-01  4.44011472617322100e-01 -5.59885273826748369e-05 
 3.84799999999998009e-09 -6.09333333333259120e-01 -1.86948626877864399e-01  4.22384706455392056e-04 -2.42666666666591979e-01 -1.67277379982001650e-01  7.53892866845913556e-05  5.00000000000000000e-01  4.44729146116771501e-01 -5.52708538832254160e-05 -4.62000000000095667e-01 -2.53105677309444776e-01  2.08894322690639234e-04  5.00000000000000000e-01  4.44729146116771501e-01 -5.52708538832254160e-05 
 3.86099999999997995e-09 -6.56999999999925421e-01 -1.92489380445654445e-01  4.64510619554268575e-04 -2.90333333333258281e-01 -1.68312514408716585e-01  1.22020818924543223e-04  5.00000000000000000e-01  4.45446819616220957e-01 -5.45531803837759680e-05 -4.05666666666764542e-01 -2.55751646595208881e-01  1.49915020071545585e-04  5.00000000000000000e-01  4.45446819616220957e-01 -5.45531803837759680e-05 
 3.87399999999997980e-09 -7.04666666666598829e-01 -1.98728546119986804e-01  5.05938120546601394e-04 -3.37999999999924583e-01 -1.70120760306904595e-01  1.67879239693019891e-04  5.00000000000000000e-01  4.46152594694397775e-01 -5.38474053055988579e-05 -3.49333333333422758e-01 -2.57419788791790727e-01  9.19135445416330299e-05  5.00000000000000000e-01  4.46152594694397775e-01 -5.38474053055988579e-05 
 3.88699999999997965e-09 -7.52333333333265131e-01 -2.05706143287094134e-01  5.46627190046160283e-04 -3.85666666666590885e-01 -1.72746417376251848e-01  2.12920249290338495e-04  5.00000000000000000e-01  4.46845789565415763e-01 -5.31542104345808931e-05 -2.93000000000088079e-01 -2.58054073885415736e-01  3.49459261146760347e-05  5.00000000000000000e-01  4.46845789565415763e-01 -5.31542104345808931e-05 
 3.89999999999997950e-09 -7.99999999999931433e-01 -2.12683740454201464e-01  5.87316259545719171e-04 -4.33333333333255410e-01 -1.75372074445598991e-01  2.57961258887658834e-04  5.00000000000000000e-01  4.47538984436433696e-01 -5.24610155635629283e-05 -2.36666666666756953e-01 -2.58688358979040745e-01 -2.20216923122809605e-05  5.00000000000000000e-01  4.47538984436433696e-01 -5.24610155635629283e-05 
 3.91299999999997935e-09 -7.43666666666758402e-01 -2.19842268608550828e-01  5.23824398058224394e-04 -4.80999999999941252e-01 -1.79055716611559612e-01  3.01944283388370233e-04  5.00000000000000000e-01  4.48215896594233387e-01 -5.17841034057686797e-05 -1.80333333333425827e-01 -2.57984510406840228e-01 -7.76511770734095164e-05  5.00000000000000000e-01  4.48215896594233387e-01 -5.17841034057686797e-05 
 3.92599999999997920e-09 -6.87333333333423724e-01 -2.26131558466732274e-01  4.61201774866699943e-04 -5.28666666666588014e-01 -1.83341510429417598e-01  3.45325156237178202e-04  5.00000000000000000e-01  4.48883541454504265e-01 -5.11164585454979351e-05 -1.24000000000094701e-01 -2.56519063774394707e-01 -1.32519063774295953e-04  5.00000000000000000e-01  4.48883541454504265e-01 -5.11164585454979351e-05 
 3.93899999999997906e-09 -6.31000000000092598e-01 -2.31597987475449907e-01  3.99402012524648076e-04 -5.76333333333254316e-01 -1.88197328626066529e-01  3.88136004707195434e-04  5.00000000000000000e-01  4.49542413465781499e-01 -5.04575865342206419e-05 -6.76666666667600225e-02 -2.54332653478049564e-01 -1.86665986811284518e-04  5.00000000000000000e-01  4.49542413465781499e-01 -5.04575865342206419e-05 
 3.95199999999997891e-09 -5.74666666666761472e-01 -2.36292989015122079e-01  3.38373677651635646e-04 -6.23999999999922395e-01 -1.93587541506954341e-01  4.30412458492962155e-04  5.00000000000000000e-01  4.50193060979926618e-01 -4.98069390200746732e-05 -1.13333333334253439e-02 -2.51470343757303150e-01 -2.40137010423874947e-04  5.00000000000000000e-01  4.50193060979926618e-01 -4.98069390200746732e-05 
 3.96499999999997876e-09 -5.18333333333430346e-01 -2.39907431856625553e-01  2.78425901476801740e-04 -6.71666666666586920e-01 -1.99726295044589497e-01  4.71940371621992413e-04  5.00000000000000000e-01  4.50832188225130159e-01 -4.91678117748710905e-05  4.49999999999057820e-02 -2.47661283977183677e-01 -2.92661283977087988e-04  5.00000000000000000e-01  4.50832188225130159e-01 -4.91678117748710905e-05 
 3.97799999999997861e-09 -4.62000000000095667e-01 -2.43521874698129026e-01  2.18478125301964365e-04 -7.19333333333253222e-01 -2.05865048582224874e-01  5.13468284751024406e-04  5.00000000000000000e-01  4.51471315470333812e-01 -4.85286845296675079e-05  1.01333333333240461e-01 -2.43852224197063983e-01 -3.45185557530301029e-04  5.00000000000000000e-01  4.51471315470333812e-01 -4.85286845296675079e-05 
 3.99099999999997846e-09 -4.05666666666753883e-01 -2.46230530587702223e-01  1.59436136079053187e-04 -7.66999999999917748e-01 -2.12631272298959839e-01  5.54368727700956312e-04  5.00000000000000000e-01  4.52100785758166923e-01 -4.78992142418403430e-05  1.57666666666571587e-01 -2.39249543624325156e-01 -3.96916210290892968e-04  5.00000000000000000e-01  4.52100785758166923e-01 -4.78992142418403430e-05 
 4.00399999999997832e-09 -3.66666666666667140e-01 -2.47633437076265256e-01  1.19033229590401917e-04 -7.99999999999997824e-01 -2.17642771342342362e-01  5.82357228657655454e-04  5.00000000000000000e-01  4.52531537321770760e-01 -4.74684626782292257e-05  1.96666666666664547e-01 -2.35649243966166960e-01 -4.32315910632831521e-04  5.00000000000000000e-01  4.52531537321770760e-01 -4.74684626782292257e-05 
